{
    "A LOVERS COMPLAINT.txt": 0.03078567487540712,
    "A MIDSUMMER NIGHT_S DREAM.txt": 0.040880679792634045,
    "A Yorkshire Tragedy by Shakespeare.txt": 0.03078567487540712,
    "Arden of Feversham.txt": 0.03078567487540712,
    "AS YOU LIKE IT.txt": 0.0955785455857911,
    "CYMBELINE.txt": 0.005198623781238365,
    "Fair Em by Shakespeare.txt": 0.03078567487540712,
    "KING EDWARD III by Shakespeare.txt": 0.07055769811539236,
    "King Henry IV, Part 1.txt": -0.1095161182315385,
    "KING HENRY V.txt": 0.00010369215832550793,
    "KING HENRY VI part I.txt": 0.03642222804880091,
    "KING HENRY VI Part II.txt": 0.030100305279596784,
    "KING HENRY VI Part III.txt": 0.08291777454243143,
    "KING HENRY VIII.txt": 0.0955785455857911,
    "KING JOHN.txt": 0.05150635242368323,
    "KING RICHARD II.txt": 0.0845533490031542,
    "KING RICHARD III.txt": 0.030100305279596784,
    "Locrine Mucedorus by Shakespeare.txt": 0.0955785455857911,
    "Love_s Labour_s Lost.txt": -0.012921666619707506,
    "MEASURE FOR MEASURE.txt": 0.0955785455857911,
    "Merchant of Venice.txt": 0.07055769811539236,
    "MUCH ADO ABOUT NOTHING.txt": -0.0055783430810889545,
    "PERICLES PRINCE OF TYRE.txt": 0.010272175603261657,
    "Sir John Oldcastle by Shakespeare.txt": 0.07055769811539236,
    "Sir Thomas More by Shakespeare.txt": 0.06547087334994106,
    "Taming of the Shrew.txt": 0.0955785455857911,
    "The Comedy of Errors.txt": 0.060092116582753596,
    "THE HISTORY OF TROILUS AND CRESSIDA.txt": -0.14103811871580108,
    "The Life and Death of the Lord Cromwell by Shakespeare.txt": 0.03078567487540712,
    "THE LIFE OF TIMON OF ATHENS.txt": 0.04618918901627972,
    "The London Prodigal.txt": 0.06547087334994106,
    "The Merry Devill of Edmonton by Shakespeare.txt": 0.08081233256128972,
    "THE MERRY WIVES OF WINDSOR.txt": 0.08081233256128972,
    "The Puritaine Widdow by Shakespeare.txt": 0.08081233256128972,
    "THE RAPE OF LUCRECE.txt": 0.060092116582753596,
    "THE TAMING OF THE SHREW.txt": 0.08081233256128972,
    "THE TEMPEST.txt": -0.040500790254073826,
    "THE TRAGEDY OF ANTONY AND CLEOPATRA.txt": -0.10917444312496605,
    "THE TRAGEDY OF CORIOLANUS.txt": -0.21949797265567095,
    "THE TRAGEDY OF HAMLET PRINCE OF DENMARK.txt": 0.01389508736503553,
    "THE TRAGEDY OF JULIUS CAESAR.txt": -0.11236385029306817,
    "THE TRAGEDY OF KING LEAR.txt": 0.0845533490031542,
    "THE TRAGEDY OF MACBETH.txt": 0.06836735071834082,
    "THE TRAGEDY OF OTHELLO MOOR OF VENICE.txt": -0.04342919781223664,
    "THE TRAGEDY OF ROMEO AND JULIET.txt": 0.08081233256128972,
    "THE TRAGEDY OF TITUS ANDRONICUS.txt": 0.08081233256128972,
    "THE TWO GENTLEMEN OF VERONA.txt": 0.07055769811539236,
    "The Two Noble Kinsmen by Shakespeare.txt": 0.010881515620063231,
    "THE WINTERS TALE.txt": 0.014511638521329862,
    "Venus and Adonis.txt": 0.08324602021191518
}