{
    "A LOVERS COMPLAINT.txt": -0.04709893322651704,
    "A MIDSUMMER NIGHT_S DREAM.txt": -0.03233605363439307,
    "A Yorkshire Tragedy by Shakespeare.txt": 0.005584742208422977,
    "Arden of Feversham.txt": 0.0794601886447856,
    "AS YOU LIKE IT.txt": 0.10009762096378871,
    "CYMBELINE.txt": 0.10789567777539089,
    "Fair Em by Shakespeare.txt": 0.10117246613701864,
    "KING EDWARD III by Shakespeare.txt": 0.11904449263734113,
    "King Henry IV, Part 1.txt": -0.0039786403052090025,
    "KING HENRY V.txt": 0.10187934112148794,
    "KING HENRY VI part I.txt": 0.08926087557822576,
    "KING HENRY VI Part II.txt": 0.09659835986022786,
    "KING HENRY VI Part III.txt": 0.10853651653530216,
    "KING HENRY VIII.txt": 0.11117098243278528,
    "KING JOHN.txt": 0.08514579214473217,
    "KING RICHARD II.txt": 0.09334177445924902,
    "KING RICHARD III.txt": 0.10482595135722683,
    "Locrine Mucedorus by Shakespeare.txt": -0.13244369812056656,
    "Love_s Labour_s Lost.txt": 0.03440726832554475,
    "MEASURE FOR MEASURE.txt": 0.10311457267968549,
    "Merchant of Venice.txt": 0.1254840733158944,
    "MUCH ADO ABOUT NOTHING.txt": 0.10809538891276027,
    "PERICLES PRINCE OF TYRE.txt": 0.0912339174985608,
    "Sir John Oldcastle by Shakespeare.txt": 0.11263301845052731,
    "Sir Thomas More by Shakespeare.txt": 0.08633865229396837,
    "Taming of the Shrew.txt": 0.058969723223746495,
    "The Comedy of Errors.txt": 0.09328633175996287,
    "THE HISTORY OF TROILUS AND CRESSIDA.txt": -0.04163471573971078,
    "The Life and Death of the Lord Cromwell by Shakespeare.txt": 0.13078705263402518,
    "THE LIFE OF TIMON OF ATHENS.txt": 0.10257881857311207,
    "The London Prodigal.txt": 0.08752457525583995,
    "The Merry Devill of Edmonton by Shakespeare.txt": 0.09974319034798496,
    "THE MERRY WIVES OF WINDSOR.txt": 0.11577617791559403,
    "The Puritaine Widdow by Shakespeare.txt": 0.12187781236389161,
    "THE RAPE OF LUCRECE.txt": 0.04954745074195349,
    "THE TAMING OF THE SHREW.txt": 0.06127175533168211,
    "THE TEMPEST.txt": 0.0438875153635212,
    "THE TRAGEDY OF ANTONY AND CLEOPATRA.txt": 0.09133549284548004,
    "THE TRAGEDY OF CORIOLANUS.txt": 0.09171785712792724,
    "THE TRAGEDY OF HAMLET PRINCE OF DENMARK.txt": -0.018465877428665678,
    "THE TRAGEDY OF JULIUS CAESAR.txt": 0.10441132334836284,
    "THE TRAGEDY OF KING LEAR.txt": 0.1124214248286271,
    "THE TRAGEDY OF MACBETH.txt": 0.11467893011355801,
    "THE TRAGEDY OF OTHELLO MOOR OF VENICE.txt": 0.06530385529990645,
    "THE TRAGEDY OF ROMEO AND JULIET.txt": 0.07160709579115943,
    "THE TRAGEDY OF TITUS ANDRONICUS.txt": 0.05004478543169438,
    "THE TWO GENTLEMEN OF VERONA.txt": 0.0858687174606314,
    "The Two Noble Kinsmen by Shakespeare.txt": 0.1157320853414735,
    "THE WINTERS TALE.txt": 0.06642091888206764,
    "Venus and Adonis.txt": -0.12464705008625465
}