{
    "A LOVERS COMPLAINT.txt": 0.07900320083748441,
    "A MIDSUMMER NIGHT_S DREAM.txt": 0.09328024190357198,
    "A Yorkshire Tragedy by Shakespeare.txt": 0.07900320083748441,
    "Arden of Feversham.txt": 0.07573827711594133,
    "AS YOU LIKE IT.txt": 0.04624373562937212,
    "CYMBELINE.txt": 0.04343484849520962,
    "Fair Em by Shakespeare.txt": 0.07900320083748441,
    "KING EDWARD III by Shakespeare.txt": 0.07900320083748441,
    "King Henry IV, Part 1.txt": 0.04522871070761286,
    "KING HENRY V.txt": 0.09664237201986137,
    "KING HENRY VI part I.txt": 0.05755158506806657,
    "KING HENRY VI Part II.txt": 0.07900320083748441,
    "KING HENRY VI Part III.txt": 0.07900320083748441,
    "KING HENRY VIII.txt": 0.09664237201986137,
    "KING JOHN.txt": 0.08789487021923148,
    "KING RICHARD II.txt": 0.05755158506806657,
    "KING RICHARD III.txt": 0.0800346210624589,
    "Locrine Mucedorus by Shakespeare.txt": 0.09664237201986137,
    "Love_s Labour_s Lost.txt": 0.044635241932971026,
    "MEASURE FOR MEASURE.txt": 0.045526167394021655,
    "Merchant of Venice.txt": 0.08416978605738074,
    "MUCH ADO ABOUT NOTHING.txt": -0.025776874740946587,
    "PERICLES PRINCE OF TYRE.txt": 0.06717603740456496,
    "Sir John Oldcastle by Shakespeare.txt": 0.07900320083748441,
    "Sir Thomas More by Shakespeare.txt": 0.0800346210624589,
    "Taming of the Shrew.txt": -0.010441283628072617,
    "The Comedy of Errors.txt": 0.0800346210624589,
    "THE HISTORY OF TROILUS AND CRESSIDA.txt": -0.09453977943125125,
    "The Life and Death of the Lord Cromwell by Shakespeare.txt": 0.09664237201986137,
    "THE LIFE OF TIMON OF ATHENS.txt": 0.005475468507800285,
    "The London Prodigal.txt": 0.0800346210624589,
    "The Merry Devill of Edmonton by Shakespeare.txt": -0.02983719359516479,
    "THE MERRY WIVES OF WINDSOR.txt": 0.07252467354341696,
    "The Puritaine Widdow by Shakespeare.txt": 0.08184566169958707,
    "THE RAPE OF LUCRECE.txt": 0.07900320083748441,
    "THE TAMING OF THE SHREW.txt": -0.03024550624524791,
    "THE TEMPEST.txt": 0.04548387032880924,
    "THE TRAGEDY OF ANTONY AND CLEOPATRA.txt": 0.0031639516708393822,
    "THE TRAGEDY OF CORIOLANUS.txt": -0.2574987879034055,
    "THE TRAGEDY OF HAMLET PRINCE OF DENMARK.txt": 0.026737107249655445,
    "THE TRAGEDY OF JULIUS CAESAR.txt": 0.004960937977510127,
    "THE TRAGEDY OF KING LEAR.txt": 0.09095862175073727,
    "THE TRAGEDY OF MACBETH.txt": 0.09095862175073727,
    "THE TRAGEDY OF OTHELLO MOOR OF VENICE.txt": -0.0531452904447115,
    "THE TRAGEDY OF ROMEO AND JULIET.txt": 0.05610516916433367,
    "THE TRAGEDY OF TITUS ANDRONICUS.txt": 0.08003531081022758,
    "THE TWO GENTLEMEN OF VERONA.txt": 0.09328024190357198,
    "The Two Noble Kinsmen by Shakespeare.txt": 0.09095862175073727,
    "THE WINTERS TALE.txt": 0.0800346210624589,
    "Venus and Adonis.txt": -0.051943909799273214
}