{
    "A LOVERS COMPLAINT.txt": 0.0723139162369223,
    "A MIDSUMMER NIGHT_S DREAM.txt": 0.07599216529883052,
    "A Yorkshire Tragedy by Shakespeare.txt": 0.0723139162369223,
    "Arden of Feversham.txt": 0.05040642068075635,
    "AS YOU LIKE IT.txt": 0.04282345824122141,
    "CYMBELINE.txt": 0.033225646699944655,
    "Fair Em by Shakespeare.txt": 0.0723139162369223,
    "KING EDWARD III by Shakespeare.txt": 0.0723139162369223,
    "King Henry IV, Part 1.txt": 0.040276512857251145,
    "KING HENRY V.txt": 0.08212541703404586,
    "KING HENRY VI part I.txt": 0.051308234217281534,
    "KING HENRY VI Part II.txt": 0.0723139162369223,
    "KING HENRY VI Part III.txt": 0.0723139162369223,
    "KING HENRY VIII.txt": 0.08212541703404586,
    "KING JOHN.txt": 0.07746102139070327,
    "KING RICHARD II.txt": 0.051308234217281534,
    "KING RICHARD III.txt": 0.05284750644989722,
    "Locrine Mucedorus by Shakespeare.txt": 0.08212541703404586,
    "Love_s Labour_s Lost.txt": 0.014149289351870431,
    "MEASURE FOR MEASURE.txt": 0.03508211348947066,
    "Merchant of Venice.txt": 0.07322746391074025,
    "MUCH ADO ABOUT NOTHING.txt": -0.003376148453017813,
    "PERICLES PRINCE OF TYRE.txt": 0.06006853975368692,
    "Sir John Oldcastle by Shakespeare.txt": 0.0723139162369223,
    "Sir Thomas More by Shakespeare.txt": 0.05284750644989722,
    "Taming of the Shrew.txt": -0.012724446344243634,
    "The Comedy of Errors.txt": 0.05284750644989722,
    "THE HISTORY OF TROILUS AND CRESSIDA.txt": -0.08908446595702202,
    "The Life and Death of the Lord Cromwell by Shakespeare.txt": 0.08212541703404586,
    "THE LIFE OF TIMON OF ATHENS.txt": -0.0013422952818035183,
    "The London Prodigal.txt": 0.05284750644989722,
    "The Merry Devill of Edmonton by Shakespeare.txt": -0.007556218978629792,
    "THE MERRY WIVES OF WINDSOR.txt": 0.04949038735437933,
    "The Puritaine Widdow by Shakespeare.txt": 0.06436163233359815,
    "THE RAPE OF LUCRECE.txt": 0.0723139162369223,
    "THE TAMING OF THE SHREW.txt": -0.04296242264683692,
    "THE TEMPEST.txt": 0.03653783026209412,
    "THE TRAGEDY OF ANTONY AND CLEOPATRA.txt": 0.018518255943045847,
    "THE TRAGEDY OF CORIOLANUS.txt": -0.2602606540389417,
    "THE TRAGEDY OF HAMLET PRINCE OF DENMARK.txt": 0.0123756122890053,
    "THE TRAGEDY OF JULIUS CAESAR.txt": -0.00970442783534664,
    "THE TRAGEDY OF KING LEAR.txt": 0.05387416272859319,
    "THE TRAGEDY OF MACBETH.txt": 0.05387416272859319,
    "THE TRAGEDY OF OTHELLO MOOR OF VENICE.txt": -0.049817482113119094,
    "THE TRAGEDY OF ROMEO AND JULIET.txt": 0.06516002094605938,
    "THE TRAGEDY OF TITUS ANDRONICUS.txt": 0.07448693995650596,
    "THE TWO GENTLEMEN OF VERONA.txt": 0.07599216529883052,
    "The Two Noble Kinsmen by Shakespeare.txt": 0.05387416272859319,
    "THE WINTERS TALE.txt": 0.05284750644989722,
    "Venus and Adonis.txt": -0.06873796775219254
}