{
    "A MIDSUMMER NIGHT_S DREAM.txt": 0.07495716433045135,
    "A Yorkshire Tragedy by Shakespeare.txt": 0.07016733539133163,
    "Arden of Feversham.txt": 0.1039437698630496,
    "AS YOU LIKE IT.txt": 0.09427846623517389,
    "CYMBELINE.txt": 0.07112431120983242,
    "Fair Em by Shakespeare.txt": 0.07016733539133163,
    "KING EDWARD III by Shakespeare.txt": 0.07016733539133163,
    "King Henry IV, Part 1.txt": 0.0782873874261456,
    "KING HENRY V.txt": 0.0973960314169246,
    "KING HENRY VI part I.txt": 0.07360597006228431,
    "KING HENRY VI Part II.txt": 0.04071569008993825,
    "KING HENRY VI Part III.txt": 0.04071569008993825,
    "KING HENRY VIII.txt": 0.08913335569006947,
    "KING JOHN.txt": 0.080219222081308,
    "KING RICHARD II.txt": 0.10276322537485649,
    "KING RICHARD III.txt": 0.0946694218780939,
    "Locrine Mucedorus by Shakespeare.txt": 0.07733007799425085,
    "Love_s Labour_s Lost.txt": 0.0436441812474086,
    "MEASURE FOR MEASURE.txt": 0.0892148059127274,
    "Merchant of Venice.txt": 0.08055546294364935,
    "MUCH ADO ABOUT NOTHING.txt": 0.0054471388236023155,
    "PERICLES PRINCE OF TYRE.txt": 0.0773474522357156,
    "Sir John Oldcastle by Shakespeare.txt": 0.0414939193479017,
    "Sir Thomas More by Shakespeare.txt": 0.10766086220287857,
    "Taming of the Shrew.txt": -0.07489991113294092,
    "The Comedy of Errors.txt": 0.10469015722610309,
    "THE HISTORY OF TROILUS AND CRESSIDA.txt": -0.02750295043223505,
    "The Life and Death of the Lord Cromwell by Shakespeare.txt": 0.09421011267957163,
    "THE LIFE OF TIMON OF ATHENS.txt": 0.026551476477364833,
    "The London Prodigal.txt": 0.07552421707811802,
    "The Merry Devill of Edmonton by Shakespeare.txt": -0.06705526276630769,
    "THE MERRY WIVES OF WINDSOR.txt": 0.0538136690102598,
    "The Puritaine Widdow by Shakespeare.txt": 0.08078698834064679,
    "THE RAPE OF LUCRECE.txt": 0.07016733539133163,
    "THE TAMING OF THE SHREW.txt": -0.06968953201874839,
    "THE TEMPEST.txt": 0.0611249649565363,
    "THE TRAGEDY OF ANTONY AND CLEOPATRA.txt": -0.16182726332155573,
    "THE TRAGEDY OF CORIOLANUS.txt": -0.26432632079130947,
    "THE TRAGEDY OF HAMLET PRINCE OF DENMARK.txt": 0.0630460797634469,
    "THE TRAGEDY OF JULIUS CAESAR.txt": -0.05682477683570897,
    "THE TRAGEDY OF KING LEAR.txt": 0.09408375233964389,
    "THE TRAGEDY OF MACBETH.txt": 0.07184868407502232,
    "THE TRAGEDY OF OTHELLO MOOR OF VENICE.txt": -0.008802015627126458,
    "THE TRAGEDY OF ROMEO AND JULIET.txt": 0.06298620785631232,
    "THE TRAGEDY OF TITUS ANDRONICUS.txt": 0.09959464447032051,
    "THE TWO GENTLEMEN OF VERONA.txt": 0.08092054288955097,
    "The Two Noble Kinsmen by Shakespeare.txt": 0.09786118287449252,
    "THE WINTERS TALE.txt": 0.10537347468908814,
    "Venus and Adonis.txt": 0.08328601984266104
}