{
    "A MIDSUMMER NIGHT_S DREAM.txt": 0.06263468695348234,
    "A Yorkshire Tragedy by Shakespeare.txt": 0.08005774195701254,
    "Arden of Feversham.txt": 0.08831261323943185,
    "AS YOU LIKE IT.txt": 0.10124669101866823,
    "CYMBELINE.txt": 0.07141722804437506,
    "Fair Em by Shakespeare.txt": 0.08005774195701254,
    "KING EDWARD III by Shakespeare.txt": 0.08005774195701254,
    "King Henry IV, Part 1.txt": 0.07335818086227724,
    "KING HENRY V.txt": 0.07899210234100862,
    "KING HENRY VI part I.txt": 0.09427041091887906,
    "KING HENRY VI Part II.txt": 0.061829412629488656,
    "KING HENRY VI Part III.txt": 0.061829412629488656,
    "KING HENRY VIII.txt": 0.09809417651564761,
    "KING JOHN.txt": 0.09221707031878817,
    "KING RICHARD II.txt": 0.11410726310948388,
    "KING RICHARD III.txt": 0.0994729487553957,
    "Locrine Mucedorus by Shakespeare.txt": 0.08755056751868406,
    "Love_s Labour_s Lost.txt": 0.06610894033669629,
    "MEASURE FOR MEASURE.txt": 0.08364134983905858,
    "Merchant of Venice.txt": 0.08685408936357725,
    "MUCH ADO ABOUT NOTHING.txt": 0.014555160166657477,
    "PERICLES PRINCE OF TYRE.txt": 0.06085152161877727,
    "Sir John Oldcastle by Shakespeare.txt": 0.059753898958407214,
    "Sir Thomas More by Shakespeare.txt": 0.11350485873444882,
    "Taming of the Shrew.txt": -0.03937715479713921,
    "The Comedy of Errors.txt": 0.11366426599052959,
    "THE HISTORY OF TROILUS AND CRESSIDA.txt": -0.03294063038253747,
    "The Life and Death of the Lord Cromwell by Shakespeare.txt": 0.08105287082186896,
    "THE LIFE OF TIMON OF ATHENS.txt": 0.024125273902532496,
    "The London Prodigal.txt": 0.08926558768754778,
    "The Merry Devill of Edmonton by Shakespeare.txt": -0.03491621398251987,
    "THE MERRY WIVES OF WINDSOR.txt": 0.07053806061058915,
    "The Puritaine Widdow by Shakespeare.txt": 0.09053601348376633,
    "THE RAPE OF LUCRECE.txt": 0.08005774195701254,
    "THE TAMING OF THE SHREW.txt": -0.03814113042357392,
    "THE TEMPEST.txt": 0.05211828886906028,
    "THE TRAGEDY OF ANTONY AND CLEOPATRA.txt": -0.1377922688027996,
    "THE TRAGEDY OF CORIOLANUS.txt": -0.2507035610144437,
    "THE TRAGEDY OF HAMLET PRINCE OF DENMARK.txt": 0.04580279966193562,
    "THE TRAGEDY OF JULIUS CAESAR.txt": -0.020259103848676796,
    "THE TRAGEDY OF KING LEAR.txt": 0.11173746253312572,
    "THE TRAGEDY OF MACBETH.txt": 0.08562616715751964,
    "THE TRAGEDY OF OTHELLO MOOR OF VENICE.txt": 0.0021296371228252675,
    "THE TRAGEDY OF ROMEO AND JULIET.txt": 0.06959580016704886,
    "THE TRAGEDY OF TITUS ANDRONICUS.txt": 0.08764023194999043,
    "THE TWO GENTLEMEN OF VERONA.txt": 0.08367025944579398,
    "The Two Noble Kinsmen by Shakespeare.txt": 0.10661906940359689,
    "THE WINTERS TALE.txt": 0.11182992276508219,
    "Venus and Adonis.txt": 0.09392498518107611
}