{
    "A LOVERS COMPLAINT.txt": -0.18276507902098837,
    "A MIDSUMMER NIGHT_S DREAM.txt": 0.0952377305929814,
    "A Yorkshire Tragedy by Shakespeare.txt": 0.0744732360227755,
    "Arden of Feversham.txt": 0.054713700232501994,
    "AS YOU LIKE IT.txt": 0.10687198392998315,
    "CYMBELINE.txt": 0.123323812599407,
    "Fair Em by Shakespeare.txt": 0.10956446860834929,
    "KING EDWARD III by Shakespeare.txt": 0.07786952653899981,
    "King Henry IV, Part 1.txt": 0.11142610068331565,
    "KING HENRY V.txt": 0.11173315987758675,
    "KING HENRY VI part I.txt": 0.003941408893489651,
    "KING HENRY VI Part II.txt": 0.11084435503158468,
    "KING HENRY VI Part III.txt": 0.05842132000137046,
    "KING HENRY VIII.txt": 0.11283986913564537,
    "KING JOHN.txt": 0.12358808296688023,
    "KING RICHARD II.txt": 0.10616873544684402,
    "KING RICHARD III.txt": 0.10397159276398793,
    "Locrine Mucedorus by Shakespeare.txt": 0.12081131120251937,
    "Love_s Labour_s Lost.txt": 0.08718440896107937,
    "MEASURE FOR MEASURE.txt": 0.11646155694326604,
    "Merchant of Venice.txt": 0.07520558985989612,
    "MUCH ADO ABOUT NOTHING.txt": 0.049863631115277696,
    "PERICLES PRINCE OF TYRE.txt": 0.10893134743114663,
    "Sir John Oldcastle by Shakespeare.txt": 0.10876697312949712,
    "Sir Thomas More by Shakespeare.txt": 0.09916917279944676,
    "Taming of the Shrew.txt": -0.0432087676428603,
    "The Comedy of Errors.txt": 0.06781318073617915,
    "THE HISTORY OF TROILUS AND CRESSIDA.txt": 0.11601954965512157,
    "The Life and Death of the Lord Cromwell by Shakespeare.txt": 0.0968549883245039,
    "THE LIFE OF TIMON OF ATHENS.txt": 0.13312542712047504,
    "The London Prodigal.txt": 0.11384371389904574,
    "The Merry Devill of Edmonton by Shakespeare.txt": 0.1179161193357498,
    "THE MERRY WIVES OF WINDSOR.txt": 0.09405085379098582,
    "The Puritaine Widdow by Shakespeare.txt": 0.0666604771217234,
    "THE RAPE OF LUCRECE.txt": 0.016523261090688413,
    "THE TAMING OF THE SHREW.txt": 0.07836660007817875,
    "THE TEMPEST.txt": 0.10874598739869085,
    "THE TRAGEDY OF ANTONY AND CLEOPATRA.txt": 0.10573755345264324,
    "THE TRAGEDY OF CORIOLANUS.txt": 0.10957891228511518,
    "THE TRAGEDY OF HAMLET PRINCE OF DENMARK.txt": 0.1040755364554915,
    "THE TRAGEDY OF JULIUS CAESAR.txt": -0.017683923375264365,
    "THE TRAGEDY OF KING LEAR.txt": 0.10307970843085945,
    "THE TRAGEDY OF MACBETH.txt": 0.09932189138645026,
    "THE TRAGEDY OF OTHELLO MOOR OF VENICE.txt": 0.03611274535748965,
    "THE TRAGEDY OF ROMEO AND JULIET.txt": 0.12049383018121196,
    "THE TRAGEDY OF TITUS ANDRONICUS.txt": 0.11150309327212671,
    "THE TWO GENTLEMEN OF VERONA.txt": 0.1200173237301943,
    "The Two Noble Kinsmen by Shakespeare.txt": 0.06985125762394317,
    "THE WINTERS TALE.txt": 0.11345759497102675,
    "Venus and Adonis.txt": 0.007094297596648147
}