{
    "A LOVERS COMPLAINT.txt": -0.07915294391214367,
    "A MIDSUMMER NIGHT_S DREAM.txt": 0.11700793116968589,
    "A Yorkshire Tragedy by Shakespeare.txt": 0.08019675688546668,
    "Arden of Feversham.txt": 0.054849345165681296,
    "AS YOU LIKE IT.txt": 0.09220774740649246,
    "CYMBELINE.txt": 0.13240947975339395,
    "Fair Em by Shakespeare.txt": 0.10237049584408914,
    "KING EDWARD III by Shakespeare.txt": 0.10902030035874904,
    "King Henry IV, Part 1.txt": 0.06854306138032257,
    "KING HENRY V.txt": 0.11198497673198454,
    "KING HENRY VI part I.txt": 0.04402682669706104,
    "KING HENRY VI Part II.txt": 0.11667312864552465,
    "KING HENRY VI Part III.txt": 0.1127080594173428,
    "KING HENRY VIII.txt": 0.10098474896947829,
    "KING JOHN.txt": 0.11584775084935095,
    "KING RICHARD II.txt": 0.11008263683525843,
    "KING RICHARD III.txt": 0.007911498958421526,
    "Locrine Mucedorus by Shakespeare.txt": 0.11609923219322732,
    "Love_s Labour_s Lost.txt": 0.07248409783559934,
    "MEASURE FOR MEASURE.txt": 0.11268287166404295,
    "Merchant of Venice.txt": 0.13728446545795336,
    "MUCH ADO ABOUT NOTHING.txt": 0.10412822016670475,
    "PERICLES PRINCE OF TYRE.txt": 0.10646042465694522,
    "Sir John Oldcastle by Shakespeare.txt": 0.11260321532454204,
    "Sir Thomas More by Shakespeare.txt": 0.08029317111653894,
    "Taming of the Shrew.txt": 0.1344669232137371,
    "The Comedy of Errors.txt": 0.07422726986264067,
    "THE HISTORY OF TROILUS AND CRESSIDA.txt": 0.08537552171340418,
    "The Life and Death of the Lord Cromwell by Shakespeare.txt": -0.048725046925335413,
    "THE LIFE OF TIMON OF ATHENS.txt": 0.11259648281836471,
    "The London Prodigal.txt": 0.09589700987204186,
    "The Merry Devill of Edmonton by Shakespeare.txt": 0.0690807072961721,
    "THE MERRY WIVES OF WINDSOR.txt": 0.08878868777648113,
    "The Puritaine Widdow by Shakespeare.txt": 0.09639497895697297,
    "THE RAPE OF LUCRECE.txt": 0.05951475657233146,
    "THE TAMING OF THE SHREW.txt": 0.08802229684369672,
    "THE TEMPEST.txt": 0.12357621971010863,
    "THE TRAGEDY OF ANTONY AND CLEOPATRA.txt": 0.07918543397416544,
    "THE TRAGEDY OF CORIOLANUS.txt": 0.015945866723618085,
    "THE TRAGEDY OF HAMLET PRINCE OF DENMARK.txt": 0.09023700510740917,
    "THE TRAGEDY OF JULIUS CAESAR.txt": 0.1354865657748336,
    "THE TRAGEDY OF KING LEAR.txt": 0.11028311037810751,
    "THE TRAGEDY OF MACBETH.txt": 0.08364207906921939,
    "THE TRAGEDY OF OTHELLO MOOR OF VENICE.txt": 0.11261825956950683,
    "THE TRAGEDY OF ROMEO AND JULIET.txt": -0.04848438739652694,
    "THE TRAGEDY OF TITUS ANDRONICUS.txt": 0.11125826468866823,
    "THE TWO GENTLEMEN OF VERONA.txt": -0.060536804116504195,
    "The Two Noble Kinsmen by Shakespeare.txt": 0.03411224989973649,
    "THE WINTERS TALE.txt": 0.10273336874823813,
    "Venus and Adonis.txt": -0.031187345172738246
}