{
    "A LOVERS COMPLAINT.txt": -0.007701026748487383,
    "A MIDSUMMER NIGHT_S DREAM.txt": -0.010216960971940914,
    "A Yorkshire Tragedy by Shakespeare.txt": 0.05463877145900331,
    "Arden of Feversham.txt": 0.09480387489601555,
    "AS YOU LIKE IT.txt": 0.1284771485334223,
    "CYMBELINE.txt": 0.07264965132052903,
    "Fair Em by Shakespeare.txt": 0.03735012743777277,
    "KING EDWARD III by Shakespeare.txt": 0.09329652341776545,
    "King Henry IV, Part 1.txt": 0.13045382916628634,
    "KING HENRY V.txt": 0.14081165714513405,
    "KING HENRY VI part I.txt": 0.10602741052033743,
    "KING HENRY VI Part II.txt": 0.12879330234596315,
    "KING HENRY VI Part III.txt": 0.12584148081378266,
    "KING HENRY VIII.txt": 0.1304791130261979,
    "KING JOHN.txt": 0.010986234738194767,
    "KING RICHARD II.txt": 0.14288558790673705,
    "KING RICHARD III.txt": 0.14241616141900537,
    "Locrine Mucedorus by Shakespeare.txt": 0.1399485325417686,
    "Love_s Labour_s Lost.txt": 0.12431331864777745,
    "MEASURE FOR MEASURE.txt": 0.09524623142750571,
    "Merchant of Venice.txt": 0.11441166066364394,
    "MUCH ADO ABOUT NOTHING.txt": 0.13189211134795342,
    "PERICLES PRINCE OF TYRE.txt": 0.11283925726746535,
    "Sir John Oldcastle by Shakespeare.txt": 0.1370827900446165,
    "Sir Thomas More by Shakespeare.txt": 0.15067490129948385,
    "Taming of the Shrew.txt": 0.14662375863081434,
    "The Comedy of Errors.txt": 0.12831825110948097,
    "THE HISTORY OF TROILUS AND CRESSIDA.txt": 0.07225067421149689,
    "The Life and Death of the Lord Cromwell by Shakespeare.txt": 0.10839647133324276,
    "THE LIFE OF TIMON OF ATHENS.txt": 0.12622927178661775,
    "The London Prodigal.txt": 0.07647665450709479,
    "The Merry Devill of Edmonton by Shakespeare.txt": 0.09319813783156661,
    "THE MERRY WIVES OF WINDSOR.txt": 0.1542307750530459,
    "The Puritaine Widdow by Shakespeare.txt": 0.12039490435773798,
    "THE RAPE OF LUCRECE.txt": 0.1246363487426963,
    "THE TAMING OF THE SHREW.txt": 0.13572880096341944,
    "THE TEMPEST.txt": 0.11880203281654972,
    "THE TRAGEDY OF ANTONY AND CLEOPATRA.txt": 0.1365689058541395,
    "THE TRAGEDY OF CORIOLANUS.txt": 0.1072885050289818,
    "THE TRAGEDY OF HAMLET PRINCE OF DENMARK.txt": 0.12883544237659267,
    "THE TRAGEDY OF JULIUS CAESAR.txt": 0.13913445524217566,
    "THE TRAGEDY OF KING LEAR.txt": 0.13748261784104693,
    "THE TRAGEDY OF MACBETH.txt": 0.12710301332073426,
    "THE TRAGEDY OF OTHELLO MOOR OF VENICE.txt": 0.11861434458579889,
    "THE TRAGEDY OF ROMEO AND JULIET.txt": 0.13749805098435702,
    "THE TRAGEDY OF TITUS ANDRONICUS.txt": 0.15090416429260545,
    "THE TWO GENTLEMEN OF VERONA.txt": 0.12317845409436612,
    "The Two Noble Kinsmen by Shakespeare.txt": 0.06870577028452401,
    "THE WINTERS TALE.txt": 0.1073217256816581,
    "Venus and Adonis.txt": 0.11211424763738853
}