{
    "A LOVERS COMPLAINT.txt": 0.140814079335343,
    "A MIDSUMMER NIGHT_S DREAM.txt": 0.16257846265965675,
    "A Yorkshire Tragedy by Shakespeare.txt": 0.0904842651735166,
    "Arden of Feversham.txt": 0.1562546468168579,
    "AS YOU LIKE IT.txt": 0.15704435845032577,
    "CYMBELINE.txt": 0.146122978485914,
    "Fair Em by Shakespeare.txt": 0.14820972425885037,
    "KING EDWARD III by Shakespeare.txt": 0.10694570322437796,
    "King Henry IV, Part 1.txt": 0.1390364342629024,
    "KING HENRY V.txt": 0.14001359349136483,
    "KING HENRY VI part I.txt": -0.05662995940904103,
    "KING HENRY VI Part II.txt": 0.1581786042658277,
    "KING HENRY VI Part III.txt": 0.1439075687054504,
    "KING HENRY VIII.txt": 0.14629652496469653,
    "KING JOHN.txt": 0.159005656628122,
    "KING RICHARD II.txt": 0.15193658376385444,
    "KING RICHARD III.txt": 0.08652877521946556,
    "Locrine Mucedorus by Shakespeare.txt": 0.12417329407053462,
    "Love_s Labour_s Lost.txt": 0.1426763021707389,
    "MEASURE FOR MEASURE.txt": 0.14804505609643298,
    "Merchant of Venice.txt": 0.16491678518377395,
    "MUCH ADO ABOUT NOTHING.txt": 0.10546415466843667,
    "PERICLES PRINCE OF TYRE.txt": 0.1374554290606243,
    "Sir John Oldcastle by Shakespeare.txt": 0.13694484095936482,
    "Sir Thomas More by Shakespeare.txt": 0.11481149102558597,
    "Taming of the Shrew.txt": 0.13903726222804325,
    "The Comedy of Errors.txt": -0.18069033552566205,
    "THE HISTORY OF TROILUS AND CRESSIDA.txt": 0.1327322734464127,
    "The Life and Death of the Lord Cromwell by Shakespeare.txt": 0.13084367108335188,
    "THE LIFE OF TIMON OF ATHENS.txt": 0.02121007397163366,
    "The London Prodigal.txt": 0.15114192885151373,
    "The Merry Devill of Edmonton by Shakespeare.txt": -0.03985601280669149,
    "THE MERRY WIVES OF WINDSOR.txt": 0.14002715976776536,
    "The Puritaine Widdow by Shakespeare.txt": 0.11251819081768966,
    "THE RAPE OF LUCRECE.txt": 0.14274140670495145,
    "THE TAMING OF THE SHREW.txt": 0.1412806006777727,
    "THE TEMPEST.txt": 0.10912788583376204,
    "THE TRAGEDY OF ANTONY AND CLEOPATRA.txt": 0.14221820557892811,
    "THE TRAGEDY OF CORIOLANUS.txt": 0.14763757168348968,
    "THE TRAGEDY OF HAMLET PRINCE OF DENMARK.txt": 0.14209323807709828,
    "THE TRAGEDY OF JULIUS CAESAR.txt": 0.07417745698674427,
    "THE TRAGEDY OF KING LEAR.txt": 0.14926978594238327,
    "THE TRAGEDY OF MACBETH.txt": 0.15196751399980157,
    "THE TRAGEDY OF OTHELLO MOOR OF VENICE.txt": 0.11621197673977796,
    "THE TRAGEDY OF ROMEO AND JULIET.txt": -0.013524985696284908,
    "THE TRAGEDY OF TITUS ANDRONICUS.txt": 0.06735095431295612,
    "THE TWO GENTLEMEN OF VERONA.txt": 0.14305282621102183,
    "The Two Noble Kinsmen by Shakespeare.txt": -0.14378627228010665,
    "THE WINTERS TALE.txt": 0.1457060680131652,
    "Venus and Adonis.txt": 0.1405410713334035
}