{
    "A LOVERS COMPLAINT.txt": -0.22425255174085001,
    "A MIDSUMMER NIGHT_S DREAM.txt": 0.11008448919519753,
    "A Yorkshire Tragedy by Shakespeare.txt": 0.08459100643411993,
    "Arden of Feversham.txt": 0.09583498475409669,
    "AS YOU LIKE IT.txt": 0.11443797118244875,
    "CYMBELINE.txt": 0.1101244367756467,
    "Fair Em by Shakespeare.txt": 0.14743286805157407,
    "KING EDWARD III by Shakespeare.txt": 0.12507512437147267,
    "King Henry IV, Part 1.txt": 0.1028240578175636,
    "KING HENRY V.txt": 0.14664435360380673,
    "KING HENRY VI part I.txt": 0.14134699682222907,
    "KING HENRY VI Part II.txt": 0.11877082698083491,
    "KING HENRY VI Part III.txt": 0.13807249252130838,
    "KING HENRY VIII.txt": 0.1298476515473146,
    "KING JOHN.txt": 0.07333869051016845,
    "KING RICHARD II.txt": 0.12917238804830872,
    "KING RICHARD III.txt": 0.1348097356552666,
    "Locrine Mucedorus by Shakespeare.txt": 0.033481766783399425,
    "Love_s Labour_s Lost.txt": 0.1404871304145499,
    "MEASURE FOR MEASURE.txt": 0.12217049336593089,
    "Merchant of Venice.txt": 0.10500240336912675,
    "MUCH ADO ABOUT NOTHING.txt": 0.13334964620941975,
    "PERICLES PRINCE OF TYRE.txt": 0.1381446314820654,
    "Sir John Oldcastle by Shakespeare.txt": 0.10514517084072755,
    "Sir Thomas More by Shakespeare.txt": 0.10998177316397179,
    "Taming of the Shrew.txt": 0.1276239398915625,
    "The Comedy of Errors.txt": 0.1297668287675947,
    "THE HISTORY OF TROILUS AND CRESSIDA.txt": 0.09625974290062389,
    "The Life and Death of the Lord Cromwell by Shakespeare.txt": 0.13213745019206508,
    "THE LIFE OF TIMON OF ATHENS.txt": 0.13990359662925528,
    "The London Prodigal.txt": 0.046222234865702705,
    "The Merry Devill of Edmonton by Shakespeare.txt": 0.1344992928401439,
    "THE MERRY WIVES OF WINDSOR.txt": 0.1427318256538428,
    "The Puritaine Widdow by Shakespeare.txt": 0.13232622001671668,
    "THE RAPE OF LUCRECE.txt": -0.010849266626277942,
    "THE TAMING OF THE SHREW.txt": 0.13595145521235985,
    "THE TEMPEST.txt": 0.1330947364663595,
    "THE TRAGEDY OF ANTONY AND CLEOPATRA.txt": -0.0998567253846796,
    "THE TRAGEDY OF CORIOLANUS.txt": 0.10241049158076465,
    "THE TRAGEDY OF HAMLET PRINCE OF DENMARK.txt": 0.10559043338800367,
    "THE TRAGEDY OF JULIUS CAESAR.txt": 0.08059720990884822,
    "THE TRAGEDY OF KING LEAR.txt": 0.10939275268912518,
    "THE TRAGEDY OF MACBETH.txt": 0.10832722994220262,
    "THE TRAGEDY OF OTHELLO MOOR OF VENICE.txt": 0.08585368704595508,
    "THE TRAGEDY OF ROMEO AND JULIET.txt": 0.1277356491805975,
    "THE TRAGEDY OF TITUS ANDRONICUS.txt": 0.1337494402712675,
    "THE TWO GENTLEMEN OF VERONA.txt": 0.1308924373633047,
    "The Two Noble Kinsmen by Shakespeare.txt": 0.12350374352053328,
    "THE WINTERS TALE.txt": 0.13110941856153513,
    "Venus and Adonis.txt": 0.08928859370083825
}