{
    "A MIDSUMMER NIGHT_S DREAM.txt": 0.10202635340277816,
    "A Yorkshire Tragedy by Shakespeare.txt": 0.0005989575074163977,
    "Arden of Feversham.txt": 0.07881846065811071,
    "AS YOU LIKE IT.txt": 0.11067599832612224,
    "CYMBELINE.txt": 0.08306527599736074,
    "Fair Em by Shakespeare.txt": 0.1018576616239994,
    "KING EDWARD III by Shakespeare.txt": 0.0995693927786922,
    "King Henry IV, Part 1.txt": 0.06261718899373059,
    "KING HENRY V.txt": 0.1033937753163865,
    "KING HENRY VI part I.txt": 0.0887606207454088,
    "KING HENRY VI Part II.txt": 0.0972356312291836,
    "KING HENRY VI Part III.txt": 0.10805467456400097,
    "KING HENRY VIII.txt": 0.09045836099962279,
    "KING JOHN.txt": 0.12674056402306333,
    "KING RICHARD II.txt": 0.10408529585614662,
    "KING RICHARD III.txt": 0.10047007026105009,
    "Locrine Mucedorus by Shakespeare.txt": 0.03674928410576117,
    "Love_s Labour_s Lost.txt": 0.08640065417589099,
    "MEASURE FOR MEASURE.txt": 0.1052451127585256,
    "Merchant of Venice.txt": 0.1044931828488091,
    "MUCH ADO ABOUT NOTHING.txt": 0.016203773231012464,
    "PERICLES PRINCE OF TYRE.txt": 0.08036866440694507,
    "Sir John Oldcastle by Shakespeare.txt": 0.01424190696363048,
    "Sir Thomas More by Shakespeare.txt": 0.05419525281471299,
    "Taming of the Shrew.txt": 0.1059019807175492,
    "The Comedy of Errors.txt": 0.10323073459563004,
    "THE HISTORY OF TROILUS AND CRESSIDA.txt": 0.09326205094213208,
    "The Life and Death of the Lord Cromwell by Shakespeare.txt": 0.08886612324635623,
    "THE LIFE OF TIMON OF ATHENS.txt": 0.10314051639103639,
    "The London Prodigal.txt": -0.15100826287562563,
    "The Merry Devill of Edmonton by Shakespeare.txt": 0.07258071157375007,
    "THE MERRY WIVES OF WINDSOR.txt": 0.08538802753984825,
    "The Puritaine Widdow by Shakespeare.txt": 0.06960579741299416,
    "THE RAPE OF LUCRECE.txt": -0.21825272988847044,
    "THE TAMING OF THE SHREW.txt": 0.10868668021734668,
    "THE TEMPEST.txt": 0.08702461308389914,
    "THE TRAGEDY OF ANTONY AND CLEOPATRA.txt": 0.06308835215595077,
    "THE TRAGEDY OF CORIOLANUS.txt": 0.10839268390756734,
    "THE TRAGEDY OF HAMLET PRINCE OF DENMARK.txt": 0.10919401065741674,
    "THE TRAGEDY OF JULIUS CAESAR.txt": -0.028342509833154228,
    "THE TRAGEDY OF KING LEAR.txt": 0.11037794381919708,
    "THE TRAGEDY OF MACBETH.txt": 0.09562517448861824,
    "THE TRAGEDY OF OTHELLO MOOR OF VENICE.txt": -0.09563066688441901,
    "THE TRAGEDY OF ROMEO AND JULIET.txt": 0.10034236238187738,
    "THE TRAGEDY OF TITUS ANDRONICUS.txt": 0.11887139647615697,
    "THE TWO GENTLEMEN OF VERONA.txt": 0.09632828137421545,
    "The Two Noble Kinsmen by Shakespeare.txt": 0.05443113269269595,
    "THE WINTERS TALE.txt": 0.09389042556186761,
    "Venus and Adonis.txt": 0.018237448347159624
}