{
    "A MIDSUMMER NIGHT_S DREAM.txt": 0.10087049520649499,
    "A Yorkshire Tragedy by Shakespeare.txt": 0.017612264902063968,
    "Arden of Feversham.txt": 0.10019183397509634,
    "AS YOU LIKE IT.txt": 0.10800764586170414,
    "CYMBELINE.txt": 0.08629397332840699,
    "Fair Em by Shakespeare.txt": 0.10421860163462371,
    "KING EDWARD III by Shakespeare.txt": 0.10469887394871769,
    "King Henry IV, Part 1.txt": 0.0704539420322231,
    "KING HENRY V.txt": 0.10618390366646052,
    "KING HENRY VI part I.txt": 0.09499016501938501,
    "KING HENRY VI Part II.txt": 0.11264297777122173,
    "KING HENRY VI Part III.txt": 0.10962804263217307,
    "KING HENRY VIII.txt": 0.08710409630964155,
    "KING JOHN.txt": 0.10971381106873762,
    "KING RICHARD II.txt": 0.08036034992739072,
    "KING RICHARD III.txt": 0.09370350741580513,
    "Locrine Mucedorus by Shakespeare.txt": 0.03410378365109257,
    "Love_s Labour_s Lost.txt": 0.11891132240807911,
    "MEASURE FOR MEASURE.txt": 0.11870174822275747,
    "Merchant of Venice.txt": 0.11110982763220517,
    "MUCH ADO ABOUT NOTHING.txt": -0.01037564338791297,
    "PERICLES PRINCE OF TYRE.txt": 0.10173401312927327,
    "Sir John Oldcastle by Shakespeare.txt": 0.016433067859856043,
    "Sir Thomas More by Shakespeare.txt": 0.06251722233595408,
    "Taming of the Shrew.txt": 0.10861456674669462,
    "The Comedy of Errors.txt": 0.1193634355831546,
    "THE HISTORY OF TROILUS AND CRESSIDA.txt": 0.10843211446765327,
    "The Life and Death of the Lord Cromwell by Shakespeare.txt": 0.09459159937939216,
    "THE LIFE OF TIMON OF ATHENS.txt": 0.10773547775282588,
    "The London Prodigal.txt": -0.12380521509869646,
    "The Merry Devill of Edmonton by Shakespeare.txt": 0.10034837663474572,
    "THE MERRY WIVES OF WINDSOR.txt": 0.104083273404178,
    "The Puritaine Widdow by Shakespeare.txt": 0.09863394879307236,
    "THE RAPE OF LUCRECE.txt": -0.22101156803539612,
    "THE TAMING OF THE SHREW.txt": 0.12361416213848347,
    "THE TEMPEST.txt": 0.11114940515372806,
    "THE TRAGEDY OF ANTONY AND CLEOPATRA.txt": 0.04716883668620092,
    "THE TRAGEDY OF CORIOLANUS.txt": 0.12336183539832246,
    "THE TRAGEDY OF HAMLET PRINCE OF DENMARK.txt": 0.11294423813812066,
    "THE TRAGEDY OF JULIUS CAESAR.txt": -0.0631332993063598,
    "THE TRAGEDY OF KING LEAR.txt": 0.12665866963884537,
    "THE TRAGEDY OF MACBETH.txt": 0.10479458640889489,
    "THE TRAGEDY OF OTHELLO MOOR OF VENICE.txt": -0.07794813918783516,
    "THE TRAGEDY OF ROMEO AND JULIET.txt": 0.09542600779255611,
    "THE TRAGEDY OF TITUS ANDRONICUS.txt": 0.12174021174971555,
    "THE TWO GENTLEMEN OF VERONA.txt": 0.10081204428636165,
    "The Two Noble Kinsmen by Shakespeare.txt": 0.06464720236912225,
    "THE WINTERS TALE.txt": 0.09648368393634482,
    "Venus and Adonis.txt": 0.03066806183858245
}