{
    "A LOVERS COMPLAINT.txt": -0.193300935116972,
    "A MIDSUMMER NIGHT_S DREAM.txt": 0.1366861938869251,
    "A Yorkshire Tragedy by Shakespeare.txt": 0.10569993683308254,
    "Arden of Feversham.txt": 0.1309939067919016,
    "AS YOU LIKE IT.txt": 0.13831240027735003,
    "CYMBELINE.txt": 0.13405334281288755,
    "Fair Em by Shakespeare.txt": 0.15600489064003475,
    "KING EDWARD III by Shakespeare.txt": 0.12783327724320326,
    "King Henry IV, Part 1.txt": 0.10902106028165176,
    "KING HENRY V.txt": 0.15073566032559804,
    "KING HENRY VI part I.txt": 0.12589423917903586,
    "KING HENRY VI Part II.txt": 0.13511687842259368,
    "KING HENRY VI Part III.txt": 0.15121494637517197,
    "KING HENRY VIII.txt": 0.15118936317938958,
    "KING JOHN.txt": 0.07972189791298218,
    "KING RICHARD II.txt": 0.13522809439618294,
    "KING RICHARD III.txt": 0.1527492338254115,
    "Locrine Mucedorus by Shakespeare.txt": 0.04784646070331999,
    "Love_s Labour_s Lost.txt": 0.15443609382135542,
    "MEASURE FOR MEASURE.txt": 0.14219258354142827,
    "Merchant of Venice.txt": 0.11118117311360814,
    "MUCH ADO ABOUT NOTHING.txt": 0.12725095612254078,
    "PERICLES PRINCE OF TYRE.txt": 0.15157768798421312,
    "Sir John Oldcastle by Shakespeare.txt": 0.11505423321061686,
    "Sir Thomas More by Shakespeare.txt": 0.13172692822750687,
    "Taming of the Shrew.txt": 0.12391220445287243,
    "The Comedy of Errors.txt": 0.1526381023123642,
    "THE HISTORY OF TROILUS AND CRESSIDA.txt": 0.12779265690388875,
    "The Life and Death of the Lord Cromwell by Shakespeare.txt": 0.16350742971454613,
    "THE LIFE OF TIMON OF ATHENS.txt": 0.14325501036033061,
    "The London Prodigal.txt": 0.05851123667705338,
    "The Merry Devill of Edmonton by Shakespeare.txt": 0.12757325875197134,
    "THE MERRY WIVES OF WINDSOR.txt": 0.12888634937834104,
    "The Puritaine Widdow by Shakespeare.txt": 0.1435694767357199,
    "THE RAPE OF LUCRECE.txt": 0.020312089929741095,
    "THE TAMING OF THE SHREW.txt": 0.14638788925643442,
    "THE TEMPEST.txt": 0.13228711677754895,
    "THE TRAGEDY OF ANTONY AND CLEOPATRA.txt": -0.08392182599472575,
    "THE TRAGEDY OF CORIOLANUS.txt": 0.10907448721529966,
    "THE TRAGEDY OF HAMLET PRINCE OF DENMARK.txt": 0.11715424674827402,
    "THE TRAGEDY OF JULIUS CAESAR.txt": 0.08717021376296236,
    "THE TRAGEDY OF KING LEAR.txt": 0.12402444255887235,
    "THE TRAGEDY OF MACBETH.txt": 0.1338769974183684,
    "THE TRAGEDY OF OTHELLO MOOR OF VENICE.txt": 0.07437371790965464,
    "THE TRAGEDY OF ROMEO AND JULIET.txt": 0.13083000498654151,
    "THE TRAGEDY OF TITUS ANDRONICUS.txt": 0.13896954494313346,
    "THE TWO GENTLEMEN OF VERONA.txt": 0.1362018267025502,
    "The Two Noble Kinsmen by Shakespeare.txt": 0.14662359582869444,
    "THE WINTERS TALE.txt": 0.14866201414797248,
    "Venus and Adonis.txt": 0.0858762690897944
}