{
    "A LOVERS COMPLAINT.txt": -0.19377437307958012,
    "A MIDSUMMER NIGHT_S DREAM.txt": 0.10628144498656267,
    "A Yorkshire Tragedy by Shakespeare.txt": 0.034702881138229946,
    "Arden of Feversham.txt": 0.1074177235377326,
    "AS YOU LIKE IT.txt": 0.1090643880659039,
    "CYMBELINE.txt": 0.08533468594012122,
    "Fair Em by Shakespeare.txt": 0.10370427411609556,
    "KING EDWARD III by Shakespeare.txt": 0.11377117283798055,
    "King Henry IV, Part 1.txt": 0.0613712311861726,
    "KING HENRY V.txt": 0.1272332950232991,
    "KING HENRY VI part I.txt": 0.11359235784791127,
    "KING HENRY VI Part II.txt": 0.11213176269289044,
    "KING HENRY VI Part III.txt": 0.11862883742130281,
    "KING HENRY VIII.txt": 0.1129588426591615,
    "KING JOHN.txt": 0.06330396893078294,
    "KING RICHARD II.txt": 0.12885156212142096,
    "KING RICHARD III.txt": 0.13651620485873595,
    "Locrine Mucedorus by Shakespeare.txt": 0.018877747095107755,
    "Love_s Labour_s Lost.txt": 0.10699009884622557,
    "MEASURE FOR MEASURE.txt": 0.1121084295419385,
    "Merchant of Venice.txt": 0.09369657188282304,
    "MUCH ADO ABOUT NOTHING.txt": 0.11579240867867224,
    "PERICLES PRINCE OF TYRE.txt": 0.08653111364413774,
    "Sir John Oldcastle by Shakespeare.txt": 0.10565199417328042,
    "Sir Thomas More by Shakespeare.txt": 0.09010320778219827,
    "Taming of the Shrew.txt": 0.10800098987883794,
    "The Comedy of Errors.txt": 0.11224085875880774,
    "THE HISTORY OF TROILUS AND CRESSIDA.txt": 0.11141637054248388,
    "The Life and Death of the Lord Cromwell by Shakespeare.txt": 0.11345875899909402,
    "THE LIFE OF TIMON OF ATHENS.txt": 0.11063310463017112,
    "The London Prodigal.txt": 0.041163394097155914,
    "The Merry Devill of Edmonton by Shakespeare.txt": 0.1064394172519193,
    "THE MERRY WIVES OF WINDSOR.txt": 0.11264727230049731,
    "The Puritaine Widdow by Shakespeare.txt": 0.11411795260438096,
    "THE RAPE OF LUCRECE.txt": -0.036106772248854835,
    "THE TAMING OF THE SHREW.txt": 0.12122322596269341,
    "THE TEMPEST.txt": 0.11092436611830381,
    "THE TRAGEDY OF ANTONY AND CLEOPATRA.txt": -0.11379998281810855,
    "THE TRAGEDY OF CORIOLANUS.txt": 0.08134586927287996,
    "THE TRAGEDY OF HAMLET PRINCE OF DENMARK.txt": 0.11084902374476197,
    "THE TRAGEDY OF JULIUS CAESAR.txt": 0.053545476921586455,
    "THE TRAGEDY OF KING LEAR.txt": 0.10066043160110749,
    "THE TRAGEDY OF MACBETH.txt": 0.09217022048938084,
    "THE TRAGEDY OF OTHELLO MOOR OF VENICE.txt": 0.06386639043555675,
    "THE TRAGEDY OF ROMEO AND JULIET.txt": 0.10956487551406435,
    "THE TRAGEDY OF TITUS ANDRONICUS.txt": 0.12304726268985022,
    "THE TWO GENTLEMEN OF VERONA.txt": 0.11156825559310857,
    "The Two Noble Kinsmen by Shakespeare.txt": 0.10157274356608509,
    "THE WINTERS TALE.txt": 0.12580979349915705,
    "Venus and Adonis.txt": 0.05073221390735816
}