{
    "A LOVERS COMPLAINT.txt": -0.20160237722099406,
    "A MIDSUMMER NIGHT_S DREAM.txt": 0.11809594055499201,
    "A Yorkshire Tragedy by Shakespeare.txt": 0.10419121482780802,
    "Arden of Feversham.txt": 0.1108659340950684,
    "AS YOU LIKE IT.txt": 0.13904568865796801,
    "CYMBELINE.txt": 0.12212825358369117,
    "Fair Em by Shakespeare.txt": 0.14426926497687753,
    "KING EDWARD III by Shakespeare.txt": 0.132870627028492,
    "King Henry IV, Part 1.txt": 0.09545512719483767,
    "KING HENRY V.txt": 0.13808257006630265,
    "KING HENRY VI part I.txt": 0.1284550133082919,
    "KING HENRY VI Part II.txt": 0.13143293533810452,
    "KING HENRY VI Part III.txt": 0.12691906994157393,
    "KING HENRY VIII.txt": 0.13145867602699673,
    "KING JOHN.txt": 0.0998867153117487,
    "KING RICHARD II.txt": 0.15778521941665313,
    "KING RICHARD III.txt": 0.1284092078296687,
    "Locrine Mucedorus by Shakespeare.txt": 0.06171843926699094,
    "Love_s Labour_s Lost.txt": 0.15216985530192795,
    "MEASURE FOR MEASURE.txt": 0.14322068612041133,
    "Merchant of Venice.txt": 0.10273206335752227,
    "MUCH ADO ABOUT NOTHING.txt": 0.13903186757597985,
    "PERICLES PRINCE OF TYRE.txt": 0.10559563812626699,
    "Sir John Oldcastle by Shakespeare.txt": 0.11496101252665775,
    "Sir Thomas More by Shakespeare.txt": 0.11268970755984248,
    "Taming of the Shrew.txt": 0.1432248049776116,
    "The Comedy of Errors.txt": 0.11879299695451662,
    "THE HISTORY OF TROILUS AND CRESSIDA.txt": 0.11833354992266942,
    "The Life and Death of the Lord Cromwell by Shakespeare.txt": 0.12465694066130112,
    "THE LIFE OF TIMON OF ATHENS.txt": 0.16497830123106222,
    "The London Prodigal.txt": 0.051609453287151774,
    "The Merry Devill of Edmonton by Shakespeare.txt": 0.1255556281104369,
    "THE MERRY WIVES OF WINDSOR.txt": 0.15422469487689078,
    "The Puritaine Widdow by Shakespeare.txt": 0.12332066865338281,
    "THE RAPE OF LUCRECE.txt": 0.028458393701320417,
    "THE TAMING OF THE SHREW.txt": 0.1404806373130673,
    "THE TEMPEST.txt": 0.12338575873094598,
    "THE TRAGEDY OF ANTONY AND CLEOPATRA.txt": -0.076836039838444,
    "THE TRAGEDY OF CORIOLANUS.txt": 0.12116201520228037,
    "THE TRAGEDY OF HAMLET PRINCE OF DENMARK.txt": 0.12766120998716257,
    "THE TRAGEDY OF JULIUS CAESAR.txt": 0.08588206947067678,
    "THE TRAGEDY OF KING LEAR.txt": 0.1252214201705789,
    "THE TRAGEDY OF MACBETH.txt": 0.12420427811099544,
    "THE TRAGEDY OF OTHELLO MOOR OF VENICE.txt": 0.0842282853485552,
    "THE TRAGEDY OF ROMEO AND JULIET.txt": 0.133624962052607,
    "THE TRAGEDY OF TITUS ANDRONICUS.txt": 0.13003332305309628,
    "THE TWO GENTLEMEN OF VERONA.txt": 0.14265468120508323,
    "The Two Noble Kinsmen by Shakespeare.txt": 0.13061635484601614,
    "THE WINTERS TALE.txt": 0.15231811671801576,
    "Venus and Adonis.txt": 0.11897168787188184
}