{
    "A LOVERS COMPLAINT.txt": -0.030510756895879676,
    "A MIDSUMMER NIGHT_S DREAM.txt": 0.07624031802736592,
    "A Yorkshire Tragedy by Shakespeare.txt": 0.02710131542798111,
    "Arden of Feversham.txt": 0.06642956883899204,
    "AS YOU LIKE IT.txt": 0.05747541378948712,
    "CYMBELINE.txt": 0.04408928927434219,
    "Fair Em by Shakespeare.txt": -0.030510756895879676,
    "KING EDWARD III by Shakespeare.txt": -0.030510756895879676,
    "King Henry IV, Part 1.txt": 0.06969992497870336,
    "KING HENRY V.txt": 0.026848880173201084,
    "KING HENRY VI part I.txt": -0.017738206238916976,
    "KING HENRY VI Part II.txt": 0.038545338209742985,
    "KING HENRY VI Part III.txt": 0.02710131542798111,
    "KING HENRY VIII.txt": 0.022387870634826224,
    "KING JOHN.txt": 0.040571392239807935,
    "KING RICHARD II.txt": -0.030510756895879676,
    "KING RICHARD III.txt": 0.01335228407948491,
    "Locrine Mucedorus by Shakespeare.txt": 0.022387870634826224,
    "Love_s Labour_s Lost.txt": 0.026508412970943585,
    "MEASURE FOR MEASURE.txt": 0.0058939871337129746,
    "Merchant of Venice.txt": 0.00018171009703460417,
    "MUCH ADO ABOUT NOTHING.txt": 0.053202314361129543,
    "PERICLES PRINCE OF TYRE.txt": 0.0425020098628362,
    "Sir John Oldcastle by Shakespeare.txt": 0.038545338209742985,
    "Sir Thomas More by Shakespeare.txt": 0.03255401005784231,
    "Taming of the Shrew.txt": 0.04473208803773271,
    "The Comedy of Errors.txt": -0.07277920538350291,
    "THE HISTORY OF TROILUS AND CRESSIDA.txt": -0.027318304683168093,
    "The Life and Death of the Lord Cromwell by Shakespeare.txt": 0.03255401005784231,
    "THE LIFE OF TIMON OF ATHENS.txt": 0.037515797251238936,
    "The London Prodigal.txt": 0.03255401005784231,
    "The Merry Devill of Edmonton by Shakespeare.txt": 0.02710131542798111,
    "THE MERRY WIVES OF WINDSOR.txt": 0.04993464021706501,
    "The Puritaine Widdow by Shakespeare.txt": 0.047381829305847945,
    "THE RAPE OF LUCRECE.txt": 0.038545338209742985,
    "THE TAMING OF THE SHREW.txt": 0.003412634323548547,
    "THE TEMPEST.txt": 0.041881324239462614,
    "THE TRAGEDY OF ANTONY AND CLEOPATRA.txt": -0.05128132162527688,
    "THE TRAGEDY OF CORIOLANUS.txt": 0.05324302225015809,
    "THE TRAGEDY OF HAMLET PRINCE OF DENMARK.txt": -0.15176215356049183,
    "THE TRAGEDY OF JULIUS CAESAR.txt": 0.07702526904356521,
    "THE TRAGEDY OF KING LEAR.txt": 0.07682589052856142,
    "THE TRAGEDY OF MACBETH.txt": 0.046485071937295896,
    "THE TRAGEDY OF OTHELLO MOOR OF VENICE.txt": 0.008236059714831934,
    "THE TRAGEDY OF ROMEO AND JULIET.txt": 0.04107080526343382,
    "THE TRAGEDY OF TITUS ANDRONICUS.txt": 0.022387870634826224,
    "THE TWO GENTLEMEN OF VERONA.txt": 0.05802098078378043,
    "The Two Noble Kinsmen by Shakespeare.txt": 0.060082674776267886,
    "THE WINTERS TALE.txt": 0.013769322149129404,
    "Venus and Adonis.txt": 0.038545338209742985
}