{
    "A LOVERS COMPLAINT.txt": -0.03136810578886995,
    "A MIDSUMMER NIGHT_S DREAM.txt": 0.07768191978042926,
    "A Yorkshire Tragedy by Shakespeare.txt": 0.02986787831306925,
    "Arden of Feversham.txt": 0.0699994066451749,
    "AS YOU LIKE IT.txt": 0.05803193862407102,
    "CYMBELINE.txt": 0.044395791712485255,
    "Fair Em by Shakespeare.txt": -0.03136810578886995,
    "KING EDWARD III by Shakespeare.txt": -0.03136810578886995,
    "King Henry IV, Part 1.txt": 0.05913604419311502,
    "KING HENRY V.txt": 0.05719789903002498,
    "KING HENRY VI part I.txt": -0.009580918238439873,
    "KING HENRY VI Part II.txt": 0.03310679889154439,
    "KING HENRY VI Part III.txt": 0.02986787831306925,
    "KING HENRY VIII.txt": 0.03409321317797204,
    "KING JOHN.txt": 0.04693490000105521,
    "KING RICHARD II.txt": -0.03136810578886995,
    "KING RICHARD III.txt": 0.009096871057159839,
    "Locrine Mucedorus by Shakespeare.txt": 0.03409321317797204,
    "Love_s Labour_s Lost.txt": 0.03640930115013025,
    "MEASURE FOR MEASURE.txt": 0.01722931653818771,
    "Merchant of Venice.txt": 0.017805234763626276,
    "MUCH ADO ABOUT NOTHING.txt": 0.08462847996193851,
    "PERICLES PRINCE OF TYRE.txt": 0.03954928468720653,
    "Sir John Oldcastle by Shakespeare.txt": 0.03310679889154439,
    "Sir Thomas More by Shakespeare.txt": 0.04065141552001589,
    "Taming of the Shrew.txt": 0.05117879046726004,
    "The Comedy of Errors.txt": -0.07802463631488443,
    "THE HISTORY OF TROILUS AND CRESSIDA.txt": -0.04239679375459138,
    "The Life and Death of the Lord Cromwell by Shakespeare.txt": 0.04065141552001589,
    "THE LIFE OF TIMON OF ATHENS.txt": 0.05514664005653591,
    "The London Prodigal.txt": 0.04065141552001589,
    "The Merry Devill of Edmonton by Shakespeare.txt": 0.02986787831306925,
    "THE MERRY WIVES OF WINDSOR.txt": 0.06722587498003862,
    "The Puritaine Widdow by Shakespeare.txt": 0.05194742603842356,
    "THE RAPE OF LUCRECE.txt": 0.03310679889154439,
    "THE TAMING OF THE SHREW.txt": 0.029184819408700213,
    "THE TEMPEST.txt": 0.035388322683461426,
    "THE TRAGEDY OF ANTONY AND CLEOPATRA.txt": -0.04624111919539353,
    "THE TRAGEDY OF CORIOLANUS.txt": 0.08242280974760463,
    "THE TRAGEDY OF HAMLET PRINCE OF DENMARK.txt": -0.17581765817980088,
    "THE TRAGEDY OF JULIUS CAESAR.txt": 0.06852775946874229,
    "THE TRAGEDY OF KING LEAR.txt": 0.07779677370481819,
    "THE TRAGEDY OF MACBETH.txt": 0.06698911630756055,
    "THE TRAGEDY OF OTHELLO MOOR OF VENICE.txt": 0.0025068572785673093,
    "THE TRAGEDY OF ROMEO AND JULIET.txt": 0.04747183360181312,
    "THE TRAGEDY OF TITUS ANDRONICUS.txt": 0.03409321317797204,
    "THE TWO GENTLEMEN OF VERONA.txt": 0.05930517650379358,
    "The Two Noble Kinsmen by Shakespeare.txt": 0.07438094088334485,
    "THE WINTERS TALE.txt": 0.04242493627703431,
    "Venus and Adonis.txt": 0.03310679889154439
}