{
    "A MIDSUMMER NIGHT_S DREAM.txt": 0.06936561555922455,
    "A Yorkshire Tragedy by Shakespeare.txt": 0.07668881926831045,
    "Arden of Feversham.txt": 0.07161844348370644,
    "AS YOU LIKE IT.txt": 0.06376553591458833,
    "CYMBELINE.txt": 0.051839425348760015,
    "Fair Em by Shakespeare.txt": -0.00642272568253599,
    "KING EDWARD III by Shakespeare.txt": 0.012443790567628232,
    "King Henry IV, Part 1.txt": 0.04274591069926692,
    "KING HENRY V.txt": 0.059265391124132594,
    "KING HENRY VI part I.txt": 0.06576690164453691,
    "KING HENRY VI Part II.txt": 0.059849247920015225,
    "KING HENRY VI Part III.txt": 0.08003370842457175,
    "KING HENRY VIII.txt": 0.08104368494308278,
    "KING JOHN.txt": 0.08043466895680079,
    "KING RICHARD II.txt": 0.006069900154942853,
    "KING RICHARD III.txt": 0.06526070813678087,
    "Locrine Mucedorus by Shakespeare.txt": 0.07435910493265441,
    "Love_s Labour_s Lost.txt": 0.08217151260041095,
    "MEASURE FOR MEASURE.txt": 0.042135870616319404,
    "Merchant of Venice.txt": 0.07298592454006392,
    "MUCH ADO ABOUT NOTHING.txt": 0.048077025177360844,
    "PERICLES PRINCE OF TYRE.txt": 0.029640098308345353,
    "Sir John Oldcastle by Shakespeare.txt": 0.05873475542557144,
    "Sir Thomas More by Shakespeare.txt": 0.05855368986483056,
    "Taming of the Shrew.txt": 0.056019487371093524,
    "The Comedy of Errors.txt": -0.10121441159461786,
    "THE HISTORY OF TROILUS AND CRESSIDA.txt": -0.004361748836310686,
    "The Life and Death of the Lord Cromwell by Shakespeare.txt": 0.057357438947962636,
    "THE LIFE OF TIMON OF ATHENS.txt": 0.05202987084802574,
    "The London Prodigal.txt": 0.07321842707335469,
    "The Merry Devill of Edmonton by Shakespeare.txt": 0.06079621412249808,
    "THE MERRY WIVES OF WINDSOR.txt": 0.07005493094139853,
    "The Puritaine Widdow by Shakespeare.txt": -0.027713900931650937,
    "THE RAPE OF LUCRECE.txt": 0.08391082671858097,
    "THE TAMING OF THE SHREW.txt": 0.005296714285065007,
    "THE TEMPEST.txt": 0.0255895041026844,
    "THE TRAGEDY OF ANTONY AND CLEOPATRA.txt": -0.13429369432374594,
    "THE TRAGEDY OF CORIOLANUS.txt": 0.0752273386870384,
    "THE TRAGEDY OF HAMLET PRINCE OF DENMARK.txt": -0.036588761095568745,
    "THE TRAGEDY OF JULIUS CAESAR.txt": 0.06989617099409401,
    "THE TRAGEDY OF KING LEAR.txt": 0.015230275350073708,
    "THE TRAGEDY OF MACBETH.txt": 0.05646619887071053,
    "THE TRAGEDY OF OTHELLO MOOR OF VENICE.txt": 0.048104113571564355,
    "THE TRAGEDY OF ROMEO AND JULIET.txt": 0.02532146192668,
    "THE TRAGEDY OF TITUS ANDRONICUS.txt": 0.07457769887865756,
    "THE TWO GENTLEMEN OF VERONA.txt": 0.03307628515902972,
    "The Two Noble Kinsmen by Shakespeare.txt": 0.0741739622972416,
    "THE WINTERS TALE.txt": 0.07350577154524823,
    "Venus and Adonis.txt": 0.078300602629709
}