{
    "A LOVERS COMPLAINT.txt": -0.02530731108847528,
    "A MIDSUMMER NIGHT_S DREAM.txt": 0.08618678958576309,
    "A Yorkshire Tragedy by Shakespeare.txt": 0.030467595885479593,
    "Arden of Feversham.txt": 0.07043557430748587,
    "AS YOU LIKE IT.txt": 0.08533895815671044,
    "CYMBELINE.txt": 0.048903942197204786,
    "Fair Em by Shakespeare.txt": -0.02530731108847528,
    "KING EDWARD III by Shakespeare.txt": -0.02530731108847528,
    "King Henry IV, Part 1.txt": 0.07372815191089693,
    "KING HENRY V.txt": 0.06231775819029817,
    "KING HENRY VI part I.txt": -0.016520531080891243,
    "KING HENRY VI Part II.txt": 0.042164104974329764,
    "KING HENRY VI Part III.txt": 0.030467595885479593,
    "KING HENRY VIII.txt": 0.041140322856870026,
    "KING JOHN.txt": 0.033276465041234216,
    "KING RICHARD II.txt": -0.02530731108847528,
    "KING RICHARD III.txt": 0.047114415380341945,
    "Locrine Mucedorus by Shakespeare.txt": 0.041140322856870026,
    "Love_s Labour_s Lost.txt": 0.051687000066518274,
    "MEASURE FOR MEASURE.txt": 0.03763860807390018,
    "Merchant of Venice.txt": 0.011546883342419711,
    "MUCH ADO ABOUT NOTHING.txt": 0.07899424088137547,
    "PERICLES PRINCE OF TYRE.txt": 0.04545452292279356,
    "Sir John Oldcastle by Shakespeare.txt": 0.042164104974329764,
    "Sir Thomas More by Shakespeare.txt": 0.03762021319020953,
    "Taming of the Shrew.txt": 0.02943551371037445,
    "The Comedy of Errors.txt": -0.08671355449232543,
    "THE HISTORY OF TROILUS AND CRESSIDA.txt": -0.027231728390400334,
    "The Life and Death of the Lord Cromwell by Shakespeare.txt": 0.03762021319020953,
    "THE LIFE OF TIMON OF ATHENS.txt": 0.053602511633698,
    "The London Prodigal.txt": 0.03762021319020953,
    "The Merry Devill of Edmonton by Shakespeare.txt": 0.030467595885479593,
    "THE MERRY WIVES OF WINDSOR.txt": 0.057937535925260575,
    "The Puritaine Widdow by Shakespeare.txt": 0.06967828381675206,
    "THE RAPE OF LUCRECE.txt": 0.042164104974329764,
    "THE TAMING OF THE SHREW.txt": 0.01122525042036765,
    "THE TEMPEST.txt": 0.04680152855329078,
    "THE TRAGEDY OF ANTONY AND CLEOPATRA.txt": -0.06456903619480825,
    "THE TRAGEDY OF CORIOLANUS.txt": 0.07541715787511205,
    "THE TRAGEDY OF HAMLET PRINCE OF DENMARK.txt": -0.16695295060543758,
    "THE TRAGEDY OF JULIUS CAESAR.txt": 0.06632052392815474,
    "THE TRAGEDY OF KING LEAR.txt": 0.0858063142514387,
    "THE TRAGEDY OF MACBETH.txt": 0.06729167111734957,
    "THE TRAGEDY OF OTHELLO MOOR OF VENICE.txt": 0.002808124872945794,
    "THE TRAGEDY OF ROMEO AND JULIET.txt": 0.03989902816289298,
    "THE TRAGEDY OF TITUS ANDRONICUS.txt": 0.041140322856870026,
    "THE TWO GENTLEMEN OF VERONA.txt": 0.055593595196795076,
    "The Two Noble Kinsmen by Shakespeare.txt": 0.07896306840362555,
    "THE WINTERS TALE.txt": 0.04034378444039621,
    "Venus and Adonis.txt": 0.042164104974329764
}