{
    "A MIDSUMMER NIGHT_S DREAM.txt": 0.0858732557709615,
    "A Yorkshire Tragedy by Shakespeare.txt": 0.09474132052065348,
    "Arden of Feversham.txt": 0.1032353872845655,
    "AS YOU LIKE IT.txt": 0.08558454374880187,
    "CYMBELINE.txt": 0.08652373655473217,
    "Fair Em by Shakespeare.txt": -0.024322547893691926,
    "KING EDWARD III by Shakespeare.txt": 0.0036386284940975733,
    "King Henry IV, Part 1.txt": 0.08973337273082294,
    "KING HENRY V.txt": 0.07282141929138353,
    "KING HENRY VI part I.txt": 0.07979995921085953,
    "KING HENRY VI Part II.txt": 0.05625564826163609,
    "KING HENRY VI Part III.txt": 0.07890473867736936,
    "KING HENRY VIII.txt": 0.08279024330942691,
    "KING JOHN.txt": 0.0811369676815123,
    "KING RICHARD II.txt": -0.00206954076129251,
    "KING RICHARD III.txt": 0.08658516004635558,
    "Locrine Mucedorus by Shakespeare.txt": 0.07827635411897699,
    "Love_s Labour_s Lost.txt": 0.08522645709051974,
    "MEASURE FOR MEASURE.txt": 0.08302493118704946,
    "Merchant of Venice.txt": 0.07912263974406347,
    "MUCH ADO ABOUT NOTHING.txt": 0.05902979154927507,
    "PERICLES PRINCE OF TYRE.txt": 0.05697114440252021,
    "Sir John Oldcastle by Shakespeare.txt": 0.062230177440062207,
    "Sir Thomas More by Shakespeare.txt": 0.07940215927275673,
    "Taming of the Shrew.txt": 0.07456117402516943,
    "The Comedy of Errors.txt": -0.14915266579388897,
    "THE HISTORY OF TROILUS AND CRESSIDA.txt": -0.0007843769248754295,
    "The Life and Death of the Lord Cromwell by Shakespeare.txt": 0.07864059408570845,
    "THE LIFE OF TIMON OF ATHENS.txt": 0.07451868633398256,
    "The London Prodigal.txt": 0.07913812898354594,
    "The Merry Devill of Edmonton by Shakespeare.txt": 0.054527382413097125,
    "THE MERRY WIVES OF WINDSOR.txt": 0.08043283261749745,
    "The Puritaine Widdow by Shakespeare.txt": -0.03456275070430603,
    "THE RAPE OF LUCRECE.txt": 0.07531151482451831,
    "THE TAMING OF THE SHREW.txt": 0.006338121078469372,
    "THE TEMPEST.txt": 0.05222830367456682,
    "THE TRAGEDY OF ANTONY AND CLEOPATRA.txt": -0.17304586137074596,
    "THE TRAGEDY OF CORIOLANUS.txt": 0.10606430628557995,
    "THE TRAGEDY OF HAMLET PRINCE OF DENMARK.txt": -0.03878759119823638,
    "THE TRAGEDY OF JULIUS CAESAR.txt": 0.06691109916568544,
    "THE TRAGEDY OF KING LEAR.txt": 0.014054859009019371,
    "THE TRAGEDY OF MACBETH.txt": 0.06728707199855227,
    "THE TRAGEDY OF OTHELLO MOOR OF VENICE.txt": 0.08274871314549442,
    "THE TRAGEDY OF ROMEO AND JULIET.txt": 0.05488564034948262,
    "THE TRAGEDY OF TITUS ANDRONICUS.txt": 0.09815335158378624,
    "THE TWO GENTLEMEN OF VERONA.txt": 0.04510610597908388,
    "The Two Noble Kinsmen by Shakespeare.txt": 0.09445900405365099,
    "THE WINTERS TALE.txt": 0.06281506701229844,
    "Venus and Adonis.txt": 0.07217509553965396
}