{
    "A LOVERS COMPLAINT.txt": -0.021213119647051304,
    "A MIDSUMMER NIGHT_S DREAM.txt": 0.08168280145118684,
    "A Yorkshire Tragedy by Shakespeare.txt": 0.037810475891269346,
    "Arden of Feversham.txt": 0.05787112273320966,
    "AS YOU LIKE IT.txt": 0.06580177693067246,
    "CYMBELINE.txt": 0.02788791394955925,
    "Fair Em by Shakespeare.txt": -0.021213119647051304,
    "KING EDWARD III by Shakespeare.txt": -0.021213119647051304,
    "King Henry IV, Part 1.txt": 0.06803050997927601,
    "KING HENRY V.txt": 0.05356844740725536,
    "KING HENRY VI part I.txt": -0.006836097080630821,
    "KING HENRY VI Part II.txt": 0.03833375556454338,
    "KING HENRY VI Part III.txt": 0.037810475891269346,
    "KING HENRY VIII.txt": 0.04459794667141004,
    "KING JOHN.txt": 0.037698121394586226,
    "KING RICHARD II.txt": -0.021213119647051304,
    "KING RICHARD III.txt": 0.02019134437186121,
    "Locrine Mucedorus by Shakespeare.txt": 0.04459794667141004,
    "Love_s Labour_s Lost.txt": 0.04439237787362421,
    "MEASURE FOR MEASURE.txt": 0.036827114592054455,
    "Merchant of Venice.txt": 0.01722481988600927,
    "MUCH ADO ABOUT NOTHING.txt": 0.05396532330069387,
    "PERICLES PRINCE OF TYRE.txt": 0.05343999163676638,
    "Sir John Oldcastle by Shakespeare.txt": 0.03833375556454338,
    "Sir Thomas More by Shakespeare.txt": 0.035513087090546236,
    "Taming of the Shrew.txt": 0.046185308207773446,
    "The Comedy of Errors.txt": -0.07789729594414763,
    "THE HISTORY OF TROILUS AND CRESSIDA.txt": -0.03872926195997384,
    "The Life and Death of the Lord Cromwell by Shakespeare.txt": 0.035513087090546236,
    "THE LIFE OF TIMON OF ATHENS.txt": 0.05747172150712698,
    "The London Prodigal.txt": 0.035513087090546236,
    "The Merry Devill of Edmonton by Shakespeare.txt": 0.037810475891269346,
    "THE MERRY WIVES OF WINDSOR.txt": 0.05671692473420681,
    "The Puritaine Widdow by Shakespeare.txt": 0.05613226414198913,
    "THE RAPE OF LUCRECE.txt": 0.03833375556454338,
    "THE TAMING OF THE SHREW.txt": 0.009460640304979673,
    "THE TEMPEST.txt": 0.04746295292111752,
    "THE TRAGEDY OF ANTONY AND CLEOPATRA.txt": -0.055290734337613556,
    "THE TRAGEDY OF CORIOLANUS.txt": 0.05699608936708417,
    "THE TRAGEDY OF HAMLET PRINCE OF DENMARK.txt": -0.15932945799851495,
    "THE TRAGEDY OF JULIUS CAESAR.txt": 0.07268029753430638,
    "THE TRAGEDY OF KING LEAR.txt": 0.08599419062896846,
    "THE TRAGEDY OF MACBETH.txt": 0.06665764928093759,
    "THE TRAGEDY OF OTHELLO MOOR OF VENICE.txt": -0.008750561211783747,
    "THE TRAGEDY OF ROMEO AND JULIET.txt": 0.03887462317141782,
    "THE TRAGEDY OF TITUS ANDRONICUS.txt": 0.04459794667141004,
    "THE TWO GENTLEMEN OF VERONA.txt": 0.058559153759597526,
    "The Two Noble Kinsmen by Shakespeare.txt": 0.08253505480454132,
    "THE WINTERS TALE.txt": 0.037740250652823104,
    "Venus and Adonis.txt": 0.03833375556454338
}