{
    "A LOVERS COMPLAINT.txt": 0.03264689639581286,
    "A MIDSUMMER NIGHT_S DREAM.txt": 0.12152735133537662,
    "A Yorkshire Tragedy by Shakespeare.txt": 0.09304035396600935,
    "Arden of Feversham.txt": 0.11181368744239956,
    "AS YOU LIKE IT.txt": 0.10468815640772905,
    "CYMBELINE.txt": 0.09583936750487343,
    "Fair Em by Shakespeare.txt": 0.1237577078155071,
    "KING EDWARD III by Shakespeare.txt": 0.07685771537695257,
    "King Henry IV, Part 1.txt": 0.1273619529165798,
    "KING HENRY V.txt": 0.11937907510602719,
    "KING HENRY VI part I.txt": -0.051456102012047644,
    "KING HENRY VI Part II.txt": 0.1427874929794833,
    "KING HENRY VI Part III.txt": 0.1247528091829625,
    "KING HENRY VIII.txt": 0.04011650986175652,
    "KING JOHN.txt": 0.0078235743920671,
    "KING RICHARD II.txt": 0.12159315591310543,
    "KING RICHARD III.txt": 0.11644751764971378,
    "Locrine Mucedorus by Shakespeare.txt": 0.1297435935679599,
    "Love_s Labour_s Lost.txt": 0.12754370422215655,
    "MEASURE FOR MEASURE.txt": 0.1265072938879902,
    "Merchant of Venice.txt": 0.11402880066078447,
    "MUCH ADO ABOUT NOTHING.txt": 0.11398230796271569,
    "PERICLES PRINCE OF TYRE.txt": 0.08931906155317698,
    "Sir John Oldcastle by Shakespeare.txt": 0.09890077221346022,
    "Sir Thomas More by Shakespeare.txt": 0.12613259946119765,
    "Taming of the Shrew.txt": 0.11380242315698885,
    "The Comedy of Errors.txt": 0.11085233079133444,
    "THE HISTORY OF TROILUS AND CRESSIDA.txt": 0.13274281892580547,
    "The Life and Death of the Lord Cromwell by Shakespeare.txt": 0.10037146479976355,
    "THE LIFE OF TIMON OF ATHENS.txt": 0.10580179266226164,
    "The London Prodigal.txt": 0.11227128736507669,
    "The Merry Devill of Edmonton by Shakespeare.txt": 0.12018950713175186,
    "THE MERRY WIVES OF WINDSOR.txt": -0.2253003076113107,
    "The Puritaine Widdow by Shakespeare.txt": 0.07393028061162066,
    "THE RAPE OF LUCRECE.txt": 0.10824601210009394,
    "THE TAMING OF THE SHREW.txt": 0.12169193224554048,
    "THE TEMPEST.txt": 0.09444804060151257,
    "THE TRAGEDY OF ANTONY AND CLEOPATRA.txt": 0.11998219630685075,
    "THE TRAGEDY OF CORIOLANUS.txt": 0.11709751430848053,
    "THE TRAGEDY OF HAMLET PRINCE OF DENMARK.txt": 0.10661848524677492,
    "THE TRAGEDY OF JULIUS CAESAR.txt": 0.09830841346000158,
    "THE TRAGEDY OF KING LEAR.txt": 0.13163372004254342,
    "THE TRAGEDY OF MACBETH.txt": 0.10593042295919713,
    "THE TRAGEDY OF OTHELLO MOOR OF VENICE.txt": 0.09837577730880614,
    "THE TRAGEDY OF ROMEO AND JULIET.txt": 0.11191659939965987,
    "THE TRAGEDY OF TITUS ANDRONICUS.txt": 0.09809508142414558,
    "THE TWO GENTLEMEN OF VERONA.txt": 0.11308857484291718,
    "The Two Noble Kinsmen by Shakespeare.txt": 0.11357754204557363,
    "THE WINTERS TALE.txt": 0.11492182954147889,
    "Venus and Adonis.txt": 0.08306969100985695
}