{
    "A LOVERS COMPLAINT.txt": -0.2042609113935706,
    "A MIDSUMMER NIGHT_S DREAM.txt": 0.08474113889381557,
    "A Yorkshire Tragedy by Shakespeare.txt": 0.08704807845836615,
    "Arden of Feversham.txt": 0.11684020296284414,
    "AS YOU LIKE IT.txt": 0.12252318435100684,
    "CYMBELINE.txt": 0.1277375995110473,
    "Fair Em by Shakespeare.txt": 0.08824981633677714,
    "KING EDWARD III by Shakespeare.txt": 0.10433243015571791,
    "King Henry IV, Part 1.txt": 0.06425568738682269,
    "KING HENRY V.txt": 0.09915064723721251,
    "KING HENRY VI part I.txt": 0.005392441660826031,
    "KING HENRY VI Part II.txt": 0.10522891252596833,
    "KING HENRY VI Part III.txt": 0.146198867769539,
    "KING HENRY VIII.txt": 0.11152275868711203,
    "KING JOHN.txt": -0.001386695344747113,
    "KING RICHARD II.txt": 0.11808591005344432,
    "KING RICHARD III.txt": 0.09730310311565477,
    "Locrine Mucedorus by Shakespeare.txt": 0.13011359658762278,
    "Love_s Labour_s Lost.txt": 0.10996733488312815,
    "MEASURE FOR MEASURE.txt": 0.1202858953791956,
    "Merchant of Venice.txt": 0.11488581370120488,
    "MUCH ADO ABOUT NOTHING.txt": 0.11394706905334101,
    "PERICLES PRINCE OF TYRE.txt": 0.10917228928230288,
    "Sir John Oldcastle by Shakespeare.txt": 0.1250779612614336,
    "Sir Thomas More by Shakespeare.txt": 0.1214579999928409,
    "Taming of the Shrew.txt": 0.1201466403873776,
    "The Comedy of Errors.txt": 0.0751718958779054,
    "THE HISTORY OF TROILUS AND CRESSIDA.txt": 0.12171286969327882,
    "The Life and Death of the Lord Cromwell by Shakespeare.txt": 0.11023189890040164,
    "THE LIFE OF TIMON OF ATHENS.txt": 0.1308343193070451,
    "The London Prodigal.txt": -0.11530130800373994,
    "The Merry Devill of Edmonton by Shakespeare.txt": 0.10838268290822495,
    "THE MERRY WIVES OF WINDSOR.txt": -0.015467607987343257,
    "The Puritaine Widdow by Shakespeare.txt": 0.07756512314467656,
    "THE RAPE OF LUCRECE.txt": 0.014923455610599379,
    "THE TAMING OF THE SHREW.txt": 0.12186066585727756,
    "THE TEMPEST.txt": 0.10323389856670007,
    "THE TRAGEDY OF ANTONY AND CLEOPATRA.txt": 0.10826692508592528,
    "THE TRAGEDY OF CORIOLANUS.txt": 0.12128237022528343,
    "THE TRAGEDY OF HAMLET PRINCE OF DENMARK.txt": 0.10026895283924608,
    "THE TRAGEDY OF JULIUS CAESAR.txt": 0.10191011140634093,
    "THE TRAGEDY OF KING LEAR.txt": 0.12947777869469018,
    "THE TRAGEDY OF MACBETH.txt": 0.11878121476881515,
    "THE TRAGEDY OF OTHELLO MOOR OF VENICE.txt": 0.10599993201657792,
    "THE TRAGEDY OF ROMEO AND JULIET.txt": 0.12288310659451646,
    "THE TRAGEDY OF TITUS ANDRONICUS.txt": 0.06881347227943974,
    "THE TWO GENTLEMEN OF VERONA.txt": 0.11915411812802096,
    "The Two Noble Kinsmen by Shakespeare.txt": 0.09780297931916665,
    "THE WINTERS TALE.txt": 0.12325182621458325,
    "Venus and Adonis.txt": 0.045557362377020905
}