{
    "A LOVERS COMPLAINT.txt": 0.036390830710274935,
    "A MIDSUMMER NIGHT_S DREAM.txt": 0.0854750398940447,
    "A Yorkshire Tragedy by Shakespeare.txt": 0.09974318427305262,
    "Arden of Feversham.txt": -0.2832078284131373,
    "AS YOU LIKE IT.txt": 0.10167811221449141,
    "CYMBELINE.txt": 0.11793559585245028,
    "Fair Em by Shakespeare.txt": 0.1162837470161397,
    "KING EDWARD III by Shakespeare.txt": 0.1162837470161397,
    "King Henry IV, Part 1.txt": -0.001422649837647838,
    "KING HENRY V.txt": 0.08432630968161897,
    "KING HENRY VI part I.txt": 0.05270040179909735,
    "KING HENRY VI Part II.txt": 0.10394667327686313,
    "KING HENRY VI Part III.txt": 0.10303233233787695,
    "KING HENRY VIII.txt": 0.10772041336472521,
    "KING JOHN.txt": 0.0870655542094072,
    "KING RICHARD II.txt": 0.09660419266287712,
    "KING RICHARD III.txt": 0.10551414245161234,
    "Locrine Mucedorus by Shakespeare.txt": 0.06841379125107938,
    "Love_s Labour_s Lost.txt": 0.11059857850114085,
    "MEASURE FOR MEASURE.txt": 0.09750824729281665,
    "Merchant of Venice.txt": 0.10297420233571786,
    "MUCH ADO ABOUT NOTHING.txt": -0.019078902063275227,
    "PERICLES PRINCE OF TYRE.txt": 0.11486843804044827,
    "Sir John Oldcastle by Shakespeare.txt": 0.09748703488827493,
    "Sir Thomas More by Shakespeare.txt": 0.1081342168806202,
    "Taming of the Shrew.txt": 0.11198123177015085,
    "The Comedy of Errors.txt": -0.3214553126702927,
    "THE HISTORY OF TROILUS AND CRESSIDA.txt": 0.07766015519712499,
    "The Life and Death of the Lord Cromwell by Shakespeare.txt": 0.12698056876991404,
    "THE LIFE OF TIMON OF ATHENS.txt": 0.09525889074257538,
    "The London Prodigal.txt": 0.10940297991449888,
    "The Merry Devill of Edmonton by Shakespeare.txt": 0.12254160863461694,
    "THE MERRY WIVES OF WINDSOR.txt": 0.09612298782275153,
    "The Puritaine Widdow by Shakespeare.txt": 0.10455769953143118,
    "THE RAPE OF LUCRECE.txt": 0.09722026046143423,
    "THE TAMING OF THE SHREW.txt": 0.11519555948217935,
    "THE TEMPEST.txt": 0.10153029525380691,
    "THE TRAGEDY OF ANTONY AND CLEOPATRA.txt": 0.05909588516822678,
    "THE TRAGEDY OF CORIOLANUS.txt": 0.13028855225277663,
    "THE TRAGEDY OF HAMLET PRINCE OF DENMARK.txt": 0.05559168239041812,
    "THE TRAGEDY OF JULIUS CAESAR.txt": 0.0394774821749474,
    "THE TRAGEDY OF KING LEAR.txt": 0.11344592784582125,
    "THE TRAGEDY OF MACBETH.txt": 0.10040742815023601,
    "THE TRAGEDY OF OTHELLO MOOR OF VENICE.txt": 0.07450250892162641,
    "THE TRAGEDY OF ROMEO AND JULIET.txt": 0.08864540578581015,
    "THE TRAGEDY OF TITUS ANDRONICUS.txt": 0.10772041336472521,
    "THE TWO GENTLEMEN OF VERONA.txt": 0.10394667327686313,
    "The Two Noble Kinsmen by Shakespeare.txt": 0.11071163112142285,
    "THE WINTERS TALE.txt": 0.10780338619410756,
    "Venus and Adonis.txt": 0.036390830710274935
}