{
    "A MIDSUMMER NIGHT_S DREAM.txt": 0.06991218973729113,
    "A Yorkshire Tragedy by Shakespeare.txt": 0.1099030424836322,
    "Arden of Feversham.txt": -0.30428155824686154,
    "AS YOU LIKE IT.txt": 0.10329178383316578,
    "CYMBELINE.txt": 0.12389066103002189,
    "Fair Em by Shakespeare.txt": 0.0969687274927688,
    "KING EDWARD III by Shakespeare.txt": 0.11918341189963044,
    "King Henry IV, Part 1.txt": -0.02325406332048441,
    "KING HENRY V.txt": 0.1301214473709451,
    "KING HENRY VI part I.txt": 0.022224516633384206,
    "KING HENRY VI Part II.txt": 0.11485529048564974,
    "KING HENRY VI Part III.txt": 0.08969028493116066,
    "KING HENRY VIII.txt": 0.12086945485783102,
    "KING JOHN.txt": 0.13274134398548537,
    "KING RICHARD II.txt": 0.10438378712586738,
    "KING RICHARD III.txt": 0.1133896122752166,
    "Locrine Mucedorus by Shakespeare.txt": 0.12446838074424826,
    "Love_s Labour_s Lost.txt": 0.10318015839065686,
    "MEASURE FOR MEASURE.txt": 0.1075025599309844,
    "Merchant of Venice.txt": 0.13608323909247017,
    "MUCH ADO ABOUT NOTHING.txt": 0.10262097003874299,
    "PERICLES PRINCE OF TYRE.txt": 0.11654347819552757,
    "Sir John Oldcastle by Shakespeare.txt": 0.1008407045587244,
    "Sir Thomas More by Shakespeare.txt": 0.09322085645498879,
    "Taming of the Shrew.txt": 0.12417857706339941,
    "The Comedy of Errors.txt": -0.3312412110122659,
    "THE HISTORY OF TROILUS AND CRESSIDA.txt": 0.11212752508425072,
    "The Life and Death of the Lord Cromwell by Shakespeare.txt": 0.10265101528312598,
    "THE LIFE OF TIMON OF ATHENS.txt": 0.11536136595011443,
    "The London Prodigal.txt": 0.11029363515709728,
    "The Merry Devill of Edmonton by Shakespeare.txt": 0.10512779244011095,
    "THE MERRY WIVES OF WINDSOR.txt": 0.09365155224655286,
    "The Puritaine Widdow by Shakespeare.txt": 0.06282377639634423,
    "THE RAPE OF LUCRECE.txt": 0.10275096784695337,
    "THE TAMING OF THE SHREW.txt": 0.11370829607893979,
    "THE TEMPEST.txt": 0.1246901091140683,
    "THE TRAGEDY OF ANTONY AND CLEOPATRA.txt": -0.016440749298948232,
    "THE TRAGEDY OF CORIOLANUS.txt": 0.1353397135358071,
    "THE TRAGEDY OF HAMLET PRINCE OF DENMARK.txt": 0.12258063446176987,
    "THE TRAGEDY OF JULIUS CAESAR.txt": 0.05253341562083014,
    "THE TRAGEDY OF KING LEAR.txt": 0.12204985386173117,
    "THE TRAGEDY OF MACBETH.txt": 0.10010021605923936,
    "THE TRAGEDY OF OTHELLO MOOR OF VENICE.txt": 0.10321624657684719,
    "THE TRAGEDY OF ROMEO AND JULIET.txt": 0.1100267827446893,
    "THE TRAGEDY OF TITUS ANDRONICUS.txt": 0.1091139641180991,
    "THE TWO GENTLEMEN OF VERONA.txt": 0.12278680982725709,
    "The Two Noble Kinsmen by Shakespeare.txt": 0.10524490611202714,
    "THE WINTERS TALE.txt": 0.11235179138790508,
    "Venus and Adonis.txt": 0.023178263481472616
}