{
    "A LOVERS COMPLAINT.txt": 0.0332264737118354,
    "A MIDSUMMER NIGHT_S DREAM.txt": 0.06927505606323486,
    "A Yorkshire Tragedy by Shakespeare.txt": 0.07783081005231307,
    "Arden of Feversham.txt": -0.2816534179461291,
    "AS YOU LIKE IT.txt": 0.12525177129652326,
    "CYMBELINE.txt": 0.13566296809283546,
    "Fair Em by Shakespeare.txt": 0.1112783900657549,
    "KING EDWARD III by Shakespeare.txt": 0.1112783900657549,
    "King Henry IV, Part 1.txt": -0.02067947748180865,
    "KING HENRY V.txt": 0.12324182375515613,
    "KING HENRY VI part I.txt": 0.04175816067169541,
    "KING HENRY VI Part II.txt": 0.1071736650659802,
    "KING HENRY VI Part III.txt": 0.0918571856154074,
    "KING HENRY VIII.txt": 0.10609627749796735,
    "KING JOHN.txt": 0.09241230273824319,
    "KING RICHARD II.txt": 0.10197367130659407,
    "KING RICHARD III.txt": 0.09997753724245079,
    "Locrine Mucedorus by Shakespeare.txt": 0.06724456470092133,
    "Love_s Labour_s Lost.txt": 0.11681517303217892,
    "MEASURE FOR MEASURE.txt": 0.10470452600365404,
    "Merchant of Venice.txt": 0.09980744540186781,
    "MUCH ADO ABOUT NOTHING.txt": -0.02375633251774445,
    "PERICLES PRINCE OF TYRE.txt": 0.11985427455854158,
    "Sir John Oldcastle by Shakespeare.txt": 0.09387459424744948,
    "Sir Thomas More by Shakespeare.txt": 0.10479435296978196,
    "Taming of the Shrew.txt": 0.1176439935662007,
    "The Comedy of Errors.txt": -0.3190110476861857,
    "THE HISTORY OF TROILUS AND CRESSIDA.txt": 0.0816923659468004,
    "The Life and Death of the Lord Cromwell by Shakespeare.txt": 0.1325651825198672,
    "THE LIFE OF TIMON OF ATHENS.txt": 0.10093747845038065,
    "The London Prodigal.txt": 0.12528083336956003,
    "The Merry Devill of Edmonton by Shakespeare.txt": 0.1243963624901126,
    "THE MERRY WIVES OF WINDSOR.txt": 0.12147487130840445,
    "The Puritaine Widdow by Shakespeare.txt": 0.11138022917548696,
    "THE RAPE OF LUCRECE.txt": 0.09399924589748465,
    "THE TAMING OF THE SHREW.txt": 0.11330477986815651,
    "THE TEMPEST.txt": 0.08785546727639443,
    "THE TRAGEDY OF ANTONY AND CLEOPATRA.txt": 0.06501163385980019,
    "THE TRAGEDY OF CORIOLANUS.txt": 0.12435899497457226,
    "THE TRAGEDY OF HAMLET PRINCE OF DENMARK.txt": 0.03790829121053563,
    "THE TRAGEDY OF JULIUS CAESAR.txt": 0.028591438378144762,
    "THE TRAGEDY OF KING LEAR.txt": 0.135532380403609,
    "THE TRAGEDY OF MACBETH.txt": 0.11595109839009987,
    "THE TRAGEDY OF OTHELLO MOOR OF VENICE.txt": 0.06437463872717208,
    "THE TRAGEDY OF ROMEO AND JULIET.txt": 0.09767590999829329,
    "THE TRAGEDY OF TITUS ANDRONICUS.txt": 0.10609627749796735,
    "THE TWO GENTLEMEN OF VERONA.txt": 0.1071736650659802,
    "The Two Noble Kinsmen by Shakespeare.txt": 0.09248761985483667,
    "THE WINTERS TALE.txt": 0.0978849139904282,
    "Venus and Adonis.txt": 0.0332264737118354
}