{
    "A MIDSUMMER NIGHT_S DREAM.txt": 0.07032008547659674,
    "A Yorkshire Tragedy by Shakespeare.txt": 0.11381477069711671,
    "Arden of Feversham.txt": -0.30750225104041073,
    "AS YOU LIKE IT.txt": 0.11110450664872812,
    "CYMBELINE.txt": 0.1363993384929435,
    "Fair Em by Shakespeare.txt": 0.10295115982105979,
    "KING EDWARD III by Shakespeare.txt": 0.12423648260692,
    "King Henry IV, Part 1.txt": -0.006411762873278937,
    "KING HENRY V.txt": 0.1365950750720153,
    "KING HENRY VI part I.txt": 0.017938997977602067,
    "KING HENRY VI Part II.txt": 0.13081114948313838,
    "KING HENRY VI Part III.txt": 0.09789623453737162,
    "KING HENRY VIII.txt": 0.13747916882518008,
    "KING JOHN.txt": 0.1279074936740306,
    "KING RICHARD II.txt": 0.11543229896512924,
    "KING RICHARD III.txt": 0.11479109958392142,
    "Locrine Mucedorus by Shakespeare.txt": 0.1355091980227665,
    "Love_s Labour_s Lost.txt": 0.09706821110112213,
    "MEASURE FOR MEASURE.txt": 0.13879110267011557,
    "Merchant of Venice.txt": 0.13459380244640878,
    "MUCH ADO ABOUT NOTHING.txt": 0.09154659460947828,
    "PERICLES PRINCE OF TYRE.txt": 0.14488903522325386,
    "Sir John Oldcastle by Shakespeare.txt": 0.1153550189209177,
    "Sir Thomas More by Shakespeare.txt": 0.12250611602574063,
    "Taming of the Shrew.txt": 0.11854050966508417,
    "The Comedy of Errors.txt": -0.32958186742389717,
    "THE HISTORY OF TROILUS AND CRESSIDA.txt": 0.09775907148863283,
    "The Life and Death of the Lord Cromwell by Shakespeare.txt": 0.11292226991917542,
    "THE LIFE OF TIMON OF ATHENS.txt": 0.1183255379736265,
    "The London Prodigal.txt": 0.10479471570792243,
    "The Merry Devill of Edmonton by Shakespeare.txt": 0.12887092006617917,
    "THE MERRY WIVES OF WINDSOR.txt": 0.07528322235514318,
    "The Puritaine Widdow by Shakespeare.txt": 0.06096361659685512,
    "THE RAPE OF LUCRECE.txt": 0.1152595828040438,
    "THE TAMING OF THE SHREW.txt": 0.1328984785486626,
    "THE TEMPEST.txt": 0.13651421822740606,
    "THE TRAGEDY OF ANTONY AND CLEOPATRA.txt": -0.02543669061441256,
    "THE TRAGEDY OF CORIOLANUS.txt": 0.14061568493854393,
    "THE TRAGEDY OF HAMLET PRINCE OF DENMARK.txt": 0.09549301694919138,
    "THE TRAGEDY OF JULIUS CAESAR.txt": 0.04154964748941853,
    "THE TRAGEDY OF KING LEAR.txt": 0.11479611299265469,
    "THE TRAGEDY OF MACBETH.txt": 0.09718620090038826,
    "THE TRAGEDY OF OTHELLO MOOR OF VENICE.txt": 0.0898951180720376,
    "THE TRAGEDY OF ROMEO AND JULIET.txt": 0.12629750654636246,
    "THE TRAGEDY OF TITUS ANDRONICUS.txt": 0.13947077879754027,
    "THE TWO GENTLEMEN OF VERONA.txt": 0.1333270151063684,
    "The Two Noble Kinsmen by Shakespeare.txt": 0.0906590362732389,
    "THE WINTERS TALE.txt": 0.10701566512487365,
    "Venus and Adonis.txt": 0.017938997977602067
}