{
    "A LOVERS COMPLAINT.txt": 0.024677460816701524,
    "A MIDSUMMER NIGHT_S DREAM.txt": 0.09424593879347731,
    "A Yorkshire Tragedy by Shakespeare.txt": 0.08120897036779262,
    "Arden of Feversham.txt": 0.10159579902429489,
    "AS YOU LIKE IT.txt": 0.12832891988006906,
    "CYMBELINE.txt": 0.14349218447899914,
    "Fair Em by Shakespeare.txt": 0.11530373142119654,
    "KING EDWARD III by Shakespeare.txt": 0.1005420659824065,
    "King Henry IV, Part 1.txt": 0.13421629527921664,
    "KING HENRY V.txt": 0.11856318101304514,
    "KING HENRY VI part I.txt": 0.11532008375804914,
    "KING HENRY VI Part II.txt": 0.12168860581610308,
    "KING HENRY VI Part III.txt": 0.13433627899979494,
    "KING HENRY VIII.txt": 0.12610434485016186,
    "KING JOHN.txt": -0.07954919550280926,
    "KING RICHARD II.txt": 0.13562983962116415,
    "KING RICHARD III.txt": 0.1319519627449114,
    "Locrine Mucedorus by Shakespeare.txt": 0.01384603585654648,
    "Love_s Labour_s Lost.txt": 0.09658311034581402,
    "MEASURE FOR MEASURE.txt": 0.13263598237567076,
    "Merchant of Venice.txt": 0.13094681992240492,
    "MUCH ADO ABOUT NOTHING.txt": 0.12438621174568076,
    "PERICLES PRINCE OF TYRE.txt": 0.11787607919478388,
    "Sir John Oldcastle by Shakespeare.txt": 0.13383127368359765,
    "Sir Thomas More by Shakespeare.txt": 0.11063487733025656,
    "Taming of the Shrew.txt": 0.09685490940599728,
    "The Comedy of Errors.txt": 0.13907801552757826,
    "THE HISTORY OF TROILUS AND CRESSIDA.txt": 0.1412676186397419,
    "The Life and Death of the Lord Cromwell by Shakespeare.txt": 0.14836185334720248,
    "THE LIFE OF TIMON OF ATHENS.txt": 0.13609955124150047,
    "The London Prodigal.txt": 0.12971426913352996,
    "The Merry Devill of Edmonton by Shakespeare.txt": 0.01804265549630224,
    "THE MERRY WIVES OF WINDSOR.txt": 0.11948088348660546,
    "The Puritaine Widdow by Shakespeare.txt": 0.13232745832316933,
    "THE RAPE OF LUCRECE.txt": 0.09577882860720166,
    "THE TAMING OF THE SHREW.txt": 0.044595293603963304,
    "THE TEMPEST.txt": 0.10847552778006114,
    "THE TRAGEDY OF ANTONY AND CLEOPATRA.txt": 0.13240794205264267,
    "THE TRAGEDY OF CORIOLANUS.txt": 0.12963205900264135,
    "THE TRAGEDY OF HAMLET PRINCE OF DENMARK.txt": 0.06660887879372435,
    "THE TRAGEDY OF JULIUS CAESAR.txt": 0.1238721343838668,
    "THE TRAGEDY OF KING LEAR.txt": 0.12694699189572228,
    "THE TRAGEDY OF MACBETH.txt": 0.1254849239917401,
    "THE TRAGEDY OF OTHELLO MOOR OF VENICE.txt": 0.1291096668098083,
    "THE TRAGEDY OF ROMEO AND JULIET.txt": 0.13678434511763132,
    "THE TRAGEDY OF TITUS ANDRONICUS.txt": 0.10379897932483872,
    "THE TWO GENTLEMEN OF VERONA.txt": 0.11697252437145705,
    "The Two Noble Kinsmen by Shakespeare.txt": 0.14696001794492142,
    "THE WINTERS TALE.txt": 0.13909226948756315,
    "Venus and Adonis.txt": 0.08532938796428391
}