{
    "A MIDSUMMER NIGHT_S DREAM.txt": 0.09688575706760394,
    "A Yorkshire Tragedy by Shakespeare.txt": 0.08162753687027252,
    "Arden of Feversham.txt": -0.10389960578317803,
    "AS YOU LIKE IT.txt": 0.09037838546150317,
    "CYMBELINE.txt": 0.10329894747944246,
    "Fair Em by Shakespeare.txt": 0.0972929477995203,
    "KING EDWARD III by Shakespeare.txt": 0.08846926097819469,
    "King Henry IV, Part 1.txt": 0.10079215664261632,
    "KING HENRY V.txt": 0.10298551785442112,
    "KING HENRY VI part I.txt": 0.013525666162033434,
    "KING HENRY VI Part II.txt": 0.10920321953878592,
    "KING HENRY VI Part III.txt": 0.1120868055659689,
    "KING HENRY VIII.txt": 0.10173863550326273,
    "KING JOHN.txt": 0.10196887035313085,
    "KING RICHARD II.txt": 0.10075525757457332,
    "KING RICHARD III.txt": 0.11060107030489047,
    "Locrine Mucedorus by Shakespeare.txt": 0.09489591117480534,
    "Love_s Labour_s Lost.txt": 0.09259154409506432,
    "MEASURE FOR MEASURE.txt": 0.10560212558863291,
    "Merchant of Venice.txt": 0.1056466822088325,
    "MUCH ADO ABOUT NOTHING.txt": 0.09841945658759449,
    "PERICLES PRINCE OF TYRE.txt": 0.09655263081290488,
    "Sir John Oldcastle by Shakespeare.txt": 0.10522742536753338,
    "Sir Thomas More by Shakespeare.txt": 0.10504702862385457,
    "Taming of the Shrew.txt": 0.04165118024222947,
    "The Comedy of Errors.txt": -0.2677083539971784,
    "THE HISTORY OF TROILUS AND CRESSIDA.txt": 0.03970576823635019,
    "The Life and Death of the Lord Cromwell by Shakespeare.txt": 0.03328567250116893,
    "THE LIFE OF TIMON OF ATHENS.txt": 0.0858300013558711,
    "The London Prodigal.txt": 0.003341430763835751,
    "The Merry Devill of Edmonton by Shakespeare.txt": 0.09842938701532433,
    "THE MERRY WIVES OF WINDSOR.txt": 0.0977096044722584,
    "The Puritaine Widdow by Shakespeare.txt": 0.06434387390041518,
    "THE RAPE OF LUCRECE.txt": -0.04972935374167664,
    "THE TAMING OF THE SHREW.txt": 0.03870085915972271,
    "THE TEMPEST.txt": 0.08002318447699835,
    "THE TRAGEDY OF ANTONY AND CLEOPATRA.txt": 0.060210196051689646,
    "THE TRAGEDY OF CORIOLANUS.txt": 0.09578989864004822,
    "THE TRAGEDY OF HAMLET PRINCE OF DENMARK.txt": 0.11848736211530769,
    "THE TRAGEDY OF JULIUS CAESAR.txt": -0.06558871940486966,
    "THE TRAGEDY OF KING LEAR.txt": 0.07053112043196236,
    "THE TRAGEDY OF MACBETH.txt": 0.10334610059424121,
    "THE TRAGEDY OF OTHELLO MOOR OF VENICE.txt": -0.07142662024511426,
    "THE TRAGEDY OF ROMEO AND JULIET.txt": 0.09924912387179957,
    "THE TRAGEDY OF TITUS ANDRONICUS.txt": 0.10901046052199542,
    "THE TWO GENTLEMEN OF VERONA.txt": 0.08061729339941298,
    "The Two Noble Kinsmen by Shakespeare.txt": -0.006742426107246735,
    "THE WINTERS TALE.txt": 0.09586548489185215,
    "Venus and Adonis.txt": -0.10520907091998033
}