{
    "A LOVERS COMPLAINT.txt": -0.11844235278964776,
    "A MIDSUMMER NIGHT_S DREAM.txt": 0.1451781959581917,
    "A Yorkshire Tragedy by Shakespeare.txt": 0.06453050454053422,
    "Arden of Feversham.txt": -0.04022468915706667,
    "AS YOU LIKE IT.txt": 0.12033810260660055,
    "CYMBELINE.txt": 0.10615758157881922,
    "Fair Em by Shakespeare.txt": 0.12434571008841239,
    "KING EDWARD III by Shakespeare.txt": 0.11234991621069301,
    "King Henry IV, Part 1.txt": 0.12344104693097369,
    "KING HENRY V.txt": 0.13297609271698252,
    "KING HENRY VI part I.txt": 0.08722876675823305,
    "KING HENRY VI Part II.txt": 0.12502592253158734,
    "KING HENRY VI Part III.txt": 0.102650983002043,
    "KING HENRY VIII.txt": 0.1021834817645822,
    "KING JOHN.txt": 0.11958036836020713,
    "KING RICHARD II.txt": 0.09367645728435975,
    "KING RICHARD III.txt": 0.11168784788960501,
    "Locrine Mucedorus by Shakespeare.txt": 0.13415684777418718,
    "Love_s Labour_s Lost.txt": 0.12692635837762367,
    "MEASURE FOR MEASURE.txt": 0.11582326822168781,
    "Merchant of Venice.txt": 0.11710883723396881,
    "MUCH ADO ABOUT NOTHING.txt": 0.1332202554539158,
    "PERICLES PRINCE OF TYRE.txt": 0.11384680968288896,
    "Sir John Oldcastle by Shakespeare.txt": 0.13878637975086572,
    "Sir Thomas More by Shakespeare.txt": 0.09538849052694831,
    "Taming of the Shrew.txt": 0.12571473522176846,
    "The Comedy of Errors.txt": -0.19470330920113843,
    "THE HISTORY OF TROILUS AND CRESSIDA.txt": 0.05340492804877933,
    "The Life and Death of the Lord Cromwell by Shakespeare.txt": 0.12298883798242344,
    "THE LIFE OF TIMON OF ATHENS.txt": 0.12265094720851144,
    "The London Prodigal.txt": 0.1107575397408474,
    "The Merry Devill of Edmonton by Shakespeare.txt": 0.10448966143039728,
    "THE MERRY WIVES OF WINDSOR.txt": 0.09344964786933224,
    "The Puritaine Widdow by Shakespeare.txt": 0.15166401321939682,
    "THE RAPE OF LUCRECE.txt": -0.00047685167116373606,
    "THE TAMING OF THE SHREW.txt": 0.11434730866739301,
    "THE TEMPEST.txt": 0.09493394559912977,
    "THE TRAGEDY OF ANTONY AND CLEOPATRA.txt": 0.12450966012336806,
    "THE TRAGEDY OF CORIOLANUS.txt": 0.1187565701832603,
    "THE TRAGEDY OF HAMLET PRINCE OF DENMARK.txt": 0.13923909798637157,
    "THE TRAGEDY OF JULIUS CAESAR.txt": 0.12334673849730626,
    "THE TRAGEDY OF KING LEAR.txt": 0.0880195127876719,
    "THE TRAGEDY OF MACBETH.txt": 0.12846004021566887,
    "THE TRAGEDY OF OTHELLO MOOR OF VENICE.txt": -0.06758088263859863,
    "THE TRAGEDY OF ROMEO AND JULIET.txt": 0.12328465812388228,
    "THE TRAGEDY OF TITUS ANDRONICUS.txt": 0.10507768739858414,
    "THE TWO GENTLEMEN OF VERONA.txt": 0.12022826681281812,
    "The Two Noble Kinsmen by Shakespeare.txt": 0.10011725020155593,
    "THE WINTERS TALE.txt": 0.12966532316374785,
    "Venus and Adonis.txt": -0.007836091546541746
}