{
    "A LOVERS COMPLAINT.txt": -0.12266224159428551,
    "A MIDSUMMER NIGHT_S DREAM.txt": 0.13182696017903933,
    "A Yorkshire Tragedy by Shakespeare.txt": 0.0683707055042867,
    "Arden of Feversham.txt": -0.016169625653375985,
    "AS YOU LIKE IT.txt": 0.11977566967671127,
    "CYMBELINE.txt": 0.13037006134350831,
    "Fair Em by Shakespeare.txt": 0.11439305079346268,
    "KING EDWARD III by Shakespeare.txt": 0.11762511663969683,
    "King Henry IV, Part 1.txt": 0.1369475995410393,
    "KING HENRY V.txt": 0.13154971873988153,
    "KING HENRY VI part I.txt": 0.10180825541397581,
    "KING HENRY VI Part II.txt": 0.12587674626685086,
    "KING HENRY VI Part III.txt": 0.11922325180237064,
    "KING HENRY VIII.txt": 0.11957996440756241,
    "KING JOHN.txt": 0.13025748594160041,
    "KING RICHARD II.txt": 0.11247970567953103,
    "KING RICHARD III.txt": 0.1141285263381453,
    "Locrine Mucedorus by Shakespeare.txt": 0.12947812563033384,
    "Love_s Labour_s Lost.txt": 0.12836865501001343,
    "MEASURE FOR MEASURE.txt": 0.12254393605861841,
    "Merchant of Venice.txt": 0.12397332833019808,
    "MUCH ADO ABOUT NOTHING.txt": 0.12410549189446729,
    "PERICLES PRINCE OF TYRE.txt": 0.12556619042443573,
    "Sir John Oldcastle by Shakespeare.txt": 0.1227039386703746,
    "Sir Thomas More by Shakespeare.txt": 0.1207515057785919,
    "Taming of the Shrew.txt": 0.09602736911525073,
    "The Comedy of Errors.txt": -0.16538951944162072,
    "THE HISTORY OF TROILUS AND CRESSIDA.txt": 0.045987004885433225,
    "The Life and Death of the Lord Cromwell by Shakespeare.txt": 0.11598948246512192,
    "THE LIFE OF TIMON OF ATHENS.txt": 0.13398091384239097,
    "The London Prodigal.txt": 0.11351808694547605,
    "The Merry Devill of Edmonton by Shakespeare.txt": 0.13731875282934475,
    "THE MERRY WIVES OF WINDSOR.txt": 0.12379080106170837,
    "The Puritaine Widdow by Shakespeare.txt": 0.1442029404501311,
    "THE RAPE OF LUCRECE.txt": 0.02754110116492281,
    "THE TAMING OF THE SHREW.txt": 0.1291919786184179,
    "THE TEMPEST.txt": 0.11638486293168915,
    "THE TRAGEDY OF ANTONY AND CLEOPATRA.txt": 0.11616765989705519,
    "THE TRAGEDY OF CORIOLANUS.txt": 0.14250740732833694,
    "THE TRAGEDY OF HAMLET PRINCE OF DENMARK.txt": 0.13767946321211305,
    "THE TRAGEDY OF JULIUS CAESAR.txt": 0.11940947372842892,
    "THE TRAGEDY OF KING LEAR.txt": 0.06520972100851274,
    "THE TRAGEDY OF MACBETH.txt": 0.13700823501047177,
    "THE TRAGEDY OF OTHELLO MOOR OF VENICE.txt": -0.054669023744764234,
    "THE TRAGEDY OF ROMEO AND JULIET.txt": 0.14800205081996842,
    "THE TRAGEDY OF TITUS ANDRONICUS.txt": 0.11751227612303883,
    "THE TWO GENTLEMEN OF VERONA.txt": 0.12897548503087813,
    "The Two Noble Kinsmen by Shakespeare.txt": 0.11724784126817783,
    "THE WINTERS TALE.txt": 0.12559753021067743,
    "Venus and Adonis.txt": 0.010766354947377377
}