{
    "A MIDSUMMER NIGHT_S DREAM.txt": 0.09629062517328313,
    "A Yorkshire Tragedy by Shakespeare.txt": 0.0852930026426088,
    "Arden of Feversham.txt": -0.10866162893355713,
    "AS YOU LIKE IT.txt": 0.10708658557473721,
    "CYMBELINE.txt": 0.10363073080134433,
    "Fair Em by Shakespeare.txt": 0.11405766063461842,
    "KING EDWARD III by Shakespeare.txt": 0.09238749556676584,
    "King Henry IV, Part 1.txt": 0.09725805947206656,
    "KING HENRY V.txt": 0.12219521965193564,
    "KING HENRY VI part I.txt": 0.005814102315250258,
    "KING HENRY VI Part II.txt": 0.10791839228110739,
    "KING HENRY VI Part III.txt": 0.11228729654402109,
    "KING HENRY VIII.txt": 0.08514090236805705,
    "KING JOHN.txt": 0.09586170208634548,
    "KING RICHARD II.txt": 0.10145626226111903,
    "KING RICHARD III.txt": 0.1109408270884577,
    "Locrine Mucedorus by Shakespeare.txt": 0.0950400074641411,
    "Love_s Labour_s Lost.txt": 0.08148743821635784,
    "MEASURE FOR MEASURE.txt": 0.115207842695636,
    "Merchant of Venice.txt": 0.12600759982001136,
    "MUCH ADO ABOUT NOTHING.txt": 0.11244970430327622,
    "PERICLES PRINCE OF TYRE.txt": 0.09782454787772416,
    "Sir John Oldcastle by Shakespeare.txt": 0.08215388999161743,
    "Sir Thomas More by Shakespeare.txt": 0.09507895839003294,
    "Taming of the Shrew.txt": 0.015065814704968983,
    "The Comedy of Errors.txt": -0.2507035610144437,
    "THE HISTORY OF TROILUS AND CRESSIDA.txt": 0.04650668431409721,
    "The Life and Death of the Lord Cromwell by Shakespeare.txt": 0.053861706154386846,
    "THE LIFE OF TIMON OF ATHENS.txt": 0.08012211774422251,
    "The London Prodigal.txt": -0.00377735233572829,
    "The Merry Devill of Edmonton by Shakespeare.txt": 0.09468308237848205,
    "THE MERRY WIVES OF WINDSOR.txt": 0.09736680075936727,
    "The Puritaine Widdow by Shakespeare.txt": 0.07982285128390926,
    "THE RAPE OF LUCRECE.txt": -0.05242789095264977,
    "THE TAMING OF THE SHREW.txt": 0.009914182650101244,
    "THE TEMPEST.txt": 0.11860564786641864,
    "THE TRAGEDY OF ANTONY AND CLEOPATRA.txt": 0.06653526286859612,
    "THE TRAGEDY OF CORIOLANUS.txt": 0.07698738328686433,
    "THE TRAGEDY OF HAMLET PRINCE OF DENMARK.txt": 0.11342289026451963,
    "THE TRAGEDY OF JULIUS CAESAR.txt": -0.058669736472544365,
    "THE TRAGEDY OF KING LEAR.txt": 0.07199241803555467,
    "THE TRAGEDY OF MACBETH.txt": 0.10060496476810421,
    "THE TRAGEDY OF OTHELLO MOOR OF VENICE.txt": -0.050072919950993944,
    "THE TRAGEDY OF ROMEO AND JULIET.txt": 0.09719841065127921,
    "THE TRAGEDY OF TITUS ANDRONICUS.txt": 0.10506645563018213,
    "THE TWO GENTLEMEN OF VERONA.txt": 0.09415788375325979,
    "The Two Noble Kinsmen by Shakespeare.txt": -0.0028996565568299992,
    "THE WINTERS TALE.txt": 0.11132308610255343,
    "Venus and Adonis.txt": -0.08850435703267123
}