{
    "A LOVERS COMPLAINT.txt": -0.10478417596625367,
    "A MIDSUMMER NIGHT_S DREAM.txt": 0.13199599109387272,
    "A Yorkshire Tragedy by Shakespeare.txt": 0.0676446917440588,
    "Arden of Feversham.txt": -0.02643547513650857,
    "AS YOU LIKE IT.txt": 0.10498222443042121,
    "CYMBELINE.txt": 0.11797799055108826,
    "Fair Em by Shakespeare.txt": 0.07609591447914704,
    "KING EDWARD III by Shakespeare.txt": 0.11436978248252555,
    "King Henry IV, Part 1.txt": 0.12058337878968345,
    "KING HENRY V.txt": 0.12615935845685083,
    "KING HENRY VI part I.txt": 0.06674069876336608,
    "KING HENRY VI Part II.txt": 0.12841908075825798,
    "KING HENRY VI Part III.txt": 0.12946012770975895,
    "KING HENRY VIII.txt": 0.10883183106188876,
    "KING JOHN.txt": 0.12914279621434688,
    "KING RICHARD II.txt": 0.10564684987147394,
    "KING RICHARD III.txt": 0.09508120533547681,
    "Locrine Mucedorus by Shakespeare.txt": 0.14790677117775158,
    "Love_s Labour_s Lost.txt": 0.1266529841764738,
    "MEASURE FOR MEASURE.txt": 0.11623328787497,
    "Merchant of Venice.txt": 0.11666453958528394,
    "MUCH ADO ABOUT NOTHING.txt": 0.13816132203886944,
    "PERICLES PRINCE OF TYRE.txt": 0.09433910868936529,
    "Sir John Oldcastle by Shakespeare.txt": 0.10998166047233332,
    "Sir Thomas More by Shakespeare.txt": 0.11408522688126743,
    "Taming of the Shrew.txt": 0.09915865977378197,
    "The Comedy of Errors.txt": -0.14443500375178908,
    "THE HISTORY OF TROILUS AND CRESSIDA.txt": 0.0524515712839026,
    "The Life and Death of the Lord Cromwell by Shakespeare.txt": 0.12696279429658086,
    "THE LIFE OF TIMON OF ATHENS.txt": 0.14172433036059812,
    "The London Prodigal.txt": 0.1241900292144758,
    "The Merry Devill of Edmonton by Shakespeare.txt": 0.10272994264031698,
    "THE MERRY WIVES OF WINDSOR.txt": 0.1126854393793475,
    "The Puritaine Widdow by Shakespeare.txt": 0.12809232046339164,
    "THE RAPE OF LUCRECE.txt": 0.023473760723312975,
    "THE TAMING OF THE SHREW.txt": 0.1118235339163629,
    "THE TEMPEST.txt": 0.08882049865890995,
    "THE TRAGEDY OF ANTONY AND CLEOPATRA.txt": 0.12543022777045854,
    "THE TRAGEDY OF CORIOLANUS.txt": 0.12790690396339144,
    "THE TRAGEDY OF HAMLET PRINCE OF DENMARK.txt": 0.12706794357030898,
    "THE TRAGEDY OF JULIUS CAESAR.txt": 0.11325946890691635,
    "THE TRAGEDY OF KING LEAR.txt": 0.0826195958012193,
    "THE TRAGEDY OF MACBETH.txt": 0.12082539997885677,
    "THE TRAGEDY OF OTHELLO MOOR OF VENICE.txt": -0.05684773258252729,
    "THE TRAGEDY OF ROMEO AND JULIET.txt": 0.1291601572069601,
    "THE TRAGEDY OF TITUS ANDRONICUS.txt": 0.10112417255675232,
    "THE TWO GENTLEMEN OF VERONA.txt": 0.10499449974092812,
    "The Two Noble Kinsmen by Shakespeare.txt": 0.07448064586709818,
    "THE WINTERS TALE.txt": 0.10464683132999703,
    "Venus and Adonis.txt": 0.022106553874598867
}