{
    "A LOVERS COMPLAINT.txt": -0.14935365646112375,
    "A MIDSUMMER NIGHT_S DREAM.txt": 0.14030455720637625,
    "A Yorkshire Tragedy by Shakespeare.txt": 0.03817031206845478,
    "Arden of Feversham.txt": 0.007961021688715098,
    "AS YOU LIKE IT.txt": 0.10834239391909584,
    "CYMBELINE.txt": 0.13006814011074425,
    "Fair Em by Shakespeare.txt": 0.11540323194279017,
    "KING EDWARD III by Shakespeare.txt": 0.1048286603613589,
    "King Henry IV, Part 1.txt": 0.0996351066125859,
    "KING HENRY V.txt": 0.14135886148415394,
    "KING HENRY VI part I.txt": 0.08738604961048907,
    "KING HENRY VI Part II.txt": 0.13271976975597943,
    "KING HENRY VI Part III.txt": 0.11924131795194165,
    "KING HENRY VIII.txt": 0.09174966151443131,
    "KING JOHN.txt": 0.12796565537161747,
    "KING RICHARD II.txt": 0.0986198812768258,
    "KING RICHARD III.txt": 0.10553534615778043,
    "Locrine Mucedorus by Shakespeare.txt": 0.12868763036674113,
    "Love_s Labour_s Lost.txt": 0.1370211025192839,
    "MEASURE FOR MEASURE.txt": 0.12293216297986431,
    "Merchant of Venice.txt": 0.12259562764919102,
    "MUCH ADO ABOUT NOTHING.txt": 0.1255885664911388,
    "PERICLES PRINCE OF TYRE.txt": 0.12285796388490944,
    "Sir John Oldcastle by Shakespeare.txt": 0.12482992470575915,
    "Sir Thomas More by Shakespeare.txt": 0.1053787090815449,
    "Taming of the Shrew.txt": 0.10741785584688196,
    "The Comedy of Errors.txt": -0.1666488029491755,
    "THE HISTORY OF TROILUS AND CRESSIDA.txt": 0.07181387673998713,
    "The Life and Death of the Lord Cromwell by Shakespeare.txt": 0.10544940453930324,
    "THE LIFE OF TIMON OF ATHENS.txt": 0.14286146336268446,
    "The London Prodigal.txt": 0.11662858297752215,
    "The Merry Devill of Edmonton by Shakespeare.txt": 0.11365349951451226,
    "THE MERRY WIVES OF WINDSOR.txt": 0.10180571092732765,
    "The Puritaine Widdow by Shakespeare.txt": 0.1471194794786297,
    "THE RAPE OF LUCRECE.txt": 0.0022580092564109533,
    "THE TAMING OF THE SHREW.txt": 0.11965173482804736,
    "THE TEMPEST.txt": 0.1095549656003853,
    "THE TRAGEDY OF ANTONY AND CLEOPATRA.txt": 0.1345999305115569,
    "THE TRAGEDY OF CORIOLANUS.txt": 0.12087323713058157,
    "THE TRAGEDY OF HAMLET PRINCE OF DENMARK.txt": 0.1361762115099689,
    "THE TRAGEDY OF JULIUS CAESAR.txt": 0.11157910881347499,
    "THE TRAGEDY OF KING LEAR.txt": 0.09445202662147462,
    "THE TRAGEDY OF MACBETH.txt": 0.14344161378739578,
    "THE TRAGEDY OF OTHELLO MOOR OF VENICE.txt": -0.04880137519243488,
    "THE TRAGEDY OF ROMEO AND JULIET.txt": 0.12453237601265987,
    "THE TRAGEDY OF TITUS ANDRONICUS.txt": 0.08568629036345038,
    "THE TWO GENTLEMEN OF VERONA.txt": 0.11094611296798013,
    "The Two Noble Kinsmen by Shakespeare.txt": 0.1051423200006541,
    "THE WINTERS TALE.txt": 0.11567493562015085,
    "Venus and Adonis.txt": 0.0009477225906343589
}