{
    "A LOVERS COMPLAINT.txt": -0.01910682396247043,
    "A MIDSUMMER NIGHT_S DREAM.txt": 0.013369737655577474,
    "A Yorkshire Tragedy by Shakespeare.txt": 0.10862289553404347,
    "Arden of Feversham.txt": 0.12592998837275388,
    "AS YOU LIKE IT.txt": 0.11661168919620701,
    "CYMBELINE.txt": 0.11617851709836485,
    "Fair Em by Shakespeare.txt": 0.10169372419047107,
    "KING EDWARD III by Shakespeare.txt": 0.08831264216428647,
    "King Henry IV, Part 1.txt": 0.12307069828955058,
    "KING HENRY V.txt": 0.10164910728734122,
    "KING HENRY VI part I.txt": 0.10312527011591566,
    "KING HENRY VI Part II.txt": 0.11614475012783865,
    "KING HENRY VI Part III.txt": 0.14370394773994766,
    "KING HENRY VIII.txt": 0.12851815577930908,
    "KING JOHN.txt": -0.19039419339796726,
    "KING RICHARD II.txt": 0.1083888214961134,
    "KING RICHARD III.txt": 0.09546854072467659,
    "Locrine Mucedorus by Shakespeare.txt": 0.13928986250342162,
    "Love_s Labour_s Lost.txt": 0.04845195732263524,
    "MEASURE FOR MEASURE.txt": 0.1310525942890846,
    "Merchant of Venice.txt": 0.11667397327177104,
    "MUCH ADO ABOUT NOTHING.txt": 0.1348960428080055,
    "PERICLES PRINCE OF TYRE.txt": 0.1352962482921738,
    "Sir John Oldcastle by Shakespeare.txt": 0.13929138192974105,
    "Sir Thomas More by Shakespeare.txt": 0.15232806857118042,
    "Taming of the Shrew.txt": 0.14848287173407793,
    "The Comedy of Errors.txt": 0.1489810881882313,
    "THE HISTORY OF TROILUS AND CRESSIDA.txt": 0.13261460439921646,
    "The Life and Death of the Lord Cromwell by Shakespeare.txt": 0.11911641351679753,
    "THE LIFE OF TIMON OF ATHENS.txt": 0.13182414903650924,
    "The London Prodigal.txt": 0.09433694898568118,
    "The Merry Devill of Edmonton by Shakespeare.txt": 0.09546792602803594,
    "THE MERRY WIVES OF WINDSOR.txt": 0.14640629026751906,
    "The Puritaine Widdow by Shakespeare.txt": 0.11446050086783527,
    "THE RAPE OF LUCRECE.txt": 0.15055855428199194,
    "THE TAMING OF THE SHREW.txt": 0.1453319449444465,
    "THE TEMPEST.txt": 0.13366158873154016,
    "THE TRAGEDY OF ANTONY AND CLEOPATRA.txt": 0.13596805013003882,
    "THE TRAGEDY OF CORIOLANUS.txt": 0.14739860467835159,
    "THE TRAGEDY OF HAMLET PRINCE OF DENMARK.txt": 0.11298554971485586,
    "THE TRAGEDY OF JULIUS CAESAR.txt": 0.13176076274043452,
    "THE TRAGEDY OF KING LEAR.txt": 0.13748409279695356,
    "THE TRAGEDY OF MACBETH.txt": 0.13137995693104138,
    "THE TRAGEDY OF OTHELLO MOOR OF VENICE.txt": 0.0826519264020163,
    "THE TRAGEDY OF ROMEO AND JULIET.txt": 0.09599632754205584,
    "THE TRAGEDY OF TITUS ANDRONICUS.txt": 0.12509057970554133,
    "THE TWO GENTLEMEN OF VERONA.txt": 0.1144738836364863,
    "The Two Noble Kinsmen by Shakespeare.txt": 0.13942353120538908,
    "THE WINTERS TALE.txt": 0.15865065147583024,
    "Venus and Adonis.txt": 0.12534322244418572
}