{
    "A MIDSUMMER NIGHT_S DREAM.txt": 0.036322252019684365,
    "A Yorkshire Tragedy by Shakespeare.txt": 0.09884589640435637,
    "Arden of Feversham.txt": 0.09722844729874364,
    "AS YOU LIKE IT.txt": 0.012010170432218248,
    "CYMBELINE.txt": 0.12059523235266617,
    "Fair Em by Shakespeare.txt": 0.05087919057294665,
    "KING EDWARD III by Shakespeare.txt": -0.08247355710300419,
    "King Henry IV, Part 1.txt": 0.1195617104656525,
    "KING HENRY V.txt": 0.11032742866700301,
    "KING HENRY VI part I.txt": -0.21299419777858963,
    "KING HENRY VI Part II.txt": 0.09057968594035931,
    "KING HENRY VI Part III.txt": 0.09177328042323896,
    "KING HENRY VIII.txt": 0.1232441905020289,
    "KING JOHN.txt": 0.07660458312081542,
    "KING RICHARD II.txt": 0.0929926947954996,
    "KING RICHARD III.txt": -0.026895632257541657,
    "Locrine Mucedorus by Shakespeare.txt": 0.12008920350662111,
    "Love_s Labour_s Lost.txt": 0.05089071107310256,
    "MEASURE FOR MEASURE.txt": 0.08878362500542641,
    "Merchant of Venice.txt": 0.09811461127309318,
    "MUCH ADO ABOUT NOTHING.txt": 0.11608266470681333,
    "PERICLES PRINCE OF TYRE.txt": 0.12610396600329798,
    "Sir John Oldcastle by Shakespeare.txt": 0.07954766666718865,
    "Sir Thomas More by Shakespeare.txt": 0.09957301313060601,
    "Taming of the Shrew.txt": 0.1232956727217277,
    "The Comedy of Errors.txt": 0.08562686273679138,
    "THE HISTORY OF TROILUS AND CRESSIDA.txt": 0.005019039168163875,
    "The Life and Death of the Lord Cromwell by Shakespeare.txt": 0.07509375226911652,
    "THE LIFE OF TIMON OF ATHENS.txt": 0.09335839196034973,
    "The London Prodigal.txt": 0.09419139152259964,
    "The Merry Devill of Edmonton by Shakespeare.txt": 0.07707518832529298,
    "THE MERRY WIVES OF WINDSOR.txt": 0.10018398810814805,
    "The Puritaine Widdow by Shakespeare.txt": 0.04663026745093374,
    "THE RAPE OF LUCRECE.txt": 0.053019114004738854,
    "THE TAMING OF THE SHREW.txt": 0.08123005966717628,
    "THE TEMPEST.txt": 0.07827743998838005,
    "THE TRAGEDY OF ANTONY AND CLEOPATRA.txt": 0.10989746059730615,
    "THE TRAGEDY OF CORIOLANUS.txt": 0.09747131821274974,
    "THE TRAGEDY OF HAMLET PRINCE OF DENMARK.txt": 0.09871970269835073,
    "THE TRAGEDY OF JULIUS CAESAR.txt": 0.08095000022377996,
    "THE TRAGEDY OF KING LEAR.txt": 0.07542951009432719,
    "THE TRAGEDY OF MACBETH.txt": 0.10683560612208143,
    "THE TRAGEDY OF OTHELLO MOOR OF VENICE.txt": 0.07483573237252922,
    "THE TRAGEDY OF ROMEO AND JULIET.txt": 0.12018132516015073,
    "THE TRAGEDY OF TITUS ANDRONICUS.txt": 0.09820484058391055,
    "THE TWO GENTLEMEN OF VERONA.txt": 0.09404921867277288,
    "The Two Noble Kinsmen by Shakespeare.txt": 0.07127388073339541,
    "THE WINTERS TALE.txt": 0.11543230785859032,
    "Venus and Adonis.txt": 0.10757601523481702
}