{
    "A MIDSUMMER NIGHT_S DREAM.txt": 0.062211293243043975,
    "A Yorkshire Tragedy by Shakespeare.txt": 0.0660878432310516,
    "Arden of Feversham.txt": 0.06546736319318697,
    "AS YOU LIKE IT.txt": 0.021583335593850173,
    "CYMBELINE.txt": 0.12490241495765203,
    "Fair Em by Shakespeare.txt": 0.04057545433907084,
    "KING EDWARD III by Shakespeare.txt": -0.047015167092240406,
    "King Henry IV, Part 1.txt": 0.12654247024435378,
    "KING HENRY V.txt": 0.11029848680964033,
    "KING HENRY VI part I.txt": -0.23705484749841166,
    "KING HENRY VI Part II.txt": 0.1044041002274626,
    "KING HENRY VI Part III.txt": 0.12335814036951692,
    "KING HENRY VIII.txt": 0.1193832383674428,
    "KING JOHN.txt": 0.08370379628865543,
    "KING RICHARD II.txt": 0.09431840299647315,
    "KING RICHARD III.txt": -0.056268141677408456,
    "Locrine Mucedorus by Shakespeare.txt": 0.11521363628281789,
    "Love_s Labour_s Lost.txt": 0.061749416410573965,
    "MEASURE FOR MEASURE.txt": 0.09300104753315114,
    "Merchant of Venice.txt": 0.1135960153758016,
    "MUCH ADO ABOUT NOTHING.txt": 0.10567006802243478,
    "PERICLES PRINCE OF TYRE.txt": 0.11675933847049036,
    "Sir John Oldcastle by Shakespeare.txt": 0.08012160298491466,
    "Sir Thomas More by Shakespeare.txt": 0.09534152340403357,
    "Taming of the Shrew.txt": 0.12295710914467872,
    "The Comedy of Errors.txt": 0.1018010795260359,
    "THE HISTORY OF TROILUS AND CRESSIDA.txt": 0.021469466405215964,
    "The Life and Death of the Lord Cromwell by Shakespeare.txt": 0.062492658552048,
    "THE LIFE OF TIMON OF ATHENS.txt": 0.10429526500852032,
    "The London Prodigal.txt": 0.08871223927618588,
    "The Merry Devill of Edmonton by Shakespeare.txt": 0.07849884752587444,
    "THE MERRY WIVES OF WINDSOR.txt": 0.09519164815195719,
    "The Puritaine Widdow by Shakespeare.txt": 0.018742849645030812,
    "THE RAPE OF LUCRECE.txt": 0.057364836529067986,
    "THE TAMING OF THE SHREW.txt": 0.08857124582613074,
    "THE TEMPEST.txt": 0.09370262739252688,
    "THE TRAGEDY OF ANTONY AND CLEOPATRA.txt": 0.08436313827480202,
    "THE TRAGEDY OF CORIOLANUS.txt": 0.08398474226882213,
    "THE TRAGEDY OF HAMLET PRINCE OF DENMARK.txt": 0.11797738851299527,
    "THE TRAGEDY OF JULIUS CAESAR.txt": 0.10883785839439308,
    "THE TRAGEDY OF KING LEAR.txt": 0.05756298680986599,
    "THE TRAGEDY OF MACBETH.txt": 0.09346227049851824,
    "THE TRAGEDY OF OTHELLO MOOR OF VENICE.txt": 0.06899461545028207,
    "THE TRAGEDY OF ROMEO AND JULIET.txt": 0.12631702946408185,
    "THE TRAGEDY OF TITUS ANDRONICUS.txt": 0.11478826085756039,
    "THE TWO GENTLEMEN OF VERONA.txt": 0.10043484855330631,
    "The Two Noble Kinsmen by Shakespeare.txt": 0.07071412534232274,
    "THE WINTERS TALE.txt": 0.10511325068301053,
    "Venus and Adonis.txt": 0.08572181899894721
}