{
    "A LOVERS COMPLAINT.txt": -0.03853768099643706,
    "A MIDSUMMER NIGHT_S DREAM.txt": 0.03449269689814222,
    "A Yorkshire Tragedy by Shakespeare.txt": 0.10973933636235361,
    "Arden of Feversham.txt": 0.14205448218861244,
    "AS YOU LIKE IT.txt": 0.13557984358257236,
    "CYMBELINE.txt": 0.11358425504474651,
    "Fair Em by Shakespeare.txt": 0.12918072502248684,
    "KING EDWARD III by Shakespeare.txt": 0.10610435652659567,
    "King Henry IV, Part 1.txt": 0.12669150203337876,
    "KING HENRY V.txt": 0.12194986335146879,
    "KING HENRY VI part I.txt": 0.08575622754216661,
    "KING HENRY VI Part II.txt": 0.13868954157565438,
    "KING HENRY VI Part III.txt": 0.14483216234710466,
    "KING HENRY VIII.txt": 0.13253573832818405,
    "KING JOHN.txt": -0.1703452021055335,
    "KING RICHARD II.txt": 0.12223025296723328,
    "KING RICHARD III.txt": 0.1082183364172774,
    "Locrine Mucedorus by Shakespeare.txt": 0.13867082453238605,
    "Love_s Labour_s Lost.txt": 0.05511473402015876,
    "MEASURE FOR MEASURE.txt": 0.13998490307834344,
    "Merchant of Venice.txt": 0.1263297486408615,
    "MUCH ADO ABOUT NOTHING.txt": 0.13306856707351689,
    "PERICLES PRINCE OF TYRE.txt": 0.13396006799984939,
    "Sir John Oldcastle by Shakespeare.txt": 0.13171566840703863,
    "Sir Thomas More by Shakespeare.txt": 0.15652858146613668,
    "Taming of the Shrew.txt": 0.14675005573946126,
    "The Comedy of Errors.txt": 0.15570413853277465,
    "THE HISTORY OF TROILUS AND CRESSIDA.txt": 0.1366285049615959,
    "The Life and Death of the Lord Cromwell by Shakespeare.txt": 0.11160325523637687,
    "THE LIFE OF TIMON OF ATHENS.txt": 0.14424120680143337,
    "The London Prodigal.txt": 0.11530439262708342,
    "The Merry Devill of Edmonton by Shakespeare.txt": 0.10570187426588185,
    "THE MERRY WIVES OF WINDSOR.txt": 0.12569016727725113,
    "The Puritaine Widdow by Shakespeare.txt": 0.12827998332695684,
    "THE RAPE OF LUCRECE.txt": 0.12425236372373943,
    "THE TAMING OF THE SHREW.txt": 0.15077822520391004,
    "THE TEMPEST.txt": 0.14972699788750998,
    "THE TRAGEDY OF ANTONY AND CLEOPATRA.txt": 0.1405234532114093,
    "THE TRAGEDY OF CORIOLANUS.txt": 0.14361611859871448,
    "THE TRAGEDY OF HAMLET PRINCE OF DENMARK.txt": 0.10454485004110886,
    "THE TRAGEDY OF JULIUS CAESAR.txt": 0.13885602632488775,
    "THE TRAGEDY OF KING LEAR.txt": 0.14626729766153374,
    "THE TRAGEDY OF MACBETH.txt": 0.13488852110926702,
    "THE TRAGEDY OF OTHELLO MOOR OF VENICE.txt": 0.10684885324363125,
    "THE TRAGEDY OF ROMEO AND JULIET.txt": 0.10718025146338489,
    "THE TRAGEDY OF TITUS ANDRONICUS.txt": 0.1372973481664872,
    "THE TWO GENTLEMEN OF VERONA.txt": 0.13153736664282945,
    "The Two Noble Kinsmen by Shakespeare.txt": 0.1382215674194081,
    "THE WINTERS TALE.txt": 0.15339272614840022,
    "Venus and Adonis.txt": 0.10659665445735123
}