{
    "A LOVERS COMPLAINT.txt": -0.05140761383171111,
    "A MIDSUMMER NIGHT_S DREAM.txt": 0.06630677082457981,
    "A Yorkshire Tragedy by Shakespeare.txt": 0.02637394368876128,
    "Arden of Feversham.txt": 0.0806519537098207,
    "AS YOU LIKE IT.txt": 0.10650768032998997,
    "CYMBELINE.txt": 0.11870103856078468,
    "Fair Em by Shakespeare.txt": 0.046636020098424436,
    "KING EDWARD III by Shakespeare.txt": 0.08183653718251527,
    "King Henry IV, Part 1.txt": 0.0999315302226822,
    "KING HENRY V.txt": 0.1295565270766562,
    "KING HENRY VI part I.txt": -0.08343813331120253,
    "KING HENRY VI Part II.txt": 0.10866449665004524,
    "KING HENRY VI Part III.txt": -0.1990710561195831,
    "KING HENRY VIII.txt": 0.09205805824056917,
    "KING JOHN.txt": 0.07687453124175037,
    "KING RICHARD II.txt": 0.10266842095823081,
    "KING RICHARD III.txt": 0.11892024280200725,
    "Locrine Mucedorus by Shakespeare.txt": 0.008724067258958357,
    "Love_s Labour_s Lost.txt": 0.09937116279850294,
    "MEASURE FOR MEASURE.txt": 0.07481095170660207,
    "Merchant of Venice.txt": 0.09493032122861877,
    "MUCH ADO ABOUT NOTHING.txt": 0.07979928080458348,
    "PERICLES PRINCE OF TYRE.txt": 0.07258066347560677,
    "Sir John Oldcastle by Shakespeare.txt": 0.10120171474128797,
    "Sir Thomas More by Shakespeare.txt": 0.07774408034542807,
    "Taming of the Shrew.txt": -0.028564266944096417,
    "The Comedy of Errors.txt": 0.07745711735625482,
    "THE HISTORY OF TROILUS AND CRESSIDA.txt": 0.10851547674953943,
    "The Life and Death of the Lord Cromwell by Shakespeare.txt": 0.09842327483624341,
    "THE LIFE OF TIMON OF ATHENS.txt": 0.11578073914701381,
    "The London Prodigal.txt": 0.09374625351522325,
    "The Merry Devill of Edmonton by Shakespeare.txt": 0.10242665625304814,
    "THE MERRY WIVES OF WINDSOR.txt": 0.10561488090750965,
    "The Puritaine Widdow by Shakespeare.txt": 0.10637322163351925,
    "THE RAPE OF LUCRECE.txt": 0.05568110190679043,
    "THE TAMING OF THE SHREW.txt": 0.069692277392024,
    "THE TEMPEST.txt": -0.06624061345928978,
    "THE TRAGEDY OF ANTONY AND CLEOPATRA.txt": 0.10919635978723796,
    "THE TRAGEDY OF CORIOLANUS.txt": 0.06694842741540169,
    "THE TRAGEDY OF HAMLET PRINCE OF DENMARK.txt": 0.09366832823548432,
    "THE TRAGEDY OF JULIUS CAESAR.txt": 0.12892820960498796,
    "THE TRAGEDY OF KING LEAR.txt": 0.10710096118291995,
    "THE TRAGEDY OF MACBETH.txt": 0.07271689660523856,
    "THE TRAGEDY OF OTHELLO MOOR OF VENICE.txt": 0.029744698033488504,
    "THE TRAGEDY OF ROMEO AND JULIET.txt": 0.10673029704064307,
    "THE TRAGEDY OF TITUS ANDRONICUS.txt": 0.08300982774836951,
    "THE TWO GENTLEMEN OF VERONA.txt": 0.09378206881805984,
    "The Two Noble Kinsmen by Shakespeare.txt": 0.08135006468399864,
    "THE WINTERS TALE.txt": 0.12060188059311583,
    "Venus and Adonis.txt": 0.026884125529796077
}