{
    "A LOVERS COMPLAINT.txt": -0.006928401201718226,
    "A MIDSUMMER NIGHT_S DREAM.txt": -0.03584947163484142,
    "A Yorkshire Tragedy by Shakespeare.txt": 0.06013635637064635,
    "Arden of Feversham.txt": 0.025625749861263813,
    "AS YOU LIKE IT.txt": -0.03172048174829223,
    "CYMBELINE.txt": 0.06013635637064635,
    "Fair Em by Shakespeare.txt": 0.06520330647220207,
    "KING EDWARD III by Shakespeare.txt": 0.06013635637064635,
    "King Henry IV, Part 1.txt": -0.03269937008060708,
    "KING HENRY V.txt": 0.0047990039754901015,
    "KING HENRY VI part I.txt": 0.023080058588102248,
    "KING HENRY VI Part II.txt": 0.054380884806769614,
    "KING HENRY VI Part III.txt": 0.06330191500379884,
    "KING HENRY VIII.txt": 0.07025734209116136,
    "KING JOHN.txt": 0.006309452456509768,
    "KING RICHARD II.txt": 0.02469945080577135,
    "KING RICHARD III.txt": 0.01683318822154317,
    "Locrine Mucedorus by Shakespeare.txt": 0.04440554272714092,
    "Love_s Labour_s Lost.txt": 0.018855071296653092,
    "MEASURE FOR MEASURE.txt": 0.058172216813611344,
    "Merchant of Venice.txt": -0.040510728631669046,
    "MUCH ADO ABOUT NOTHING.txt": 0.054380884806769614,
    "PERICLES PRINCE OF TYRE.txt": -0.05257786250438279,
    "Sir John Oldcastle by Shakespeare.txt": 0.023080058588102248,
    "Sir Thomas More by Shakespeare.txt": 0.03088672270752113,
    "Taming of the Shrew.txt": 0.005249191835599687,
    "The Comedy of Errors.txt": 0.06013635637064635,
    "THE HISTORY OF TROILUS AND CRESSIDA.txt": 0.06520330647220207,
    "The Life and Death of the Lord Cromwell by Shakespeare.txt": 0.04630362952051942,
    "THE LIFE OF TIMON OF ATHENS.txt": -0.006928401201718226,
    "The London Prodigal.txt": -0.19854601566705232,
    "The Merry Devill of Edmonton by Shakespeare.txt": 0.06520330647220207,
    "THE MERRY WIVES OF WINDSOR.txt": -0.07775138074454135,
    "The Puritaine Widdow by Shakespeare.txt": 0.054380884806769614,
    "THE RAPE OF LUCRECE.txt": 0.04630362952051942,
    "THE TAMING OF THE SHREW.txt": -0.03283868380616661,
    "THE TEMPEST.txt": 0.06520330647220207,
    "THE TRAGEDY OF ANTONY AND CLEOPATRA.txt": -0.006928401201718226,
    "THE TRAGEDY OF CORIOLANUS.txt": 0.06520330647220207,
    "THE TRAGEDY OF HAMLET PRINCE OF DENMARK.txt": 0.045337252321437815,
    "THE TRAGEDY OF JULIUS CAESAR.txt": 0.012747906201055703,
    "THE TRAGEDY OF KING LEAR.txt": 0.06520330647220207,
    "THE TRAGEDY OF MACBETH.txt": 0.06413605908316161,
    "THE TRAGEDY OF OTHELLO MOOR OF VENICE.txt": 0.06330191500379884,
    "THE TRAGEDY OF ROMEO AND JULIET.txt": 0.06330191500379884,
    "THE TRAGEDY OF TITUS ANDRONICUS.txt": 0.06520330647220207,
    "THE TWO GENTLEMEN OF VERONA.txt": 0.06330191500379884,
    "The Two Noble Kinsmen by Shakespeare.txt": 0.029470499971207653,
    "THE WINTERS TALE.txt": 0.06330191500379884,
    "Venus and Adonis.txt": -0.03373722644748822
}