{
    "A LOVERS COMPLAINT.txt": 0.1537075531378609,
    "A MIDSUMMER NIGHT_S DREAM.txt": 0.14415714956248338,
    "A Yorkshire Tragedy by Shakespeare.txt": 0.13928383704545705,
    "Arden of Feversham.txt": 0.1469559757141235,
    "AS YOU LIKE IT.txt": 0.13679578917277252,
    "CYMBELINE.txt": 0.12585181695504633,
    "Fair Em by Shakespeare.txt": 0.1200530400440768,
    "KING EDWARD III by Shakespeare.txt": 0.10017347937328863,
    "King Henry IV, Part 1.txt": 0.12362547773548527,
    "KING HENRY V.txt": 0.12198337930405401,
    "KING HENRY VI part I.txt": 0.09990783623008948,
    "KING HENRY VI Part II.txt": 0.1389684317174535,
    "KING HENRY VI Part III.txt": 0.13961519403618144,
    "KING HENRY VIII.txt": 0.10111804332378632,
    "KING JOHN.txt": 0.13592344393791944,
    "KING RICHARD II.txt": 0.08697275869517007,
    "KING RICHARD III.txt": 0.11701346520451883,
    "Locrine Mucedorus by Shakespeare.txt": 0.150677802781359,
    "Love_s Labour_s Lost.txt": 0.14740714377225023,
    "MEASURE FOR MEASURE.txt": 0.14240375125281968,
    "Merchant of Venice.txt": 0.15040674947080634,
    "MUCH ADO ABOUT NOTHING.txt": 0.1374791851378801,
    "PERICLES PRINCE OF TYRE.txt": 0.1541689227800705,
    "Sir John Oldcastle by Shakespeare.txt": 0.09911646947177466,
    "Sir Thomas More by Shakespeare.txt": 0.06278358876274659,
    "Taming of the Shrew.txt": 0.13083359198648703,
    "The Comedy of Errors.txt": 0.12633401272201822,
    "THE HISTORY OF TROILUS AND CRESSIDA.txt": 0.12336717687775589,
    "The Life and Death of the Lord Cromwell by Shakespeare.txt": 0.06243062660099152,
    "THE LIFE OF TIMON OF ATHENS.txt": 0.10670798012308641,
    "The London Prodigal.txt": 0.13675741523951668,
    "The Merry Devill of Edmonton by Shakespeare.txt": 0.11885216853060837,
    "THE MERRY WIVES OF WINDSOR.txt": 0.1212617075943751,
    "The Puritaine Widdow by Shakespeare.txt": 0.15094032445084138,
    "THE RAPE OF LUCRECE.txt": 0.15428237794907923,
    "THE TAMING OF THE SHREW.txt": 0.11802917913468342,
    "THE TEMPEST.txt": 0.11273519300035623,
    "THE TRAGEDY OF ANTONY AND CLEOPATRA.txt": 0.13267111587262148,
    "THE TRAGEDY OF CORIOLANUS.txt": 0.15285744406792634,
    "THE TRAGEDY OF HAMLET PRINCE OF DENMARK.txt": 0.13133331547376154,
    "THE TRAGEDY OF JULIUS CAESAR.txt": 0.14101661452956643,
    "THE TRAGEDY OF KING LEAR.txt": 0.13874999618384548,
    "THE TRAGEDY OF MACBETH.txt": 0.12009570475563658,
    "THE TRAGEDY OF OTHELLO MOOR OF VENICE.txt": 0.13415699544524923,
    "THE TRAGEDY OF ROMEO AND JULIET.txt": 0.1226814302942365,
    "THE TRAGEDY OF TITUS ANDRONICUS.txt": 0.09588665086703146,
    "THE TWO GENTLEMEN OF VERONA.txt": 0.1376781203443631,
    "The Two Noble Kinsmen by Shakespeare.txt": 0.13833473227233478,
    "THE WINTERS TALE.txt": 0.14467841280732152,
    "Venus and Adonis.txt": 0.12339579391777689
}