{
    "A LOVERS COMPLAINT.txt": 0.027618701024635983,
    "A MIDSUMMER NIGHT_S DREAM.txt": 0.026945373179770582,
    "A Yorkshire Tragedy by Shakespeare.txt": 0.08642237206122394,
    "Arden of Feversham.txt": 0.14564391544479854,
    "AS YOU LIKE IT.txt": 0.14096016197994493,
    "CYMBELINE.txt": 0.14052403888948406,
    "Fair Em by Shakespeare.txt": 0.10902855518454124,
    "KING EDWARD III by Shakespeare.txt": 0.13613062787837804,
    "King Henry IV, Part 1.txt": 0.14124112531485733,
    "KING HENRY V.txt": 0.13646217951634892,
    "KING HENRY VI part I.txt": 0.12754635291844846,
    "KING HENRY VI Part II.txt": 0.1237686287306976,
    "KING HENRY VI Part III.txt": 0.12431981573806616,
    "KING HENRY VIII.txt": 0.1265744553470063,
    "KING JOHN.txt": -0.0026464626909300515,
    "KING RICHARD II.txt": 0.1238070479918622,
    "KING RICHARD III.txt": 0.14303988875542134,
    "Locrine Mucedorus by Shakespeare.txt": 0.12741167515702317,
    "Love_s Labour_s Lost.txt": 0.15407248410584762,
    "MEASURE FOR MEASURE.txt": 0.13103851199083477,
    "Merchant of Venice.txt": 0.11939448231496474,
    "MUCH ADO ABOUT NOTHING.txt": 0.1382629602880221,
    "PERICLES PRINCE OF TYRE.txt": 0.1352083103129546,
    "Sir John Oldcastle by Shakespeare.txt": 0.08664118839965523,
    "Sir Thomas More by Shakespeare.txt": 0.09342165329638508,
    "Taming of the Shrew.txt": 0.1351865215015185,
    "The Comedy of Errors.txt": 0.13629151729023092,
    "THE HISTORY OF TROILUS AND CRESSIDA.txt": 0.07988258443416901,
    "The Life and Death of the Lord Cromwell by Shakespeare.txt": 0.13863044347367304,
    "THE LIFE OF TIMON OF ATHENS.txt": 0.11461118599181758,
    "The London Prodigal.txt": 0.13426640313960414,
    "The Merry Devill of Edmonton by Shakespeare.txt": 0.10453068636949209,
    "THE MERRY WIVES OF WINDSOR.txt": 0.11355043497636585,
    "The Puritaine Widdow by Shakespeare.txt": 0.1464831895690043,
    "THE RAPE OF LUCRECE.txt": 0.1017613102442459,
    "THE TAMING OF THE SHREW.txt": 0.14844948706124184,
    "THE TEMPEST.txt": 0.11179794986618713,
    "THE TRAGEDY OF ANTONY AND CLEOPATRA.txt": 0.10442836671975281,
    "THE TRAGEDY OF CORIOLANUS.txt": 0.06821174693313081,
    "THE TRAGEDY OF HAMLET PRINCE OF DENMARK.txt": 0.06417705744814761,
    "THE TRAGEDY OF JULIUS CAESAR.txt": 0.13590160392122197,
    "THE TRAGEDY OF KING LEAR.txt": 0.13674380203270114,
    "THE TRAGEDY OF MACBETH.txt": 0.1184740871694242,
    "THE TRAGEDY OF OTHELLO MOOR OF VENICE.txt": 0.13638042598262384,
    "THE TRAGEDY OF ROMEO AND JULIET.txt": 0.153013378451421,
    "THE TRAGEDY OF TITUS ANDRONICUS.txt": 0.10140940636230328,
    "THE TWO GENTLEMEN OF VERONA.txt": 0.12911805671106924,
    "The Two Noble Kinsmen by Shakespeare.txt": 0.06134675554836877,
    "THE WINTERS TALE.txt": 0.14451192706962152,
    "Venus and Adonis.txt": 0.11004891391158644
}