{
    "A LOVERS COMPLAINT.txt": 0.02627539562804382,
    "A MIDSUMMER NIGHT_S DREAM.txt": 0.11255085218341165,
    "A Yorkshire Tragedy by Shakespeare.txt": 0.061414581358677944,
    "Arden of Feversham.txt": 0.10616201826595467,
    "AS YOU LIKE IT.txt": 0.12400216439597855,
    "CYMBELINE.txt": 0.13111253318797056,
    "Fair Em by Shakespeare.txt": 0.11515907742163878,
    "KING EDWARD III by Shakespeare.txt": 0.10289109092057158,
    "King Henry IV, Part 1.txt": 0.1458832527005905,
    "KING HENRY V.txt": 0.13153032970294287,
    "KING HENRY VI part I.txt": 0.0701778801199221,
    "KING HENRY VI Part II.txt": 0.13076950670522058,
    "KING HENRY VI Part III.txt": 0.13496352411720186,
    "KING HENRY VIII.txt": 0.1307272558944319,
    "KING JOHN.txt": 0.054357759225818425,
    "KING RICHARD II.txt": 0.11051232463579824,
    "KING RICHARD III.txt": 0.060934679047729146,
    "Locrine Mucedorus by Shakespeare.txt": 0.12637310839278137,
    "Love_s Labour_s Lost.txt": 0.1402875102196739,
    "MEASURE FOR MEASURE.txt": 0.12713979594153207,
    "Merchant of Venice.txt": 0.1266054646214349,
    "MUCH ADO ABOUT NOTHING.txt": 0.10675040219355098,
    "PERICLES PRINCE OF TYRE.txt": 0.12359639075572443,
    "Sir John Oldcastle by Shakespeare.txt": 0.1287479770965853,
    "Sir Thomas More by Shakespeare.txt": 0.11306028735790824,
    "Taming of the Shrew.txt": 0.11717864847837894,
    "The Comedy of Errors.txt": -0.16506884605492156,
    "THE HISTORY OF TROILUS AND CRESSIDA.txt": 0.11279060403014268,
    "The Life and Death of the Lord Cromwell by Shakespeare.txt": 0.12755297637214724,
    "THE LIFE OF TIMON OF ATHENS.txt": 0.12430663385298163,
    "The London Prodigal.txt": 0.09209159627913804,
    "The Merry Devill of Edmonton by Shakespeare.txt": 0.09226093133271679,
    "THE MERRY WIVES OF WINDSOR.txt": 0.13184714513653567,
    "The Puritaine Widdow by Shakespeare.txt": 0.10368263494894281,
    "THE RAPE OF LUCRECE.txt": 0.03965682349148025,
    "THE TAMING OF THE SHREW.txt": 0.11972726787586296,
    "THE TEMPEST.txt": 0.11222667521982016,
    "THE TRAGEDY OF ANTONY AND CLEOPATRA.txt": 0.10261471482736956,
    "THE TRAGEDY OF CORIOLANUS.txt": 0.14576178002178464,
    "THE TRAGEDY OF HAMLET PRINCE OF DENMARK.txt": 0.09248282446756323,
    "THE TRAGEDY OF JULIUS CAESAR.txt": 0.11528453577236342,
    "THE TRAGEDY OF KING LEAR.txt": 0.11997076407022433,
    "THE TRAGEDY OF MACBETH.txt": 0.09684278293603849,
    "THE TRAGEDY OF OTHELLO MOOR OF VENICE.txt": -0.02455048846236141,
    "THE TRAGEDY OF ROMEO AND JULIET.txt": 0.1407580393282743,
    "THE TRAGEDY OF TITUS ANDRONICUS.txt": 0.12192318869157481,
    "THE TWO GENTLEMEN OF VERONA.txt": 0.13001676777456606,
    "The Two Noble Kinsmen by Shakespeare.txt": 0.07579465932191365,
    "THE WINTERS TALE.txt": 0.12529261786139473,
    "Venus and Adonis.txt": -0.10432136925324054
}