{
    "A LOVERS COMPLAINT.txt": -0.11950070083141062,
    "A MIDSUMMER NIGHT_S DREAM.txt": 0.007189890319453551,
    "A Yorkshire Tragedy by Shakespeare.txt": 0.05349693165670211,
    "Arden of Feversham.txt": 0.06789075669979094,
    "AS YOU LIKE IT.txt": 0.10735924958351778,
    "CYMBELINE.txt": 0.09782183902309283,
    "Fair Em by Shakespeare.txt": 0.06392251780483266,
    "KING EDWARD III by Shakespeare.txt": 0.09760970917966866,
    "King Henry IV, Part 1.txt": 0.10036931801800325,
    "KING HENRY V.txt": 0.11189435483000448,
    "KING HENRY VI part I.txt": 0.07579165772720337,
    "KING HENRY VI Part II.txt": 0.10451603816219479,
    "KING HENRY VI Part III.txt": 0.09772790137689519,
    "KING HENRY VIII.txt": 0.12152338060155826,
    "KING JOHN.txt": 0.0807916806639159,
    "KING RICHARD II.txt": 0.12300181113368402,
    "KING RICHARD III.txt": -0.16710908109690092,
    "Locrine Mucedorus by Shakespeare.txt": 0.10871853304466134,
    "Love_s Labour_s Lost.txt": 0.07952969480127131,
    "MEASURE FOR MEASURE.txt": 0.12574650953320304,
    "Merchant of Venice.txt": 0.10341812452223081,
    "MUCH ADO ABOUT NOTHING.txt": 0.11390763664344572,
    "PERICLES PRINCE OF TYRE.txt": 0.1138708759467672,
    "Sir John Oldcastle by Shakespeare.txt": 0.09431000258316907,
    "Sir Thomas More by Shakespeare.txt": 0.0869607554601764,
    "Taming of the Shrew.txt": 0.12707421420529613,
    "The Comedy of Errors.txt": 0.09181812245716087,
    "THE HISTORY OF TROILUS AND CRESSIDA.txt": 0.13214110159429787,
    "The Life and Death of the Lord Cromwell by Shakespeare.txt": -0.039690687345669606,
    "THE LIFE OF TIMON OF ATHENS.txt": 0.1150099365099897,
    "The London Prodigal.txt": 0.0706513914908149,
    "The Merry Devill of Edmonton by Shakespeare.txt": 0.07909394384163976,
    "THE MERRY WIVES OF WINDSOR.txt": 0.12161448672847441,
    "The Puritaine Widdow by Shakespeare.txt": 0.08557059038680653,
    "THE RAPE OF LUCRECE.txt": 0.07194287693304835,
    "THE TAMING OF THE SHREW.txt": 0.11540705974496934,
    "THE TEMPEST.txt": 0.08566677294357883,
    "THE TRAGEDY OF ANTONY AND CLEOPATRA.txt": 0.08462528962904148,
    "THE TRAGEDY OF CORIOLANUS.txt": 0.11564317107340599,
    "THE TRAGEDY OF HAMLET PRINCE OF DENMARK.txt": -0.008882583723510029,
    "THE TRAGEDY OF JULIUS CAESAR.txt": 0.09610486786191619,
    "THE TRAGEDY OF KING LEAR.txt": 0.11619409214254856,
    "THE TRAGEDY OF MACBETH.txt": 0.1152440131499492,
    "THE TRAGEDY OF OTHELLO MOOR OF VENICE.txt": 0.0994240094228957,
    "THE TRAGEDY OF ROMEO AND JULIET.txt": 0.08161149167611909,
    "THE TRAGEDY OF TITUS ANDRONICUS.txt": 0.0887096799809649,
    "THE TWO GENTLEMEN OF VERONA.txt": 0.10590941332623471,
    "The Two Noble Kinsmen by Shakespeare.txt": 0.010559250034642642,
    "THE WINTERS TALE.txt": 0.10475457568359064,
    "Venus and Adonis.txt": 0.07313106439817457
}