{
    "A LOVERS COMPLAINT.txt": 0.020767605349107432,
    "A MIDSUMMER NIGHT_S DREAM.txt": 0.1014117424300594,
    "A Yorkshire Tragedy by Shakespeare.txt": 0.09491731690575678,
    "Arden of Feversham.txt": 0.146689812411956,
    "AS YOU LIKE IT.txt": 0.13289337369393034,
    "CYMBELINE.txt": 0.14116375172517054,
    "Fair Em by Shakespeare.txt": 0.1258418890333834,
    "KING EDWARD III by Shakespeare.txt": 0.11079140279155414,
    "King Henry IV, Part 1.txt": 0.1291596478912464,
    "KING HENRY V.txt": 0.13714375040457538,
    "KING HENRY VI part I.txt": -0.047483814886834175,
    "KING HENRY VI Part II.txt": 0.12875819901007418,
    "KING HENRY VI Part III.txt": 0.13355065820074336,
    "KING HENRY VIII.txt": 0.15843563793211385,
    "KING JOHN.txt": 0.06291978293657752,
    "KING RICHARD II.txt": 0.13620631889262586,
    "KING RICHARD III.txt": 0.022667908306957085,
    "Locrine Mucedorus by Shakespeare.txt": 0.1283721859641509,
    "Love_s Labour_s Lost.txt": 0.1333825846000406,
    "MEASURE FOR MEASURE.txt": 0.1353848557233025,
    "Merchant of Venice.txt": 0.11973472926267281,
    "MUCH ADO ABOUT NOTHING.txt": 0.1313956970478024,
    "PERICLES PRINCE OF TYRE.txt": 0.10707294531820377,
    "Sir John Oldcastle by Shakespeare.txt": 0.1304281419166518,
    "Sir Thomas More by Shakespeare.txt": 0.13164295552283528,
    "Taming of the Shrew.txt": 0.12004353631597586,
    "The Comedy of Errors.txt": -0.24378004057306002,
    "THE HISTORY OF TROILUS AND CRESSIDA.txt": 0.11627882486870861,
    "The Life and Death of the Lord Cromwell by Shakespeare.txt": 0.10918700968833417,
    "THE LIFE OF TIMON OF ATHENS.txt": 0.1224896920686937,
    "The London Prodigal.txt": 0.1262588238998527,
    "The Merry Devill of Edmonton by Shakespeare.txt": 0.08456137456656304,
    "THE MERRY WIVES OF WINDSOR.txt": 0.13228483063954555,
    "The Puritaine Widdow by Shakespeare.txt": 0.11480414096881209,
    "THE RAPE OF LUCRECE.txt": 0.12144054260371706,
    "THE TAMING OF THE SHREW.txt": 0.11895965554604065,
    "THE TEMPEST.txt": 0.14589984685500224,
    "THE TRAGEDY OF ANTONY AND CLEOPATRA.txt": 0.12590204336610905,
    "THE TRAGEDY OF CORIOLANUS.txt": 0.13853500291505516,
    "THE TRAGEDY OF HAMLET PRINCE OF DENMARK.txt": 0.0875772680334469,
    "THE TRAGEDY OF JULIUS CAESAR.txt": 0.12877247593226626,
    "THE TRAGEDY OF KING LEAR.txt": 0.13411289531534432,
    "THE TRAGEDY OF MACBETH.txt": 0.11263645836780467,
    "THE TRAGEDY OF OTHELLO MOOR OF VENICE.txt": 0.13126135236936914,
    "THE TRAGEDY OF ROMEO AND JULIET.txt": 0.022849015793273753,
    "THE TRAGEDY OF TITUS ANDRONICUS.txt": 0.12944464298291963,
    "THE TWO GENTLEMEN OF VERONA.txt": 0.13186824492821142,
    "The Two Noble Kinsmen by Shakespeare.txt": -0.14443475274714057,
    "THE WINTERS TALE.txt": 0.13335737875597775,
    "Venus and Adonis.txt": 0.10107561058385328
}