{
    "A LOVERS COMPLAINT.txt": -0.007743645860175397,
    "A MIDSUMMER NIGHT_S DREAM.txt": 0.1003014646533219,
    "A Yorkshire Tragedy by Shakespeare.txt": 0.0007162680847204173,
    "Arden of Feversham.txt": 0.12805746582591043,
    "AS YOU LIKE IT.txt": 0.10279514065917378,
    "CYMBELINE.txt": 0.1200087784584487,
    "Fair Em by Shakespeare.txt": 0.12572508997131404,
    "KING EDWARD III by Shakespeare.txt": 0.10157039995591294,
    "King Henry IV, Part 1.txt": 0.09984039433702979,
    "KING HENRY V.txt": 0.10376107792188116,
    "KING HENRY VI part I.txt": -0.15984491638850584,
    "KING HENRY VI Part II.txt": 0.10582236949569912,
    "KING HENRY VI Part III.txt": 0.12270671881837286,
    "KING HENRY VIII.txt": -0.06234834509450793,
    "KING JOHN.txt": 0.06932361203901699,
    "KING RICHARD II.txt": 0.09185846560510458,
    "KING RICHARD III.txt": 0.10106770783014674,
    "Locrine Mucedorus by Shakespeare.txt": 0.06773635268662387,
    "Love_s Labour_s Lost.txt": 0.12962430082393195,
    "MEASURE FOR MEASURE.txt": 0.09907807603746183,
    "Merchant of Venice.txt": 0.10853693500233519,
    "MUCH ADO ABOUT NOTHING.txt": 0.10694500191795303,
    "PERICLES PRINCE OF TYRE.txt": 0.11606878678507448,
    "Sir John Oldcastle by Shakespeare.txt": 0.12979439811173665,
    "Sir Thomas More by Shakespeare.txt": 0.09010545674819004,
    "Taming of the Shrew.txt": 0.11364670088414652,
    "The Comedy of Errors.txt": 0.11592437444402576,
    "THE HISTORY OF TROILUS AND CRESSIDA.txt": 0.11560971239697904,
    "The Life and Death of the Lord Cromwell by Shakespeare.txt": 0.11138153467968642,
    "THE LIFE OF TIMON OF ATHENS.txt": 0.11148795809016881,
    "The London Prodigal.txt": 0.12340131586984099,
    "The Merry Devill of Edmonton by Shakespeare.txt": 0.06956040315299805,
    "THE MERRY WIVES OF WINDSOR.txt": 0.03904271166301382,
    "The Puritaine Widdow by Shakespeare.txt": 0.09943382652929411,
    "THE RAPE OF LUCRECE.txt": 0.10013809802930967,
    "THE TAMING OF THE SHREW.txt": 0.11666950395380632,
    "THE TEMPEST.txt": 0.1351310529322245,
    "THE TRAGEDY OF ANTONY AND CLEOPATRA.txt": 0.06285620304269551,
    "THE TRAGEDY OF CORIOLANUS.txt": 0.10776859986660575,
    "THE TRAGEDY OF HAMLET PRINCE OF DENMARK.txt": 0.05948921629087556,
    "THE TRAGEDY OF JULIUS CAESAR.txt": 0.1288113380291107,
    "THE TRAGEDY OF KING LEAR.txt": 0.10209483057684293,
    "THE TRAGEDY OF MACBETH.txt": 0.07707499662310136,
    "THE TRAGEDY OF OTHELLO MOOR OF VENICE.txt": 0.08621579216291247,
    "THE TRAGEDY OF ROMEO AND JULIET.txt": 0.109361859782376,
    "THE TRAGEDY OF TITUS ANDRONICUS.txt": 0.11609601500689964,
    "THE TWO GENTLEMEN OF VERONA.txt": 0.11716450822335917,
    "The Two Noble Kinsmen by Shakespeare.txt": 0.04776924919634945,
    "THE WINTERS TALE.txt": 0.09292560037248854,
    "Venus and Adonis.txt": 0.09170587917858125
}