{
    "A MIDSUMMER NIGHT_S DREAM.txt": 0.11489941244171581,
    "A Yorkshire Tragedy by Shakespeare.txt": 0.07257080802418875,
    "Arden of Feversham.txt": 0.09788412347064729,
    "AS YOU LIKE IT.txt": 0.04622985429181481,
    "CYMBELINE.txt": 0.099006871970922,
    "Fair Em by Shakespeare.txt": 0.05722376704387311,
    "KING EDWARD III by Shakespeare.txt": 0.06669092059456222,
    "King Henry IV, Part 1.txt": 0.06580399948191279,
    "KING HENRY V.txt": 0.09561958948448329,
    "KING HENRY VI part I.txt": -0.10022941437269461,
    "KING HENRY VI Part II.txt": 0.09187985096744528,
    "KING HENRY VI Part III.txt": 0.09508223851666142,
    "KING HENRY VIII.txt": -0.007303687952686766,
    "KING JOHN.txt": 0.005106682577462329,
    "KING RICHARD II.txt": 0.08865601213189933,
    "KING RICHARD III.txt": 0.08954826124244886,
    "Locrine Mucedorus by Shakespeare.txt": 0.08953969218443403,
    "Love_s Labour_s Lost.txt": 0.06999518711979569,
    "MEASURE FOR MEASURE.txt": 0.041355313349370815,
    "Merchant of Venice.txt": 0.06008791545947351,
    "MUCH ADO ABOUT NOTHING.txt": 0.060734938518872905,
    "PERICLES PRINCE OF TYRE.txt": 0.09181739188913879,
    "Sir John Oldcastle by Shakespeare.txt": 0.040066100789228065,
    "Sir Thomas More by Shakespeare.txt": -0.12501205893102463,
    "Taming of the Shrew.txt": 0.0890607837737617,
    "The Comedy of Errors.txt": 0.062099636417780435,
    "THE HISTORY OF TROILUS AND CRESSIDA.txt": 0.10158167085016645,
    "The Life and Death of the Lord Cromwell by Shakespeare.txt": 0.07011651561092613,
    "THE LIFE OF TIMON OF ATHENS.txt": 0.11229673972065984,
    "The London Prodigal.txt": 0.02923166845375208,
    "The Merry Devill of Edmonton by Shakespeare.txt": 0.06395959631909426,
    "THE MERRY WIVES OF WINDSOR.txt": 0.01306642870146174,
    "The Puritaine Widdow by Shakespeare.txt": -0.005256166267048168,
    "THE RAPE OF LUCRECE.txt": 0.07373361711460302,
    "THE TAMING OF THE SHREW.txt": 0.07997026573112342,
    "THE TEMPEST.txt": 0.03764677769113073,
    "THE TRAGEDY OF ANTONY AND CLEOPATRA.txt": 0.020501442355320643,
    "THE TRAGEDY OF CORIOLANUS.txt": 0.06531984821714776,
    "THE TRAGEDY OF HAMLET PRINCE OF DENMARK.txt": 0.07787544431961352,
    "THE TRAGEDY OF JULIUS CAESAR.txt": 0.020634627244264958,
    "THE TRAGEDY OF KING LEAR.txt": 0.11304434121146367,
    "THE TRAGEDY OF MACBETH.txt": 0.07085127236835825,
    "THE TRAGEDY OF OTHELLO MOOR OF VENICE.txt": 0.07950952717364118,
    "THE TRAGEDY OF ROMEO AND JULIET.txt": 0.07817917345668696,
    "THE TRAGEDY OF TITUS ANDRONICUS.txt": 0.07580332878108198,
    "THE TWO GENTLEMEN OF VERONA.txt": 0.09204489530893645,
    "The Two Noble Kinsmen by Shakespeare.txt": -0.03746762866682385,
    "THE WINTERS TALE.txt": 0.0687057103276763,
    "Venus and Adonis.txt": 0.06769549233840022
}