{
    "A LOVERS COMPLAINT.txt": -0.0022597072850668587,
    "A MIDSUMMER NIGHT_S DREAM.txt": 0.11247894990098167,
    "A Yorkshire Tragedy by Shakespeare.txt": 0.007043773820861243,
    "Arden of Feversham.txt": 0.10985450196510227,
    "AS YOU LIKE IT.txt": 0.10600297773516248,
    "CYMBELINE.txt": 0.1007318829555493,
    "Fair Em by Shakespeare.txt": 0.09713648337410336,
    "KING EDWARD III by Shakespeare.txt": 0.08938937746059705,
    "King Henry IV, Part 1.txt": 0.09038230622706173,
    "KING HENRY V.txt": 0.12306527364459108,
    "KING HENRY VI part I.txt": -0.12354662147347695,
    "KING HENRY VI Part II.txt": 0.09532597693650718,
    "KING HENRY VI Part III.txt": 0.11687884779227231,
    "KING HENRY VIII.txt": -0.028869948867456974,
    "KING JOHN.txt": 0.07151757967389533,
    "KING RICHARD II.txt": 0.08946626367958227,
    "KING RICHARD III.txt": 0.07695803839695747,
    "Locrine Mucedorus by Shakespeare.txt": 0.08767450977598223,
    "Love_s Labour_s Lost.txt": 0.12239901883008991,
    "MEASURE FOR MEASURE.txt": 0.11086764116623582,
    "Merchant of Venice.txt": 0.1148225919483396,
    "MUCH ADO ABOUT NOTHING.txt": 0.11030368102582522,
    "PERICLES PRINCE OF TYRE.txt": 0.10100330503993693,
    "Sir John Oldcastle by Shakespeare.txt": 0.11408347152729054,
    "Sir Thomas More by Shakespeare.txt": 0.10388174571926567,
    "Taming of the Shrew.txt": 0.10773207156426784,
    "The Comedy of Errors.txt": 0.11185046538332677,
    "THE HISTORY OF TROILUS AND CRESSIDA.txt": 0.1096722582786987,
    "The Life and Death of the Lord Cromwell by Shakespeare.txt": 0.1122646957575934,
    "THE LIFE OF TIMON OF ATHENS.txt": 0.12186469772504449,
    "The London Prodigal.txt": 0.11109974242044618,
    "The Merry Devill of Edmonton by Shakespeare.txt": 0.04761961530627529,
    "THE MERRY WIVES OF WINDSOR.txt": 0.06676025537568331,
    "The Puritaine Widdow by Shakespeare.txt": 0.11328996335630642,
    "THE RAPE OF LUCRECE.txt": 0.09531927535894819,
    "THE TAMING OF THE SHREW.txt": 0.10128329728446855,
    "THE TEMPEST.txt": 0.1092402265561867,
    "THE TRAGEDY OF ANTONY AND CLEOPATRA.txt": 0.04183614930626128,
    "THE TRAGEDY OF CORIOLANUS.txt": 0.11965635409039482,
    "THE TRAGEDY OF HAMLET PRINCE OF DENMARK.txt": 0.06799965527435353,
    "THE TRAGEDY OF JULIUS CAESAR.txt": 0.13136662659585213,
    "THE TRAGEDY OF KING LEAR.txt": 0.10251908899005696,
    "THE TRAGEDY OF MACBETH.txt": 0.10129674294210583,
    "THE TRAGEDY OF OTHELLO MOOR OF VENICE.txt": 0.09778228992558285,
    "THE TRAGEDY OF ROMEO AND JULIET.txt": 0.09406022268583969,
    "THE TRAGEDY OF TITUS ANDRONICUS.txt": 0.09824919899033635,
    "THE TWO GENTLEMEN OF VERONA.txt": 0.09834384181899808,
    "The Two Noble Kinsmen by Shakespeare.txt": 0.03624506480625411,
    "THE WINTERS TALE.txt": 0.09783298533083412,
    "Venus and Adonis.txt": 0.09983003955042369
}