{
    "A MIDSUMMER NIGHT_S DREAM.txt": 0.1175461307308781,
    "A Yorkshire Tragedy by Shakespeare.txt": 0.07949405924281389,
    "Arden of Feversham.txt": 0.10750390919001318,
    "AS YOU LIKE IT.txt": 0.07036892535618766,
    "CYMBELINE.txt": 0.1065235126709988,
    "Fair Em by Shakespeare.txt": 0.08836156355685348,
    "KING EDWARD III by Shakespeare.txt": 0.08987693251648282,
    "King Henry IV, Part 1.txt": 0.07390077481897556,
    "KING HENRY V.txt": 0.09973086019820626,
    "KING HENRY VI part I.txt": -0.0975566487227626,
    "KING HENRY VI Part II.txt": 0.10539916436007801,
    "KING HENRY VI Part III.txt": 0.10866530894028853,
    "KING HENRY VIII.txt": -0.019111410617330238,
    "KING JOHN.txt": 0.04803490583545522,
    "KING RICHARD II.txt": 0.09814270855972002,
    "KING RICHARD III.txt": 0.10027499783599186,
    "Locrine Mucedorus by Shakespeare.txt": 0.10031448075786453,
    "Love_s Labour_s Lost.txt": 0.09739425504716798,
    "MEASURE FOR MEASURE.txt": 0.09181130224089129,
    "Merchant of Venice.txt": 0.07247316433834955,
    "MUCH ADO ABOUT NOTHING.txt": 0.08923634233218719,
    "PERICLES PRINCE OF TYRE.txt": 0.11886960127669693,
    "Sir John Oldcastle by Shakespeare.txt": 0.06561171546085931,
    "Sir Thomas More by Shakespeare.txt": -0.12274532629453405,
    "Taming of the Shrew.txt": 0.10283713936007666,
    "The Comedy of Errors.txt": 0.07889200526940687,
    "THE HISTORY OF TROILUS AND CRESSIDA.txt": 0.1017282469731548,
    "The Life and Death of the Lord Cromwell by Shakespeare.txt": 0.08739689918277149,
    "THE LIFE OF TIMON OF ATHENS.txt": 0.11660018112872478,
    "The London Prodigal.txt": 0.05568934522582081,
    "The Merry Devill of Edmonton by Shakespeare.txt": 0.08446664862900222,
    "THE MERRY WIVES OF WINDSOR.txt": 0.03826602944194629,
    "The Puritaine Widdow by Shakespeare.txt": -0.017360660996585398,
    "THE RAPE OF LUCRECE.txt": 0.08646573663892493,
    "THE TAMING OF THE SHREW.txt": 0.08828051039145202,
    "THE TEMPEST.txt": 0.08085351222296333,
    "THE TRAGEDY OF ANTONY AND CLEOPATRA.txt": 0.04667503485634028,
    "THE TRAGEDY OF CORIOLANUS.txt": 0.10253359361119568,
    "THE TRAGEDY OF HAMLET PRINCE OF DENMARK.txt": 0.0929556687838643,
    "THE TRAGEDY OF JULIUS CAESAR.txt": 0.03863598607197666,
    "THE TRAGEDY OF KING LEAR.txt": 0.09980168122862165,
    "THE TRAGEDY OF MACBETH.txt": 0.06813101221640011,
    "THE TRAGEDY OF OTHELLO MOOR OF VENICE.txt": 0.09034089379018073,
    "THE TRAGEDY OF ROMEO AND JULIET.txt": 0.10591318765541924,
    "THE TRAGEDY OF TITUS ANDRONICUS.txt": 0.09042235826242973,
    "THE TWO GENTLEMEN OF VERONA.txt": 0.10019144676685637,
    "The Two Noble Kinsmen by Shakespeare.txt": 0.017607988662031282,
    "THE WINTERS TALE.txt": 0.08178301414746914,
    "Venus and Adonis.txt": 0.09065819027096222
}