{
    "A LOVERS COMPLAINT.txt": 0.12030355112891289,
    "A MIDSUMMER NIGHT_S DREAM.txt": 0.12164963898265091,
    "A Yorkshire Tragedy by Shakespeare.txt": -0.0519662433788356,
    "Arden of Feversham.txt": 0.0958195407857837,
    "AS YOU LIKE IT.txt": 0.12793015622205217,
    "CYMBELINE.txt": 0.14538754148218586,
    "Fair Em by Shakespeare.txt": 0.07404821171992831,
    "KING EDWARD III by Shakespeare.txt": 0.1244446238632751,
    "King Henry IV, Part 1.txt": 0.13041601854724966,
    "KING HENRY V.txt": 0.13948668909260592,
    "KING HENRY VI part I.txt": -0.13152865362856803,
    "KING HENRY VI Part II.txt": 0.11450961309004648,
    "KING HENRY VI Part III.txt": 0.1369470879618917,
    "KING HENRY VIII.txt": 0.10933722854665245,
    "KING JOHN.txt": 0.12214899561247045,
    "KING RICHARD II.txt": 0.11408462243382644,
    "KING RICHARD III.txt": 0.13368887390420092,
    "Locrine Mucedorus by Shakespeare.txt": 0.10621047991390514,
    "Love_s Labour_s Lost.txt": 0.1207744552138541,
    "MEASURE FOR MEASURE.txt": 0.12614483207051852,
    "Merchant of Venice.txt": 0.11304665576349165,
    "MUCH ADO ABOUT NOTHING.txt": 0.10805995939597174,
    "PERICLES PRINCE OF TYRE.txt": 0.13505467817778155,
    "Sir John Oldcastle by Shakespeare.txt": 0.08760350392018035,
    "Sir Thomas More by Shakespeare.txt": 0.12149867190820884,
    "Taming of the Shrew.txt": 0.07416251725590017,
    "The Comedy of Errors.txt": 0.07258550254252832,
    "THE HISTORY OF TROILUS AND CRESSIDA.txt": 0.13305603345815747,
    "The Life and Death of the Lord Cromwell by Shakespeare.txt": 0.014402679563590481,
    "THE LIFE OF TIMON OF ATHENS.txt": 0.13293230661700728,
    "The London Prodigal.txt": 0.014882067406082722,
    "The Merry Devill of Edmonton by Shakespeare.txt": 0.12078990382365401,
    "THE MERRY WIVES OF WINDSOR.txt": 0.12457091591326508,
    "The Puritaine Widdow by Shakespeare.txt": 0.0519821289743424,
    "THE RAPE OF LUCRECE.txt": 0.0885985016703727,
    "THE TAMING OF THE SHREW.txt": 0.08161229748869497,
    "THE TEMPEST.txt": 0.12174348282843078,
    "THE TRAGEDY OF ANTONY AND CLEOPATRA.txt": 0.1256474632503033,
    "THE TRAGEDY OF CORIOLANUS.txt": 0.12780819838319535,
    "THE TRAGEDY OF HAMLET PRINCE OF DENMARK.txt": 0.1386047559384188,
    "THE TRAGEDY OF JULIUS CAESAR.txt": 0.12518211739317558,
    "THE TRAGEDY OF KING LEAR.txt": 0.13359476612818433,
    "THE TRAGEDY OF MACBETH.txt": 0.12660727419156254,
    "THE TRAGEDY OF OTHELLO MOOR OF VENICE.txt": 0.10890110768357569,
    "THE TRAGEDY OF ROMEO AND JULIET.txt": 0.11650131547447179,
    "THE TRAGEDY OF TITUS ANDRONICUS.txt": 0.10212460918917371,
    "THE TWO GENTLEMEN OF VERONA.txt": 0.13035907536190716,
    "The Two Noble Kinsmen by Shakespeare.txt": 0.02951059098131492,
    "THE WINTERS TALE.txt": 0.11519926793492496,
    "Venus and Adonis.txt": 0.12768267153675322
}