{
    "A LOVERS COMPLAINT.txt": -0.02070796044228085,
    "A MIDSUMMER NIGHT_S DREAM.txt": 0.10946620566903986,
    "A Yorkshire Tragedy by Shakespeare.txt": 0.11698337021933497,
    "Arden of Feversham.txt": 0.0971536422857151,
    "AS YOU LIKE IT.txt": 0.13226509354755045,
    "CYMBELINE.txt": 0.1297059914359061,
    "Fair Em by Shakespeare.txt": 0.10921344205722106,
    "KING EDWARD III by Shakespeare.txt": 0.12900871840983613,
    "King Henry IV, Part 1.txt": 0.13211882454405321,
    "KING HENRY V.txt": 0.14465253186433508,
    "KING HENRY VI part I.txt": -0.06771235046928525,
    "KING HENRY VI Part II.txt": 0.14131583660515196,
    "KING HENRY VI Part III.txt": 0.12610347525935628,
    "KING HENRY VIII.txt": 0.1343608953014815,
    "KING JOHN.txt": -0.03314923986784779,
    "KING RICHARD II.txt": 0.11573410140421259,
    "KING RICHARD III.txt": 0.09596940702702889,
    "Locrine Mucedorus by Shakespeare.txt": 0.1256972625019745,
    "Love_s Labour_s Lost.txt": 0.1259722418945909,
    "MEASURE FOR MEASURE.txt": 0.13504406922011375,
    "Merchant of Venice.txt": 0.1200977774350041,
    "MUCH ADO ABOUT NOTHING.txt": 0.11330385657398445,
    "PERICLES PRINCE OF TYRE.txt": 0.10832611002436543,
    "Sir John Oldcastle by Shakespeare.txt": 0.12571687772615775,
    "Sir Thomas More by Shakespeare.txt": 0.12964902025886582,
    "Taming of the Shrew.txt": 0.1134706019957833,
    "The Comedy of Errors.txt": 0.10722743379443367,
    "THE HISTORY OF TROILUS AND CRESSIDA.txt": 0.1579457603935519,
    "The Life and Death of the Lord Cromwell by Shakespeare.txt": 0.1392209147512407,
    "THE LIFE OF TIMON OF ATHENS.txt": 0.11582529713939804,
    "The London Prodigal.txt": -0.01493904725214834,
    "The Merry Devill of Edmonton by Shakespeare.txt": 0.11033505496904977,
    "THE MERRY WIVES OF WINDSOR.txt": 0.10668692173387356,
    "The Puritaine Widdow by Shakespeare.txt": 0.0641308175852005,
    "THE RAPE OF LUCRECE.txt": 0.10012583408123898,
    "THE TAMING OF THE SHREW.txt": 0.09112407854060889,
    "THE TEMPEST.txt": 0.1105820249089624,
    "THE TRAGEDY OF ANTONY AND CLEOPATRA.txt": 0.14189638500039414,
    "THE TRAGEDY OF CORIOLANUS.txt": 0.1502168089572422,
    "THE TRAGEDY OF HAMLET PRINCE OF DENMARK.txt": 0.1435252484240826,
    "THE TRAGEDY OF JULIUS CAESAR.txt": 0.13888007884038034,
    "THE TRAGEDY OF KING LEAR.txt": 0.12379381089054908,
    "THE TRAGEDY OF MACBETH.txt": 0.0952606779242619,
    "THE TRAGEDY OF OTHELLO MOOR OF VENICE.txt": 0.09336940835964652,
    "THE TRAGEDY OF ROMEO AND JULIET.txt": 0.13424868353543734,
    "THE TRAGEDY OF TITUS ANDRONICUS.txt": 0.10307027764857746,
    "THE TWO GENTLEMEN OF VERONA.txt": 0.11896953029563029,
    "The Two Noble Kinsmen by Shakespeare.txt": 0.07027114773636678,
    "THE WINTERS TALE.txt": 0.10920373458815208,
    "Venus and Adonis.txt": 0.09816427762497193
}