{
    "A LOVERS COMPLAINT.txt": -0.04036043683392976,
    "A MIDSUMMER NIGHT_S DREAM.txt": 0.08922335931030329,
    "A Yorkshire Tragedy by Shakespeare.txt": 0.10668669223712629,
    "Arden of Feversham.txt": 0.11100197443229959,
    "AS YOU LIKE IT.txt": 0.10022875859796154,
    "CYMBELINE.txt": 0.1014670822960107,
    "Fair Em by Shakespeare.txt": 0.12613583371954668,
    "KING EDWARD III by Shakespeare.txt": 0.1272074878230099,
    "King Henry IV, Part 1.txt": 0.11899939135174276,
    "KING HENRY V.txt": 0.08610456776295661,
    "KING HENRY VI part I.txt": 0.045130954902034115,
    "KING HENRY VI Part II.txt": 0.04274981723848986,
    "KING HENRY VI Part III.txt": 0.11196362911251584,
    "KING HENRY VIII.txt": 0.1056909580730403,
    "KING JOHN.txt": 0.03758346340716412,
    "KING RICHARD II.txt": 0.13354898495517986,
    "KING RICHARD III.txt": 0.10429707091997059,
    "Locrine Mucedorus by Shakespeare.txt": 0.1469725215610369,
    "Love_s Labour_s Lost.txt": 0.1319449514045259,
    "MEASURE FOR MEASURE.txt": 0.11874190706896698,
    "Merchant of Venice.txt": 0.11425968424584204,
    "MUCH ADO ABOUT NOTHING.txt": 0.12661071633154058,
    "PERICLES PRINCE OF TYRE.txt": 0.14525844695582163,
    "Sir John Oldcastle by Shakespeare.txt": 0.1175221882264817,
    "Sir Thomas More by Shakespeare.txt": 0.1354278922852274,
    "Taming of the Shrew.txt": 0.07116461850204708,
    "The Comedy of Errors.txt": 0.1284170933267647,
    "THE HISTORY OF TROILUS AND CRESSIDA.txt": 0.14183854295792053,
    "The Life and Death of the Lord Cromwell by Shakespeare.txt": 0.0863937370621542,
    "THE LIFE OF TIMON OF ATHENS.txt": 0.11698985736211953,
    "The London Prodigal.txt": 0.11101147058727268,
    "The Merry Devill of Edmonton by Shakespeare.txt": 0.12959646035318717,
    "THE MERRY WIVES OF WINDSOR.txt": 0.11562102503541155,
    "The Puritaine Widdow by Shakespeare.txt": 0.12743981802574822,
    "THE RAPE OF LUCRECE.txt": 0.12753041089971912,
    "THE TAMING OF THE SHREW.txt": 0.11518641704337884,
    "THE TEMPEST.txt": 0.108630187583733,
    "THE TRAGEDY OF ANTONY AND CLEOPATRA.txt": 0.14093454189060095,
    "THE TRAGEDY OF CORIOLANUS.txt": 0.14115830317789663,
    "THE TRAGEDY OF HAMLET PRINCE OF DENMARK.txt": 0.06953319286636117,
    "THE TRAGEDY OF JULIUS CAESAR.txt": 0.1260412865966462,
    "THE TRAGEDY OF KING LEAR.txt": 0.1368865825840047,
    "THE TRAGEDY OF MACBETH.txt": 0.13130701668662237,
    "THE TRAGEDY OF OTHELLO MOOR OF VENICE.txt": 0.1335495673849283,
    "THE TRAGEDY OF ROMEO AND JULIET.txt": 0.1443325573287334,
    "THE TRAGEDY OF TITUS ANDRONICUS.txt": 0.1489521090756732,
    "THE TWO GENTLEMEN OF VERONA.txt": 0.10521425474913015,
    "The Two Noble Kinsmen by Shakespeare.txt": 0.1344054907495172,
    "THE WINTERS TALE.txt": 0.1306398475766684,
    "Venus and Adonis.txt": 0.08701391935437458
}