{
    "A LOVERS COMPLAINT.txt": -0.024297551196376777,
    "A MIDSUMMER NIGHT_S DREAM.txt": 0.09088909738375306,
    "A Yorkshire Tragedy by Shakespeare.txt": 0.09184103449814957,
    "Arden of Feversham.txt": 0.024968989231155814,
    "AS YOU LIKE IT.txt": 0.09696634183649688,
    "CYMBELINE.txt": 0.13345931707654474,
    "Fair Em by Shakespeare.txt": 0.0347362885694133,
    "KING EDWARD III by Shakespeare.txt": 0.12271795422831994,
    "King Henry IV, Part 1.txt": 0.11598347551594002,
    "KING HENRY V.txt": 0.04137076457359751,
    "KING HENRY VI part I.txt": 0.05401026854187102,
    "KING HENRY VI Part II.txt": 0.13655928764201075,
    "KING HENRY VI Part III.txt": 0.12485275741749657,
    "KING HENRY VIII.txt": 0.06860247839098715,
    "KING JOHN.txt": 0.10296699758634326,
    "KING RICHARD II.txt": 0.09260283479180698,
    "KING RICHARD III.txt": 0.13358534848443887,
    "Locrine Mucedorus by Shakespeare.txt": 0.10152254893648976,
    "Love_s Labour_s Lost.txt": 0.07479478653458138,
    "MEASURE FOR MEASURE.txt": 0.11492490655756021,
    "Merchant of Venice.txt": 0.1331217998276209,
    "MUCH ADO ABOUT NOTHING.txt": 0.11922088314412305,
    "PERICLES PRINCE OF TYRE.txt": 0.1221166563282759,
    "Sir John Oldcastle by Shakespeare.txt": 0.022969797131800307,
    "Sir Thomas More by Shakespeare.txt": 0.12587775835798765,
    "Taming of the Shrew.txt": 0.13260798591080092,
    "The Comedy of Errors.txt": 0.09519445761895351,
    "THE HISTORY OF TROILUS AND CRESSIDA.txt": 0.11900500886918353,
    "The Life and Death of the Lord Cromwell by Shakespeare.txt": 0.12942893680793122,
    "THE LIFE OF TIMON OF ATHENS.txt": 0.09897013905751456,
    "The London Prodigal.txt": 0.09391613778325164,
    "The Merry Devill of Edmonton by Shakespeare.txt": 0.12376932992063017,
    "THE MERRY WIVES OF WINDSOR.txt": 0.14123615153776642,
    "The Puritaine Widdow by Shakespeare.txt": -0.1951191189100827,
    "THE RAPE OF LUCRECE.txt": 0.10302940130791677,
    "THE TAMING OF THE SHREW.txt": 0.10356628904570514,
    "THE TEMPEST.txt": 0.11204045743569513,
    "THE TRAGEDY OF ANTONY AND CLEOPATRA.txt": 0.10830586100107115,
    "THE TRAGEDY OF CORIOLANUS.txt": 0.13448401297315193,
    "THE TRAGEDY OF HAMLET PRINCE OF DENMARK.txt": -0.05452665612835428,
    "THE TRAGEDY OF JULIUS CAESAR.txt": 0.10474680360747274,
    "THE TRAGEDY OF KING LEAR.txt": 0.13174626470652634,
    "THE TRAGEDY OF MACBETH.txt": 0.10928415429657828,
    "THE TRAGEDY OF OTHELLO MOOR OF VENICE.txt": 0.12442203375474165,
    "THE TRAGEDY OF ROMEO AND JULIET.txt": 0.1180440495415701,
    "THE TRAGEDY OF TITUS ANDRONICUS.txt": 0.09323657469516916,
    "THE TWO GENTLEMEN OF VERONA.txt": 0.08301718152405174,
    "The Two Noble Kinsmen by Shakespeare.txt": 0.1234250141196408,
    "THE WINTERS TALE.txt": 0.12617630726841317,
    "Venus and Adonis.txt": 0.10128949883435023
}