{
    "A LOVERS COMPLAINT.txt": -0.15309681231520988,
    "A MIDSUMMER NIGHT_S DREAM.txt": 0.12660782492145028,
    "A Yorkshire Tragedy by Shakespeare.txt": 0.055082051798955756,
    "Arden of Feversham.txt": -0.02076970446780002,
    "AS YOU LIKE IT.txt": 0.11641541310309689,
    "CYMBELINE.txt": 0.11664034310378713,
    "Fair Em by Shakespeare.txt": 0.11231809978657964,
    "KING EDWARD III by Shakespeare.txt": 0.10870858752455442,
    "King Henry IV, Part 1.txt": 0.12676669778963912,
    "KING HENRY V.txt": 0.1169693707184723,
    "KING HENRY VI part I.txt": 0.06879120815825218,
    "KING HENRY VI Part II.txt": 0.11395338079883571,
    "KING HENRY VI Part III.txt": 0.1190952840750184,
    "KING HENRY VIII.txt": 0.12023282217654507,
    "KING JOHN.txt": 0.10620937840003153,
    "KING RICHARD II.txt": 0.09488923596705506,
    "KING RICHARD III.txt": 0.0961257212729395,
    "Locrine Mucedorus by Shakespeare.txt": 0.14055817129116632,
    "Love_s Labour_s Lost.txt": 0.10292235434471791,
    "MEASURE FOR MEASURE.txt": 0.11820385281956108,
    "Merchant of Venice.txt": 0.11091589790821177,
    "MUCH ADO ABOUT NOTHING.txt": 0.1377649340539457,
    "PERICLES PRINCE OF TYRE.txt": 0.10775668500088909,
    "Sir John Oldcastle by Shakespeare.txt": 0.1051519699209732,
    "Sir Thomas More by Shakespeare.txt": 0.1098276061157028,
    "Taming of the Shrew.txt": 0.0967404757584367,
    "The Comedy of Errors.txt": -0.15717082120431258,
    "THE HISTORY OF TROILUS AND CRESSIDA.txt": 0.04932537149695748,
    "The Life and Death of the Lord Cromwell by Shakespeare.txt": 0.09669623825088164,
    "THE LIFE OF TIMON OF ATHENS.txt": 0.13849586954087395,
    "The London Prodigal.txt": 0.1355866367573889,
    "The Merry Devill of Edmonton by Shakespeare.txt": 0.09915518314376226,
    "THE MERRY WIVES OF WINDSOR.txt": 0.13022035863630899,
    "The Puritaine Widdow by Shakespeare.txt": 0.12987616877299385,
    "THE RAPE OF LUCRECE.txt": 0.0009552039333232121,
    "THE TAMING OF THE SHREW.txt": 0.1250572698277308,
    "THE TEMPEST.txt": 0.11225081108345591,
    "THE TRAGEDY OF ANTONY AND CLEOPATRA.txt": 0.13295143169603396,
    "THE TRAGEDY OF CORIOLANUS.txt": 0.11701676256733756,
    "THE TRAGEDY OF HAMLET PRINCE OF DENMARK.txt": 0.12473602165475539,
    "THE TRAGEDY OF JULIUS CAESAR.txt": 0.11323024111822222,
    "THE TRAGEDY OF KING LEAR.txt": 0.06784553385772218,
    "THE TRAGEDY OF MACBETH.txt": 0.1382045527323405,
    "THE TRAGEDY OF OTHELLO MOOR OF VENICE.txt": -0.04607640843699501,
    "THE TRAGEDY OF ROMEO AND JULIET.txt": 0.1253400812423905,
    "THE TRAGEDY OF TITUS ANDRONICUS.txt": 0.10394298631319382,
    "THE TWO GENTLEMEN OF VERONA.txt": 0.10567987007640584,
    "The Two Noble Kinsmen by Shakespeare.txt": 0.08285005643303567,
    "THE WINTERS TALE.txt": 0.1191407958304253,
    "Venus and Adonis.txt": -0.011181706004219527
}