{
    "A LOVERS COMPLAINT.txt": -0.015452063925189607,
    "A MIDSUMMER NIGHT_S DREAM.txt": -0.007070447261643076,
    "A Yorkshire Tragedy by Shakespeare.txt": 0.05381062730520331,
    "Arden of Feversham.txt": 0.04351232240599384,
    "AS YOU LIKE IT.txt": 0.14930152098956528,
    "CYMBELINE.txt": 0.13176325937951905,
    "Fair Em by Shakespeare.txt": 0.12103360448112227,
    "KING EDWARD III by Shakespeare.txt": 0.09113481614316521,
    "King Henry IV, Part 1.txt": 0.14353613884657818,
    "KING HENRY V.txt": 0.12586462099620416,
    "KING HENRY VI part I.txt": -0.07386340159274607,
    "KING HENRY VI Part II.txt": 0.14404414605460297,
    "KING HENRY VI Part III.txt": 0.14160373526376457,
    "KING HENRY VIII.txt": 0.14004393587000713,
    "KING JOHN.txt": 0.023685124719705353,
    "KING RICHARD II.txt": 0.1381500189052095,
    "KING RICHARD III.txt": 0.1436550158820759,
    "Locrine Mucedorus by Shakespeare.txt": -0.003800910203397123,
    "Love_s Labour_s Lost.txt": 0.11307386106036371,
    "MEASURE FOR MEASURE.txt": 0.1329153396069111,
    "Merchant of Venice.txt": 0.13596036786924898,
    "MUCH ADO ABOUT NOTHING.txt": 0.10844730583188428,
    "PERICLES PRINCE OF TYRE.txt": 0.07235770427362603,
    "Sir John Oldcastle by Shakespeare.txt": 0.13634105964985355,
    "Sir Thomas More by Shakespeare.txt": 0.14193700702655948,
    "Taming of the Shrew.txt": 0.12024358315416794,
    "The Comedy of Errors.txt": 0.13161281293547367,
    "THE HISTORY OF TROILUS AND CRESSIDA.txt": 0.05486723566468871,
    "The Life and Death of the Lord Cromwell by Shakespeare.txt": 0.12453763661188577,
    "THE LIFE OF TIMON OF ATHENS.txt": 0.11111407673467222,
    "The London Prodigal.txt": 0.08486649273646313,
    "The Merry Devill of Edmonton by Shakespeare.txt": 0.11471267186361062,
    "THE MERRY WIVES OF WINDSOR.txt": 0.0974665167894197,
    "The Puritaine Widdow by Shakespeare.txt": 0.02181376244190797,
    "THE RAPE OF LUCRECE.txt": 0.0931194771993023,
    "THE TAMING OF THE SHREW.txt": 0.13602764543541007,
    "THE TEMPEST.txt": 0.1342214690476468,
    "THE TRAGEDY OF ANTONY AND CLEOPATRA.txt": 0.12303637922249244,
    "THE TRAGEDY OF CORIOLANUS.txt": 0.07039599520695927,
    "THE TRAGEDY OF HAMLET PRINCE OF DENMARK.txt": 0.11223295340460487,
    "THE TRAGEDY OF JULIUS CAESAR.txt": 0.07240489193080057,
    "THE TRAGEDY OF KING LEAR.txt": 0.1483358205649447,
    "THE TRAGEDY OF MACBETH.txt": 0.11261903842471621,
    "THE TRAGEDY OF OTHELLO MOOR OF VENICE.txt": 0.1433126174258429,
    "THE TRAGEDY OF ROMEO AND JULIET.txt": 0.11848776732229321,
    "THE TRAGEDY OF TITUS ANDRONICUS.txt": 0.08414910576660656,
    "THE TWO GENTLEMEN OF VERONA.txt": 0.13125866953397947,
    "The Two Noble Kinsmen by Shakespeare.txt": 0.007358788200453603,
    "THE WINTERS TALE.txt": 0.12088950736429704,
    "Venus and Adonis.txt": 0.09266768904850353
}