{
    "A MIDSUMMER NIGHT_S DREAM.txt": 0.0669620760204388,
    "A Yorkshire Tragedy by Shakespeare.txt": -0.00946745030187457,
    "Arden of Feversham.txt": -0.025207799383310192,
    "AS YOU LIKE IT.txt": 0.0984564903169971,
    "CYMBELINE.txt": 0.10900961908328904,
    "Fair Em by Shakespeare.txt": 0.09618903816271984,
    "KING EDWARD III by Shakespeare.txt": -0.028267640807708827,
    "King Henry IV, Part 1.txt": 0.11584522419577653,
    "KING HENRY V.txt": 0.09300827114114607,
    "KING HENRY VI part I.txt": -0.20974421491999695,
    "KING HENRY VI Part II.txt": 0.09895106827898875,
    "KING HENRY VI Part III.txt": 0.10999706481597099,
    "KING HENRY VIII.txt": 0.10008418485787579,
    "KING JOHN.txt": 0.06369856950814456,
    "KING RICHARD II.txt": 0.1069713975822757,
    "KING RICHARD III.txt": 0.11254358415030552,
    "Locrine Mucedorus by Shakespeare.txt": -0.02345846015396258,
    "Love_s Labour_s Lost.txt": 0.08458373273660619,
    "MEASURE FOR MEASURE.txt": 0.08359949668866246,
    "Merchant of Venice.txt": 0.10458066703163865,
    "MUCH ADO ABOUT NOTHING.txt": 0.06429628009702965,
    "PERICLES PRINCE OF TYRE.txt": 0.007098083709221437,
    "Sir John Oldcastle by Shakespeare.txt": 0.10104083089423227,
    "Sir Thomas More by Shakespeare.txt": 0.08930416945485847,
    "Taming of the Shrew.txt": 0.0708420102264899,
    "The Comedy of Errors.txt": 0.09846437376985978,
    "THE HISTORY OF TROILUS AND CRESSIDA.txt": -0.01860065067665395,
    "The Life and Death of the Lord Cromwell by Shakespeare.txt": 0.10777172224423792,
    "THE LIFE OF TIMON OF ATHENS.txt": 0.04235514374705984,
    "The London Prodigal.txt": 0.09121940213975133,
    "The Merry Devill of Edmonton by Shakespeare.txt": 0.09960800529768105,
    "THE MERRY WIVES OF WINDSOR.txt": -0.055097463149692105,
    "The Puritaine Widdow by Shakespeare.txt": -0.15145742189725953,
    "THE RAPE OF LUCRECE.txt": 0.022703542521192055,
    "THE TAMING OF THE SHREW.txt": 0.065078808332862,
    "THE TEMPEST.txt": 0.1039555473108495,
    "THE TRAGEDY OF ANTONY AND CLEOPATRA.txt": 0.09572141021423464,
    "THE TRAGEDY OF CORIOLANUS.txt": 0.02516955406149357,
    "THE TRAGEDY OF HAMLET PRINCE OF DENMARK.txt": 0.09724718859794257,
    "THE TRAGEDY OF JULIUS CAESAR.txt": 0.006886241699926021,
    "THE TRAGEDY OF KING LEAR.txt": 0.09207315897864782,
    "THE TRAGEDY OF MACBETH.txt": 0.07388914488559745,
    "THE TRAGEDY OF OTHELLO MOOR OF VENICE.txt": 0.11248206550618067,
    "THE TRAGEDY OF ROMEO AND JULIET.txt": 0.09933323006119077,
    "THE TRAGEDY OF TITUS ANDRONICUS.txt": 0.04581400580159434,
    "THE TWO GENTLEMEN OF VERONA.txt": 0.0919296831094848,
    "The Two Noble Kinsmen by Shakespeare.txt": -0.03666274048793372,
    "THE WINTERS TALE.txt": 0.09786531668812992,
    "Venus and Adonis.txt": 0.08085990412159266
}