{
    "A LOVERS COMPLAINT.txt": 0.032265176014415975,
    "A MIDSUMMER NIGHT_S DREAM.txt": -0.02738669401980831,
    "A Yorkshire Tragedy by Shakespeare.txt": 0.07210308193849102,
    "Arden of Feversham.txt": 0.04205218973868835,
    "AS YOU LIKE IT.txt": 0.12991720036072957,
    "CYMBELINE.txt": 0.12813156318369767,
    "Fair Em by Shakespeare.txt": 0.12019444014913833,
    "KING EDWARD III by Shakespeare.txt": 0.0944110446297855,
    "King Henry IV, Part 1.txt": 0.12769296683441533,
    "KING HENRY V.txt": 0.12661735116106582,
    "KING HENRY VI part I.txt": -0.06407551615400997,
    "KING HENRY VI Part II.txt": 0.14330298852887136,
    "KING HENRY VI Part III.txt": 0.1308703802468728,
    "KING HENRY VIII.txt": 0.12771138529879472,
    "KING JOHN.txt": 0.03954307316864947,
    "KING RICHARD II.txt": 0.13122987534897768,
    "KING RICHARD III.txt": 0.14306895063641123,
    "Locrine Mucedorus by Shakespeare.txt": -0.010766317596162311,
    "Love_s Labour_s Lost.txt": 0.12461908756657664,
    "MEASURE FOR MEASURE.txt": 0.12739261457579226,
    "Merchant of Venice.txt": 0.12102761298564146,
    "MUCH ADO ABOUT NOTHING.txt": 0.10818452703238368,
    "PERICLES PRINCE OF TYRE.txt": 0.0890844568609111,
    "Sir John Oldcastle by Shakespeare.txt": 0.12121033305548884,
    "Sir Thomas More by Shakespeare.txt": 0.1291977973144235,
    "Taming of the Shrew.txt": 0.11002921384356595,
    "The Comedy of Errors.txt": 0.13168026472786587,
    "THE HISTORY OF TROILUS AND CRESSIDA.txt": 0.0638155796472123,
    "The Life and Death of the Lord Cromwell by Shakespeare.txt": 0.11857789102401872,
    "THE LIFE OF TIMON OF ATHENS.txt": 0.11555128227510003,
    "The London Prodigal.txt": 0.0894071704265747,
    "The Merry Devill of Edmonton by Shakespeare.txt": 0.09367467143760799,
    "THE MERRY WIVES OF WINDSOR.txt": 0.10991202970847558,
    "The Puritaine Widdow by Shakespeare.txt": 0.009334718874260295,
    "THE RAPE OF LUCRECE.txt": 0.1100784855565598,
    "THE TAMING OF THE SHREW.txt": 0.11770114114066615,
    "THE TEMPEST.txt": 0.1184336904227899,
    "THE TRAGEDY OF ANTONY AND CLEOPATRA.txt": 0.10671905573555085,
    "THE TRAGEDY OF CORIOLANUS.txt": 0.07409405417610604,
    "THE TRAGEDY OF HAMLET PRINCE OF DENMARK.txt": 0.1220892110845177,
    "THE TRAGEDY OF JULIUS CAESAR.txt": 0.08140839355815066,
    "THE TRAGEDY OF KING LEAR.txt": 0.1433885605293072,
    "THE TRAGEDY OF MACBETH.txt": 0.09548935735054642,
    "THE TRAGEDY OF OTHELLO MOOR OF VENICE.txt": 0.14117776575206314,
    "THE TRAGEDY OF ROMEO AND JULIET.txt": 0.12348704942637623,
    "THE TRAGEDY OF TITUS ANDRONICUS.txt": 0.09129313267010775,
    "THE TWO GENTLEMEN OF VERONA.txt": 0.11629188164243431,
    "The Two Noble Kinsmen by Shakespeare.txt": 0.005250701090136312,
    "THE WINTERS TALE.txt": 0.12800223938128513,
    "Venus and Adonis.txt": 0.09265865449692612
}