{
    "A MIDSUMMER NIGHT_S DREAM.txt": 0.06481701091289516,
    "A Yorkshire Tragedy by Shakespeare.txt": 0.008317530578931254,
    "Arden of Feversham.txt": -0.0173906797428649,
    "AS YOU LIKE IT.txt": 0.09101728163959705,
    "CYMBELINE.txt": 0.10414279356697054,
    "Fair Em by Shakespeare.txt": 0.07822090559324363,
    "KING EDWARD III by Shakespeare.txt": -0.032636163417129715,
    "King Henry IV, Part 1.txt": 0.10220993589632743,
    "KING HENRY V.txt": 0.07529685547878168,
    "KING HENRY VI part I.txt": -0.22235069640964233,
    "KING HENRY VI Part II.txt": 0.09110151480902778,
    "KING HENRY VI Part III.txt": 0.09855084605597142,
    "KING HENRY VIII.txt": 0.09928256246247869,
    "KING JOHN.txt": 0.07038904373165289,
    "KING RICHARD II.txt": 0.07607666351859249,
    "KING RICHARD III.txt": 0.1075719477261261,
    "Locrine Mucedorus by Shakespeare.txt": -0.01798218467884083,
    "Love_s Labour_s Lost.txt": 0.09332423255205968,
    "MEASURE FOR MEASURE.txt": 0.09298901689821326,
    "Merchant of Venice.txt": 0.11366277326339547,
    "MUCH ADO ABOUT NOTHING.txt": 0.08076447267640019,
    "PERICLES PRINCE OF TYRE.txt": 0.03342305509351806,
    "Sir John Oldcastle by Shakespeare.txt": 0.10997334513658336,
    "Sir Thomas More by Shakespeare.txt": 0.10192442591759066,
    "Taming of the Shrew.txt": 0.0768694656951483,
    "The Comedy of Errors.txt": 0.08732595055595893,
    "THE HISTORY OF TROILUS AND CRESSIDA.txt": -0.019115943933648016,
    "The Life and Death of the Lord Cromwell by Shakespeare.txt": 0.10370520778775166,
    "THE LIFE OF TIMON OF ATHENS.txt": 0.03224073840273006,
    "The London Prodigal.txt": 0.0712715176908284,
    "The Merry Devill of Edmonton by Shakespeare.txt": 0.09736217944368175,
    "THE MERRY WIVES OF WINDSOR.txt": -0.042089698778058016,
    "The Puritaine Widdow by Shakespeare.txt": -0.18397559964475418,
    "THE RAPE OF LUCRECE.txt": 0.03577272307484597,
    "THE TAMING OF THE SHREW.txt": 0.06020651074424033,
    "THE TEMPEST.txt": 0.12208500059059307,
    "THE TRAGEDY OF ANTONY AND CLEOPATRA.txt": 0.08199262771872912,
    "THE TRAGEDY OF CORIOLANUS.txt": 0.016395139582823237,
    "THE TRAGEDY OF HAMLET PRINCE OF DENMARK.txt": 0.0891399501708488,
    "THE TRAGEDY OF JULIUS CAESAR.txt": -0.007866615480848327,
    "THE TRAGEDY OF KING LEAR.txt": 0.07514450424789543,
    "THE TRAGEDY OF MACBETH.txt": 0.08247714078208535,
    "THE TRAGEDY OF OTHELLO MOOR OF VENICE.txt": 0.10945013382447127,
    "THE TRAGEDY OF ROMEO AND JULIET.txt": 0.10150825279434433,
    "THE TRAGEDY OF TITUS ANDRONICUS.txt": 0.05081560056034229,
    "THE TWO GENTLEMEN OF VERONA.txt": 0.08083220597932417,
    "The Two Noble Kinsmen by Shakespeare.txt": -0.04376546947573923,
    "THE WINTERS TALE.txt": 0.0999650618899991,
    "Venus and Adonis.txt": 0.05436880376776948
}