{
    "A LOVERS COMPLAINT.txt": 0.05919633922108741,
    "A MIDSUMMER NIGHT_S DREAM.txt": 0.03980231814089463,
    "A Yorkshire Tragedy by Shakespeare.txt": 0.05919633922108741,
    "Arden of Feversham.txt": 0.05919633922108741,
    "AS YOU LIKE IT.txt": 0.0735516663929332,
    "CYMBELINE.txt": 0.019412159189108324,
    "Fair Em by Shakespeare.txt": 0.05919633922108741,
    "KING EDWARD III by Shakespeare.txt": 0.08028208874177573,
    "King Henry IV, Part 1.txt": 0.10210504352850619,
    "KING HENRY V.txt": 0.011662242005802292,
    "KING HENRY VI part I.txt": 0.06938763424871669,
    "KING HENRY VI Part II.txt": 0.08028208874177573,
    "KING HENRY VI Part III.txt": 0.06847868359843096,
    "KING HENRY VIII.txt": 0.09934362316972556,
    "KING JOHN.txt": 0.07967079157215062,
    "KING RICHARD II.txt": 0.047172471316871356,
    "KING RICHARD III.txt": 0.08028208874177573,
    "Locrine Mucedorus by Shakespeare.txt": 0.09934362316972556,
    "Love_s Labour_s Lost.txt": 0.01942135369244241,
    "MEASURE FOR MEASURE.txt": 0.06776665792574665,
    "Merchant of Venice.txt": 0.08028208874177573,
    "MUCH ADO ABOUT NOTHING.txt": -0.06898241530299676,
    "PERICLES PRINCE OF TYRE.txt": 0.05389706754559209,
    "Sir John Oldcastle by Shakespeare.txt": 0.08028208874177573,
    "Sir Thomas More by Shakespeare.txt": 0.0793707895720237,
    "Taming of the Shrew.txt": 0.09934362316972556,
    "The Comedy of Errors.txt": 0.0793707895720237,
    "THE HISTORY OF TROILUS AND CRESSIDA.txt": -0.13696504040471535,
    "The Life and Death of the Lord Cromwell by Shakespeare.txt": 0.05919633922108741,
    "THE LIFE OF TIMON OF ATHENS.txt": 0.03906438100700693,
    "The London Prodigal.txt": 0.0793707895720237,
    "The Merry Devill of Edmonton by Shakespeare.txt": -0.11067091530472006,
    "THE MERRY WIVES OF WINDSOR.txt": 0.09934362316972556,
    "The Puritaine Widdow by Shakespeare.txt": 0.10210504352850619,
    "THE RAPE OF LUCRECE.txt": 0.08028208874177573,
    "THE TAMING OF THE SHREW.txt": 0.10210504352850619,
    "THE TEMPEST.txt": -0.01793294566471748,
    "THE TRAGEDY OF ANTONY AND CLEOPATRA.txt": -0.11829670736267062,
    "THE TRAGEDY OF CORIOLANUS.txt": -0.2344512062785663,
    "THE TRAGEDY OF HAMLET PRINCE OF DENMARK.txt": -0.017141569834664083,
    "THE TRAGEDY OF JULIUS CAESAR.txt": -0.0887513210527322,
    "THE TRAGEDY OF KING LEAR.txt": 0.0909524153547705,
    "THE TRAGEDY OF MACBETH.txt": 0.07808725632582314,
    "THE TRAGEDY OF OTHELLO MOOR OF VENICE.txt": -0.03525380041472914,
    "THE TRAGEDY OF ROMEO AND JULIET.txt": 0.10210504352850619,
    "THE TRAGEDY OF TITUS ANDRONICUS.txt": 0.10210504352850619,
    "THE TWO GENTLEMEN OF VERONA.txt": 0.08028208874177573,
    "The Two Noble Kinsmen by Shakespeare.txt": 0.052725163025266086,
    "THE WINTERS TALE.txt": 0.055814959837819755,
    "Venus and Adonis.txt": 0.017999036457701456
}