{
    "A LOVERS COMPLAINT.txt": 0.08306595300146524,
    "A MIDSUMMER NIGHT_S DREAM.txt": 0.013411101000220138,
    "A Yorkshire Tragedy by Shakespeare.txt": 0.08306595300146524,
    "Arden of Feversham.txt": 0.08306595300146524,
    "AS YOU LIKE IT.txt": 0.08815974152296241,
    "CYMBELINE.txt": 0.0033613587263162104,
    "Fair Em by Shakespeare.txt": 0.08306595300146524,
    "KING EDWARD III by Shakespeare.txt": 0.09325351678452631,
    "King Henry IV, Part 1.txt": 0.09212271685088269,
    "KING HENRY V.txt": 0.010973274613752915,
    "KING HENRY VI part I.txt": 0.0590817207205076,
    "KING HENRY VI Part II.txt": 0.09325351678452631,
    "KING HENRY VI Part III.txt": 0.07415105182046522,
    "KING HENRY VIII.txt": 0.10247115368349913,
    "KING JOHN.txt": 0.06528933781992069,
    "KING RICHARD II.txt": 0.06816655989575227,
    "KING RICHARD III.txt": 0.09325351678452631,
    "Locrine Mucedorus by Shakespeare.txt": 0.10247115368349913,
    "Love_s Labour_s Lost.txt": 0.004407870735420483,
    "MEASURE FOR MEASURE.txt": 0.059822891380776955,
    "Merchant of Venice.txt": 0.09325351678452631,
    "MUCH ADO ABOUT NOTHING.txt": -0.03959264083124536,
    "PERICLES PRINCE OF TYRE.txt": 0.041069343798125435,
    "Sir John Oldcastle by Shakespeare.txt": 0.09325351678452631,
    "Sir Thomas More by Shakespeare.txt": 0.07477001026597807,
    "Taming of the Shrew.txt": 0.10247115368349913,
    "The Comedy of Errors.txt": 0.07477001026597807,
    "THE HISTORY OF TROILUS AND CRESSIDA.txt": -0.1592400576372207,
    "The Life and Death of the Lord Cromwell by Shakespeare.txt": 0.08306595300146524,
    "THE LIFE OF TIMON OF ATHENS.txt": 0.06952105752520632,
    "The London Prodigal.txt": 0.07477001026597807,
    "The Merry Devill of Edmonton by Shakespeare.txt": -0.09234893720461013,
    "THE MERRY WIVES OF WINDSOR.txt": 0.10247115368349913,
    "The Puritaine Widdow by Shakespeare.txt": 0.09212271685088269,
    "THE RAPE OF LUCRECE.txt": 0.09325351678452631,
    "THE TAMING OF THE SHREW.txt": 0.09212271685088269,
    "THE TEMPEST.txt": -0.024859861938384853,
    "THE TRAGEDY OF ANTONY AND CLEOPATRA.txt": -0.13794309544482153,
    "THE TRAGEDY OF CORIOLANUS.txt": -0.2500554104445011,
    "THE TRAGEDY OF HAMLET PRINCE OF DENMARK.txt": -0.002004085246999021,
    "THE TRAGEDY OF JULIUS CAESAR.txt": -0.08066527278859392,
    "THE TRAGEDY OF KING LEAR.txt": 0.09515337701726484,
    "THE TRAGEDY OF MACBETH.txt": 0.08585017530560213,
    "THE TRAGEDY OF OTHELLO MOOR OF VENICE.txt": -0.03330026078709236,
    "THE TRAGEDY OF ROMEO AND JULIET.txt": 0.09212271685088269,
    "THE TRAGEDY OF TITUS ANDRONICUS.txt": 0.09212271685088269,
    "THE TWO GENTLEMEN OF VERONA.txt": 0.09325351678452631,
    "The Two Noble Kinsmen by Shakespeare.txt": 0.049533716413701134,
    "THE WINTERS TALE.txt": 0.04222484870292237,
    "Venus and Adonis.txt": 0.027107533939699557
}