{
    "A MIDSUMMER NIGHT_S DREAM.txt": 0.05442226605978856,
    "A Yorkshire Tragedy by Shakespeare.txt": 0.06934857042366288,
    "Arden of Feversham.txt": 0.06934857042366288,
    "AS YOU LIKE IT.txt": 0.08226015731347774,
    "CYMBELINE.txt": 0.03122035100512649,
    "Fair Em by Shakespeare.txt": 0.06934857042366288,
    "KING EDWARD III by Shakespeare.txt": 0.11670524396873322,
    "King Henry IV, Part 1.txt": 0.09871698405660928,
    "KING HENRY V.txt": -0.03429761205980231,
    "KING HENRY VI part I.txt": 0.041625514353305804,
    "KING HENRY VI Part II.txt": 0.09221890952294787,
    "KING HENRY VI Part III.txt": 0.11807318356064295,
    "KING HENRY VIII.txt": 0.1068398087801894,
    "KING JOHN.txt": 0.09766749985418915,
    "KING RICHARD II.txt": 0.1078058363741527,
    "KING RICHARD III.txt": 0.09829462465328259,
    "Locrine Mucedorus by Shakespeare.txt": 0.10062364090831338,
    "Love_s Labour_s Lost.txt": 0.045247322327701234,
    "MEASURE FOR MEASURE.txt": 0.07160688233542051,
    "Merchant of Venice.txt": 0.11670524396873322,
    "MUCH ADO ABOUT NOTHING.txt": -0.01004054822224476,
    "PERICLES PRINCE OF TYRE.txt": 0.013949397585949153,
    "Sir John Oldcastle by Shakespeare.txt": 0.10560671592209026,
    "Sir Thomas More by Shakespeare.txt": 0.11388576405721129,
    "Taming of the Shrew.txt": 0.10454992843322963,
    "The Comedy of Errors.txt": 0.11548121829469926,
    "THE HISTORY OF TROILUS AND CRESSIDA.txt": -0.16343266738277185,
    "The Life and Death of the Lord Cromwell by Shakespeare.txt": 0.06934857042366288,
    "THE LIFE OF TIMON OF ATHENS.txt": 0.11807318356064295,
    "The London Prodigal.txt": 0.09336954690036725,
    "The Merry Devill of Edmonton by Shakespeare.txt": -0.09423178985677905,
    "THE MERRY WIVES OF WINDSOR.txt": 0.08417456570905918,
    "The Puritaine Widdow by Shakespeare.txt": 0.11665199186252972,
    "THE RAPE OF LUCRECE.txt": 0.10515377200881715,
    "THE TAMING OF THE SHREW.txt": 0.11514178721354346,
    "THE TEMPEST.txt": -0.007841549324365427,
    "THE TRAGEDY OF ANTONY AND CLEOPATRA.txt": -0.17817663458280242,
    "THE TRAGEDY OF CORIOLANUS.txt": -0.18954195491257875,
    "THE TRAGEDY OF HAMLET PRINCE OF DENMARK.txt": 0.03796215782866724,
    "THE TRAGEDY OF JULIUS CAESAR.txt": -0.12165552789343692,
    "THE TRAGEDY OF KING LEAR.txt": 0.10276781985182776,
    "THE TRAGEDY OF MACBETH.txt": 0.033178097143663265,
    "THE TRAGEDY OF OTHELLO MOOR OF VENICE.txt": -0.01929499803831969,
    "THE TRAGEDY OF ROMEO AND JULIET.txt": 0.10603933883497285,
    "THE TRAGEDY OF TITUS ANDRONICUS.txt": 0.10895245370915663,
    "THE TWO GENTLEMEN OF VERONA.txt": 0.0873717418132618,
    "The Two Noble Kinsmen by Shakespeare.txt": 0.07008816078472369,
    "THE WINTERS TALE.txt": 0.041478639270715545,
    "Venus and Adonis.txt": 0.10370945044785274
}