{
    "A LOVERS COMPLAINT.txt": 0.060296742350399224,
    "A MIDSUMMER NIGHT_S DREAM.txt": 0.024289280308503136,
    "A Yorkshire Tragedy by Shakespeare.txt": 0.060296742350399224,
    "Arden of Feversham.txt": 0.060296742350399224,
    "AS YOU LIKE IT.txt": 0.08820173073921572,
    "CYMBELINE.txt": -0.004196684356732927,
    "Fair Em by Shakespeare.txt": 0.060296742350399224,
    "KING EDWARD III by Shakespeare.txt": 0.07249870462054203,
    "King Henry IV, Part 1.txt": 0.09836079614000293,
    "KING HENRY V.txt": -0.010193108760524594,
    "KING HENRY VI part I.txt": 0.08199936948143483,
    "KING HENRY VI Part II.txt": 0.07249870462054203,
    "KING HENRY VI Part III.txt": 0.08196302726366422,
    "KING HENRY VIII.txt": 0.09468441578769615,
    "KING JOHN.txt": 0.07361964582533881,
    "KING RICHARD II.txt": 0.04713411330329387,
    "KING RICHARD III.txt": 0.07249870462054203,
    "Locrine Mucedorus by Shakespeare.txt": 0.09468441578769615,
    "Love_s Labour_s Lost.txt": -0.010286685281412744,
    "MEASURE FOR MEASURE.txt": 0.04006157804594812,
    "Merchant of Venice.txt": 0.07249870462054203,
    "MUCH ADO ABOUT NOTHING.txt": -0.040266272026760475,
    "PERICLES PRINCE OF TYRE.txt": 0.03030351207497245,
    "Sir John Oldcastle by Shakespeare.txt": 0.07249870462054203,
    "Sir Thomas More by Shakespeare.txt": 0.08324772178755596,
    "Taming of the Shrew.txt": 0.09468441578769615,
    "The Comedy of Errors.txt": 0.08324772178755596,
    "THE HISTORY OF TROILUS AND CRESSIDA.txt": -0.1232850961873927,
    "The Life and Death of the Lord Cromwell by Shakespeare.txt": 0.060296742350399224,
    "THE LIFE OF TIMON OF ATHENS.txt": 0.041669631472206425,
    "The London Prodigal.txt": 0.08324772178755596,
    "The Merry Devill of Edmonton by Shakespeare.txt": -0.08303618016390513,
    "THE MERRY WIVES OF WINDSOR.txt": 0.09468441578769615,
    "The Puritaine Widdow by Shakespeare.txt": 0.09836079614000293,
    "THE RAPE OF LUCRECE.txt": 0.07249870462054203,
    "THE TAMING OF THE SHREW.txt": 0.09836079614000293,
    "THE TEMPEST.txt": -0.018980541142269658,
    "THE TRAGEDY OF ANTONY AND CLEOPATRA.txt": -0.11406709878542698,
    "THE TRAGEDY OF CORIOLANUS.txt": -0.2287626272326534,
    "THE TRAGEDY OF HAMLET PRINCE OF DENMARK.txt": -0.011142304537398062,
    "THE TRAGEDY OF JULIUS CAESAR.txt": -0.06397216927334959,
    "THE TRAGEDY OF KING LEAR.txt": 0.07817585323421683,
    "THE TRAGEDY OF MACBETH.txt": 0.07465595919937978,
    "THE TRAGEDY OF OTHELLO MOOR OF VENICE.txt": -0.04489688915435508,
    "THE TRAGEDY OF ROMEO AND JULIET.txt": 0.09836079614000293,
    "THE TRAGEDY OF TITUS ANDRONICUS.txt": 0.09836079614000293,
    "THE TWO GENTLEMEN OF VERONA.txt": 0.07249870462054203,
    "The Two Noble Kinsmen by Shakespeare.txt": 0.032935355731513793,
    "THE WINTERS TALE.txt": 0.05014826479964801,
    "Venus and Adonis.txt": -0.0022583895076530025
}