{
    "A LOVERS COMPLAINT.txt": 0.07954033042750402,
    "A MIDSUMMER NIGHT_S DREAM.txt": 0.021994837435182824,
    "A Yorkshire Tragedy by Shakespeare.txt": 0.07954033042750402,
    "Arden of Feversham.txt": 0.07954033042750402,
    "AS YOU LIKE IT.txt": 0.07980016782102167,
    "CYMBELINE.txt": -0.0052561141394074085,
    "Fair Em by Shakespeare.txt": 0.07954033042750402,
    "KING EDWARD III by Shakespeare.txt": 0.09463518288871586,
    "King Henry IV, Part 1.txt": 0.10684756301270953,
    "KING HENRY V.txt": 0.012503230220542894,
    "KING HENRY VI part I.txt": 0.0734988419326939,
    "KING HENRY VI Part II.txt": 0.09463518288871586,
    "KING HENRY VI Part III.txt": 0.08303295123112253,
    "KING HENRY VIII.txt": 0.09865209776949202,
    "KING JOHN.txt": 0.08615009743815127,
    "KING RICHARD II.txt": 0.0754340607489602,
    "KING RICHARD III.txt": 0.09463518288871586,
    "Locrine Mucedorus by Shakespeare.txt": 0.09865209776949202,
    "Love_s Labour_s Lost.txt": 0.00031776531536448216,
    "MEASURE FOR MEASURE.txt": 0.04654650130746213,
    "Merchant of Venice.txt": 0.09463518288871586,
    "MUCH ADO ABOUT NOTHING.txt": -0.052453771107587865,
    "PERICLES PRINCE OF TYRE.txt": 0.051758209346754014,
    "Sir John Oldcastle by Shakespeare.txt": 0.09463518288871586,
    "Sir Thomas More by Shakespeare.txt": 0.08816989938115088,
    "Taming of the Shrew.txt": 0.09865209776949202,
    "The Comedy of Errors.txt": 0.08816989938115088,
    "THE HISTORY OF TROILUS AND CRESSIDA.txt": -0.15432884855173268,
    "The Life and Death of the Lord Cromwell by Shakespeare.txt": 0.07954033042750402,
    "THE LIFE OF TIMON OF ATHENS.txt": 0.05833763597910613,
    "The London Prodigal.txt": 0.08816989938115088,
    "The Merry Devill of Edmonton by Shakespeare.txt": -0.0961677012285651,
    "THE MERRY WIVES OF WINDSOR.txt": 0.09865209776949202,
    "The Puritaine Widdow by Shakespeare.txt": 0.10684756301270953,
    "THE RAPE OF LUCRECE.txt": 0.09463518288871586,
    "THE TAMING OF THE SHREW.txt": 0.10684756301270953,
    "THE TEMPEST.txt": -0.03422390554896804,
    "THE TRAGEDY OF ANTONY AND CLEOPATRA.txt": -0.1189591567213013,
    "THE TRAGEDY OF CORIOLANUS.txt": -0.2553841914770649,
    "THE TRAGEDY OF HAMLET PRINCE OF DENMARK.txt": -0.015680855397543603,
    "THE TRAGEDY OF JULIUS CAESAR.txt": -0.08202687077835924,
    "THE TRAGEDY OF KING LEAR.txt": 0.0817823195714697,
    "THE TRAGEDY OF MACBETH.txt": 0.07267748306096666,
    "THE TRAGEDY OF OTHELLO MOOR OF VENICE.txt": -0.055009450844864194,
    "THE TRAGEDY OF ROMEO AND JULIET.txt": 0.10684756301270953,
    "THE TRAGEDY OF TITUS ANDRONICUS.txt": 0.10684756301270953,
    "THE TWO GENTLEMEN OF VERONA.txt": 0.09463518288871586,
    "The Two Noble Kinsmen by Shakespeare.txt": 0.03630328686697876,
    "THE WINTERS TALE.txt": 0.05699838503915239,
    "Venus and Adonis.txt": 0.017602735448096596
}