{
    "A MIDSUMMER NIGHT_S DREAM.txt": 0.06246331412403194,
    "A Yorkshire Tragedy by Shakespeare.txt": 0.058805909629537134,
    "Arden of Feversham.txt": 0.058805909629537134,
    "AS YOU LIKE IT.txt": 0.08565503787775852,
    "CYMBELINE.txt": 0.029748918519670986,
    "Fair Em by Shakespeare.txt": 0.058805909629537134,
    "KING EDWARD III by Shakespeare.txt": 0.13089577320075102,
    "King Henry IV, Part 1.txt": 0.10975251621949067,
    "KING HENRY V.txt": -0.025839621306968485,
    "KING HENRY VI part I.txt": 0.02916711974692099,
    "KING HENRY VI Part II.txt": 0.09841060336318969,
    "KING HENRY VI Part III.txt": 0.10321697458032547,
    "KING HENRY VIII.txt": 0.11935659880858823,
    "KING JOHN.txt": 0.09493804084982943,
    "KING RICHARD II.txt": 0.08281970009431616,
    "KING RICHARD III.txt": 0.12127674795665916,
    "Locrine Mucedorus by Shakespeare.txt": 0.09291793846241903,
    "Love_s Labour_s Lost.txt": 0.0632533944977971,
    "MEASURE FOR MEASURE.txt": 0.07502126675734117,
    "Merchant of Venice.txt": 0.13089577320075102,
    "MUCH ADO ABOUT NOTHING.txt": -0.02573169994510116,
    "PERICLES PRINCE OF TYRE.txt": 0.01321319350335376,
    "Sir John Oldcastle by Shakespeare.txt": 0.12157392744065276,
    "Sir Thomas More by Shakespeare.txt": 0.10943573851842564,
    "Taming of the Shrew.txt": 0.12048370895070848,
    "The Comedy of Errors.txt": 0.11290793473482669,
    "THE HISTORY OF TROILUS AND CRESSIDA.txt": -0.16851253595480942,
    "The Life and Death of the Lord Cromwell by Shakespeare.txt": 0.058805909629537134,
    "THE LIFE OF TIMON OF ATHENS.txt": 0.10321697458032547,
    "The London Prodigal.txt": 0.10637294622687249,
    "The Merry Devill of Edmonton by Shakespeare.txt": -0.09580537952440127,
    "THE MERRY WIVES OF WINDSOR.txt": 0.0717202175500285,
    "The Puritaine Widdow by Shakespeare.txt": 0.10831817866429033,
    "THE RAPE OF LUCRECE.txt": 0.09157628469407986,
    "THE TAMING OF THE SHREW.txt": 0.11471426813984004,
    "THE TEMPEST.txt": -0.024615835380425888,
    "THE TRAGEDY OF ANTONY AND CLEOPATRA.txt": -0.1722930865543112,
    "THE TRAGEDY OF CORIOLANUS.txt": -0.18954195491257875,
    "THE TRAGEDY OF HAMLET PRINCE OF DENMARK.txt": 0.037988329581663205,
    "THE TRAGEDY OF JULIUS CAESAR.txt": -0.12181555838121283,
    "THE TRAGEDY OF KING LEAR.txt": 0.09823359073522597,
    "THE TRAGEDY OF MACBETH.txt": 0.03336558628515862,
    "THE TRAGEDY OF OTHELLO MOOR OF VENICE.txt": -0.026561214762765517,
    "THE TRAGEDY OF ROMEO AND JULIET.txt": 0.1250063956522275,
    "THE TRAGEDY OF TITUS ANDRONICUS.txt": 0.11134483174963766,
    "THE TWO GENTLEMEN OF VERONA.txt": 0.11495514176004501,
    "The Two Noble Kinsmen by Shakespeare.txt": 0.04906852389756594,
    "THE WINTERS TALE.txt": 0.060301007402610185,
    "Venus and Adonis.txt": 0.09799844319313744
}