{
    "A LOVERS COMPLAINT.txt": -0.09387187129427799,
    "A MIDSUMMER NIGHT_S DREAM.txt": 0.07429653049183571,
    "A Yorkshire Tragedy by Shakespeare.txt": 0.1226512710433284,
    "Arden of Feversham.txt": 0.14878480113996045,
    "AS YOU LIKE IT.txt": 0.15683128656039375,
    "CYMBELINE.txt": 0.14305114088929255,
    "Fair Em by Shakespeare.txt": 0.11236243992924655,
    "KING EDWARD III by Shakespeare.txt": 0.14043699651941016,
    "King Henry IV, Part 1.txt": 0.1481653662480465,
    "KING HENRY V.txt": 0.13981736595945582,
    "KING HENRY VI part I.txt": 0.05121775520017918,
    "KING HENRY VI Part II.txt": 0.14802707955591582,
    "KING HENRY VI Part III.txt": 0.10780715883651659,
    "KING HENRY VIII.txt": 0.1570463980960945,
    "KING JOHN.txt": -0.1448771830929404,
    "KING RICHARD II.txt": 0.1434076804680699,
    "KING RICHARD III.txt": 0.14996189272309018,
    "Locrine Mucedorus by Shakespeare.txt": 0.10827572531521762,
    "Love_s Labour_s Lost.txt": 0.13379682065141363,
    "MEASURE FOR MEASURE.txt": 0.15424531527397378,
    "Merchant of Venice.txt": 0.13583608613952225,
    "MUCH ADO ABOUT NOTHING.txt": 0.14697858622051063,
    "PERICLES PRINCE OF TYRE.txt": 0.1495087978525212,
    "Sir John Oldcastle by Shakespeare.txt": 0.1589891540725622,
    "Sir Thomas More by Shakespeare.txt": 0.11425047389020826,
    "Taming of the Shrew.txt": 0.14395350542483426,
    "The Comedy of Errors.txt": 0.16548026017750694,
    "THE HISTORY OF TROILUS AND CRESSIDA.txt": 0.1460230432869899,
    "The Life and Death of the Lord Cromwell by Shakespeare.txt": 0.14372970624792752,
    "THE LIFE OF TIMON OF ATHENS.txt": 0.14766807637476465,
    "The London Prodigal.txt": 0.1012513719806894,
    "The Merry Devill of Edmonton by Shakespeare.txt": 0.14038490116149482,
    "THE MERRY WIVES OF WINDSOR.txt": 0.1616581092817725,
    "The Puritaine Widdow by Shakespeare.txt": 0.1502400377740844,
    "THE RAPE OF LUCRECE.txt": 0.12977691121597423,
    "THE TAMING OF THE SHREW.txt": 0.14659671944654434,
    "THE TEMPEST.txt": 0.11127479563446363,
    "THE TRAGEDY OF ANTONY AND CLEOPATRA.txt": 0.12779114186430485,
    "THE TRAGEDY OF CORIOLANUS.txt": 0.12754182037471623,
    "THE TRAGEDY OF HAMLET PRINCE OF DENMARK.txt": 0.12092701891548319,
    "THE TRAGEDY OF JULIUS CAESAR.txt": 0.1404300769695832,
    "THE TRAGEDY OF KING LEAR.txt": 0.12391003390175648,
    "THE TRAGEDY OF MACBETH.txt": 0.15136096501970686,
    "THE TRAGEDY OF OTHELLO MOOR OF VENICE.txt": 0.14917748887732546,
    "THE TRAGEDY OF ROMEO AND JULIET.txt": 0.13690530202337314,
    "THE TRAGEDY OF TITUS ANDRONICUS.txt": 0.15188690762577856,
    "THE TWO GENTLEMEN OF VERONA.txt": 0.1495319176447119,
    "The Two Noble Kinsmen by Shakespeare.txt": 0.146030609608656,
    "THE WINTERS TALE.txt": 0.14885765588066396,
    "Venus and Adonis.txt": 0.11148778225025313
}