{
    "A LOVERS COMPLAINT.txt": 0.12581549231662653,
    "A MIDSUMMER NIGHT_S DREAM.txt": 0.1090687110561912,
    "A Yorkshire Tragedy by Shakespeare.txt": 0.15412629896153124,
    "Arden of Feversham.txt": 0.12215721021327741,
    "AS YOU LIKE IT.txt": 0.10154557613445248,
    "CYMBELINE.txt": 0.1356250438590793,
    "Fair Em by Shakespeare.txt": 0.1386495091473618,
    "KING EDWARD III by Shakespeare.txt": 0.1070713330665733,
    "King Henry IV, Part 1.txt": 0.13791590696559258,
    "KING HENRY V.txt": 0.10309751623767777,
    "KING HENRY VI part I.txt": -0.06134749710589793,
    "KING HENRY VI Part II.txt": 0.11283000736546417,
    "KING HENRY VI Part III.txt": 0.14305870026781042,
    "KING HENRY VIII.txt": 0.08711487715307376,
    "KING JOHN.txt": 0.13686201630758094,
    "KING RICHARD II.txt": 0.13605463525697298,
    "KING RICHARD III.txt": 0.14483037537088056,
    "Locrine Mucedorus by Shakespeare.txt": 0.12380459144298217,
    "Love_s Labour_s Lost.txt": 0.13139088128061455,
    "MEASURE FOR MEASURE.txt": 0.09719789652221228,
    "Merchant of Venice.txt": 0.12771606313386014,
    "MUCH ADO ABOUT NOTHING.txt": 0.11939566663464674,
    "PERICLES PRINCE OF TYRE.txt": 0.1233136713270695,
    "Sir John Oldcastle by Shakespeare.txt": 0.13910155266888402,
    "Sir Thomas More by Shakespeare.txt": 0.07377926270722418,
    "Taming of the Shrew.txt": 0.11766210251559917,
    "The Comedy of Errors.txt": 0.0829924786694865,
    "THE HISTORY OF TROILUS AND CRESSIDA.txt": 0.14865872545909636,
    "The Life and Death of the Lord Cromwell by Shakespeare.txt": 0.15097937885179546,
    "THE LIFE OF TIMON OF ATHENS.txt": 0.11505037179177513,
    "The London Prodigal.txt": 0.13818488673752954,
    "The Merry Devill of Edmonton by Shakespeare.txt": 0.04381249413002697,
    "THE MERRY WIVES OF WINDSOR.txt": -0.2131578709047458,
    "The Puritaine Widdow by Shakespeare.txt": -0.017108092250438967,
    "THE RAPE OF LUCRECE.txt": 0.12717223663191474,
    "THE TAMING OF THE SHREW.txt": 0.15577538884205716,
    "THE TEMPEST.txt": 0.05715552369062438,
    "THE TRAGEDY OF ANTONY AND CLEOPATRA.txt": 0.12370089271062762,
    "THE TRAGEDY OF CORIOLANUS.txt": 0.13891917547227206,
    "THE TRAGEDY OF HAMLET PRINCE OF DENMARK.txt": 0.14501388262442977,
    "THE TRAGEDY OF JULIUS CAESAR.txt": 0.12233066648789209,
    "THE TRAGEDY OF KING LEAR.txt": 0.12444171742929333,
    "THE TRAGEDY OF MACBETH.txt": 0.055029805174974744,
    "THE TRAGEDY OF OTHELLO MOOR OF VENICE.txt": 0.12649289566739352,
    "THE TRAGEDY OF ROMEO AND JULIET.txt": 0.1298659017110983,
    "THE TRAGEDY OF TITUS ANDRONICUS.txt": 0.09941317059166566,
    "THE TWO GENTLEMEN OF VERONA.txt": 0.10863220209333646,
    "The Two Noble Kinsmen by Shakespeare.txt": 0.06770932682554964,
    "THE WINTERS TALE.txt": 0.13756037003643296,
    "Venus and Adonis.txt": 0.11699297971745432
}