{
    "A LOVERS COMPLAINT.txt": -0.19960858757790156,
    "A MIDSUMMER NIGHT_S DREAM.txt": 0.12782769369420732,
    "A Yorkshire Tragedy by Shakespeare.txt": 0.0858804622717701,
    "Arden of Feversham.txt": 0.11535247411878241,
    "AS YOU LIKE IT.txt": 0.14590629172293362,
    "CYMBELINE.txt": 0.11629083830922243,
    "Fair Em by Shakespeare.txt": 0.13513925108564967,
    "KING EDWARD III by Shakespeare.txt": 0.12525698282194703,
    "King Henry IV, Part 1.txt": 0.1077921518650043,
    "KING HENRY V.txt": 0.13641216935431716,
    "KING HENRY VI part I.txt": 0.12937310843604077,
    "KING HENRY VI Part II.txt": 0.13348300405147295,
    "KING HENRY VI Part III.txt": 0.12526990290783646,
    "KING HENRY VIII.txt": 0.1194561825896312,
    "KING JOHN.txt": 0.08185930338567465,
    "KING RICHARD II.txt": 0.13371558523874183,
    "KING RICHARD III.txt": 0.11986048145748385,
    "Locrine Mucedorus by Shakespeare.txt": 0.04161663685980227,
    "Love_s Labour_s Lost.txt": 0.13035906857302182,
    "MEASURE FOR MEASURE.txt": 0.1332065793135559,
    "Merchant of Venice.txt": 0.0997327286892335,
    "MUCH ADO ABOUT NOTHING.txt": 0.125832832633877,
    "PERICLES PRINCE OF TYRE.txt": 0.1232200608243404,
    "Sir John Oldcastle by Shakespeare.txt": 0.10744584982638711,
    "Sir Thomas More by Shakespeare.txt": 0.09366983785132643,
    "Taming of the Shrew.txt": 0.1152621781211911,
    "The Comedy of Errors.txt": 0.13542894573709413,
    "THE HISTORY OF TROILUS AND CRESSIDA.txt": 0.11525935718422886,
    "The Life and Death of the Lord Cromwell by Shakespeare.txt": 0.12557554329683834,
    "THE LIFE OF TIMON OF ATHENS.txt": 0.14835881400873835,
    "The London Prodigal.txt": 0.052584349913668005,
    "The Merry Devill of Edmonton by Shakespeare.txt": 0.12169113206287413,
    "THE MERRY WIVES OF WINDSOR.txt": 0.1405755517135348,
    "The Puritaine Widdow by Shakespeare.txt": 0.1208100965272636,
    "THE RAPE OF LUCRECE.txt": -0.005735388410243902,
    "THE TAMING OF THE SHREW.txt": 0.13996023148771586,
    "THE TEMPEST.txt": 0.13760240638268784,
    "THE TRAGEDY OF ANTONY AND CLEOPATRA.txt": -0.07196675684717824,
    "THE TRAGEDY OF CORIOLANUS.txt": 0.1284513973989157,
    "THE TRAGEDY OF HAMLET PRINCE OF DENMARK.txt": 0.12391915986934965,
    "THE TRAGEDY OF JULIUS CAESAR.txt": 0.06686943944280344,
    "THE TRAGEDY OF KING LEAR.txt": 0.1251316231231278,
    "THE TRAGEDY OF MACBETH.txt": 0.11471349658384455,
    "THE TRAGEDY OF OTHELLO MOOR OF VENICE.txt": 0.10230417677548936,
    "THE TRAGEDY OF ROMEO AND JULIET.txt": 0.1169731636660179,
    "THE TRAGEDY OF TITUS ANDRONICUS.txt": 0.15361982210552955,
    "THE TWO GENTLEMEN OF VERONA.txt": 0.12233159118978004,
    "The Two Noble Kinsmen by Shakespeare.txt": 0.11404928750806842,
    "THE WINTERS TALE.txt": 0.13270296803281062,
    "Venus and Adonis.txt": 0.09791205958254062
}