{
    "A LOVERS COMPLAINT.txt": 0.05364065201206669,
    "A MIDSUMMER NIGHT_S DREAM.txt": -0.060029233594196874,
    "A Yorkshire Tragedy by Shakespeare.txt": 0.05364065201206669,
    "Arden of Feversham.txt": -0.11402412328390199,
    "AS YOU LIKE IT.txt": 0.05364065201206669,
    "CYMBELINE.txt": 0.05364065201206669,
    "Fair Em by Shakespeare.txt": -0.10509980425933652,
    "KING EDWARD III by Shakespeare.txt": 0.010484661455747613,
    "King Henry IV, Part 1.txt": 0.010484661455747613,
    "KING HENRY V.txt": -0.060029233594196874,
    "KING HENRY VI part I.txt": 0.010484661455747613,
    "KING HENRY VI Part II.txt": 0.05364065201206669,
    "KING HENRY VI Part III.txt": 0.010484661455747613,
    "KING HENRY VIII.txt": 0.010484661455747613,
    "KING JOHN.txt": -0.060029233594196874,
    "KING RICHARD II.txt": 0.05364065201206669,
    "KING RICHARD III.txt": 0.010484661455747613,
    "Locrine Mucedorus by Shakespeare.txt": -0.2021399024103625,
    "Love_s Labour_s Lost.txt": 0.05364065201206669,
    "MEASURE FOR MEASURE.txt": -0.060029233594196874,
    "Merchant of Venice.txt": 0.05364065201206669,
    "MUCH ADO ABOUT NOTHING.txt": -0.10509980425933652,
    "PERICLES PRINCE OF TYRE.txt": 0.010484661455747613,
    "Sir John Oldcastle by Shakespeare.txt": 0.05364065201206669,
    "Sir Thomas More by Shakespeare.txt": 0.05364065201206669,
    "Taming of the Shrew.txt": 0.010484661455747613,
    "The Comedy of Errors.txt": 0.05364065201206669,
    "THE HISTORY OF TROILUS AND CRESSIDA.txt": -0.060029233594196874,
    "The Life and Death of the Lord Cromwell by Shakespeare.txt": 0.05364065201206669,
    "THE LIFE OF TIMON OF ATHENS.txt": 0.05364065201206669,
    "The London Prodigal.txt": 0.05364065201206669,
    "The Merry Devill of Edmonton by Shakespeare.txt": 0.05364065201206669,
    "THE MERRY WIVES OF WINDSOR.txt": 0.05364065201206669,
    "The Puritaine Widdow by Shakespeare.txt": 0.010484661455747613,
    "THE RAPE OF LUCRECE.txt": -0.14850318931252127,
    "THE TAMING OF THE SHREW.txt": 0.05364065201206669,
    "THE TEMPEST.txt": 0.05364065201206669,
    "THE TRAGEDY OF ANTONY AND CLEOPATRA.txt": 0.010484661455747613,
    "THE TRAGEDY OF CORIOLANUS.txt": -0.060029233594196874,
    "THE TRAGEDY OF HAMLET PRINCE OF DENMARK.txt": -0.11402412328390199,
    "THE TRAGEDY OF JULIUS CAESAR.txt": -0.10509980425933652,
    "THE TRAGEDY OF KING LEAR.txt": 0.05364065201206669,
    "THE TRAGEDY OF MACBETH.txt": 0.05364065201206669,
    "THE TRAGEDY OF OTHELLO MOOR OF VENICE.txt": 0.05364065201206669,
    "THE TRAGEDY OF ROMEO AND JULIET.txt": 0.05364065201206669,
    "THE TRAGEDY OF TITUS ANDRONICUS.txt": 0.010484661455747613,
    "THE TWO GENTLEMEN OF VERONA.txt": 0.05364065201206669,
    "The Two Noble Kinsmen by Shakespeare.txt": 0.05364065201206669,
    "THE WINTERS TALE.txt": 0.05364065201206669,
    "Venus and Adonis.txt": -0.1588922873131885
}