{
    "A MIDSUMMER NIGHT_S DREAM.txt": [
        0.96875,
        0.921875,
        0.953125,
        0.984375,
        0.953125,
        0.984375,
        0.9375,
        0.96875,
        0.984375,
        1.0,
        1.0,
        1.0,
        1.0,
        0.984375,
        1.0,
        1.0,
        1.0,
        0.96875
    ],
    "A Yorkshire Tragedy by Shakespeare.txt": [
        1.0,
        0.96875
    ],
    "Arden of Feversham.txt": [
        0.96875,
        0.96875,
        0.96875,
        0.953125,
        0.921875,
        0.984375,
        0.921875,
        1.0,
        0.953125,
        0.953125
    ],
    "AS YOU LIKE IT.txt": [
        0.96875,
        0.9375,
        0.984375,
        0.9375,
        0.9375,
        0.9375,
        0.953125,
        0.953125,
        0.953125,
        0.90625
    ],
    "CYMBELINE.txt": [
        0.96875,
        0.875,
        1.0,
        1.0,
        0.953125,
        0.9375,
        0.984375,
        0.984375,
        1.0,
        0.984375,
        1.0,
        0.953125,
        0.953125
    ],
    "Fair Em by Shakespeare.txt": [
        0.96875,
        0.96875,
        0.96875,
        1.0,
        0.953125
    ],
    "KING EDWARD III by Shakespeare.txt": [
        0.984375,
        0.984375,
        0.984375,
        1.0,
        0.9375,
        1.0,
        0.96875,
        1.0,
        0.984375
    ],
    "King Henry IV, Part 1.txt": [
        0.984375,
        0.96875,
        0.984375,
        0.921875,
        0.921875,
        0.96875,
        0.953125,
        0.96875,
        0.9375,
        1.0,
        0.921875
    ],
    "KING HENRY V.txt": [
        0.96875,
        0.96875,
        0.96875,
        0.9375,
        0.96875,
        0.96875,
        0.984375,
        0.984375,
        1.0,
        0.984375,
        0.96875,
        0.96875
    ],
    "KING HENRY VI part I.txt": [
        1.0,
        1.0,
        0.984375,
        1.0,
        1.0,
        1.0,
        1.0,
        1.0,
        1.0,
        1.0
    ],
    "KING HENRY VI Part II.txt": [
        1.0,
        1.0,
        1.0,
        0.984375,
        0.96875,
        1.0,
        0.984375,
        1.0,
        1.0,
        0.984375,
        0.984375
    ],
    "KING HENRY VI Part III.txt": [
        1.0,
        0.984375,
        1.0,
        0.984375,
        0.96875,
        0.953125,
        1.0,
        0.984375,
        1.0,
        1.0,
        1.0
    ],
    "KING HENRY VIII.txt": [
        0.953125,
        0.96875,
        0.9375,
        0.96875,
        0.953125,
        0.9375,
        1.0,
        1.0,
        0.9375,
        0.984375,
        0.96875
    ],
    "KING JOHN.txt": [
        0.96875,
        1.0,
        0.96875,
        0.984375,
        1.0,
        0.921875,
        0.96875,
        0.96875,
        0.984375,
        0.96875,
        0.90625,
        0.9375,
        0.984375,
        0.921875,
        0.921875,
        0.921875,
        0.9375,
        1.0,
        0.953125
    ],
    "KING RICHARD II.txt": [
        0.953125,
        1.0,
        0.953125,
        1.0,
        0.96875,
        0.984375,
        0.984375,
        0.953125,
        0.984375,
        0.96875
    ],
    "KING RICHARD III.txt": [
        1.0,
        0.96875,
        1.0,
        0.984375,
        0.984375,
        1.0,
        1.0,
        0.96875,
        0.984375,
        1.0,
        1.0,
        0.984375,
        0.984375
    ],
    "Locrine Mucedorus by Shakespeare.txt": [
        1.0,
        1.0,
        1.0,
        0.984375,
        1.0,
        0.984375,
        1.0,
        0.984375,
        1.0,
        0.984375,
        0.984375,
        0.96875,
        0.984375,
        1.0
    ],
    "Love_s Labour_s Lost.txt": [
        0.953125,
        0.96875,
        0.953125,
        0.96875,
        0.953125,
        0.984375,
        0.984375,
        0.953125,
        1.0,
        0.984375
    ],
    "MEASURE FOR MEASURE.txt": [
        0.90625,
        0.921875,
        0.953125,
        0.984375,
        0.953125,
        0.921875,
        0.90625,
        0.953125,
        0.9375,
        0.984375
    ],
    "Merchant of Venice.txt": [
        0.9375,
        0.875,
        0.9375,
        0.984375,
        0.9375,
        0.953125,
        0.921875,
        0.953125,
        0.96875
    ],
    "MUCH ADO ABOUT NOTHING.txt": [
        0.984375,
        0.921875,
        0.9375,
        0.9375,
        0.96875,
        0.9375,
        1.0,
        0.953125,
        0.9375,
        0.984375
    ],
    "PERICLES PRINCE OF TYRE.txt": [
        1.0,
        1.0,
        0.984375,
        0.984375,
        1.0,
        0.953125,
        0.96875,
        0.984375,
        1.0
    ],
    "Sir John Oldcastle by Shakespeare.txt": [
        0.96875,
        0.859375,
        0.96875,
        0.921875,
        1.0,
        0.96875,
        0.984375,
        0.953125,
        0.96875,
        0.953125
    ],
    "Sir Thomas More by Shakespeare.txt": [
        0.9375,
        1.0,
        0.984375,
        0.96875,
        0.96875,
        0.984375,
        0.96875,
        0.984375,
        0.921875
    ],
    "Taming of the Shrew.txt": [
        0.984375,
        0.96875,
        0.9375,
        1.0,
        0.9375,
        0.953125,
        0.984375,
        0.953125,
        0.9375,
        0.953125
    ],
    "The Comedy of Errors.txt": [
        0.9375,
        0.953125,
        1.0,
        0.96875,
        0.953125,
        1.0,
        0.984375,
        0.96875,
        1.0,
        1.0
    ],
    "THE HISTORY OF TROILUS AND CRESSIDA.txt": [
        0.9375,
        1.0,
        0.984375,
        0.96875,
        0.984375,
        1.0,
        0.96875,
        0.96875,
        0.984375,
        1.0,
        0.96875,
        1.0,
        0.984375
    ],
    "The Life and Death of the Lord Cromwell by Shakespeare.txt": [
        0.953125,
        0.96875,
        0.984375,
        0.984375,
        1.0,
        0.984375
    ],
    "THE LIFE OF TIMON OF ATHENS.txt": [
        0.96875,
        0.984375,
        0.984375,
        0.953125,
        0.984375,
        1.0,
        1.0,
        0.9375,
        0.984375
    ],
    "The London Prodigal.txt": [
        0.890625,
        0.984375,
        1.0,
        0.9375,
        0.984375,
        0.9375,
        1.0,
        1.0
    ],
    "The Merry Devill of Edmonton by Shakespeare.txt": [
        0.984375,
        1.0,
        1.0,
        0.953125,
        0.953125,
        0.96875
    ],
    "THE MERRY WIVES OF WINDSOR.txt": [
        0.9375,
        0.9375,
        0.9375,
        0.921875,
        0.984375,
        0.9375,
        1.0,
        0.984375,
        0.90625,
        0.953125
    ],
    "The Puritaine Widdow by Shakespeare.txt": [
        0.96875,
        0.984375,
        0.984375,
        0.90625,
        0.9375,
        0.984375,
        0.96875,
        0.984375,
        0.984375
    ],
    "THE RAPE OF LUCRECE.txt": [
        0.984375,
        0.984375,
        1.0,
        1.0,
        0.984375,
        0.96875
    ],
    "THE TAMING OF THE SHREW.txt": [
        0.96875,
        0.953125,
        0.984375,
        0.953125,
        0.96875,
        0.9375,
        0.96875,
        0.953125,
        0.96875,
        0.984375
    ],
    "THE TEMPEST.txt": [
        0.953125,
        1.0,
        0.953125,
        0.953125,
        0.984375,
        0.953125,
        0.984375,
        0.9375
    ],
    "THE TRAGEDY OF ANTONY AND CLEOPATRA.txt": [
        0.953125,
        1.0,
        0.96875,
        1.0,
        1.0,
        0.984375,
        1.0,
        1.0,
        1.0,
        0.984375,
        0.984375,
        0.984375
    ],
    "THE TRAGEDY OF CORIOLANUS.txt": [
        0.921875,
        0.96875,
        0.984375,
        0.953125,
        1.0,
        0.984375,
        0.984375,
        0.984375,
        0.984375,
        0.984375,
        0.9375,
        0.96875,
        0.984375
    ],