{
    "A LOVERS COMPLAINT.txt": 0.09051538980105944,
    "A MIDSUMMER NIGHT_S DREAM.txt": 0.10297751547350736,
    "A Yorkshire Tragedy by Shakespeare.txt": 0.09776558215694514,
    "Arden of Feversham.txt": 0.09221791813109814,
    "AS YOU LIKE IT.txt": 0.11190021050446763,
    "CYMBELINE.txt": 0.13505780651619276,
    "Fair Em by Shakespeare.txt": 0.08229831994103992,
    "KING EDWARD III by Shakespeare.txt": 0.08851785258771111,
    "King Henry IV, Part 1.txt": 0.10320717896698173,
    "KING HENRY V.txt": 0.12706932724072245,
    "KING HENRY VI part I.txt": -0.16465575245743214,
    "KING HENRY VI Part II.txt": 0.11804200726963726,
    "KING HENRY VI Part III.txt": 0.08871979119202122,
    "KING HENRY VIII.txt": 0.11397404713588344,
    "KING JOHN.txt": 0.12645151480542816,
    "KING RICHARD II.txt": 0.10956598309784371,
    "KING RICHARD III.txt": 0.10230005286997923,
    "Locrine Mucedorus by Shakespeare.txt": 0.10577236433372289,
    "Love_s Labour_s Lost.txt": 0.12261496430677749,
    "MEASURE FOR MEASURE.txt": 0.1270160767547731,
    "Merchant of Venice.txt": 0.08333359110710292,
    "MUCH ADO ABOUT NOTHING.txt": 0.12696578241922163,
    "PERICLES PRINCE OF TYRE.txt": 0.06827344143244846,
    "Sir John Oldcastle by Shakespeare.txt": 0.07839596921639519,
    "Sir Thomas More by Shakespeare.txt": 0.03328746171501473,
    "Taming of the Shrew.txt": -0.025935828171718467,
    "The Comedy of Errors.txt": 0.10055518057821017,
    "THE HISTORY OF TROILUS AND CRESSIDA.txt": 0.12878869105350466,
    "The Life and Death of the Lord Cromwell by Shakespeare.txt": 0.1276573902549486,
    "THE LIFE OF TIMON OF ATHENS.txt": 0.1187912066027933,
    "The London Prodigal.txt": 0.10617709233252942,
    "The Merry Devill of Edmonton by Shakespeare.txt": 0.0957144510003951,
    "THE MERRY WIVES OF WINDSOR.txt": 0.09428271715873293,
    "The Puritaine Widdow by Shakespeare.txt": 0.08956119169519705,
    "THE RAPE OF LUCRECE.txt": 0.106019400182021,
    "THE TAMING OF THE SHREW.txt": -0.006980753928584771,
    "THE TEMPEST.txt": -0.053456349757181054,
    "THE TRAGEDY OF ANTONY AND CLEOPATRA.txt": 0.12183389329081135,
    "THE TRAGEDY OF CORIOLANUS.txt": 0.12104549277083643,
    "THE TRAGEDY OF HAMLET PRINCE OF DENMARK.txt": 0.11725566321171477,
    "THE TRAGEDY OF JULIUS CAESAR.txt": 0.064070978624789,
    "THE TRAGEDY OF KING LEAR.txt": 0.12154411739591992,
    "THE TRAGEDY OF MACBETH.txt": -0.10472536511615549,
    "THE TRAGEDY OF OTHELLO MOOR OF VENICE.txt": 0.029734019316619786,
    "THE TRAGEDY OF ROMEO AND JULIET.txt": 0.12517213354881002,
    "THE TRAGEDY OF TITUS ANDRONICUS.txt": 0.11064397752531713,
    "THE TWO GENTLEMEN OF VERONA.txt": 0.1146998520478229,
    "The Two Noble Kinsmen by Shakespeare.txt": 0.07071066281120925,
    "THE WINTERS TALE.txt": 0.13595848236618446,
    "Venus and Adonis.txt": 0.0460804956922673
}