{
    "A LOVERS COMPLAINT.txt": -0.016859490333763105,
    "A MIDSUMMER NIGHT_S DREAM.txt": 0.11203400526440005,
    "A Yorkshire Tragedy by Shakespeare.txt": 0.11095214739412779,
    "Arden of Feversham.txt": 0.1109643604638566,
    "AS YOU LIKE IT.txt": 0.1271994050042738,
    "CYMBELINE.txt": 0.13642435539558662,
    "Fair Em by Shakespeare.txt": 0.11361133025870984,
    "KING EDWARD III by Shakespeare.txt": 0.1253787154948564,
    "King Henry IV, Part 1.txt": 0.12856674074575025,
    "KING HENRY V.txt": 0.13675290403066426,
    "KING HENRY VI part I.txt": -0.04663872541142344,
    "KING HENRY VI Part II.txt": 0.12626928782769953,
    "KING HENRY VI Part III.txt": 0.1302850500954023,
    "KING HENRY VIII.txt": 0.12323782383130372,
    "KING JOHN.txt": -0.04178433157513484,
    "KING RICHARD II.txt": 0.12552419673444754,
    "KING RICHARD III.txt": 0.05891144637977114,
    "Locrine Mucedorus by Shakespeare.txt": 0.11051989499616366,
    "Love_s Labour_s Lost.txt": 0.11037366379524488,
    "MEASURE FOR MEASURE.txt": 0.12402372340734902,
    "Merchant of Venice.txt": 0.11864615812303891,
    "MUCH ADO ABOUT NOTHING.txt": 0.10659973331531408,
    "PERICLES PRINCE OF TYRE.txt": 0.11767457843488044,
    "Sir John Oldcastle by Shakespeare.txt": 0.10750688224654553,
    "Sir Thomas More by Shakespeare.txt": 0.10317711330688945,
    "Taming of the Shrew.txt": 0.10146868532514908,
    "The Comedy of Errors.txt": 0.10932013619534015,
    "THE HISTORY OF TROILUS AND CRESSIDA.txt": 0.1319508270081876,
    "The Life and Death of the Lord Cromwell by Shakespeare.txt": 0.1022390600581553,
    "THE LIFE OF TIMON OF ATHENS.txt": 0.0946821395839863,
    "The London Prodigal.txt": -0.01591075983769208,
    "The Merry Devill of Edmonton by Shakespeare.txt": 0.11102900810767535,
    "THE MERRY WIVES OF WINDSOR.txt": 0.10673896983523323,
    "The Puritaine Widdow by Shakespeare.txt": 0.07889214970024744,
    "THE RAPE OF LUCRECE.txt": 0.08215427477273929,
    "THE TAMING OF THE SHREW.txt": 0.060241194785654595,
    "THE TEMPEST.txt": 0.08916381814721391,
    "THE TRAGEDY OF ANTONY AND CLEOPATRA.txt": 0.1340750968511052,
    "THE TRAGEDY OF CORIOLANUS.txt": 0.1358818646428847,
    "THE TRAGEDY OF HAMLET PRINCE OF DENMARK.txt": 0.13218713244207808,
    "THE TRAGEDY OF JULIUS CAESAR.txt": 0.12772868527348935,
    "THE TRAGEDY OF KING LEAR.txt": 0.10978080808017682,
    "THE TRAGEDY OF MACBETH.txt": 0.08318993923158635,
    "THE TRAGEDY OF OTHELLO MOOR OF VENICE.txt": 0.09457522273145857,
    "THE TRAGEDY OF ROMEO AND JULIET.txt": 0.1215890829812783,
    "THE TRAGEDY OF TITUS ANDRONICUS.txt": 0.11394458864845014,
    "THE TWO GENTLEMEN OF VERONA.txt": 0.12840446272432154,
    "The Two Noble Kinsmen by Shakespeare.txt": 0.03890786279225045,
    "THE WINTERS TALE.txt": 0.10855394884918917,
    "Venus and Adonis.txt": 0.10132018241602314
}