{
    "A MIDSUMMER NIGHT_S DREAM.txt": 0.07614236750203979,
    "A Yorkshire Tragedy by Shakespeare.txt": 0.040943891699784296,
    "Arden of Feversham.txt": 0.06925963246683992,
    "AS YOU LIKE IT.txt": 0.046576300705842566,
    "CYMBELINE.txt": 0.09015788569028571,
    "Fair Em by Shakespeare.txt": 0.0730182418598131,
    "KING EDWARD III by Shakespeare.txt": 0.10366425094835374,
    "King Henry IV, Part 1.txt": 0.1006592168621665,
    "KING HENRY V.txt": 0.0677438266803655,
    "KING HENRY VI part I.txt": -0.11982062627561019,
    "KING HENRY VI Part II.txt": 0.0864816891750328,
    "KING HENRY VI Part III.txt": 0.05286338721059092,
    "KING HENRY VIII.txt": -0.0008141927656408754,
    "KING JOHN.txt": 0.056073305973927456,
    "KING RICHARD II.txt": 0.07596538945883319,
    "KING RICHARD III.txt": 0.08318662492162887,
    "Locrine Mucedorus by Shakespeare.txt": 0.06185056703293157,
    "Love_s Labour_s Lost.txt": 0.07505293666802432,
    "MEASURE FOR MEASURE.txt": 0.07842734528029133,
    "Merchant of Venice.txt": 0.06511137178421,
    "MUCH ADO ABOUT NOTHING.txt": 0.07094003182357572,
    "PERICLES PRINCE OF TYRE.txt": 0.06000954172482886,
    "Sir John Oldcastle by Shakespeare.txt": 0.057296306598810964,
    "Sir Thomas More by Shakespeare.txt": 0.029895534403989066,
    "Taming of the Shrew.txt": 0.062106700070654,
    "The Comedy of Errors.txt": 0.06055065973073859,
    "THE HISTORY OF TROILUS AND CRESSIDA.txt": 0.03816411997701141,
    "The Life and Death of the Lord Cromwell by Shakespeare.txt": 0.06945878077505174,
    "THE LIFE OF TIMON OF ATHENS.txt": 0.07516292755164339,
    "The London Prodigal.txt": 0.06030160641980675,
    "The Merry Devill of Edmonton by Shakespeare.txt": 0.05669906222279941,
    "THE MERRY WIVES OF WINDSOR.txt": -0.17620246679595553,
    "The Puritaine Widdow by Shakespeare.txt": -0.1449939831549687,
    "THE RAPE OF LUCRECE.txt": 0.08855074872569857,
    "THE TAMING OF THE SHREW.txt": 0.056802764527311866,
    "THE TEMPEST.txt": 0.09594187297280737,
    "THE TRAGEDY OF ANTONY AND CLEOPATRA.txt": -0.028516517501228966,
    "THE TRAGEDY OF CORIOLANUS.txt": 0.08755560575126292,
    "THE TRAGEDY OF HAMLET PRINCE OF DENMARK.txt": 0.08769605894434684,
    "THE TRAGEDY OF JULIUS CAESAR.txt": 0.09645716285447786,
    "THE TRAGEDY OF KING LEAR.txt": 0.07538527413773044,
    "THE TRAGEDY OF MACBETH.txt": 0.06309166461975202,
    "THE TRAGEDY OF OTHELLO MOOR OF VENICE.txt": 0.07058089819002489,
    "THE TRAGEDY OF ROMEO AND JULIET.txt": 0.08770925566078014,
    "THE TRAGEDY OF TITUS ANDRONICUS.txt": 0.07653766515028176,
    "THE TWO GENTLEMEN OF VERONA.txt": 0.057869330912020844,
    "The Two Noble Kinsmen by Shakespeare.txt": 0.03502797298234617,
    "THE WINTERS TALE.txt": 0.0706783840817346,
    "Venus and Adonis.txt": 0.0648479957395856
}