{
    "A MIDSUMMER NIGHT_S DREAM.txt": 0.09214954857835705,
    "A Yorkshire Tragedy by Shakespeare.txt": 0.042974917873464746,
    "Arden of Feversham.txt": 0.0802207766510935,
    "AS YOU LIKE IT.txt": 0.01903023578754287,
    "CYMBELINE.txt": 0.08139991205583769,
    "Fair Em by Shakespeare.txt": 0.09212567589498111,
    "KING EDWARD III by Shakespeare.txt": 0.0860231286792092,
    "King Henry IV, Part 1.txt": 0.08387395343058618,
    "KING HENRY V.txt": 0.07032463745320094,
    "KING HENRY VI part I.txt": -0.14288881415211208,
    "KING HENRY VI Part II.txt": 0.1051152480272518,
    "KING HENRY VI Part III.txt": 0.07710023083064144,
    "KING HENRY VIII.txt": 0.007970918188982046,
    "KING JOHN.txt": 0.06282851754638652,
    "KING RICHARD II.txt": 0.08246833885241167,
    "KING RICHARD III.txt": 0.09887516522096867,
    "Locrine Mucedorus by Shakespeare.txt": 0.06237761812992565,
    "Love_s Labour_s Lost.txt": 0.0746386479605205,
    "MEASURE FOR MEASURE.txt": 0.055624805494684015,
    "Merchant of Venice.txt": 0.07411554155966721,
    "MUCH ADO ABOUT NOTHING.txt": 0.06514405858020522,
    "PERICLES PRINCE OF TYRE.txt": 0.0889001725790094,
    "Sir John Oldcastle by Shakespeare.txt": 0.047334802291213174,
    "Sir Thomas More by Shakespeare.txt": 0.044277803173663866,
    "Taming of the Shrew.txt": 0.06857256348563728,
    "The Comedy of Errors.txt": 0.08227450597756242,
    "THE HISTORY OF TROILUS AND CRESSIDA.txt": 0.042794211761941925,
    "The Life and Death of the Lord Cromwell by Shakespeare.txt": 0.07060977895390164,
    "THE LIFE OF TIMON OF ATHENS.txt": 0.08145068410676298,
    "The London Prodigal.txt": 0.04890499902764989,
    "The Merry Devill of Edmonton by Shakespeare.txt": 0.07363272957888678,
    "THE MERRY WIVES OF WINDSOR.txt": -0.15539655523546103,
    "The Puritaine Widdow by Shakespeare.txt": -0.12205916328071409,
    "THE RAPE OF LUCRECE.txt": 0.07324248020126889,
    "THE TAMING OF THE SHREW.txt": 0.06125108250318201,
    "THE TEMPEST.txt": 0.09462658766519316,
    "THE TRAGEDY OF ANTONY AND CLEOPATRA.txt": -0.03905646913379457,
    "THE TRAGEDY OF CORIOLANUS.txt": 0.0897079207182987,
    "THE TRAGEDY OF HAMLET PRINCE OF DENMARK.txt": 0.09850844715974427,
    "THE TRAGEDY OF JULIUS CAESAR.txt": 0.08670503890137266,
    "THE TRAGEDY OF KING LEAR.txt": 0.07897816747029401,
    "THE TRAGEDY OF MACBETH.txt": 0.08481889077737315,
    "THE TRAGEDY OF OTHELLO MOOR OF VENICE.txt": 0.08096067050287331,
    "THE TRAGEDY OF ROMEO AND JULIET.txt": 0.09130157964446778,
    "THE TRAGEDY OF TITUS ANDRONICUS.txt": 0.10072161684093467,
    "THE TWO GENTLEMEN OF VERONA.txt": 0.0514813692479279,
    "The Two Noble Kinsmen by Shakespeare.txt": 0.03589644153556182,
    "THE WINTERS TALE.txt": 0.076884182009472,
    "Venus and Adonis.txt": 0.0793248794757429
}