{
    "A LOVERS COMPLAINT.txt": 0.12128614593822035,
    "A MIDSUMMER NIGHT_S DREAM.txt": 0.13581380107180135,
    "A Yorkshire Tragedy by Shakespeare.txt": 0.09882214580497578,
    "Arden of Feversham.txt": 0.09813148374807468,
    "AS YOU LIKE IT.txt": 0.07918666463546581,
    "CYMBELINE.txt": 0.11331811620403004,
    "Fair Em by Shakespeare.txt": 0.12743820869918954,
    "KING EDWARD III by Shakespeare.txt": 0.11616767099910386,
    "King Henry IV, Part 1.txt": 0.10783463835649498,
    "KING HENRY V.txt": 0.11347592674016577,
    "KING HENRY VI part I.txt": 0.01724386310596887,
    "KING HENRY VI Part II.txt": 0.12653297454613238,
    "KING HENRY VI Part III.txt": 0.12809639433315423,
    "KING HENRY VIII.txt": 0.03258632504131492,
    "KING JOHN.txt": 0.08802085605479654,
    "KING RICHARD II.txt": 0.12421409860653637,
    "KING RICHARD III.txt": 0.1412595755485042,
    "Locrine Mucedorus by Shakespeare.txt": 0.11225827204190097,
    "Love_s Labour_s Lost.txt": 0.11588419898120383,
    "MEASURE FOR MEASURE.txt": 0.10870041059918778,
    "Merchant of Venice.txt": 0.08109954526286184,
    "MUCH ADO ABOUT NOTHING.txt": 0.06666857312472585,
    "PERICLES PRINCE OF TYRE.txt": 0.1296752696540121,
    "Sir John Oldcastle by Shakespeare.txt": 0.09895703652814059,
    "Sir Thomas More by Shakespeare.txt": 0.09439734642338538,
    "Taming of the Shrew.txt": 0.10910777345370648,
    "The Comedy of Errors.txt": 0.12581593864514568,
    "THE HISTORY OF TROILUS AND CRESSIDA.txt": 0.11492830296044482,
    "The Life and Death of the Lord Cromwell by Shakespeare.txt": 0.09346763004367481,
    "THE LIFE OF TIMON OF ATHENS.txt": 0.1250743124291075,
    "The London Prodigal.txt": 0.03750328281983678,
    "The Merry Devill of Edmonton by Shakespeare.txt": 0.09285598049566501,
    "THE MERRY WIVES OF WINDSOR.txt": -0.049615780061365355,
    "The Puritaine Widdow by Shakespeare.txt": 0.025798338397344134,
    "THE RAPE OF LUCRECE.txt": 0.1362608598180528,
    "THE TAMING OF THE SHREW.txt": 0.0813185089681443,
    "THE TEMPEST.txt": 0.11640671934930563,
    "THE TRAGEDY OF ANTONY AND CLEOPATRA.txt": 0.016572206610581064,
    "THE TRAGEDY OF CORIOLANUS.txt": 0.1371178606315548,
    "THE TRAGEDY OF HAMLET PRINCE OF DENMARK.txt": 0.12775819128853527,
    "THE TRAGEDY OF JULIUS CAESAR.txt": 0.09757787567019677,
    "THE TRAGEDY OF KING LEAR.txt": 0.12289128139806177,
    "THE TRAGEDY OF MACBETH.txt": 0.13329717158438226,
    "THE TRAGEDY OF OTHELLO MOOR OF VENICE.txt": 0.10113093618420882,
    "THE TRAGEDY OF ROMEO AND JULIET.txt": 0.11245751872851056,
    "THE TRAGEDY OF TITUS ANDRONICUS.txt": 0.1155929600636732,
    "THE TWO GENTLEMEN OF VERONA.txt": 0.09939372805684832,
    "The Two Noble Kinsmen by Shakespeare.txt": 0.11366020507199193,
    "THE WINTERS TALE.txt": 0.09022580766925165,
    "Venus and Adonis.txt": 0.10198480236019014
}