{
    "A LOVERS COMPLAINT.txt": 0.051828768606221376,
    "A MIDSUMMER NIGHT_S DREAM.txt": 0.12015231364095513,
    "A Yorkshire Tragedy by Shakespeare.txt": 0.08889262829828959,
    "Arden of Feversham.txt": 0.10788710596546269,
    "AS YOU LIKE IT.txt": 0.08068315889558303,
    "CYMBELINE.txt": 0.1053881188426174,
    "Fair Em by Shakespeare.txt": 0.09539628526639926,
    "KING EDWARD III by Shakespeare.txt": 0.11031668113932913,
    "King Henry IV, Part 1.txt": 0.1400552445262198,
    "KING HENRY V.txt": 0.11755705560469032,
    "KING HENRY VI part I.txt": 0.04006726292628687,
    "KING HENRY VI Part II.txt": 0.12859889848147843,
    "KING HENRY VI Part III.txt": 0.12189312906274352,
    "KING HENRY VIII.txt": -0.011873151208246613,
    "KING JOHN.txt": -0.016635359281631734,
    "KING RICHARD II.txt": 0.13234949019119374,
    "KING RICHARD III.txt": 0.12108066997528649,
    "Locrine Mucedorus by Shakespeare.txt": 0.10975816845579284,
    "Love_s Labour_s Lost.txt": 0.13116781444995312,
    "MEASURE FOR MEASURE.txt": 0.1041194529335725,
    "Merchant of Venice.txt": 0.11397926643464967,
    "MUCH ADO ABOUT NOTHING.txt": 0.09178538943321735,
    "PERICLES PRINCE OF TYRE.txt": 0.08872675719325468,
    "Sir John Oldcastle by Shakespeare.txt": 0.029712500025391997,
    "Sir Thomas More by Shakespeare.txt": 0.09940092492936281,
    "Taming of the Shrew.txt": 0.10411801614269783,
    "The Comedy of Errors.txt": 0.13139848128402537,
    "THE HISTORY OF TROILUS AND CRESSIDA.txt": 0.08295570752884601,
    "The Life and Death of the Lord Cromwell by Shakespeare.txt": 0.07846810381963537,
    "THE LIFE OF TIMON OF ATHENS.txt": 0.0980793322006101,
    "The London Prodigal.txt": 0.07430635252958351,
    "The Merry Devill of Edmonton by Shakespeare.txt": 0.09781274688299102,
    "THE MERRY WIVES OF WINDSOR.txt": -0.07625890211672215,
    "The Puritaine Widdow by Shakespeare.txt": 0.0680151733449561,
    "THE RAPE OF LUCRECE.txt": 0.10783296319148761,
    "THE TAMING OF THE SHREW.txt": 0.11308466071796847,
    "THE TEMPEST.txt": 0.09242217277171555,
    "THE TRAGEDY OF ANTONY AND CLEOPATRA.txt": 0.03542842067042923,
    "THE TRAGEDY OF CORIOLANUS.txt": 0.10894202347151188,
    "THE TRAGEDY OF HAMLET PRINCE OF DENMARK.txt": 0.11277666612824433,
    "THE TRAGEDY OF JULIUS CAESAR.txt": 0.0977327142265716,
    "THE TRAGEDY OF KING LEAR.txt": 0.11573746932164691,
    "THE TRAGEDY OF MACBETH.txt": 0.13192718896291067,
    "THE TRAGEDY OF OTHELLO MOOR OF VENICE.txt": 0.06677060093735676,
    "THE TRAGEDY OF ROMEO AND JULIET.txt": 0.12345408876257086,
    "THE TRAGEDY OF TITUS ANDRONICUS.txt": 0.09505136316742169,
    "THE TWO GENTLEMEN OF VERONA.txt": 0.11833671776416954,
    "The Two Noble Kinsmen by Shakespeare.txt": 0.10220431054049162,
    "THE WINTERS TALE.txt": 0.12239359896730606,
    "Venus and Adonis.txt": 0.08926687256744659
}