{
    "A LOVERS COMPLAINT.txt": 0.02949071276580495,
    "A MIDSUMMER NIGHT_S DREAM.txt": 0.09391117854010023,
    "A Yorkshire Tragedy by Shakespeare.txt": 0.10298424968748993,
    "Arden of Feversham.txt": 0.10302310515484864,
    "AS YOU LIKE IT.txt": 0.09490562650712175,
    "CYMBELINE.txt": 0.10233839644016246,
    "Fair Em by Shakespeare.txt": 0.11930628493903717,
    "KING EDWARD III by Shakespeare.txt": 0.10409566287039518,
    "King Henry IV, Part 1.txt": 0.10318437066496527,
    "KING HENRY V.txt": 0.1250606702977402,
    "KING HENRY VI part I.txt": 0.023655554965582692,
    "KING HENRY VI Part II.txt": 0.10349571720314776,
    "KING HENRY VI Part III.txt": 0.12527554611564384,
    "KING HENRY VIII.txt": 0.021410138338932294,
    "KING JOHN.txt": -0.024699723911322136,
    "KING RICHARD II.txt": 0.10576603099807136,
    "KING RICHARD III.txt": 0.09122396984714404,
    "Locrine Mucedorus by Shakespeare.txt": 0.0668162733456506,
    "Love_s Labour_s Lost.txt": 0.08244982928618749,
    "MEASURE FOR MEASURE.txt": 0.11768994154877943,
    "Merchant of Venice.txt": 0.0999108821069053,
    "MUCH ADO ABOUT NOTHING.txt": 0.08611454360592052,
    "PERICLES PRINCE OF TYRE.txt": 0.11260892908573633,
    "Sir John Oldcastle by Shakespeare.txt": 0.07686088927308582,
    "Sir Thomas More by Shakespeare.txt": 0.11203295577029593,
    "Taming of the Shrew.txt": 0.10350981598017844,
    "The Comedy of Errors.txt": 0.12643331249594086,
    "THE HISTORY OF TROILUS AND CRESSIDA.txt": 0.0827052113556127,
    "The Life and Death of the Lord Cromwell by Shakespeare.txt": 0.09530095750310502,
    "THE LIFE OF TIMON OF ATHENS.txt": 0.10374847354748123,
    "The London Prodigal.txt": 0.09606037676815515,
    "The Merry Devill of Edmonton by Shakespeare.txt": 0.10274569563883357,
    "THE MERRY WIVES OF WINDSOR.txt": -0.03952905725692357,
    "The Puritaine Widdow by Shakespeare.txt": 0.06686639691272434,
    "THE RAPE OF LUCRECE.txt": 0.10520516094419086,
    "THE TAMING OF THE SHREW.txt": 0.11056780372110087,
    "THE TEMPEST.txt": 0.10806114741368861,
    "THE TRAGEDY OF ANTONY AND CLEOPATRA.txt": 0.035026092999114355,
    "THE TRAGEDY OF CORIOLANUS.txt": 0.11243016760285707,
    "THE TRAGEDY OF HAMLET PRINCE OF DENMARK.txt": 0.10937885362037986,
    "THE TRAGEDY OF JULIUS CAESAR.txt": 0.09713373192410246,
    "THE TRAGEDY OF KING LEAR.txt": 0.10520998180970148,
    "THE TRAGEDY OF MACBETH.txt": 0.1258654147993749,
    "THE TRAGEDY OF OTHELLO MOOR OF VENICE.txt": 0.08001379046781842,
    "THE TRAGEDY OF ROMEO AND JULIET.txt": 0.10079606192311497,
    "THE TRAGEDY OF TITUS ANDRONICUS.txt": 0.1094466005898595,
    "THE TWO GENTLEMEN OF VERONA.txt": 0.09727322469760086,
    "The Two Noble Kinsmen by Shakespeare.txt": 0.09584353134223095,
    "THE WINTERS TALE.txt": 0.09728533796881261,
    "Venus and Adonis.txt": 0.08884835376786182
}