{
    "A LOVERS COMPLAINT.txt": 0.026902503161860325,
    "A MIDSUMMER NIGHT_S DREAM.txt": 0.09377128598992623,
    "A Yorkshire Tragedy by Shakespeare.txt": 0.11153689762722324,
    "Arden of Feversham.txt": 0.12378648603260478,
    "AS YOU LIKE IT.txt": 0.1050524419204904,
    "CYMBELINE.txt": 0.09967199778275176,
    "Fair Em by Shakespeare.txt": 0.11296350012154183,
    "KING EDWARD III by Shakespeare.txt": 0.1280398441783916,
    "King Henry IV, Part 1.txt": 0.1279716609090633,
    "KING HENRY V.txt": 0.12956148537010254,
    "KING HENRY VI part I.txt": 0.053305910959864033,
    "KING HENRY VI Part II.txt": 0.10888266967755433,
    "KING HENRY VI Part III.txt": 0.12443970928311748,
    "KING HENRY VIII.txt": -0.016183105829013278,
    "KING JOHN.txt": -0.04818998181747536,
    "KING RICHARD II.txt": 0.12973814027100633,
    "KING RICHARD III.txt": 0.11153607963817508,
    "Locrine Mucedorus by Shakespeare.txt": 0.10493468866513295,
    "Love_s Labour_s Lost.txt": 0.13228149856901794,
    "MEASURE FOR MEASURE.txt": 0.10954785946109302,
    "Merchant of Venice.txt": 0.10698916522977969,
    "MUCH ADO ABOUT NOTHING.txt": 0.09281723619739213,
    "PERICLES PRINCE OF TYRE.txt": 0.10887531878558449,
    "Sir John Oldcastle by Shakespeare.txt": 0.07381166463406297,
    "Sir Thomas More by Shakespeare.txt": 0.11398991105211909,
    "Taming of the Shrew.txt": 0.10406200224995521,
    "The Comedy of Errors.txt": 0.11596418432964645,
    "THE HISTORY OF TROILUS AND CRESSIDA.txt": 0.08498431108285254,
    "The Life and Death of the Lord Cromwell by Shakespeare.txt": 0.09929931059822811,
    "THE LIFE OF TIMON OF ATHENS.txt": 0.10743830814923144,
    "The London Prodigal.txt": 0.07005857811120142,
    "The Merry Devill of Edmonton by Shakespeare.txt": 0.12766219031923848,
    "THE MERRY WIVES OF WINDSOR.txt": -0.055705021795000476,
    "The Puritaine Widdow by Shakespeare.txt": 0.06702699788114913,
    "THE RAPE OF LUCRECE.txt": 0.1114378411580525,
    "THE TAMING OF THE SHREW.txt": 0.10195857303832673,
    "THE TEMPEST.txt": 0.11771531880463931,
    "THE TRAGEDY OF ANTONY AND CLEOPATRA.txt": 0.025988723869121266,
    "THE TRAGEDY OF CORIOLANUS.txt": 0.120631384341845,
    "THE TRAGEDY OF HAMLET PRINCE OF DENMARK.txt": 0.11547555460449216,
    "THE TRAGEDY OF JULIUS CAESAR.txt": 0.1202795269022236,
    "THE TRAGEDY OF KING LEAR.txt": 0.11949255973604944,
    "THE TRAGEDY OF MACBETH.txt": 0.13734962475236867,
    "THE TRAGEDY OF OTHELLO MOOR OF VENICE.txt": 0.08133668904233077,
    "THE TRAGEDY OF ROMEO AND JULIET.txt": 0.12926464750984917,
    "THE TRAGEDY OF TITUS ANDRONICUS.txt": 0.10178616418403658,
    "THE TWO GENTLEMEN OF VERONA.txt": 0.11267286299757207,
    "The Two Noble Kinsmen by Shakespeare.txt": 0.1071487852224815,
    "THE WINTERS TALE.txt": 0.09400310759600028,
    "Venus and Adonis.txt": 0.10075361504141783
}