{
    "A LOVERS COMPLAINT.txt": 0.05556117578254183,
    "A MIDSUMMER NIGHT_S DREAM.txt": 0.11314916444741818,
    "A Yorkshire Tragedy by Shakespeare.txt": 0.07327839222991511,
    "Arden of Feversham.txt": 0.10298406296724377,
    "AS YOU LIKE IT.txt": 0.12407842868748298,
    "CYMBELINE.txt": 0.11556384373997552,
    "Fair Em by Shakespeare.txt": 0.09473267559374121,
    "KING EDWARD III by Shakespeare.txt": 0.1243658337394613,
    "King Henry IV, Part 1.txt": 0.12204525729723675,
    "KING HENRY V.txt": 0.13894306881774737,
    "KING HENRY VI part I.txt": 0.03857429211494251,
    "KING HENRY VI Part II.txt": 0.11918985413289812,
    "KING HENRY VI Part III.txt": 0.10331729718734545,
    "KING HENRY VIII.txt": 0.030149867480195436,
    "KING JOHN.txt": -0.011739213767828605,
    "KING RICHARD II.txt": 0.1031752973650033,
    "KING RICHARD III.txt": 0.10236839459470354,
    "Locrine Mucedorus by Shakespeare.txt": 0.09204819508428408,
    "Love_s Labour_s Lost.txt": 0.11185582185561349,
    "MEASURE FOR MEASURE.txt": 0.12437827291805748,
    "Merchant of Venice.txt": 0.11709337341965864,
    "MUCH ADO ABOUT NOTHING.txt": 0.0911621067157723,
    "PERICLES PRINCE OF TYRE.txt": 0.1065111384298632,
    "Sir John Oldcastle by Shakespeare.txt": 0.07908655230046574,
    "Sir Thomas More by Shakespeare.txt": 0.12054877856352364,
    "Taming of the Shrew.txt": 0.11592461048263497,
    "The Comedy of Errors.txt": 0.11941720349045643,
    "THE HISTORY OF TROILUS AND CRESSIDA.txt": 0.07280106245794593,
    "The Life and Death of the Lord Cromwell by Shakespeare.txt": 0.09143019434514377,
    "THE LIFE OF TIMON OF ATHENS.txt": 0.09073252898463646,
    "The London Prodigal.txt": 0.10451254904108381,
    "The Merry Devill of Edmonton by Shakespeare.txt": 0.10176105132773566,
    "THE MERRY WIVES OF WINDSOR.txt": -0.01840594171096943,
    "The Puritaine Widdow by Shakespeare.txt": 0.08770603835728008,
    "THE RAPE OF LUCRECE.txt": 0.1103778655263275,
    "THE TAMING OF THE SHREW.txt": 0.11565464930639358,
    "THE TEMPEST.txt": 0.10871711511090576,
    "THE TRAGEDY OF ANTONY AND CLEOPATRA.txt": 0.034543717455866374,
    "THE TRAGEDY OF CORIOLANUS.txt": 0.10292632070828206,
    "THE TRAGEDY OF HAMLET PRINCE OF DENMARK.txt": 0.12239672975888655,
    "THE TRAGEDY OF JULIUS CAESAR.txt": 0.11308915628785365,
    "THE TRAGEDY OF KING LEAR.txt": 0.11396337774489335,
    "THE TRAGEDY OF MACBETH.txt": 0.1225430566311917,
    "THE TRAGEDY OF OTHELLO MOOR OF VENICE.txt": 0.0982131965621944,
    "THE TRAGEDY OF ROMEO AND JULIET.txt": 0.12808781577701078,
    "THE TRAGEDY OF TITUS ANDRONICUS.txt": 0.0876205408859837,
    "THE TWO GENTLEMEN OF VERONA.txt": 0.1221448486831711,
    "The Two Noble Kinsmen by Shakespeare.txt": 0.08601891711115434,
    "THE WINTERS TALE.txt": 0.12428900797599768,
    "Venus and Adonis.txt": 0.10110051630727507
}