{
    "A LOVERS COMPLAINT.txt": -0.013271335013982033,
    "A MIDSUMMER NIGHT_S DREAM.txt": 0.07893293068295387,
    "A Yorkshire Tragedy by Shakespeare.txt": 0.03212253834487372,
    "Arden of Feversham.txt": 0.08491597844155324,
    "AS YOU LIKE IT.txt": 0.08926883377664024,
    "CYMBELINE.txt": 0.057143933403198954,
    "Fair Em by Shakespeare.txt": -0.013271335013982033,
    "KING EDWARD III by Shakespeare.txt": -0.013271335013982033,
    "King Henry IV, Part 1.txt": 0.09158322538287067,
    "KING HENRY V.txt": 0.06773490608074983,
    "KING HENRY VI part I.txt": 0.008611899362161557,
    "KING HENRY VI Part II.txt": 0.05321442325112852,
    "KING HENRY VI Part III.txt": 0.03212253834487372,
    "KING HENRY VIII.txt": 0.03863970350073409,
    "KING JOHN.txt": 0.06882338940640531,
    "KING RICHARD II.txt": -0.013271335013982033,
    "KING RICHARD III.txt": 0.049086627658704696,
    "Locrine Mucedorus by Shakespeare.txt": 0.03863970350073409,
    "Love_s Labour_s Lost.txt": 0.04257386102101701,
    "MEASURE FOR MEASURE.txt": 0.04302459737828673,
    "Merchant of Venice.txt": 0.011425311847998831,
    "MUCH ADO ABOUT NOTHING.txt": 0.06550403004904981,
    "PERICLES PRINCE OF TYRE.txt": 0.06053612111063944,
    "Sir John Oldcastle by Shakespeare.txt": 0.05321442325112852,
    "Sir Thomas More by Shakespeare.txt": 0.037663438994333165,
    "Taming of the Shrew.txt": 0.06526057136909325,
    "The Comedy of Errors.txt": -0.07084776886250066,
    "THE HISTORY OF TROILUS AND CRESSIDA.txt": -0.01673173900049596,
    "The Life and Death of the Lord Cromwell by Shakespeare.txt": 0.037663438994333165,
    "THE LIFE OF TIMON OF ATHENS.txt": 0.05971435549985732,
    "The London Prodigal.txt": 0.037663438994333165,
    "The Merry Devill of Edmonton by Shakespeare.txt": 0.03212253834487372,
    "THE MERRY WIVES OF WINDSOR.txt": 0.07674349481021975,
    "The Puritaine Widdow by Shakespeare.txt": 0.07778205611819194,
    "THE RAPE OF LUCRECE.txt": 0.05321442325112852,
    "THE TAMING OF THE SHREW.txt": 0.039317852685299415,
    "THE TEMPEST.txt": 0.05116309338843117,
    "THE TRAGEDY OF ANTONY AND CLEOPATRA.txt": -0.059532524672577525,
    "THE TRAGEDY OF CORIOLANUS.txt": 0.0663513538730573,
    "THE TRAGEDY OF HAMLET PRINCE OF DENMARK.txt": -0.15520850011444853,
    "THE TRAGEDY OF JULIUS CAESAR.txt": 0.10376137456887013,
    "THE TRAGEDY OF KING LEAR.txt": 0.08871512480248633,
    "THE TRAGEDY OF MACBETH.txt": 0.0889010661022378,
    "THE TRAGEDY OF OTHELLO MOOR OF VENICE.txt": 0.00800550473162459,
    "THE TRAGEDY OF ROMEO AND JULIET.txt": 0.05603990242321971,
    "THE TRAGEDY OF TITUS ANDRONICUS.txt": 0.03863970350073409,
    "THE TWO GENTLEMEN OF VERONA.txt": 0.07511034625118013,
    "The Two Noble Kinsmen by Shakespeare.txt": 0.08592015462572239,
    "THE WINTERS TALE.txt": 0.04299204986149946,
    "Venus and Adonis.txt": 0.05321442325112852
}