{
    "A LOVERS COMPLAINT.txt": 0.1276362104626393,
    "A MIDSUMMER NIGHT_S DREAM.txt": 0.12876577259757332,
    "A Yorkshire Tragedy by Shakespeare.txt": 0.10295872484504232,
    "Arden of Feversham.txt": 0.12443730658311403,
    "AS YOU LIKE IT.txt": -0.008646071196314109,
    "CYMBELINE.txt": 0.08335439683768775,
    "Fair Em by Shakespeare.txt": 0.05729097718601306,
    "KING EDWARD III by Shakespeare.txt": 0.07155899972043794,
    "King Henry IV, Part 1.txt": 0.11400568080493678,
    "KING HENRY V.txt": 0.13407305123882945,
    "KING HENRY VI part I.txt": 0.05147224992087285,
    "KING HENRY VI Part II.txt": 0.10751310322405783,
    "KING HENRY VI Part III.txt": 0.13310072552011454,
    "KING HENRY VIII.txt": 0.14971240894036536,
    "KING JOHN.txt": 0.09051366348094636,
    "KING RICHARD II.txt": 0.13790941730748807,
    "KING RICHARD III.txt": 0.09039455783495065,
    "Locrine Mucedorus by Shakespeare.txt": 0.06561163112389856,
    "Love_s Labour_s Lost.txt": 0.125852298076234,
    "MEASURE FOR MEASURE.txt": 0.11938938683147682,
    "Merchant of Venice.txt": 0.10724956445517109,
    "MUCH ADO ABOUT NOTHING.txt": 0.11158274167891591,
    "PERICLES PRINCE OF TYRE.txt": 0.13270216456816047,
    "Sir John Oldcastle by Shakespeare.txt": 0.05464491259831816,
    "Sir Thomas More by Shakespeare.txt": -0.1107809671649097,
    "Taming of the Shrew.txt": 0.12787172692847149,
    "The Comedy of Errors.txt": 0.08071441093908649,
    "THE HISTORY OF TROILUS AND CRESSIDA.txt": 0.08131477599726006,
    "The Life and Death of the Lord Cromwell by Shakespeare.txt": -0.041759009536320946,
    "THE LIFE OF TIMON OF ATHENS.txt": 0.13221969886188184,
    "The London Prodigal.txt": 0.09887499220421242,
    "The Merry Devill of Edmonton by Shakespeare.txt": 0.14189500319374249,
    "THE MERRY WIVES OF WINDSOR.txt": 0.13610245257308073,
    "The Puritaine Widdow by Shakespeare.txt": 0.13451047592919463,
    "THE RAPE OF LUCRECE.txt": 0.13070955407766105,
    "THE TAMING OF THE SHREW.txt": 0.13540614754391478,
    "THE TEMPEST.txt": 0.13900675984044397,
    "THE TRAGEDY OF ANTONY AND CLEOPATRA.txt": 0.11759362736579382,
    "THE TRAGEDY OF CORIOLANUS.txt": 0.10633777358214958,
    "THE TRAGEDY OF HAMLET PRINCE OF DENMARK.txt": 0.1351946637849037,
    "THE TRAGEDY OF JULIUS CAESAR.txt": 0.12376837341902985,
    "THE TRAGEDY OF KING LEAR.txt": 0.13183772621765827,
    "THE TRAGEDY OF MACBETH.txt": 0.1310275994340384,
    "THE TRAGEDY OF OTHELLO MOOR OF VENICE.txt": 0.120997917952748,
    "THE TRAGEDY OF ROMEO AND JULIET.txt": 0.13241846408279084,
    "THE TRAGEDY OF TITUS ANDRONICUS.txt": 0.12139341522981895,
    "THE TWO GENTLEMEN OF VERONA.txt": 0.12334540977754627,
    "The Two Noble Kinsmen by Shakespeare.txt": 0.10761644502957551,
    "THE WINTERS TALE.txt": 0.11188366833691682,
    "Venus and Adonis.txt": 0.07914427038702604
}