{
    "A LOVERS COMPLAINT.txt": -0.12673874954768016,
    "A MIDSUMMER NIGHT_S DREAM.txt": 0.11982731445488748,
    "A Yorkshire Tragedy by Shakespeare.txt": 0.022084528099171774,
    "Arden of Feversham.txt": 0.12757184545945244,
    "AS YOU LIKE IT.txt": 0.12246222028566905,
    "CYMBELINE.txt": 0.06211356199794199,
    "Fair Em by Shakespeare.txt": 0.07998478074549026,
    "KING EDWARD III by Shakespeare.txt": 0.018672467579965935,
    "King Henry IV, Part 1.txt": 0.12942472463700372,
    "KING HENRY V.txt": 0.12200447536765158,
    "KING HENRY VI part I.txt": -0.016853168053993173,
    "KING HENRY VI Part II.txt": 0.0937442779343205,
    "KING HENRY VI Part III.txt": 0.09183478074558576,
    "KING HENRY VIII.txt": 0.1063370146268437,
    "KING JOHN.txt": 0.03522822281111421,
    "KING RICHARD II.txt": 0.08275444010701205,
    "KING RICHARD III.txt": 0.10420860014789729,
    "Locrine Mucedorus by Shakespeare.txt": 0.10706310126011753,
    "Love_s Labour_s Lost.txt": 0.14579423193265462,
    "MEASURE FOR MEASURE.txt": 0.11828572324166442,
    "Merchant of Venice.txt": 0.11314858831875962,
    "MUCH ADO ABOUT NOTHING.txt": 0.05410987359569208,
    "PERICLES PRINCE OF TYRE.txt": 0.0940039812667301,
    "Sir John Oldcastle by Shakespeare.txt": 0.11104115867128567,
    "Sir Thomas More by Shakespeare.txt": 0.12333249880554437,
    "Taming of the Shrew.txt": 0.12351590166943277,
    "The Comedy of Errors.txt": 0.09892438827574324,
    "THE HISTORY OF TROILUS AND CRESSIDA.txt": 0.09860070867281534,
    "The Life and Death of the Lord Cromwell by Shakespeare.txt": 0.0855861659141322,
    "THE LIFE OF TIMON OF ATHENS.txt": 0.10219439181857487,
    "The London Prodigal.txt": 0.09350843417971688,
    "The Merry Devill of Edmonton by Shakespeare.txt": 0.00017204977947921085,
    "THE MERRY WIVES OF WINDSOR.txt": 0.12164249236230473,
    "The Puritaine Widdow by Shakespeare.txt": 0.11554261785064235,
    "THE RAPE OF LUCRECE.txt": 0.0499199664388299,
    "THE TAMING OF THE SHREW.txt": 0.130578045130538,
    "THE TEMPEST.txt": 0.12472581947288225,
    "THE TRAGEDY OF ANTONY AND CLEOPATRA.txt": 0.08436933062132296,
    "THE TRAGEDY OF CORIOLANUS.txt": 0.11542542400322026,
    "THE TRAGEDY OF HAMLET PRINCE OF DENMARK.txt": -0.08034437922684434,
    "THE TRAGEDY OF JULIUS CAESAR.txt": 0.12080571708056886,
    "THE TRAGEDY OF KING LEAR.txt": 0.13625987514998056,
    "THE TRAGEDY OF MACBETH.txt": 0.12405383094256517,
    "THE TRAGEDY OF OTHELLO MOOR OF VENICE.txt": -0.14274352821239267,
    "THE TRAGEDY OF ROMEO AND JULIET.txt": 0.11694680307267541,
    "THE TRAGEDY OF TITUS ANDRONICUS.txt": 0.10181086264089628,
    "THE TWO GENTLEMEN OF VERONA.txt": 0.12956229278609754,
    "The Two Noble Kinsmen by Shakespeare.txt": 0.0810906305926587,
    "THE WINTERS TALE.txt": 0.11985305752764203,
    "Venus and Adonis.txt": 0.06200614860325604
}