{
    "A LOVERS COMPLAINT.txt": -0.22212484676337996,
    "A MIDSUMMER NIGHT_S DREAM.txt": 0.08872084861990187,
    "A Yorkshire Tragedy by Shakespeare.txt": 0.09953327290160813,
    "Arden of Feversham.txt": 0.0709122017379526,
    "AS YOU LIKE IT.txt": 0.10889853527106447,
    "CYMBELINE.txt": 0.10995601165624536,
    "Fair Em by Shakespeare.txt": 0.08444500226394475,
    "KING EDWARD III by Shakespeare.txt": 0.09212001770200678,
    "King Henry IV, Part 1.txt": 0.10294986258273048,
    "KING HENRY V.txt": 0.0665037845227201,
    "KING HENRY VI part I.txt": -0.0013913156750021693,
    "KING HENRY VI Part II.txt": 0.06940485873402136,
    "KING HENRY VI Part III.txt": 0.06906738712403254,
    "KING HENRY VIII.txt": 0.07063900530972839,
    "KING JOHN.txt": 0.005053479319471033,
    "KING RICHARD II.txt": 0.0646577683077948,
    "KING RICHARD III.txt": 0.10992107335865825,
    "Locrine Mucedorus by Shakespeare.txt": 0.1056344190449649,
    "Love_s Labour_s Lost.txt": 0.10748538655781859,
    "MEASURE FOR MEASURE.txt": 0.104434594079575,
    "Merchant of Venice.txt": 0.0742753561986984,
    "MUCH ADO ABOUT NOTHING.txt": 0.07405548146323065,
    "PERICLES PRINCE OF TYRE.txt": 0.07867076403764284,
    "Sir John Oldcastle by Shakespeare.txt": 0.11654576254642224,
    "Sir Thomas More by Shakespeare.txt": 0.0964531320991388,
    "Taming of the Shrew.txt": -0.036042145360899,
    "The Comedy of Errors.txt": 0.07743774518360624,
    "THE HISTORY OF TROILUS AND CRESSIDA.txt": 0.10748114784539176,
    "The Life and Death of the Lord Cromwell by Shakespeare.txt": 0.06791271399451643,
    "THE LIFE OF TIMON OF ATHENS.txt": 0.09494818503293873,
    "The London Prodigal.txt": 0.09165131725531539,
    "The Merry Devill of Edmonton by Shakespeare.txt": 0.10044089192594391,
    "THE MERRY WIVES OF WINDSOR.txt": 0.08255054773581166,
    "The Puritaine Widdow by Shakespeare.txt": 0.06914883222746304,
    "THE RAPE OF LUCRECE.txt": 0.0005266494446034553,
    "THE TAMING OF THE SHREW.txt": 0.03902235879578336,
    "THE TEMPEST.txt": 0.09323940334254716,
    "THE TRAGEDY OF ANTONY AND CLEOPATRA.txt": 0.10629756230858106,
    "THE TRAGEDY OF CORIOLANUS.txt": 0.09717511776978588,
    "THE TRAGEDY OF HAMLET PRINCE OF DENMARK.txt": 0.06462781585799338,
    "THE TRAGEDY OF JULIUS CAESAR.txt": -0.019184593513852932,
    "THE TRAGEDY OF KING LEAR.txt": 0.09488695185150542,
    "THE TRAGEDY OF MACBETH.txt": 0.11079250688632875,
    "THE TRAGEDY OF OTHELLO MOOR OF VENICE.txt": -0.055989558321426935,
    "THE TRAGEDY OF ROMEO AND JULIET.txt": 0.10189172018964038,
    "THE TRAGEDY OF TITUS ANDRONICUS.txt": 0.08087283645723792,
    "THE TWO GENTLEMEN OF VERONA.txt": 0.07361282474511543,
    "The Two Noble Kinsmen by Shakespeare.txt": 0.08157172496897508,
    "THE WINTERS TALE.txt": 0.0950415720117962,
    "Venus and Adonis.txt": 0.0052516022074502455
}