{
    "A LOVERS COMPLAINT.txt": -0.08074528052115182,
    "A MIDSUMMER NIGHT_S DREAM.txt": 0.052926271395195734,
    "A Yorkshire Tragedy by Shakespeare.txt": 0.06703425069473529,
    "Arden of Feversham.txt": 0.09510726404250419,
    "AS YOU LIKE IT.txt": 0.13176249589319555,
    "CYMBELINE.txt": 0.12762547700549565,
    "Fair Em by Shakespeare.txt": 0.08108907561112655,
    "KING EDWARD III by Shakespeare.txt": 0.09096475647722158,
    "King Henry IV, Part 1.txt": 0.12042139959315712,
    "KING HENRY V.txt": 0.11357909208024397,
    "KING HENRY VI part I.txt": 0.10839556201136424,
    "KING HENRY VI Part II.txt": 0.1459153718474684,
    "KING HENRY VI Part III.txt": 0.13106996517540648,
    "KING HENRY VIII.txt": 0.1396579737121164,
    "KING JOHN.txt": 0.10454104898656225,
    "KING RICHARD II.txt": 0.12891519969963283,
    "KING RICHARD III.txt": 0.13383711553701227,
    "Locrine Mucedorus by Shakespeare.txt": 0.08588885179416389,
    "Love_s Labour_s Lost.txt": 0.14030558228109435,
    "MEASURE FOR MEASURE.txt": 0.11672210596932986,
    "Merchant of Venice.txt": 0.15338288546967876,
    "MUCH ADO ABOUT NOTHING.txt": 0.12722409830594217,
    "PERICLES PRINCE OF TYRE.txt": 0.1295387759831398,
    "Sir John Oldcastle by Shakespeare.txt": 0.12756167225357107,
    "Sir Thomas More by Shakespeare.txt": 0.11571814936231001,
    "Taming of the Shrew.txt": 0.07488558786763694,
    "The Comedy of Errors.txt": 0.05054114764307549,
    "THE HISTORY OF TROILUS AND CRESSIDA.txt": -0.12118348804915324,
    "The Life and Death of the Lord Cromwell by Shakespeare.txt": 0.10313283369478032,
    "THE LIFE OF TIMON OF ATHENS.txt": 0.09461252142661719,
    "The London Prodigal.txt": 0.10744691770371018,
    "The Merry Devill of Edmonton by Shakespeare.txt": 0.08782877828539853,
    "THE MERRY WIVES OF WINDSOR.txt": 0.11088807790394262,
    "The Puritaine Widdow by Shakespeare.txt": 0.1345789070124973,
    "THE RAPE OF LUCRECE.txt": 0.06837542159721999,
    "THE TAMING OF THE SHREW.txt": 0.010095046612878078,
    "THE TEMPEST.txt": 0.13344608975745664,
    "THE TRAGEDY OF ANTONY AND CLEOPATRA.txt": 0.09398837761982232,
    "THE TRAGEDY OF CORIOLANUS.txt": -0.051417266835567244,
    "THE TRAGEDY OF HAMLET PRINCE OF DENMARK.txt": 0.1453397164583397,
    "THE TRAGEDY OF JULIUS CAESAR.txt": -0.028090561927309854,
    "THE TRAGEDY OF KING LEAR.txt": 0.1051769695072024,
    "THE TRAGEDY OF MACBETH.txt": 0.10955327264200015,
    "THE TRAGEDY OF OTHELLO MOOR OF VENICE.txt": 0.12578197093927085,
    "THE TRAGEDY OF ROMEO AND JULIET.txt": 0.1351496919386958,
    "THE TRAGEDY OF TITUS ANDRONICUS.txt": 0.12326354500827613,
    "THE TWO GENTLEMEN OF VERONA.txt": 0.1172970890081283,
    "The Two Noble Kinsmen by Shakespeare.txt": 0.11402557719054263,
    "THE WINTERS TALE.txt": 0.13193883493609804,
    "Venus and Adonis.txt": 0.03552848391349217
}