{
    "A LOVERS COMPLAINT.txt": 0.0403000335385259,
    "A MIDSUMMER NIGHT_S DREAM.txt": 0.0965887143496304,
    "A Yorkshire Tragedy by Shakespeare.txt": 0.08653803259340292,
    "Arden of Feversham.txt": 0.09976000796093731,
    "AS YOU LIKE IT.txt": 0.12294582978521529,
    "CYMBELINE.txt": 0.14269380928059738,
    "Fair Em by Shakespeare.txt": 0.13720032718589453,
    "KING EDWARD III by Shakespeare.txt": 0.08566564301652085,
    "King Henry IV, Part 1.txt": 0.1191647500844476,
    "KING HENRY V.txt": 0.1036482368476715,
    "KING HENRY VI part I.txt": 0.0664573629023168,
    "KING HENRY VI Part II.txt": 0.11901148925214855,
    "KING HENRY VI Part III.txt": 0.04751701804611436,
    "KING HENRY VIII.txt": 0.15385821695541202,
    "KING JOHN.txt": 0.03147931095352774,
    "KING RICHARD II.txt": 0.13532647173917528,
    "KING RICHARD III.txt": 0.1300124803344706,
    "Locrine Mucedorus by Shakespeare.txt": 0.12563033433705217,
    "Love_s Labour_s Lost.txt": 0.1410875337238197,
    "MEASURE FOR MEASURE.txt": 0.140112070632742,
    "Merchant of Venice.txt": 0.11805487051136315,
    "MUCH ADO ABOUT NOTHING.txt": 0.1316535120168913,
    "PERICLES PRINCE OF TYRE.txt": 0.12096347862000978,
    "Sir John Oldcastle by Shakespeare.txt": 0.1382662591415691,
    "Sir Thomas More by Shakespeare.txt": 0.12489541563070211,
    "Taming of the Shrew.txt": 0.12515395866588563,
    "The Comedy of Errors.txt": 0.04881595413048406,
    "THE HISTORY OF TROILUS AND CRESSIDA.txt": 0.13452601059585628,
    "The Life and Death of the Lord Cromwell by Shakespeare.txt": 0.13398087871295167,
    "THE LIFE OF TIMON OF ATHENS.txt": 0.14558124010991336,
    "The London Prodigal.txt": 0.12138998000571272,
    "The Merry Devill of Edmonton by Shakespeare.txt": 0.08365127025038538,
    "THE MERRY WIVES OF WINDSOR.txt": 0.0441615303845293,
    "The Puritaine Widdow by Shakespeare.txt": 0.1363124996430648,
    "THE RAPE OF LUCRECE.txt": 0.06662754588553571,
    "THE TAMING OF THE SHREW.txt": 0.13426582670587522,
    "THE TEMPEST.txt": 0.11879330725270598,
    "THE TRAGEDY OF ANTONY AND CLEOPATRA.txt": 0.1429587930650365,
    "THE TRAGEDY OF CORIOLANUS.txt": 0.13845734132538978,
    "THE TRAGEDY OF HAMLET PRINCE OF DENMARK.txt": 0.08529927980277713,
    "THE TRAGEDY OF JULIUS CAESAR.txt": 0.1387034229716141,
    "THE TRAGEDY OF KING LEAR.txt": 0.12468503091546013,
    "THE TRAGEDY OF MACBETH.txt": 0.11028403157153688,
    "THE TRAGEDY OF OTHELLO MOOR OF VENICE.txt": 0.1196766654331165,
    "THE TRAGEDY OF ROMEO AND JULIET.txt": 0.14479991162290878,
    "THE TRAGEDY OF TITUS ANDRONICUS.txt": 0.07949227987172902,
    "THE TWO GENTLEMEN OF VERONA.txt": 0.1187029824510531,
    "The Two Noble Kinsmen by Shakespeare.txt": 0.12354320955295273,
    "THE WINTERS TALE.txt": 0.14138326771553072,
    "Venus and Adonis.txt": 0.08601774044322763
}