{
    "A MIDSUMMER NIGHT_S DREAM.txt": 0.102597967485198,
    "A Yorkshire Tragedy by Shakespeare.txt": 0.06305250746073177,
    "Arden of Feversham.txt": 0.10722575524806,
    "AS YOU LIKE IT.txt": 0.03258125565603209,
    "CYMBELINE.txt": 0.10806770876093369,
    "Fair Em by Shakespeare.txt": 0.07808680824400421,
    "KING EDWARD III by Shakespeare.txt": 0.04859898029581794,
    "King Henry IV, Part 1.txt": 0.0724133469633334,
    "KING HENRY V.txt": -0.008310455134198369,
    "KING HENRY VI part I.txt": -0.1646155230024896,
    "KING HENRY VI Part II.txt": 0.04915906978343865,
    "KING HENRY VI Part III.txt": 0.10001495822090445,
    "KING HENRY VIII.txt": -0.0004981637432640573,
    "KING JOHN.txt": 0.07046390898437327,
    "KING RICHARD II.txt": 0.06687948787363734,
    "KING RICHARD III.txt": 0.1059312509898781,
    "Locrine Mucedorus by Shakespeare.txt": 0.06603087839461358,
    "Love_s Labour_s Lost.txt": 0.07968570933311941,
    "MEASURE FOR MEASURE.txt": 0.08236161390555885,
    "Merchant of Venice.txt": 0.029851164102993433,
    "MUCH ADO ABOUT NOTHING.txt": 0.10068846147953686,
    "PERICLES PRINCE OF TYRE.txt": 0.07935133017698764,
    "Sir John Oldcastle by Shakespeare.txt": 0.03415780911881566,
    "Sir Thomas More by Shakespeare.txt": 0.09309734924819446,
    "Taming of the Shrew.txt": 0.10493603510054367,
    "The Comedy of Errors.txt": 0.025401770702590976,
    "THE HISTORY OF TROILUS AND CRESSIDA.txt": 0.05822499920564678,
    "The Life and Death of the Lord Cromwell by Shakespeare.txt": 0.08250365529402254,
    "THE LIFE OF TIMON OF ATHENS.txt": -0.017572986385855804,
    "The London Prodigal.txt": 0.08680417390807282,
    "The Merry Devill of Edmonton by Shakespeare.txt": 0.07446616231908965,
    "THE MERRY WIVES OF WINDSOR.txt": 0.07580855651431867,
    "The Puritaine Widdow by Shakespeare.txt": 0.09118782384025131,
    "THE RAPE OF LUCRECE.txt": 0.0689271078699299,
    "THE TAMING OF THE SHREW.txt": 0.10747001733928246,
    "THE TEMPEST.txt": 0.09386865190683175,
    "THE TRAGEDY OF ANTONY AND CLEOPATRA.txt": 0.018820412037666656,
    "THE TRAGEDY OF CORIOLANUS.txt": 0.10007286281057748,
    "THE TRAGEDY OF HAMLET PRINCE OF DENMARK.txt": 0.11137148093384408,
    "THE TRAGEDY OF JULIUS CAESAR.txt": 0.07318777698660928,
    "THE TRAGEDY OF KING LEAR.txt": -0.013087484238905822,
    "THE TRAGEDY OF MACBETH.txt": 0.10296563273111725,
    "THE TRAGEDY OF OTHELLO MOOR OF VENICE.txt": 0.11268317625897689,
    "THE TRAGEDY OF ROMEO AND JULIET.txt": 0.09846081772174192,
    "THE TRAGEDY OF TITUS ANDRONICUS.txt": 0.07934808961164169,
    "THE TWO GENTLEMEN OF VERONA.txt": 0.07977501582480523,
    "The Two Noble Kinsmen by Shakespeare.txt": -0.19334431506561844,
    "THE WINTERS TALE.txt": 0.04171743154258761,
    "Venus and Adonis.txt": -0.07801168837555772
}