{
    "A MIDSUMMER NIGHT_S DREAM.txt": 0.10915031297755218,
    "A Yorkshire Tragedy by Shakespeare.txt": 0.0561450773716522,
    "Arden of Feversham.txt": 0.11111708541782106,
    "AS YOU LIKE IT.txt": 0.05210044369200134,
    "CYMBELINE.txt": 0.10965264548551013,
    "Fair Em by Shakespeare.txt": 0.09631420994059559,
    "KING EDWARD III by Shakespeare.txt": 0.07668752829531938,
    "King Henry IV, Part 1.txt": 0.0863158325738721,
    "KING HENRY V.txt": 0.005092867945431567,
    "KING HENRY VI part I.txt": -0.14522018532378156,
    "KING HENRY VI Part II.txt": 0.04576656625846076,
    "KING HENRY VI Part III.txt": 0.11025401624509212,
    "KING HENRY VIII.txt": 0.024342356357455963,
    "KING JOHN.txt": 0.05786923860203824,
    "KING RICHARD II.txt": 0.10589465080414073,
    "KING RICHARD III.txt": 0.09278541689364733,
    "Locrine Mucedorus by Shakespeare.txt": 0.078192000135901,
    "Love_s Labour_s Lost.txt": 0.08258771842708912,
    "MEASURE FOR MEASURE.txt": 0.09501429788603344,
    "Merchant of Venice.txt": 0.029882323408861655,
    "MUCH ADO ABOUT NOTHING.txt": 0.10037332973090557,
    "PERICLES PRINCE OF TYRE.txt": 0.09970583390549786,
    "Sir John Oldcastle by Shakespeare.txt": 0.0469074285982396,
    "Sir Thomas More by Shakespeare.txt": 0.10016032451862078,
    "Taming of the Shrew.txt": 0.11098055300075549,
    "The Comedy of Errors.txt": 0.07931302398784218,
    "THE HISTORY OF TROILUS AND CRESSIDA.txt": 0.08936358706661773,
    "The Life and Death of the Lord Cromwell by Shakespeare.txt": 0.0880678343318147,
    "THE LIFE OF TIMON OF ATHENS.txt": -0.030711169397055982,
    "The London Prodigal.txt": 0.1000847458518771,
    "The Merry Devill of Edmonton by Shakespeare.txt": 0.10314495465134998,
    "THE MERRY WIVES OF WINDSOR.txt": 0.08601529827080229,
    "The Puritaine Widdow by Shakespeare.txt": 0.09096612626887107,
    "THE RAPE OF LUCRECE.txt": 0.07056270419602118,
    "THE TAMING OF THE SHREW.txt": 0.10070645018117141,
    "THE TEMPEST.txt": 0.09947824104967307,
    "THE TRAGEDY OF ANTONY AND CLEOPATRA.txt": 0.04912140398230053,
    "THE TRAGEDY OF CORIOLANUS.txt": 0.0930214481848824,
    "THE TRAGEDY OF HAMLET PRINCE OF DENMARK.txt": 0.10709808082559075,
    "THE TRAGEDY OF JULIUS CAESAR.txt": 0.07388148589961119,
    "THE TRAGEDY OF KING LEAR.txt": -0.006202873146667676,
    "THE TRAGEDY OF MACBETH.txt": 0.10031320100035462,
    "THE TRAGEDY OF OTHELLO MOOR OF VENICE.txt": 0.11337128511740535,
    "THE TRAGEDY OF ROMEO AND JULIET.txt": 0.09012251380161296,
    "THE TRAGEDY OF TITUS ANDRONICUS.txt": 0.09189446073153057,
    "THE TWO GENTLEMEN OF VERONA.txt": 0.080415149825806,
    "The Two Noble Kinsmen by Shakespeare.txt": -0.21603077184118524,
    "THE WINTERS TALE.txt": 0.05336113645797608,
    "Venus and Adonis.txt": -0.07785170753863235
}