{
    "A LOVERS COMPLAINT.txt": 0.039215832460910593,
    "A MIDSUMMER NIGHT_S DREAM.txt": -0.036627040073430095,
    "A Yorkshire Tragedy by Shakespeare.txt": 0.09413413941715876,
    "Arden of Feversham.txt": 0.1542250382285404,
    "AS YOU LIKE IT.txt": 0.1234870710721303,
    "CYMBELINE.txt": 0.13879377240639917,
    "Fair Em by Shakespeare.txt": 0.11644876775848145,
    "KING EDWARD III by Shakespeare.txt": 0.10619970018833041,
    "King Henry IV, Part 1.txt": 0.09137556637308142,
    "KING HENRY V.txt": 0.08033285094981146,
    "KING HENRY VI part I.txt": 0.02799411702902671,
    "KING HENRY VI Part II.txt": 0.0885898507690458,
    "KING HENRY VI Part III.txt": 0.12890640196233166,
    "KING HENRY VIII.txt": 0.08568983929539281,
    "KING JOHN.txt": 0.0070196989448462754,
    "KING RICHARD II.txt": 0.1539055765348648,
    "KING RICHARD III.txt": 0.11633477501466505,
    "Locrine Mucedorus by Shakespeare.txt": 0.11640547560846332,
    "Love_s Labour_s Lost.txt": 0.12343533330654366,
    "MEASURE FOR MEASURE.txt": 0.13885566143145794,
    "Merchant of Venice.txt": 0.11081168797201485,
    "MUCH ADO ABOUT NOTHING.txt": 0.12623110121105136,
    "PERICLES PRINCE OF TYRE.txt": 0.11715290179167365,
    "Sir John Oldcastle by Shakespeare.txt": 0.09733508017275633,
    "Sir Thomas More by Shakespeare.txt": 0.11121010170525425,
    "Taming of the Shrew.txt": 0.1348459806799659,
    "The Comedy of Errors.txt": 0.12896393474754136,
    "THE HISTORY OF TROILUS AND CRESSIDA.txt": 0.12786393002695307,
    "The Life and Death of the Lord Cromwell by Shakespeare.txt": 0.11093730585409584,
    "THE LIFE OF TIMON OF ATHENS.txt": 0.08120481861357959,
    "The London Prodigal.txt": 0.1355590246683797,
    "The Merry Devill of Edmonton by Shakespeare.txt": 0.1036963930224934,
    "THE MERRY WIVES OF WINDSOR.txt": 0.13059819908130615,
    "The Puritaine Widdow by Shakespeare.txt": 0.14429826837775195,
    "THE RAPE OF LUCRECE.txt": 0.11165238407365502,
    "THE TAMING OF THE SHREW.txt": 0.14555439276541088,
    "THE TEMPEST.txt": 0.10570485611229946,
    "THE TRAGEDY OF ANTONY AND CLEOPATRA.txt": 0.05692797292099577,
    "THE TRAGEDY OF CORIOLANUS.txt": 0.1525528541886561,
    "THE TRAGEDY OF HAMLET PRINCE OF DENMARK.txt": 0.12815102554322122,
    "THE TRAGEDY OF JULIUS CAESAR.txt": 0.11791527178128408,
    "THE TRAGEDY OF KING LEAR.txt": 0.110023478138638,
    "THE TRAGEDY OF MACBETH.txt": 0.11159512405294048,
    "THE TRAGEDY OF OTHELLO MOOR OF VENICE.txt": 0.14230390987957825,
    "THE TRAGEDY OF ROMEO AND JULIET.txt": 0.11859338300770422,
    "THE TRAGEDY OF TITUS ANDRONICUS.txt": 0.14423973596298195,
    "THE TWO GENTLEMEN OF VERONA.txt": 0.1396321816844997,
    "The Two Noble Kinsmen by Shakespeare.txt": 0.024779064257923367,
    "THE WINTERS TALE.txt": 0.11872520557604166,
    "Venus and Adonis.txt": 0.04904175932367333
}