{
    "A LOVERS COMPLAINT.txt": 0.047848789432214045,
    "A MIDSUMMER NIGHT_S DREAM.txt": -0.017207398471786428,
    "A Yorkshire Tragedy by Shakespeare.txt": 0.07422482760927568,
    "Arden of Feversham.txt": 0.13238122078002523,
    "AS YOU LIKE IT.txt": 0.11020366671854959,
    "CYMBELINE.txt": 0.11681610695817257,
    "Fair Em by Shakespeare.txt": 0.10529847979743462,
    "KING EDWARD III by Shakespeare.txt": 0.11204872302554619,
    "King Henry IV, Part 1.txt": 0.0799293441294412,
    "KING HENRY V.txt": 0.07235809556077683,
    "KING HENRY VI part I.txt": 0.02008544007184271,
    "KING HENRY VI Part II.txt": 0.08784384435038156,
    "KING HENRY VI Part III.txt": 0.1295134847236502,
    "KING HENRY VIII.txt": 0.05129059408367059,
    "KING JOHN.txt": 0.0035531764090768747,
    "KING RICHARD II.txt": 0.13030748293792044,
    "KING RICHARD III.txt": 0.10814300789542264,
    "Locrine Mucedorus by Shakespeare.txt": 0.09693604012101131,
    "Love_s Labour_s Lost.txt": 0.10613400768570652,
    "MEASURE FOR MEASURE.txt": 0.13538161664983656,
    "Merchant of Venice.txt": 0.10452803090449031,
    "MUCH ADO ABOUT NOTHING.txt": 0.12230411578831146,
    "PERICLES PRINCE OF TYRE.txt": 0.11619248183107611,
    "Sir John Oldcastle by Shakespeare.txt": 0.11309959350311571,
    "Sir Thomas More by Shakespeare.txt": 0.13676118445921315,
    "Taming of the Shrew.txt": 0.1042984613516833,
    "The Comedy of Errors.txt": 0.12255510124155944,
    "THE HISTORY OF TROILUS AND CRESSIDA.txt": 0.12141990985204121,
    "The Life and Death of the Lord Cromwell by Shakespeare.txt": 0.11233360812985305,
    "THE LIFE OF TIMON OF ATHENS.txt": 0.07058391147847276,
    "The London Prodigal.txt": 0.13313884619825822,
    "The Merry Devill of Edmonton by Shakespeare.txt": 0.09736988065337698,
    "THE MERRY WIVES OF WINDSOR.txt": 0.12976055511525364,
    "The Puritaine Widdow by Shakespeare.txt": 0.09911363374607884,
    "THE RAPE OF LUCRECE.txt": 0.09127123877760474,
    "THE TAMING OF THE SHREW.txt": 0.13308322851044863,
    "THE TEMPEST.txt": 0.12046708692471081,
    "THE TRAGEDY OF ANTONY AND CLEOPATRA.txt": 0.04704441841290846,
    "THE TRAGEDY OF CORIOLANUS.txt": 0.1449494375251955,
    "THE TRAGEDY OF HAMLET PRINCE OF DENMARK.txt": 0.13155569356578312,
    "THE TRAGEDY OF JULIUS CAESAR.txt": 0.128071354987976,
    "THE TRAGEDY OF KING LEAR.txt": 0.10258529959673285,
    "THE TRAGEDY OF MACBETH.txt": 0.11034972816759353,
    "THE TRAGEDY OF OTHELLO MOOR OF VENICE.txt": 0.1351230272754237,
    "THE TRAGEDY OF ROMEO AND JULIET.txt": 0.11369594708538444,
    "THE TRAGEDY OF TITUS ANDRONICUS.txt": 0.12180664937046654,
    "THE TWO GENTLEMEN OF VERONA.txt": 0.10774405279022092,
    "The Two Noble Kinsmen by Shakespeare.txt": 0.009854899794619398,
    "THE WINTERS TALE.txt": 0.12371908069410459,
    "Venus and Adonis.txt": 0.01316998717574297
}