{
    "A LOVERS COMPLAINT.txt": 0.04419204216024819,
    "A MIDSUMMER NIGHT_S DREAM.txt": 0.019069749912159484,
    "A Yorkshire Tragedy by Shakespeare.txt": 0.05181052202297143,
    "Arden of Feversham.txt": 0.09386219150094594,
    "AS YOU LIKE IT.txt": 0.09106399080235061,
    "CYMBELINE.txt": 0.08781790159141434,
    "Fair Em by Shakespeare.txt": 0.05181052202297143,
    "KING EDWARD III by Shakespeare.txt": 0.04498838231784685,
    "King Henry IV, Part 1.txt": 0.07889222252029104,
    "KING HENRY V.txt": -0.03052728156824802,
    "KING HENRY VI part I.txt": 0.09807016101260357,
    "KING HENRY VI Part II.txt": 0.10820334341271753,
    "KING HENRY VI Part III.txt": 0.017442506640745037,
    "KING HENRY VIII.txt": -0.2103067684850557,
    "KING JOHN.txt": 0.0023258382122383625,
    "KING RICHARD II.txt": 0.11028672742391293,
    "KING RICHARD III.txt": -0.02846311751448405,
    "Locrine Mucedorus by Shakespeare.txt": 0.013952863374099733,
    "Love_s Labour_s Lost.txt": 0.05552498272857115,
    "MEASURE FOR MEASURE.txt": 0.07287180839627061,
    "Merchant of Venice.txt": 0.09095463205733251,
    "MUCH ADO ABOUT NOTHING.txt": 0.0881953681857065,
    "PERICLES PRINCE OF TYRE.txt": 0.09107987419787195,
    "Sir John Oldcastle by Shakespeare.txt": 0.052069730698819705,
    "Sir Thomas More by Shakespeare.txt": 0.10466189066310888,
    "Taming of the Shrew.txt": 0.07062340668607303,
    "The Comedy of Errors.txt": 0.08693371508753722,
    "THE HISTORY OF TROILUS AND CRESSIDA.txt": 0.026937060215595,
    "The Life and Death of the Lord Cromwell by Shakespeare.txt": 0.09360866028349968,
    "THE LIFE OF TIMON OF ATHENS.txt": 0.04419204216024819,
    "The London Prodigal.txt": 0.06529475492969389,
    "The Merry Devill of Edmonton by Shakespeare.txt": 0.09143101220022426,
    "THE MERRY WIVES OF WINDSOR.txt": 0.002034942146783847,
    "The Puritaine Widdow by Shakespeare.txt": 0.0736191463925655,
    "THE RAPE OF LUCRECE.txt": 0.05859743835568393,
    "THE TAMING OF THE SHREW.txt": 0.08988333168321877,
    "THE TEMPEST.txt": 0.09224188753636287,
    "THE TRAGEDY OF ANTONY AND CLEOPATRA.txt": 0.06957790479147452,
    "THE TRAGEDY OF CORIOLANUS.txt": 0.07494940683071183,
    "THE TRAGEDY OF HAMLET PRINCE OF DENMARK.txt": 0.03484627532945889,
    "THE TRAGEDY OF JULIUS CAESAR.txt": 0.08275451036084513,
    "THE TRAGEDY OF KING LEAR.txt": 0.08448799826598175,
    "THE TRAGEDY OF MACBETH.txt": 0.051001662755494115,
    "THE TRAGEDY OF OTHELLO MOOR OF VENICE.txt": 0.0849951244279013,
    "THE TRAGEDY OF ROMEO AND JULIET.txt": 0.09181716873978196,
    "THE TRAGEDY OF TITUS ANDRONICUS.txt": 0.03932245523058647,
    "THE TWO GENTLEMEN OF VERONA.txt": 0.07617077930328536,
    "The Two Noble Kinsmen by Shakespeare.txt": 0.09375352991324948,
    "THE WINTERS TALE.txt": 0.0720429344291672,
    "Venus and Adonis.txt": -0.03473075269779824
}