{
    "A LOVERS COMPLAINT.txt": 0.008145426118015553,
    "A MIDSUMMER NIGHT_S DREAM.txt": 0.07649039063954832,
    "A Yorkshire Tragedy by Shakespeare.txt": 0.008145426118015553,
    "Arden of Feversham.txt": 0.07409381848532332,
    "AS YOU LIKE IT.txt": 0.04752908880644546,
    "CYMBELINE.txt": 0.07071804789143676,
    "Fair Em by Shakespeare.txt": 0.08969861761343212,
    "KING EDWARD III by Shakespeare.txt": 0.0695931490036843,
    "King Henry IV, Part 1.txt": 0.04772483165432939,
    "KING HENRY V.txt": 0.07827404365576157,
    "KING HENRY VI part I.txt": 0.06033642933265543,
    "KING HENRY VI Part II.txt": 0.04820159926542794,
    "KING HENRY VI Part III.txt": 0.06938105528412686,
    "KING HENRY VIII.txt": 0.0660239793607571,
    "KING JOHN.txt": 0.07333865675196588,
    "KING RICHARD II.txt": 0.06760419594506956,
    "KING RICHARD III.txt": 0.08204640095408039,
    "Locrine Mucedorus by Shakespeare.txt": 0.08836347649791604,
    "Love_s Labour_s Lost.txt": 0.07610777294176435,
    "MEASURE FOR MEASURE.txt": 0.07483909413501394,
    "Merchant of Venice.txt": 0.030337177684169714,
    "MUCH ADO ABOUT NOTHING.txt": 0.07970560017777756,
    "PERICLES PRINCE OF TYRE.txt": 0.06901577776275464,
    "Sir John Oldcastle by Shakespeare.txt": 0.07943499399331955,
    "Sir Thomas More by Shakespeare.txt": 0.10005504166546664,
    "Taming of the Shrew.txt": 0.06184038040522438,
    "The Comedy of Errors.txt": 0.06184453647044108,
    "THE HISTORY OF TROILUS AND CRESSIDA.txt": 0.0670536874914579,
    "The Life and Death of the Lord Cromwell by Shakespeare.txt": 0.07629985042880794,
    "THE LIFE OF TIMON OF ATHENS.txt": 0.05653628773356567,
    "The London Prodigal.txt": 0.0695931490036843,
    "The Merry Devill of Edmonton by Shakespeare.txt": 0.0771651182187032,
    "THE MERRY WIVES OF WINDSOR.txt": 0.08168188883953686,
    "The Puritaine Widdow by Shakespeare.txt": 0.07429854242020695,
    "THE RAPE OF LUCRECE.txt": 0.008145426118015553,
    "THE TAMING OF THE SHREW.txt": 0.0993290308320518,
    "THE TEMPEST.txt": 0.03791048305856182,
    "THE TRAGEDY OF ANTONY AND CLEOPATRA.txt": -0.07976798750864511,
    "THE TRAGEDY OF CORIOLANUS.txt": 0.025968826647173593,
    "THE TRAGEDY OF HAMLET PRINCE OF DENMARK.txt": 0.023796529098125574,
    "THE TRAGEDY OF JULIUS CAESAR.txt": -0.02276570637666986,
    "THE TRAGEDY OF KING LEAR.txt": 0.06629302233810574,
    "THE TRAGEDY OF MACBETH.txt": 0.060087873482997156,
    "THE TRAGEDY OF OTHELLO MOOR OF VENICE.txt": -0.08785939817250221,
    "THE TRAGEDY OF ROMEO AND JULIET.txt": 0.08221917653617206,
    "THE TRAGEDY OF TITUS ANDRONICUS.txt": 0.06760419594506956,
    "THE TWO GENTLEMEN OF VERONA.txt": 0.06083292734347662,
    "The Two Noble Kinsmen by Shakespeare.txt": 0.05989948489303348,
    "THE WINTERS TALE.txt": 0.05099892831410574,
    "Venus and Adonis.txt": 0.008145426118015553
}