{
    "A LOVERS COMPLAINT.txt": 0.12000430790415606,
    "A MIDSUMMER NIGHT_S DREAM.txt": 0.1521124969152901,
    "A Yorkshire Tragedy by Shakespeare.txt": 0.14493821597757478,
    "Arden of Feversham.txt": 0.11722987903511473,
    "AS YOU LIKE IT.txt": 0.154361419913921,
    "CYMBELINE.txt": 0.1287802335781249,
    "Fair Em by Shakespeare.txt": 0.03271208470942982,
    "KING EDWARD III by Shakespeare.txt": 0.1401089566195413,
    "King Henry IV, Part 1.txt": 0.12720141480928204,
    "KING HENRY V.txt": 0.0983036346806494,
    "KING HENRY VI part I.txt": -0.04172961242149331,
    "KING HENRY VI Part II.txt": 0.1435849823021404,
    "KING HENRY VI Part III.txt": 0.14265193731459097,
    "KING HENRY VIII.txt": 0.12336617166762759,
    "KING JOHN.txt": 0.15777137173371691,
    "KING RICHARD II.txt": 0.1594471849016899,
    "KING RICHARD III.txt": 0.15738144492593487,
    "Locrine Mucedorus by Shakespeare.txt": 0.13326631064514255,
    "Love_s Labour_s Lost.txt": 0.11006329914143798,
    "MEASURE FOR MEASURE.txt": 0.059946812414312545,
    "Merchant of Venice.txt": 0.1574765020537956,
    "MUCH ADO ABOUT NOTHING.txt": 0.158536048850428,
    "PERICLES PRINCE OF TYRE.txt": 0.1325399236099738,
    "Sir John Oldcastle by Shakespeare.txt": 0.15279489260177276,
    "Sir Thomas More by Shakespeare.txt": 0.14073562142427576,
    "Taming of the Shrew.txt": 0.12208956322351455,
    "The Comedy of Errors.txt": 0.15600433859069146,
    "THE HISTORY OF TROILUS AND CRESSIDA.txt": 0.10789657380047751,
    "The Life and Death of the Lord Cromwell by Shakespeare.txt": 0.12674015533923216,
    "THE LIFE OF TIMON OF ATHENS.txt": 0.1305616774118341,
    "The London Prodigal.txt": 0.10526287236201998,
    "The Merry Devill of Edmonton by Shakespeare.txt": 0.1298945521306597,
    "THE MERRY WIVES OF WINDSOR.txt": 0.11939397562074483,
    "The Puritaine Widdow by Shakespeare.txt": 0.1492677979289383,
    "THE RAPE OF LUCRECE.txt": 0.13130036587754695,
    "THE TAMING OF THE SHREW.txt": 0.14267483246908885,
    "THE TEMPEST.txt": 0.14786465361269613,
    "THE TRAGEDY OF ANTONY AND CLEOPATRA.txt": 0.13866271004557584,
    "THE TRAGEDY OF CORIOLANUS.txt": 0.14591299484925618,
    "THE TRAGEDY OF HAMLET PRINCE OF DENMARK.txt": 0.1493333203160867,
    "THE TRAGEDY OF JULIUS CAESAR.txt": 0.1630839742612974,
    "THE TRAGEDY OF KING LEAR.txt": 0.1561012371836688,
    "THE TRAGEDY OF MACBETH.txt": 0.13994353526808256,
    "THE TRAGEDY OF OTHELLO MOOR OF VENICE.txt": 0.11220405637565817,
    "THE TRAGEDY OF ROMEO AND JULIET.txt": 0.13599750896682483,
    "THE TRAGEDY OF TITUS ANDRONICUS.txt": 0.14239151657920007,
    "THE TWO GENTLEMEN OF VERONA.txt": 0.1320094981100915,
    "The Two Noble Kinsmen by Shakespeare.txt": 0.09447839559827487,
    "THE WINTERS TALE.txt": 0.14362109351102692,
    "Venus and Adonis.txt": -0.06758178791720115
}