{
    "A LOVERS COMPLAINT.txt": -0.014545905645992785,
    "A MIDSUMMER NIGHT_S DREAM.txt": -0.031158445016778336,
    "A Yorkshire Tragedy by Shakespeare.txt": 0.07542549153197553,
    "Arden of Feversham.txt": 0.10805827272367685,
    "AS YOU LIKE IT.txt": 0.11085400338965545,
    "CYMBELINE.txt": 0.08491003765491906,
    "Fair Em by Shakespeare.txt": 0.04846275560293428,
    "KING EDWARD III by Shakespeare.txt": 0.12268043503908743,
    "King Henry IV, Part 1.txt": 0.13102634578517752,
    "KING HENRY V.txt": 0.14088062118193095,
    "KING HENRY VI part I.txt": 0.10020585290846784,
    "KING HENRY VI Part II.txt": 0.14608771166829254,
    "KING HENRY VI Part III.txt": 0.12500491615686193,
    "KING HENRY VIII.txt": 0.14282312497982014,
    "KING JOHN.txt": 0.0018321204777876354,
    "KING RICHARD II.txt": 0.14665482629395615,
    "KING RICHARD III.txt": 0.14369571060468522,
    "Locrine Mucedorus by Shakespeare.txt": 0.1376218187975659,
    "Love_s Labour_s Lost.txt": 0.1218790354089272,
    "MEASURE FOR MEASURE.txt": 0.10299531216405428,
    "Merchant of Venice.txt": 0.14398254710419717,
    "MUCH ADO ABOUT NOTHING.txt": 0.1390122496105773,
    "PERICLES PRINCE OF TYRE.txt": 0.1458924106291246,
    "Sir John Oldcastle by Shakespeare.txt": 0.13206217838816858,
    "Sir Thomas More by Shakespeare.txt": 0.13677460929567659,
    "Taming of the Shrew.txt": 0.1391364019606905,
    "The Comedy of Errors.txt": 0.12455324705871856,
    "THE HISTORY OF TROILUS AND CRESSIDA.txt": 0.0639597029667563,
    "The Life and Death of the Lord Cromwell by Shakespeare.txt": 0.11443803769771455,
    "THE LIFE OF TIMON OF ATHENS.txt": 0.1261339735992948,
    "The London Prodigal.txt": 0.10671176689209211,
    "The Merry Devill of Edmonton by Shakespeare.txt": 0.1232781456530791,
    "THE MERRY WIVES OF WINDSOR.txt": 0.13546484294222838,
    "The Puritaine Widdow by Shakespeare.txt": 0.13887079295169424,
    "THE RAPE OF LUCRECE.txt": 0.11478380361280427,
    "THE TAMING OF THE SHREW.txt": 0.14266609014854625,
    "THE TEMPEST.txt": 0.14605083751357362,
    "THE TRAGEDY OF ANTONY AND CLEOPATRA.txt": 0.14857146368192048,
    "THE TRAGEDY OF CORIOLANUS.txt": 0.10401296858919595,
    "THE TRAGEDY OF HAMLET PRINCE OF DENMARK.txt": 0.1297191228763549,
    "THE TRAGEDY OF JULIUS CAESAR.txt": 0.1254890567699854,
    "THE TRAGEDY OF KING LEAR.txt": 0.10886354002436,
    "THE TRAGEDY OF MACBETH.txt": 0.1114488968766626,
    "THE TRAGEDY OF OTHELLO MOOR OF VENICE.txt": 0.14462856730189622,
    "THE TRAGEDY OF ROMEO AND JULIET.txt": 0.12779263648791706,
    "THE TRAGEDY OF TITUS ANDRONICUS.txt": 0.15191419365449516,
    "THE TWO GENTLEMEN OF VERONA.txt": 0.13391175003991734,
    "The Two Noble Kinsmen by Shakespeare.txt": 0.0682437413533159,
    "THE WINTERS TALE.txt": 0.11318431106261556,
    "Venus and Adonis.txt": 0.11117671739178614
}