{
    "A LOVERS COMPLAINT.txt": -0.009705554201462574,
    "A MIDSUMMER NIGHT_S DREAM.txt": -0.003995573852998646,
    "A Yorkshire Tragedy by Shakespeare.txt": 0.058717166438295054,
    "Arden of Feversham.txt": 0.0900279735713288,
    "AS YOU LIKE IT.txt": 0.11035442967419784,
    "CYMBELINE.txt": 0.05099403718926965,
    "Fair Em by Shakespeare.txt": 0.0658167211016199,
    "KING EDWARD III by Shakespeare.txt": 0.12001406791910046,
    "King Henry IV, Part 1.txt": 0.1184986772896387,
    "KING HENRY V.txt": 0.12369183094390734,
    "KING HENRY VI part I.txt": 0.09681975717809865,
    "KING HENRY VI Part II.txt": 0.13045966713740648,
    "KING HENRY VI Part III.txt": 0.12141324537504045,
    "KING HENRY VIII.txt": 0.12677677902387696,
    "KING JOHN.txt": -0.0050087325093585155,
    "KING RICHARD II.txt": 0.13053065066833847,
    "KING RICHARD III.txt": 0.12613332522924692,
    "Locrine Mucedorus by Shakespeare.txt": 0.12763102126542825,
    "Love_s Labour_s Lost.txt": 0.1159445279796576,
    "MEASURE FOR MEASURE.txt": 0.09712376353640584,
    "Merchant of Venice.txt": 0.1180011919358312,
    "MUCH ADO ABOUT NOTHING.txt": 0.12659522068294787,
    "PERICLES PRINCE OF TYRE.txt": 0.0969753852879956,
    "Sir John Oldcastle by Shakespeare.txt": 0.1296329602584551,
    "Sir Thomas More by Shakespeare.txt": 0.14572933058925758,
    "Taming of the Shrew.txt": 0.12214047932442351,
    "The Comedy of Errors.txt": 0.11341815977130221,
    "THE HISTORY OF TROILUS AND CRESSIDA.txt": 0.020503862591109756,
    "The Life and Death of the Lord Cromwell by Shakespeare.txt": 0.10144025862233097,
    "THE LIFE OF TIMON OF ATHENS.txt": 0.12092805408495177,
    "The London Prodigal.txt": 0.0806948312456861,
    "The Merry Devill of Edmonton by Shakespeare.txt": 0.10644047742665064,
    "THE MERRY WIVES OF WINDSOR.txt": 0.11306755504008903,
    "The Puritaine Widdow by Shakespeare.txt": 0.11862951522840343,
    "THE RAPE OF LUCRECE.txt": 0.12407863201161562,
    "THE TAMING OF THE SHREW.txt": 0.11421445670990515,
    "THE TEMPEST.txt": 0.12789279680102134,
    "THE TRAGEDY OF ANTONY AND CLEOPATRA.txt": 0.12820982082902532,
    "THE TRAGEDY OF CORIOLANUS.txt": 0.07478144775125051,
    "THE TRAGEDY OF HAMLET PRINCE OF DENMARK.txt": 0.11167567942821666,
    "THE TRAGEDY OF JULIUS CAESAR.txt": 0.12748079004408863,
    "THE TRAGEDY OF KING LEAR.txt": 0.11715195864774813,
    "THE TRAGEDY OF MACBETH.txt": 0.10718094967438435,
    "THE TRAGEDY OF OTHELLO MOOR OF VENICE.txt": 0.11744349576995955,
    "THE TRAGEDY OF ROMEO AND JULIET.txt": 0.11025237939995791,
    "THE TRAGEDY OF TITUS ANDRONICUS.txt": 0.11530704581451973,
    "THE TWO GENTLEMEN OF VERONA.txt": 0.11105017148800445,
    "The Two Noble Kinsmen by Shakespeare.txt": 0.06721514004896462,
    "THE WINTERS TALE.txt": 0.10184518519739327,
    "Venus and Adonis.txt": 0.10007628212184172
}