{
    "A MIDSUMMER NIGHT_S DREAM.txt": 0.10292181795363314,
    "A Yorkshire Tragedy by Shakespeare.txt": 0.0789448981386538,
    "Arden of Feversham.txt": 0.0887193611019686,
    "AS YOU LIKE IT.txt": 0.09731347254451078,
    "CYMBELINE.txt": 0.10257367571736342,
    "Fair Em by Shakespeare.txt": -0.08385751908869687,
    "KING EDWARD III by Shakespeare.txt": 0.07011464533886425,
    "King Henry IV, Part 1.txt": 0.06300351755520955,
    "KING HENRY V.txt": 0.042969823494818316,
    "KING HENRY VI part I.txt": -0.05087126404256148,
    "KING HENRY VI Part II.txt": 0.0918924394492604,
    "KING HENRY VI Part III.txt": 0.05094582549104698,
    "KING HENRY VIII.txt": 0.09418382236170708,
    "KING JOHN.txt": 0.09246846331868092,
    "KING RICHARD II.txt": 0.08420593327699394,
    "KING RICHARD III.txt": 0.08408114891853868,
    "Locrine Mucedorus by Shakespeare.txt": 0.07299494863562106,
    "Love_s Labour_s Lost.txt": 0.1152325033195572,
    "MEASURE FOR MEASURE.txt": -0.04779816351664723,
    "Merchant of Venice.txt": 0.08959671182433343,
    "MUCH ADO ABOUT NOTHING.txt": 0.11429829902482136,
    "PERICLES PRINCE OF TYRE.txt": 0.11613668730463456,
    "Sir John Oldcastle by Shakespeare.txt": 0.10389796684127306,
    "Sir Thomas More by Shakespeare.txt": 0.07882827634933948,
    "Taming of the Shrew.txt": 0.10953164030649154,
    "The Comedy of Errors.txt": 0.06484487205179335,
    "THE HISTORY OF TROILUS AND CRESSIDA.txt": 0.026525803508662682,
    "The Life and Death of the Lord Cromwell by Shakespeare.txt": 0.04273499786260121,
    "THE LIFE OF TIMON OF ATHENS.txt": 0.09457982268795034,
    "The London Prodigal.txt": 0.017510950255234636,
    "The Merry Devill of Edmonton by Shakespeare.txt": 0.06463346479274673,
    "THE MERRY WIVES OF WINDSOR.txt": 0.0806693795440448,
    "The Puritaine Widdow by Shakespeare.txt": 0.08029877929694729,
    "THE RAPE OF LUCRECE.txt": 0.08355116920331657,
    "THE TAMING OF THE SHREW.txt": 0.09674750198146354,
    "THE TEMPEST.txt": 0.06991345313496061,
    "THE TRAGEDY OF ANTONY AND CLEOPATRA.txt": 0.08223921900796033,
    "THE TRAGEDY OF CORIOLANUS.txt": 0.04215323197881843,
    "THE TRAGEDY OF HAMLET PRINCE OF DENMARK.txt": 0.09024889423792531,
    "THE TRAGEDY OF JULIUS CAESAR.txt": 0.08986728618132983,
    "THE TRAGEDY OF KING LEAR.txt": 0.09816683674355448,
    "THE TRAGEDY OF MACBETH.txt": 0.0802546296825235,
    "THE TRAGEDY OF OTHELLO MOOR OF VENICE.txt": 0.026280831104093905,
    "THE TRAGEDY OF ROMEO AND JULIET.txt": 0.08340804123913548,
    "THE TRAGEDY OF TITUS ANDRONICUS.txt": 0.09047759735245375,
    "THE TWO GENTLEMEN OF VERONA.txt": 0.08098191590911752,
    "The Two Noble Kinsmen by Shakespeare.txt": 0.048141889856886055,
    "THE WINTERS TALE.txt": 0.08747808693833048,
    "Venus and Adonis.txt": -0.11854281513318932
}