{
    "A MIDSUMMER NIGHT_S DREAM.txt": 0.10572006570636416,
    "A Yorkshire Tragedy by Shakespeare.txt": 0.08904650055321783,
    "Arden of Feversham.txt": 0.08207184165387788,
    "AS YOU LIKE IT.txt": 0.08317994447204102,
    "CYMBELINE.txt": 0.11017867379013147,
    "Fair Em by Shakespeare.txt": -0.045997838796348445,
    "KING EDWARD III by Shakespeare.txt": 0.055754451227746915,
    "King Henry IV, Part 1.txt": 0.060700767843864745,
    "KING HENRY V.txt": 0.06337341988368966,
    "KING HENRY VI part I.txt": -0.015482358397426843,
    "KING HENRY VI Part II.txt": 0.07975410036670016,
    "KING HENRY VI Part III.txt": 0.06584100082533928,
    "KING HENRY VIII.txt": 0.06482715306847747,
    "KING JOHN.txt": 0.09605441303487472,
    "KING RICHARD II.txt": 0.08094396698417333,
    "KING RICHARD III.txt": 0.09918548469039667,
    "Locrine Mucedorus by Shakespeare.txt": 0.07660187096875248,
    "Love_s Labour_s Lost.txt": 0.11077922430796783,
    "MEASURE FOR MEASURE.txt": -0.059953825398430416,
    "Merchant of Venice.txt": 0.07553188005868638,
    "MUCH ADO ABOUT NOTHING.txt": 0.10226274220260528,
    "PERICLES PRINCE OF TYRE.txt": 0.10728575728122713,
    "Sir John Oldcastle by Shakespeare.txt": 0.09964541535843008,
    "Sir Thomas More by Shakespeare.txt": 0.10219443249702242,
    "Taming of the Shrew.txt": 0.10337223657692701,
    "The Comedy of Errors.txt": 0.07966474816946445,
    "THE HISTORY OF TROILUS AND CRESSIDA.txt": 0.03560414752684382,
    "The Life and Death of the Lord Cromwell by Shakespeare.txt": 0.02587400449388777,
    "THE LIFE OF TIMON OF ATHENS.txt": 0.07868490872087286,
    "The London Prodigal.txt": -0.013765922479976656,
    "The Merry Devill of Edmonton by Shakespeare.txt": 0.08051454583540907,
    "THE MERRY WIVES OF WINDSOR.txt": 0.09752284808586897,
    "The Puritaine Widdow by Shakespeare.txt": 0.084083276775754,
    "THE RAPE OF LUCRECE.txt": 0.06735833828910476,
    "THE TAMING OF THE SHREW.txt": 0.08476439570815691,
    "THE TEMPEST.txt": 0.06902370412362119,
    "THE TRAGEDY OF ANTONY AND CLEOPATRA.txt": 0.09839573630144777,
    "THE TRAGEDY OF CORIOLANUS.txt": 0.05522051455472937,
    "THE TRAGEDY OF HAMLET PRINCE OF DENMARK.txt": 0.0926155935545609,
    "THE TRAGEDY OF JULIUS CAESAR.txt": 0.07839403054723254,
    "THE TRAGEDY OF KING LEAR.txt": 0.09267321346213425,
    "THE TRAGEDY OF MACBETH.txt": 0.08019386211218682,
    "THE TRAGEDY OF OTHELLO MOOR OF VENICE.txt": 0.012879170422094521,
    "THE TRAGEDY OF ROMEO AND JULIET.txt": 0.07806592589065375,
    "THE TRAGEDY OF TITUS ANDRONICUS.txt": 0.06790404513279297,
    "THE TWO GENTLEMEN OF VERONA.txt": 0.04759232900386867,
    "The Two Noble Kinsmen by Shakespeare.txt": 0.04613142606607179,
    "THE WINTERS TALE.txt": 0.06587132602731094,
    "Venus and Adonis.txt": -0.13192722724658845
}