{
    "A LOVERS COMPLAINT.txt": -0.017591505581007194,
    "A MIDSUMMER NIGHT_S DREAM.txt": -0.003473410526441456,
    "A Yorkshire Tragedy by Shakespeare.txt": 0.06968388779883328,
    "Arden of Feversham.txt": 0.09831968850115475,
    "AS YOU LIKE IT.txt": 0.11295079294088112,
    "CYMBELINE.txt": 0.07981292212870805,
    "Fair Em by Shakespeare.txt": 0.07427968391783762,
    "KING EDWARD III by Shakespeare.txt": 0.10514380074329821,
    "King Henry IV, Part 1.txt": 0.09126522169038503,
    "KING HENRY V.txt": 0.12478600912037646,
    "KING HENRY VI part I.txt": 0.09367235379452754,
    "KING HENRY VI Part II.txt": 0.14410573693790146,
    "KING HENRY VI Part III.txt": 0.13237555283381286,
    "KING HENRY VIII.txt": 0.12154600672139898,
    "KING JOHN.txt": 0.04919725884103554,
    "KING RICHARD II.txt": 0.12791813025914767,
    "KING RICHARD III.txt": 0.11995774947621096,
    "Locrine Mucedorus by Shakespeare.txt": 0.13840967187428138,
    "Love_s Labour_s Lost.txt": 0.13117618022831612,
    "MEASURE FOR MEASURE.txt": 0.10128045055082607,
    "Merchant of Venice.txt": 0.12642375022045715,
    "MUCH ADO ABOUT NOTHING.txt": 0.11875348131534613,
    "PERICLES PRINCE OF TYRE.txt": 0.09881692362634265,
    "Sir John Oldcastle by Shakespeare.txt": 0.11911579994038102,
    "Sir Thomas More by Shakespeare.txt": 0.13331342228002374,
    "Taming of the Shrew.txt": 0.1417568141791845,
    "The Comedy of Errors.txt": 0.11693095375925577,
    "THE HISTORY OF TROILUS AND CRESSIDA.txt": 0.0611916802747991,
    "The Life and Death of the Lord Cromwell by Shakespeare.txt": 0.10362930693793176,
    "THE LIFE OF TIMON OF ATHENS.txt": 0.1154401160652625,
    "The London Prodigal.txt": 0.10317153394397971,
    "The Merry Devill of Edmonton by Shakespeare.txt": 0.11099862099030683,
    "THE MERRY WIVES OF WINDSOR.txt": 0.13882208593866358,
    "The Puritaine Widdow by Shakespeare.txt": 0.10530011584679572,
    "THE RAPE OF LUCRECE.txt": 0.12172502943548968,
    "THE TAMING OF THE SHREW.txt": 0.14539325687303933,
    "THE TEMPEST.txt": 0.12279295999684281,
    "THE TRAGEDY OF ANTONY AND CLEOPATRA.txt": 0.12600824602796018,
    "THE TRAGEDY OF CORIOLANUS.txt": 0.0866160882605051,
    "THE TRAGEDY OF HAMLET PRINCE OF DENMARK.txt": 0.13063498644215416,
    "THE TRAGEDY OF JULIUS CAESAR.txt": 0.11645576961020265,
    "THE TRAGEDY OF KING LEAR.txt": 0.13317305583752853,
    "THE TRAGEDY OF MACBETH.txt": 0.11254358436146689,
    "THE TRAGEDY OF OTHELLO MOOR OF VENICE.txt": 0.11804415411407182,
    "THE TRAGEDY OF ROMEO AND JULIET.txt": 0.09688305981700113,
    "THE TRAGEDY OF TITUS ANDRONICUS.txt": 0.13296867957853686,
    "THE TWO GENTLEMEN OF VERONA.txt": 0.12317418376615463,
    "The Two Noble Kinsmen by Shakespeare.txt": 0.07123362639026459,
    "THE WINTERS TALE.txt": 0.1083461316197083,
    "Venus and Adonis.txt": 0.09856802635328615
}