{
    "A LOVERS COMPLAINT.txt": -0.0202846067605551,
    "A MIDSUMMER NIGHT_S DREAM.txt": -0.04199262653240665,
    "A Yorkshire Tragedy by Shakespeare.txt": 0.058121834060427535,
    "Arden of Feversham.txt": 0.09598439318292501,
    "AS YOU LIKE IT.txt": 0.12881331321234696,
    "CYMBELINE.txt": 0.06763605554694468,
    "Fair Em by Shakespeare.txt": 0.06767808766352179,
    "KING EDWARD III by Shakespeare.txt": 0.1276568699123834,
    "King Henry IV, Part 1.txt": 0.12188363146448089,
    "KING HENRY V.txt": 0.12572108882581007,
    "KING HENRY VI part I.txt": 0.06942972554904131,
    "KING HENRY VI Part II.txt": 0.140944993608485,
    "KING HENRY VI Part III.txt": 0.1355233499746875,
    "KING HENRY VIII.txt": 0.13854804102002166,
    "KING JOHN.txt": -0.022147294761840852,
    "KING RICHARD II.txt": 0.131385144989199,
    "KING RICHARD III.txt": 0.1400681381194956,
    "Locrine Mucedorus by Shakespeare.txt": 0.12968399331405317,
    "Love_s Labour_s Lost.txt": 0.1523692988015803,
    "MEASURE FOR MEASURE.txt": 0.10753453847389799,
    "Merchant of Venice.txt": 0.13424595124673988,
    "MUCH ADO ABOUT NOTHING.txt": 0.15384198895862994,
    "PERICLES PRINCE OF TYRE.txt": 0.115532954936439,
    "Sir John Oldcastle by Shakespeare.txt": 0.12895960158670539,
    "Sir Thomas More by Shakespeare.txt": 0.1529498641146137,
    "Taming of the Shrew.txt": 0.14693449532788233,
    "The Comedy of Errors.txt": 0.11601551470693439,
    "THE HISTORY OF TROILUS AND CRESSIDA.txt": 0.030881674949492233,
    "The Life and Death of the Lord Cromwell by Shakespeare.txt": 0.11481880268890166,
    "THE LIFE OF TIMON OF ATHENS.txt": 0.14930003035986472,
    "The London Prodigal.txt": 0.11416300135772162,
    "The Merry Devill of Edmonton by Shakespeare.txt": 0.1024890795708468,
    "THE MERRY WIVES OF WINDSOR.txt": 0.15054732649994151,
    "The Puritaine Widdow by Shakespeare.txt": 0.13431434029502448,
    "THE RAPE OF LUCRECE.txt": 0.10786965263299797,
    "THE TAMING OF THE SHREW.txt": 0.1323780636023663,
    "THE TEMPEST.txt": 0.14166765977679013,
    "THE TRAGEDY OF ANTONY AND CLEOPATRA.txt": 0.15232715621042453,
    "THE TRAGEDY OF CORIOLANUS.txt": 0.06136310447889998,
    "THE TRAGEDY OF HAMLET PRINCE OF DENMARK.txt": 0.13005710395510472,
    "THE TRAGEDY OF JULIUS CAESAR.txt": 0.13957969578078672,
    "THE TRAGEDY OF KING LEAR.txt": 0.13308386513923876,
    "THE TRAGEDY OF MACBETH.txt": 0.10956724286456765,
    "THE TRAGEDY OF OTHELLO MOOR OF VENICE.txt": 0.13304147568698155,
    "THE TRAGEDY OF ROMEO AND JULIET.txt": 0.12470936248010767,
    "THE TRAGEDY OF TITUS ANDRONICUS.txt": 0.13768228962384832,
    "THE TWO GENTLEMEN OF VERONA.txt": 0.14677625190227572,
    "The Two Noble Kinsmen by Shakespeare.txt": 0.06466959126179145,
    "THE WINTERS TALE.txt": 0.112269447605925,
    "Venus and Adonis.txt": 0.11595558750030033
}