{
    "A LOVERS COMPLAINT.txt": -0.1036156842738567,
    "A MIDSUMMER NIGHT_S DREAM.txt": 0.045191000639905,
    "A Yorkshire Tragedy by Shakespeare.txt": -0.0031487632699658263,
    "Arden of Feversham.txt": 0.023463917524321254,
    "AS YOU LIKE IT.txt": 0.10206348167114004,
    "CYMBELINE.txt": 0.12869749799882108,
    "Fair Em by Shakespeare.txt": 0.11292915725136304,
    "KING EDWARD III by Shakespeare.txt": 0.12156842653732225,
    "King Henry IV, Part 1.txt": 0.12441713168034413,
    "KING HENRY V.txt": 0.07662767234565548,
    "KING HENRY VI part I.txt": 0.058238743788341096,
    "KING HENRY VI Part II.txt": 0.1186332813293764,
    "KING HENRY VI Part III.txt": 0.11957299424824208,
    "KING HENRY VIII.txt": 0.11292095032361693,
    "KING JOHN.txt": 0.09013445316487462,
    "KING RICHARD II.txt": 0.12866417597156038,
    "KING RICHARD III.txt": 0.10662188225484115,
    "Locrine Mucedorus by Shakespeare.txt": 0.13117039422501714,
    "Love_s Labour_s Lost.txt": 0.11880933299761898,
    "MEASURE FOR MEASURE.txt": 0.09713912437814703,
    "Merchant of Venice.txt": 0.09337209016970055,
    "MUCH ADO ABOUT NOTHING.txt": 0.11808320412015327,
    "PERICLES PRINCE OF TYRE.txt": 0.11643536516017816,
    "Sir John Oldcastle by Shakespeare.txt": 0.08514157276742873,
    "Sir Thomas More by Shakespeare.txt": 0.101119816271869,
    "Taming of the Shrew.txt": 0.1144769255976944,
    "The Comedy of Errors.txt": 0.052668976971166126,
    "THE HISTORY OF TROILUS AND CRESSIDA.txt": 0.026048289483705023,
    "The Life and Death of the Lord Cromwell by Shakespeare.txt": 0.0916529298668643,
    "THE LIFE OF TIMON OF ATHENS.txt": 0.10424923219772952,
    "The London Prodigal.txt": 0.1401542192104112,
    "The Merry Devill of Edmonton by Shakespeare.txt": 0.05276436625680725,
    "THE MERRY WIVES OF WINDSOR.txt": 0.10231172690305301,
    "The Puritaine Widdow by Shakespeare.txt": 0.1083064843302804,
    "THE RAPE OF LUCRECE.txt": 0.018758634738902713,
    "THE TAMING OF THE SHREW.txt": 0.10062122198131601,
    "THE TEMPEST.txt": 0.11977022814161858,
    "THE TRAGEDY OF ANTONY AND CLEOPATRA.txt": 0.10457212374167019,
    "THE TRAGEDY OF CORIOLANUS.txt": -0.06187805375378019,
    "THE TRAGEDY OF HAMLET PRINCE OF DENMARK.txt": 0.09225881575739436,
    "THE TRAGEDY OF JULIUS CAESAR.txt": 0.10204778845737822,
    "THE TRAGEDY OF KING LEAR.txt": 0.1209819334441204,
    "THE TRAGEDY OF MACBETH.txt": 0.0949258129790489,
    "THE TRAGEDY OF OTHELLO MOOR OF VENICE.txt": 0.13146042288857468,
    "THE TRAGEDY OF ROMEO AND JULIET.txt": 0.10814483699590405,
    "THE TRAGEDY OF TITUS ANDRONICUS.txt": 0.13288988639068872,
    "THE TWO GENTLEMEN OF VERONA.txt": 0.10266361403267887,
    "The Two Noble Kinsmen by Shakespeare.txt": 0.09939810809250277,
    "THE WINTERS TALE.txt": 0.12879211822126524,
    "Venus and Adonis.txt": 0.009576593103485187
}