{
    "A LOVERS COMPLAINT.txt": 0.058942096720029036,
    "A MIDSUMMER NIGHT_S DREAM.txt": -0.05822983925385372,
    "A Yorkshire Tragedy by Shakespeare.txt": 0.046219697548315175,
    "Arden of Feversham.txt": 0.1248668646394866,
    "AS YOU LIKE IT.txt": 0.08243308904164076,
    "CYMBELINE.txt": 0.12296889561005686,
    "Fair Em by Shakespeare.txt": 0.1129803542498869,
    "KING EDWARD III by Shakespeare.txt": 0.10325332017452038,
    "King Henry IV, Part 1.txt": 0.1359731381267128,
    "KING HENRY V.txt": 0.13405895595312478,
    "KING HENRY VI part I.txt": 0.1410683493784855,
    "KING HENRY VI Part II.txt": 0.12763308465675938,
    "KING HENRY VI Part III.txt": 0.1059012461746845,
    "KING HENRY VIII.txt": 0.13260375051022827,
    "KING JOHN.txt": 0.0385678345324707,
    "KING RICHARD II.txt": 0.11805367072421513,
    "KING RICHARD III.txt": 0.12956591159043424,
    "Locrine Mucedorus by Shakespeare.txt": 0.1246811398787806,
    "Love_s Labour_s Lost.txt": 0.13786328427287553,
    "MEASURE FOR MEASURE.txt": 0.14359431704817804,
    "Merchant of Venice.txt": 0.1399432374238131,
    "MUCH ADO ABOUT NOTHING.txt": 0.14872443304905558,
    "PERICLES PRINCE OF TYRE.txt": 0.12363950629990988,
    "Sir John Oldcastle by Shakespeare.txt": 0.13193470527605627,
    "Sir Thomas More by Shakespeare.txt": 0.08759672744969221,
    "Taming of the Shrew.txt": 0.13533353203731407,
    "The Comedy of Errors.txt": 0.09233146968143607,
    "THE HISTORY OF TROILUS AND CRESSIDA.txt": 0.12539577126687435,
    "The Life and Death of the Lord Cromwell by Shakespeare.txt": 0.12546188003322295,
    "THE LIFE OF TIMON OF ATHENS.txt": 0.0756381474046065,
    "The London Prodigal.txt": 0.0891595931913789,
    "The Merry Devill of Edmonton by Shakespeare.txt": 0.10257877914872299,
    "THE MERRY WIVES OF WINDSOR.txt": 0.08203089033477085,
    "The Puritaine Widdow by Shakespeare.txt": 0.11432894338777849,
    "THE RAPE OF LUCRECE.txt": 0.047022761849408234,
    "THE TAMING OF THE SHREW.txt": 0.13182469893326604,
    "THE TEMPEST.txt": 0.13058189719907276,
    "THE TRAGEDY OF ANTONY AND CLEOPATRA.txt": 0.09967959411506438,
    "THE TRAGEDY OF CORIOLANUS.txt": 0.12657233579365607,
    "THE TRAGEDY OF HAMLET PRINCE OF DENMARK.txt": 0.13398357404902833,
    "THE TRAGEDY OF JULIUS CAESAR.txt": 0.10833438078291563,
    "THE TRAGEDY OF KING LEAR.txt": 0.037350856554813405,
    "THE TRAGEDY OF MACBETH.txt": 0.14374510320899347,
    "THE TRAGEDY OF OTHELLO MOOR OF VENICE.txt": 0.1454402806117835,
    "THE TRAGEDY OF ROMEO AND JULIET.txt": 0.12760791085766937,
    "THE TRAGEDY OF TITUS ANDRONICUS.txt": 0.1408384257755136,
    "THE TWO GENTLEMEN OF VERONA.txt": 0.10566018637428792,
    "The Two Noble Kinsmen by Shakespeare.txt": 0.08684553698214886,
    "THE WINTERS TALE.txt": 0.13593953101431144,
    "Venus and Adonis.txt": 0.08890377220253387
}