{
    "A LOVERS COMPLAINT.txt": -0.034005395245999215,
    "A MIDSUMMER NIGHT_S DREAM.txt": 0.03170955678149523,
    "A Yorkshire Tragedy by Shakespeare.txt": 0.07066103561656178,
    "Arden of Feversham.txt": 0.09424755583976246,
    "AS YOU LIKE IT.txt": -0.031769668988550825,
    "CYMBELINE.txt": 0.09340282733709704,
    "Fair Em by Shakespeare.txt": 0.0807389361713684,
    "KING EDWARD III by Shakespeare.txt": 0.07853582331078746,
    "King Henry IV, Part 1.txt": 0.04778377823774377,
    "KING HENRY V.txt": -0.25015003205433817,
    "KING HENRY VI part I.txt": 0.002902686672238197,
    "KING HENRY VI Part II.txt": 0.10023276852369628,
    "KING HENRY VI Part III.txt": 0.08857474314487968,
    "KING HENRY VIII.txt": 0.08642950892268153,
    "KING JOHN.txt": 0.027264917196950844,
    "KING RICHARD II.txt": 0.10534098396569769,
    "KING RICHARD III.txt": 0.004098408132687803,
    "Locrine Mucedorus by Shakespeare.txt": 0.09348484021852893,
    "Love_s Labour_s Lost.txt": -0.026345636797242333,
    "MEASURE FOR MEASURE.txt": 0.08908051979014564,
    "Merchant of Venice.txt": 0.10098597152253597,
    "MUCH ADO ABOUT NOTHING.txt": 0.021958311519486073,
    "PERICLES PRINCE OF TYRE.txt": 0.08809784544983223,
    "Sir John Oldcastle by Shakespeare.txt": 0.11715838257768757,
    "Sir Thomas More by Shakespeare.txt": 0.10273069902214121,
    "Taming of the Shrew.txt": 0.10274018156428194,
    "The Comedy of Errors.txt": 0.1009907624187692,
    "THE HISTORY OF TROILUS AND CRESSIDA.txt": 0.03219022150873485,
    "The Life and Death of the Lord Cromwell by Shakespeare.txt": 0.09470643443999449,
    "THE LIFE OF TIMON OF ATHENS.txt": 0.0720337214709198,
    "The London Prodigal.txt": 0.11086705095813759,
    "The Merry Devill of Edmonton by Shakespeare.txt": 0.0874504005488308,
    "THE MERRY WIVES OF WINDSOR.txt": 0.08439356043860907,
    "The Puritaine Widdow by Shakespeare.txt": 0.09523448967275927,
    "THE RAPE OF LUCRECE.txt": 0.09564672868695889,
    "THE TAMING OF THE SHREW.txt": 0.09626415771322872,
    "THE TEMPEST.txt": 0.09936698479084655,
    "THE TRAGEDY OF ANTONY AND CLEOPATRA.txt": 0.11186067374789349,
    "THE TRAGEDY OF CORIOLANUS.txt": 0.10391278577313484,
    "THE TRAGEDY OF HAMLET PRINCE OF DENMARK.txt": 0.06455981363427232,
    "THE TRAGEDY OF JULIUS CAESAR.txt": 0.07215662239000503,
    "THE TRAGEDY OF KING LEAR.txt": 0.09698857805664884,
    "THE TRAGEDY OF MACBETH.txt": 0.08897949011166967,
    "THE TRAGEDY OF OTHELLO MOOR OF VENICE.txt": 0.07969215448869266,
    "THE TRAGEDY OF ROMEO AND JULIET.txt": 0.10398090709860563,
    "THE TRAGEDY OF TITUS ANDRONICUS.txt": 0.08976261498366422,
    "THE TWO GENTLEMEN OF VERONA.txt": 0.10731522647061559,
    "The Two Noble Kinsmen by Shakespeare.txt": 0.07372218095519956,
    "THE WINTERS TALE.txt": 0.10013397334015334,
    "Venus and Adonis.txt": -0.03113508900780737
}