{
    "A LOVERS COMPLAINT.txt": -0.2902410171004167,
    "A MIDSUMMER NIGHT_S DREAM.txt": 0.10480526198729723,
    "A Yorkshire Tragedy by Shakespeare.txt": 0.11261659512779504,
    "Arden of Feversham.txt": 0.08251086065486263,
    "AS YOU LIKE IT.txt": -0.048944252333435134,
    "CYMBELINE.txt": 0.13831373849781076,
    "Fair Em by Shakespeare.txt": 0.13097209697629836,
    "KING EDWARD III by Shakespeare.txt": 0.11512320139807786,
    "King Henry IV, Part 1.txt": 0.037340469533444776,
    "KING HENRY V.txt": -0.10497304992740197,
    "KING HENRY VI part I.txt": 0.006113496865696955,
    "KING HENRY VI Part II.txt": 0.14140490451980647,
    "KING HENRY VI Part III.txt": 0.12370003552958725,
    "KING HENRY VIII.txt": 0.09429281684528995,
    "KING JOHN.txt": 0.08888432574726268,
    "KING RICHARD II.txt": 0.11752996069458677,
    "KING RICHARD III.txt": 0.0013269734994434956,
    "Locrine Mucedorus by Shakespeare.txt": 0.12536909417172515,
    "Love_s Labour_s Lost.txt": 0.026818131416120716,
    "MEASURE FOR MEASURE.txt": 0.14631074818031486,
    "Merchant of Venice.txt": 0.09592467875273636,
    "MUCH ADO ABOUT NOTHING.txt": 0.13665939921882092,
    "PERICLES PRINCE OF TYRE.txt": 0.13486260971257458,
    "Sir John Oldcastle by Shakespeare.txt": 0.13993696564224894,
    "Sir Thomas More by Shakespeare.txt": 0.13368816529073696,
    "Taming of the Shrew.txt": 0.10099492470507226,
    "The Comedy of Errors.txt": 0.1291266217716821,
    "THE HISTORY OF TROILUS AND CRESSIDA.txt": 0.07602480574187337,
    "The Life and Death of the Lord Cromwell by Shakespeare.txt": 0.14616018641945355,
    "THE LIFE OF TIMON OF ATHENS.txt": 0.10953686306738958,
    "The London Prodigal.txt": 0.1416308375392596,
    "The Merry Devill of Edmonton by Shakespeare.txt": 0.1442973464864642,
    "THE MERRY WIVES OF WINDSOR.txt": 0.11375976839561713,
    "The Puritaine Widdow by Shakespeare.txt": 0.13486260971257458,
    "THE RAPE OF LUCRECE.txt": -0.009343187873362746,
    "THE TAMING OF THE SHREW.txt": 0.13933202382252596,
    "THE TEMPEST.txt": 0.1367052070682318,
    "THE TRAGEDY OF ANTONY AND CLEOPATRA.txt": 0.11926355784687254,
    "THE TRAGEDY OF CORIOLANUS.txt": 0.11758583717612298,
    "THE TRAGEDY OF HAMLET PRINCE OF DENMARK.txt": 0.13691251799196585,
    "THE TRAGEDY OF JULIUS CAESAR.txt": 0.11914162362207048,
    "THE TRAGEDY OF KING LEAR.txt": 0.13545882262867126,
    "THE TRAGEDY OF MACBETH.txt": 0.006049795624445131,
    "THE TRAGEDY OF OTHELLO MOOR OF VENICE.txt": 0.09150790387782132,
    "THE TRAGEDY OF ROMEO AND JULIET.txt": 0.1320065857141064,
    "THE TRAGEDY OF TITUS ANDRONICUS.txt": 0.13742116472388954,
    "THE TWO GENTLEMEN OF VERONA.txt": 0.14360678836451518,
    "The Two Noble Kinsmen by Shakespeare.txt": 0.09898273096936355,
    "THE WINTERS TALE.txt": 0.14271189462591444,
    "Venus and Adonis.txt": -0.19833588471230568
}