{
    "A LOVERS COMPLAINT.txt": 0.01723540337433349,
    "A MIDSUMMER NIGHT_S DREAM.txt": 0.0673707455415457,
    "A Yorkshire Tragedy by Shakespeare.txt": 0.05516911734620211,
    "Arden of Feversham.txt": 0.08852625273766562,
    "AS YOU LIKE IT.txt": 0.10019893957328113,
    "CYMBELINE.txt": 0.10224080008495523,
    "Fair Em by Shakespeare.txt": 0.08921582106937448,
    "KING EDWARD III by Shakespeare.txt": 0.08152284442989244,
    "King Henry IV, Part 1.txt": 0.06808664223808275,
    "KING HENRY V.txt": 0.09094491909699359,
    "KING HENRY VI part I.txt": 0.09459484731161022,
    "KING HENRY VI Part II.txt": 0.07893177767522863,
    "KING HENRY VI Part III.txt": 0.09370193612286332,
    "KING HENRY VIII.txt": 0.08990196262939382,
    "KING JOHN.txt": 0.10204113504631046,
    "KING RICHARD II.txt": 0.0823787154547942,
    "KING RICHARD III.txt": 0.06940882411709332,
    "Locrine Mucedorus by Shakespeare.txt": -0.1553617307934141,
    "Love_s Labour_s Lost.txt": 0.03563834807405358,
    "MEASURE FOR MEASURE.txt": 0.10193388934368036,
    "Merchant of Venice.txt": 0.09688389008416992,
    "MUCH ADO ABOUT NOTHING.txt": 0.0866255848317149,
    "PERICLES PRINCE OF TYRE.txt": 0.07894021314365912,
    "Sir John Oldcastle by Shakespeare.txt": 0.09527569768445038,
    "Sir Thomas More by Shakespeare.txt": 0.07679801832883376,
    "Taming of the Shrew.txt": 0.0009295510793855821,
    "The Comedy of Errors.txt": 0.09373038863183569,
    "THE HISTORY OF TROILUS AND CRESSIDA.txt": -0.11995794269889748,
    "The Life and Death of the Lord Cromwell by Shakespeare.txt": 0.08444279298310475,
    "THE LIFE OF TIMON OF ATHENS.txt": 0.06838955158100035,
    "The London Prodigal.txt": 0.06015326265015836,
    "The Merry Devill of Edmonton by Shakespeare.txt": 0.08142004109986489,
    "THE MERRY WIVES OF WINDSOR.txt": 0.09901201928493603,
    "The Puritaine Widdow by Shakespeare.txt": 0.10745275491279549,
    "THE RAPE OF LUCRECE.txt": 0.08186637721370382,
    "THE TAMING OF THE SHREW.txt": -0.006190544903836193,
    "THE TEMPEST.txt": 0.08355605891715112,
    "THE TRAGEDY OF ANTONY AND CLEOPATRA.txt": 0.08373634612361469,
    "THE TRAGEDY OF CORIOLANUS.txt": 0.0945269793710628,
    "THE TRAGEDY OF HAMLET PRINCE OF DENMARK.txt": 0.05415212179428025,
    "THE TRAGEDY OF JULIUS CAESAR.txt": 0.04860905660049164,
    "THE TRAGEDY OF KING LEAR.txt": 0.10426583498183367,
    "THE TRAGEDY OF MACBETH.txt": 0.0939380773514944,
    "THE TRAGEDY OF OTHELLO MOOR OF VENICE.txt": 0.09109740722383025,
    "THE TRAGEDY OF ROMEO AND JULIET.txt": 0.08551438640720643,
    "THE TRAGEDY OF TITUS ANDRONICUS.txt": -0.001680757263050836,
    "THE TWO GENTLEMEN OF VERONA.txt": 0.07921257392354997,
    "The Two Noble Kinsmen by Shakespeare.txt": 0.08670139677648409,
    "THE WINTERS TALE.txt": 0.03967247902889037,
    "Venus and Adonis.txt": 0.006381251664006771
}