{
    "A MIDSUMMER NIGHT_S DREAM.txt": 0.07001751201912193,
    "A Yorkshire Tragedy by Shakespeare.txt": 0.059702455259512954,
    "Arden of Feversham.txt": -0.026326217190352552,
    "AS YOU LIKE IT.txt": 0.059702455259512954,
    "CYMBELINE.txt": 0.059702455259512954,
    "Fair Em by Shakespeare.txt": -0.04509413504784565,
    "KING EDWARD III by Shakespeare.txt": 0.07001751201912193,
    "King Henry IV, Part 1.txt": -0.0813742156214935,
    "KING HENRY V.txt": 0.07001751201912193,
    "KING HENRY VI part I.txt": -0.04509413504784565,
    "KING HENRY VI Part II.txt": 0.059702455259512954,
    "KING HENRY VI Part III.txt": 0.07001751201912193,
    "KING HENRY VIII.txt": 0.07001751201912193,
    "KING JOHN.txt": 0.07001751201912193,
    "KING RICHARD II.txt": 0.059702455259512954,
    "KING RICHARD III.txt": -0.14646684132887378,
    "Locrine Mucedorus by Shakespeare.txt": -0.2682679603508338,
    "Love_s Labour_s Lost.txt": 0.059702455259512954,
    "MEASURE FOR MEASURE.txt": -0.04509413504784565,
    "Merchant of Venice.txt": 0.059702455259512954,
    "MUCH ADO ABOUT NOTHING.txt": -0.06718421214137826,
    "PERICLES PRINCE OF TYRE.txt": 0.07001751201912193,
    "Sir John Oldcastle by Shakespeare.txt": 0.059702455259512954,
    "Sir Thomas More by Shakespeare.txt": 0.059702455259512954,
    "Taming of the Shrew.txt": -0.014317719658816008,
    "The Comedy of Errors.txt": 0.059702455259512954,
    "THE HISTORY OF TROILUS AND CRESSIDA.txt": -0.026493094365303893,
    "The Life and Death of the Lord Cromwell by Shakespeare.txt": 0.059702455259512954,
    "THE LIFE OF TIMON OF ATHENS.txt": 0.059702455259512954,
    "The London Prodigal.txt": 0.059702455259512954,
    "The Merry Devill of Edmonton by Shakespeare.txt": 0.059702455259512954,
    "THE MERRY WIVES OF WINDSOR.txt": 0.059702455259512954,
    "The Puritaine Widdow by Shakespeare.txt": -0.026493094365303893,
    "THE RAPE OF LUCRECE.txt": -0.14890678060453022,
    "THE TAMING OF THE SHREW.txt": 0.059702455259512954,
    "THE TEMPEST.txt": 0.059702455259512954,
    "THE TRAGEDY OF ANTONY AND CLEOPATRA.txt": -0.0813742156214935,
    "THE TRAGEDY OF CORIOLANUS.txt": -0.04509413504784565,
    "THE TRAGEDY OF HAMLET PRINCE OF DENMARK.txt": -0.07408888767304156,
    "THE TRAGEDY OF JULIUS CAESAR.txt": -0.026326217190352552,
    "THE TRAGEDY OF KING LEAR.txt": 0.059702455259512954,
    "THE TRAGEDY OF MACBETH.txt": 0.059702455259512954,
    "THE TRAGEDY OF OTHELLO MOOR OF VENICE.txt": 0.059702455259512954,
    "THE TRAGEDY OF ROMEO AND JULIET.txt": 0.059702455259512954,
    "THE TRAGEDY OF TITUS ANDRONICUS.txt": -0.0813742156214935,
    "THE TWO GENTLEMEN OF VERONA.txt": 0.059702455259512954,
    "The Two Noble Kinsmen by Shakespeare.txt": 0.059702455259512954,
    "THE WINTERS TALE.txt": 0.059702455259512954,
    "Venus and Adonis.txt": -0.014317719658816008
}