{
    "A MIDSUMMER NIGHT_S DREAM.txt": 0.07155764229963985,
    "A Yorkshire Tragedy by Shakespeare.txt": 0.06007166569476774,
    "Arden of Feversham.txt": -0.036695352104636814,
    "AS YOU LIKE IT.txt": 0.06007166569476774,
    "CYMBELINE.txt": 0.06007166569476774,
    "Fair Em by Shakespeare.txt": -0.042363254303403486,
    "KING EDWARD III by Shakespeare.txt": 0.07155764229963985,
    "King Henry IV, Part 1.txt": -0.07510826553206662,
    "KING HENRY V.txt": 0.07155764229963985,
    "KING HENRY VI part I.txt": -0.042363254303403486,
    "KING HENRY VI Part II.txt": 0.06007166569476774,
    "KING HENRY VI Part III.txt": 0.07155764229963985,
    "KING HENRY VIII.txt": 0.07155764229963985,
    "KING JOHN.txt": 0.07155764229963985,
    "KING RICHARD II.txt": 0.06007166569476774,
    "KING RICHARD III.txt": -0.16137705272144254,
    "Locrine Mucedorus by Shakespeare.txt": -0.2605176135026471,
    "Love_s Labour_s Lost.txt": 0.06007166569476774,
    "MEASURE FOR MEASURE.txt": -0.042363254303403486,
    "Merchant of Venice.txt": 0.06007166569476774,
    "MUCH ADO ABOUT NOTHING.txt": -0.0856764840775518,
    "PERICLES PRINCE OF TYRE.txt": 0.07155764229963985,
    "Sir John Oldcastle by Shakespeare.txt": 0.06007166569476774,
    "Sir Thomas More by Shakespeare.txt": 0.06007166569476774,
    "Taming of the Shrew.txt": -0.02371886178660254,
    "The Comedy of Errors.txt": 0.06007166569476774,
    "THE HISTORY OF TROILUS AND CRESSIDA.txt": -0.021802415226797822,
    "The Life and Death of the Lord Cromwell by Shakespeare.txt": 0.06007166569476774,
    "THE LIFE OF TIMON OF ATHENS.txt": 0.06007166569476774,
    "The London Prodigal.txt": 0.06007166569476774,
    "The Merry Devill of Edmonton by Shakespeare.txt": 0.06007166569476774,
    "THE MERRY WIVES OF WINDSOR.txt": 0.06007166569476774,
    "The Puritaine Widdow by Shakespeare.txt": -0.021802415226797822,
    "THE RAPE OF LUCRECE.txt": -0.16641300648023127,
    "THE TAMING OF THE SHREW.txt": 0.06007166569476774,
    "THE TEMPEST.txt": 0.06007166569476774,
    "THE TRAGEDY OF ANTONY AND CLEOPATRA.txt": -0.07510826553206662,
    "THE TRAGEDY OF CORIOLANUS.txt": -0.042363254303403486,
    "THE TRAGEDY OF HAMLET PRINCE OF DENMARK.txt": -0.10685491199168895,
    "THE TRAGEDY OF JULIUS CAESAR.txt": -0.036695352104636814,
    "THE TRAGEDY OF KING LEAR.txt": 0.06007166569476774,
    "THE TRAGEDY OF MACBETH.txt": 0.06007166569476774,
    "THE TRAGEDY OF OTHELLO MOOR OF VENICE.txt": 0.06007166569476774,
    "THE TRAGEDY OF ROMEO AND JULIET.txt": 0.06007166569476774,
    "THE TRAGEDY OF TITUS ANDRONICUS.txt": -0.07510826553206662,
    "THE TWO GENTLEMEN OF VERONA.txt": 0.06007166569476774,
    "The Two Noble Kinsmen by Shakespeare.txt": 0.06007166569476774,
    "THE WINTERS TALE.txt": 0.06007166569476774,
    "Venus and Adonis.txt": -0.02371886178660254
}