{
    "A LOVERS COMPLAINT.txt": 0.02651874416675909,
    "A MIDSUMMER NIGHT_S DREAM.txt": 0.13918576127353283,
    "A Yorkshire Tragedy by Shakespeare.txt": 0.11135033477063827,
    "Arden of Feversham.txt": -0.05633399316291665,
    "AS YOU LIKE IT.txt": 0.14064955141166063,
    "CYMBELINE.txt": 0.14368198847351343,
    "Fair Em by Shakespeare.txt": 0.08378307655880479,
    "KING EDWARD III by Shakespeare.txt": 0.1493122854383841,
    "King Henry IV, Part 1.txt": 0.15002173925347123,
    "KING HENRY V.txt": 0.1540506237735687,
    "KING HENRY VI part I.txt": 0.02170378944295287,
    "KING HENRY VI Part II.txt": 0.1411689792335175,
    "KING HENRY VI Part III.txt": 0.11536229621215938,
    "KING HENRY VIII.txt": 0.14117927702345745,
    "KING JOHN.txt": 0.1189677862375984,
    "KING RICHARD II.txt": 0.14454588529595458,
    "KING RICHARD III.txt": 0.12021946442972103,
    "Locrine Mucedorus by Shakespeare.txt": 0.13089145808682873,
    "Love_s Labour_s Lost.txt": 0.09083835793075895,
    "MEASURE FOR MEASURE.txt": 0.11673870080947801,
    "Merchant of Venice.txt": 0.14909477413078137,
    "MUCH ADO ABOUT NOTHING.txt": 0.13771255231216412,
    "PERICLES PRINCE OF TYRE.txt": 0.13742436689339216,
    "Sir John Oldcastle by Shakespeare.txt": 0.11905492596658312,
    "Sir Thomas More by Shakespeare.txt": 0.1382387896217055,
    "Taming of the Shrew.txt": 0.10534148516480818,
    "The Comedy of Errors.txt": 0.020349716166625953,
    "THE HISTORY OF TROILUS AND CRESSIDA.txt": 0.10220284583597017,
    "The Life and Death of the Lord Cromwell by Shakespeare.txt": 0.013868985938399803,
    "THE LIFE OF TIMON OF ATHENS.txt": 0.1263214505865941,
    "The London Prodigal.txt": 0.13223530275306367,
    "The Merry Devill of Edmonton by Shakespeare.txt": 0.10704826931118144,
    "THE MERRY WIVES OF WINDSOR.txt": 0.132050730979141,
    "The Puritaine Widdow by Shakespeare.txt": 0.13750640002611825,
    "THE RAPE OF LUCRECE.txt": 0.06898870262213436,
    "THE TAMING OF THE SHREW.txt": 0.04639310396250457,
    "THE TEMPEST.txt": 0.1394450875057472,
    "THE TRAGEDY OF ANTONY AND CLEOPATRA.txt": 0.141761798915929,
    "THE TRAGEDY OF CORIOLANUS.txt": 0.1366692731981392,
    "THE TRAGEDY OF HAMLET PRINCE OF DENMARK.txt": 0.10362999845596449,
    "THE TRAGEDY OF JULIUS CAESAR.txt": 0.03206205246232657,
    "THE TRAGEDY OF KING LEAR.txt": 0.12400682870473445,
    "THE TRAGEDY OF MACBETH.txt": 0.10281774640747082,
    "THE TRAGEDY OF OTHELLO MOOR OF VENICE.txt": 0.09768088535077679,
    "THE TRAGEDY OF ROMEO AND JULIET.txt": 0.1446000028758601,
    "THE TRAGEDY OF TITUS ANDRONICUS.txt": 0.11782569523670933,
    "THE TWO GENTLEMEN OF VERONA.txt": 0.14128650898277756,
    "The Two Noble Kinsmen by Shakespeare.txt": 0.03923439718536398,
    "THE WINTERS TALE.txt": 0.14410167727761491,
    "Venus and Adonis.txt": 0.04244736302125246
}