{
    "A LOVERS COMPLAINT.txt": -0.001554628838529748,
    "A MIDSUMMER NIGHT_S DREAM.txt": -0.003236970271572992,
    "A Yorkshire Tragedy by Shakespeare.txt": 0.08969620987150051,
    "Arden of Feversham.txt": 0.0931939573919523,
    "AS YOU LIKE IT.txt": 0.11340446362945317,
    "CYMBELINE.txt": 0.14600790250821238,
    "Fair Em by Shakespeare.txt": 0.0924287712102349,
    "KING EDWARD III by Shakespeare.txt": 0.02338763314554909,
    "King Henry IV, Part 1.txt": 0.10398556328109976,
    "KING HENRY V.txt": 0.13460765640734618,
    "KING HENRY VI part I.txt": 0.09829515158548108,
    "KING HENRY VI Part II.txt": 0.013624414338371416,
    "KING HENRY VI Part III.txt": 0.021033882467982212,
    "KING HENRY VIII.txt": 0.12386018926119158,
    "KING JOHN.txt": 0.008748036433507966,
    "KING RICHARD II.txt": 0.05789545974172344,
    "KING RICHARD III.txt": 0.014270870823403004,
    "Locrine Mucedorus by Shakespeare.txt": 0.09616327603752173,
    "Love_s Labour_s Lost.txt": 0.09058034584668989,
    "MEASURE FOR MEASURE.txt": 0.13688174793147012,
    "Merchant of Venice.txt": 0.10875284708737482,
    "MUCH ADO ABOUT NOTHING.txt": 0.12968625916227267,
    "PERICLES PRINCE OF TYRE.txt": 0.11718216138166099,
    "Sir John Oldcastle by Shakespeare.txt": 0.12404543282165609,
    "Sir Thomas More by Shakespeare.txt": 0.13033306782193843,
    "Taming of the Shrew.txt": 0.10312484701653507,
    "The Comedy of Errors.txt": 0.12708771314312306,
    "THE HISTORY OF TROILUS AND CRESSIDA.txt": 0.10887920260403366,
    "The Life and Death of the Lord Cromwell by Shakespeare.txt": 0.11042228295299372,
    "THE LIFE OF TIMON OF ATHENS.txt": 0.10219427305247458,
    "The London Prodigal.txt": 0.10306368226005141,
    "The Merry Devill of Edmonton by Shakespeare.txt": 0.10048024265826866,
    "THE MERRY WIVES OF WINDSOR.txt": 0.08910623180635385,
    "The Puritaine Widdow by Shakespeare.txt": 0.11200984307595274,
    "THE RAPE OF LUCRECE.txt": 0.10557339843188634,
    "THE TAMING OF THE SHREW.txt": 0.09005510585696164,
    "THE TEMPEST.txt": 0.1138487410101296,
    "THE TRAGEDY OF ANTONY AND CLEOPATRA.txt": 0.1072640993652792,
    "THE TRAGEDY OF CORIOLANUS.txt": 0.08964831402584877,
    "THE TRAGEDY OF HAMLET PRINCE OF DENMARK.txt": 0.10085165888550768,
    "THE TRAGEDY OF JULIUS CAESAR.txt": 0.12986115461505288,
    "THE TRAGEDY OF KING LEAR.txt": 0.12588293054336713,
    "THE TRAGEDY OF MACBETH.txt": 0.09222908596323409,
    "THE TRAGEDY OF OTHELLO MOOR OF VENICE.txt": 0.11758054012768737,
    "THE TRAGEDY OF ROMEO AND JULIET.txt": 0.13100691101797451,
    "THE TRAGEDY OF TITUS ANDRONICUS.txt": 0.11321171154857618,
    "THE TWO GENTLEMEN OF VERONA.txt": 0.09168590633284568,
    "The Two Noble Kinsmen by Shakespeare.txt": 0.07252123334560495,
    "THE WINTERS TALE.txt": 0.14541198627699825,
    "Venus and Adonis.txt": 0.10840044455322878
}