{
    "A LOVERS COMPLAINT.txt": 0.022735617718558587,
    "A MIDSUMMER NIGHT_S DREAM.txt": 0.06312840234611394,
    "A Yorkshire Tragedy by Shakespeare.txt": 0.10699192401742924,
    "Arden of Feversham.txt": 0.15239977012222344,
    "AS YOU LIKE IT.txt": 0.12076910008948422,
    "CYMBELINE.txt": 0.14227165491159444,
    "Fair Em by Shakespeare.txt": 0.14893444191159755,
    "KING EDWARD III by Shakespeare.txt": 0.1344802286159243,
    "King Henry IV, Part 1.txt": 0.1280831173424467,
    "KING HENRY V.txt": 0.14817720725118916,
    "KING HENRY VI part I.txt": -0.0364950910278935,
    "KING HENRY VI Part II.txt": 0.1359083285335559,
    "KING HENRY VI Part III.txt": 0.1271864303039003,
    "KING HENRY VIII.txt": 0.14875215479214726,
    "KING JOHN.txt": 0.07676589097589354,
    "KING RICHARD II.txt": 0.130771053989505,
    "KING RICHARD III.txt": 0.031310891094477544,
    "Locrine Mucedorus by Shakespeare.txt": 0.1523200682921676,
    "Love_s Labour_s Lost.txt": 0.14699350408302542,
    "MEASURE FOR MEASURE.txt": 0.15667947617359118,
    "Merchant of Venice.txt": 0.14725227948890718,
    "MUCH ADO ABOUT NOTHING.txt": 0.14565099407581567,
    "PERICLES PRINCE OF TYRE.txt": 0.11938741838588285,
    "Sir John Oldcastle by Shakespeare.txt": 0.14620624902501167,
    "Sir Thomas More by Shakespeare.txt": 0.13851729684611075,
    "Taming of the Shrew.txt": 0.12997342789004185,
    "The Comedy of Errors.txt": -0.2451056222750867,
    "THE HISTORY OF TROILUS AND CRESSIDA.txt": 0.1527126734815864,
    "The Life and Death of the Lord Cromwell by Shakespeare.txt": 0.11417511302746386,
    "THE LIFE OF TIMON OF ATHENS.txt": 0.13152496966612737,
    "The London Prodigal.txt": 0.13629435919367044,
    "The Merry Devill of Edmonton by Shakespeare.txt": 0.09334292961289259,
    "THE MERRY WIVES OF WINDSOR.txt": 0.11919161531709249,
    "The Puritaine Widdow by Shakespeare.txt": 0.1270941875599686,
    "THE RAPE OF LUCRECE.txt": 0.10481947270422881,
    "THE TAMING OF THE SHREW.txt": 0.11798121905740444,
    "THE TEMPEST.txt": 0.13893825655810826,
    "THE TRAGEDY OF ANTONY AND CLEOPATRA.txt": 0.14815346125953432,
    "THE TRAGEDY OF CORIOLANUS.txt": 0.1384026730862974,
    "THE TRAGEDY OF HAMLET PRINCE OF DENMARK.txt": 0.09303340132169075,
    "THE TRAGEDY OF JULIUS CAESAR.txt": 0.11250050329452593,
    "THE TRAGEDY OF KING LEAR.txt": 0.14713702005199936,
    "THE TRAGEDY OF MACBETH.txt": 0.1371262744023718,
    "THE TRAGEDY OF OTHELLO MOOR OF VENICE.txt": 0.13478269247234947,
    "THE TRAGEDY OF ROMEO AND JULIET.txt": 0.013239360083633467,
    "THE TRAGEDY OF TITUS ANDRONICUS.txt": 0.13919046164074972,
    "THE TWO GENTLEMEN OF VERONA.txt": 0.1460324254447602,
    "The Two Noble Kinsmen by Shakespeare.txt": -0.14920290608839115,
    "THE WINTERS TALE.txt": 0.13248640546799406,
    "Venus and Adonis.txt": 0.0793027397597384
}