{
    "A LOVERS COMPLAINT.txt": -0.11393412348924392,
    "A MIDSUMMER NIGHT_S DREAM.txt": 0.08898984341001243,
    "A Yorkshire Tragedy by Shakespeare.txt": 0.09704640289442645,
    "Arden of Feversham.txt": 0.09669836778682961,
    "AS YOU LIKE IT.txt": 0.10057206572980737,
    "CYMBELINE.txt": 0.09165877525882438,
    "Fair Em by Shakespeare.txt": 0.12609128972385442,
    "KING EDWARD III by Shakespeare.txt": 0.11509743918850518,
    "King Henry IV, Part 1.txt": 0.12418079762817352,
    "KING HENRY V.txt": 0.13506098417865947,
    "KING HENRY VI part I.txt": 0.1248354041100303,
    "KING HENRY VI Part II.txt": 0.12236318424260867,
    "KING HENRY VI Part III.txt": 0.09876279112980046,
    "KING HENRY VIII.txt": 0.14376658025258537,
    "KING JOHN.txt": 0.10975259962740763,
    "KING RICHARD II.txt": 0.11730104912607892,
    "KING RICHARD III.txt": 0.1353386139378212,
    "Locrine Mucedorus by Shakespeare.txt": 0.07520029147465002,
    "Love_s Labour_s Lost.txt": 0.12067775024204525,
    "MEASURE FOR MEASURE.txt": 0.11498657213311819,
    "Merchant of Venice.txt": 0.13324908095202959,
    "MUCH ADO ABOUT NOTHING.txt": 0.11541521487236778,
    "PERICLES PRINCE OF TYRE.txt": 0.08665522722240987,
    "Sir John Oldcastle by Shakespeare.txt": 0.10509516788140716,
    "Sir Thomas More by Shakespeare.txt": 0.11957087622999019,
    "Taming of the Shrew.txt": 0.09043237785736136,
    "The Comedy of Errors.txt": 0.0683879150805961,
    "THE HISTORY OF TROILUS AND CRESSIDA.txt": -0.11766784617229431,
    "The Life and Death of the Lord Cromwell by Shakespeare.txt": 0.09480480596271768,
    "THE LIFE OF TIMON OF ATHENS.txt": 0.10535154690373216,
    "The London Prodigal.txt": 0.12733350698835794,
    "The Merry Devill of Edmonton by Shakespeare.txt": 0.12661843189662292,
    "THE MERRY WIVES OF WINDSOR.txt": 0.13281662626007495,
    "The Puritaine Widdow by Shakespeare.txt": 0.1295220225789797,
    "THE RAPE OF LUCRECE.txt": 0.08774003356814808,
    "THE TAMING OF THE SHREW.txt": 0.06356186667750219,
    "THE TEMPEST.txt": 0.12177674686015316,
    "THE TRAGEDY OF ANTONY AND CLEOPATRA.txt": 0.12029002112581089,
    "THE TRAGEDY OF CORIOLANUS.txt": -0.0011429752492472245,
    "THE TRAGEDY OF HAMLET PRINCE OF DENMARK.txt": 0.1195936100185474,
    "THE TRAGEDY OF JULIUS CAESAR.txt": 0.058017133532971166,
    "THE TRAGEDY OF KING LEAR.txt": 0.12628235902673868,
    "THE TRAGEDY OF MACBETH.txt": 0.11952839409478055,
    "THE TRAGEDY OF OTHELLO MOOR OF VENICE.txt": 0.10879958045956617,
    "THE TRAGEDY OF ROMEO AND JULIET.txt": 0.12354198831007668,
    "THE TRAGEDY OF TITUS ANDRONICUS.txt": 0.08319915999228467,
    "THE TWO GENTLEMEN OF VERONA.txt": 0.12547532036797926,
    "The Two Noble Kinsmen by Shakespeare.txt": 0.10056058302526943,
    "THE WINTERS TALE.txt": 0.1159569813980667,
    "Venus and Adonis.txt": 0.10980901672598042
}