{
    "A LOVERS COMPLAINT.txt": -0.032598063044596226,
    "A MIDSUMMER NIGHT_S DREAM.txt": 0.10809972281654667,
    "A Yorkshire Tragedy by Shakespeare.txt": 0.013367416057873283,
    "Arden of Feversham.txt": 0.0820174424565579,
    "AS YOU LIKE IT.txt": 0.11470093273060938,
    "CYMBELINE.txt": 0.028106382681982456,
    "Fair Em by Shakespeare.txt": 0.09583633749557352,
    "KING EDWARD III by Shakespeare.txt": 0.11383712008713126,
    "King Henry IV, Part 1.txt": 0.04701831500693043,
    "KING HENRY V.txt": 0.0894663662439229,
    "KING HENRY VI part I.txt": 0.012824607106101227,
    "KING HENRY VI Part II.txt": 0.0821937814267496,
    "KING HENRY VI Part III.txt": 0.08663292820509894,
    "KING HENRY VIII.txt": 0.0948237966149928,
    "KING JOHN.txt": -0.1601795340329213,
    "KING RICHARD II.txt": 0.08469360195101361,
    "KING RICHARD III.txt": 0.08017771432453602,
    "Locrine Mucedorus by Shakespeare.txt": 0.09115481428557515,
    "Love_s Labour_s Lost.txt": 0.11821442210990601,
    "MEASURE FOR MEASURE.txt": 0.0458254849914459,
    "Merchant of Venice.txt": 0.05332331929385614,
    "MUCH ADO ABOUT NOTHING.txt": 0.11915410795976988,
    "PERICLES PRINCE OF TYRE.txt": 0.1145767795947008,
    "Sir John Oldcastle by Shakespeare.txt": 0.1091403058186563,
    "Sir Thomas More by Shakespeare.txt": 0.07610955751503545,
    "Taming of the Shrew.txt": 0.11755184127162183,
    "The Comedy of Errors.txt": 0.10683220070232591,
    "THE HISTORY OF TROILUS AND CRESSIDA.txt": 0.1055535051062853,
    "The Life and Death of the Lord Cromwell by Shakespeare.txt": 0.1183478355510193,
    "THE LIFE OF TIMON OF ATHENS.txt": 0.09361681094905944,
    "The London Prodigal.txt": 0.10434820397268746,
    "The Merry Devill of Edmonton by Shakespeare.txt": 0.07696804102241073,
    "THE MERRY WIVES OF WINDSOR.txt": 0.04759753941724104,
    "The Puritaine Widdow by Shakespeare.txt": 0.08687228674480313,
    "THE RAPE OF LUCRECE.txt": 0.07079762683316282,
    "THE TAMING OF THE SHREW.txt": 0.1123022839320077,
    "THE TEMPEST.txt": 0.12160110534469054,
    "THE TRAGEDY OF ANTONY AND CLEOPATRA.txt": 0.07948927600205302,
    "THE TRAGEDY OF CORIOLANUS.txt": 0.03750717663242392,
    "THE TRAGEDY OF HAMLET PRINCE OF DENMARK.txt": 0.034979618302881155,
    "THE TRAGEDY OF JULIUS CAESAR.txt": 0.11361027681311825,
    "THE TRAGEDY OF KING LEAR.txt": 0.11367951831462847,
    "THE TRAGEDY OF MACBETH.txt": 0.08775895583664767,
    "THE TRAGEDY OF OTHELLO MOOR OF VENICE.txt": 0.09261170050838041,
    "THE TRAGEDY OF ROMEO AND JULIET.txt": 0.047123327769481804,
    "THE TRAGEDY OF TITUS ANDRONICUS.txt": 0.1299807318763273,
    "THE TWO GENTLEMEN OF VERONA.txt": 0.10374679598236314,
    "The Two Noble Kinsmen by Shakespeare.txt": 0.0827306102348111,
    "THE WINTERS TALE.txt": 0.10736516356331127,
    "Venus and Adonis.txt": 0.011201984623118444
}