{
    "A LOVERS COMPLAINT.txt": -0.02574583210934167,
    "A MIDSUMMER NIGHT_S DREAM.txt": 0.09657241675672956,
    "A Yorkshire Tragedy by Shakespeare.txt": 0.03989678627612103,
    "Arden of Feversham.txt": 0.09094235322773592,
    "AS YOU LIKE IT.txt": 0.11146772067405786,
    "CYMBELINE.txt": -0.00037430215732725536,
    "Fair Em by Shakespeare.txt": 0.10498064762649228,
    "KING EDWARD III by Shakespeare.txt": 0.12154976133772738,
    "King Henry IV, Part 1.txt": 0.021247106967804685,
    "KING HENRY V.txt": 0.11669255341632223,
    "KING HENRY VI part I.txt": 0.04883883887311624,
    "KING HENRY VI Part II.txt": 0.09882506677042363,
    "KING HENRY VI Part III.txt": 0.10935783100115914,
    "KING HENRY VIII.txt": 0.10293694320890279,
    "KING JOHN.txt": -0.19368371766747006,
    "KING RICHARD II.txt": 0.08102095657612446,
    "KING RICHARD III.txt": 0.0945805387560954,
    "Locrine Mucedorus by Shakespeare.txt": 0.08256186659336384,
    "Love_s Labour_s Lost.txt": 0.08099463280778063,
    "MEASURE FOR MEASURE.txt": 0.02605319466683309,
    "Merchant of Venice.txt": 0.054913589294210696,
    "MUCH ADO ABOUT NOTHING.txt": 0.10857926343024266,
    "PERICLES PRINCE OF TYRE.txt": 0.09446740609436616,
    "Sir John Oldcastle by Shakespeare.txt": 0.11069713862617164,
    "Sir Thomas More by Shakespeare.txt": 0.08224697085985366,
    "Taming of the Shrew.txt": 0.11402290334209175,
    "The Comedy of Errors.txt": 0.10783949169671603,
    "THE HISTORY OF TROILUS AND CRESSIDA.txt": 0.09890565627225778,
    "The Life and Death of the Lord Cromwell by Shakespeare.txt": 0.10730951608290201,
    "THE LIFE OF TIMON OF ATHENS.txt": 0.12266297370677881,
    "The London Prodigal.txt": 0.1250949839586631,
    "The Merry Devill of Edmonton by Shakespeare.txt": 0.09533820883143795,
    "THE MERRY WIVES OF WINDSOR.txt": 0.03628646142226938,
    "The Puritaine Widdow by Shakespeare.txt": 0.0822218810745533,
    "THE RAPE OF LUCRECE.txt": 0.10010961753864711,
    "THE TAMING OF THE SHREW.txt": 0.08560622747681224,
    "THE TEMPEST.txt": 0.1037916478289796,
    "THE TRAGEDY OF ANTONY AND CLEOPATRA.txt": 0.10237488425425745,
    "THE TRAGEDY OF CORIOLANUS.txt": 0.01799381712974396,
    "THE TRAGEDY OF HAMLET PRINCE OF DENMARK.txt": 0.04872704173391912,
    "THE TRAGEDY OF JULIUS CAESAR.txt": 0.10494686711875012,
    "THE TRAGEDY OF KING LEAR.txt": 0.09739201987793683,
    "THE TRAGEDY OF MACBETH.txt": 0.11906493127968332,
    "THE TRAGEDY OF OTHELLO MOOR OF VENICE.txt": 0.07774173801444378,
    "THE TRAGEDY OF ROMEO AND JULIET.txt": 0.09694919036850103,
    "THE TRAGEDY OF TITUS ANDRONICUS.txt": 0.13201450265037395,
    "THE TWO GENTLEMEN OF VERONA.txt": 0.11305361785944534,
    "The Two Noble Kinsmen by Shakespeare.txt": 0.10625412129926187,
    "THE WINTERS TALE.txt": 0.1086762847558766,
    "Venus and Adonis.txt": -0.006116623085241746
}