{
    "A LOVERS COMPLAINT.txt": 0.0033702586649809185,
    "A MIDSUMMER NIGHT_S DREAM.txt": 0.09899372102757925,
    "A Yorkshire Tragedy by Shakespeare.txt": 0.032853037840284594,
    "Arden of Feversham.txt": 0.09809990513752787,
    "AS YOU LIKE IT.txt": 0.10239868939861724,
    "CYMBELINE.txt": 0.015629353744414876,
    "Fair Em by Shakespeare.txt": 0.10544239958760077,
    "KING EDWARD III by Shakespeare.txt": 0.1081631469161976,
    "King Henry IV, Part 1.txt": 0.03314594002967047,
    "KING HENRY V.txt": 0.09616384447758364,
    "KING HENRY VI part I.txt": 0.03257965585809958,
    "KING HENRY VI Part II.txt": 0.10046529754972844,
    "KING HENRY VI Part III.txt": 0.12913982473518065,
    "KING HENRY VIII.txt": 0.10145278890868276,
    "KING JOHN.txt": -0.18003452292413125,
    "KING RICHARD II.txt": 0.09671733244727526,
    "KING RICHARD III.txt": 0.09355876572212124,
    "Locrine Mucedorus by Shakespeare.txt": 0.08952783009361215,
    "Love_s Labour_s Lost.txt": 0.09773982203748599,
    "MEASURE FOR MEASURE.txt": 0.034732098163716585,
    "Merchant of Venice.txt": 0.05662754651543872,
    "MUCH ADO ABOUT NOTHING.txt": 0.1098499033918548,
    "PERICLES PRINCE OF TYRE.txt": 0.0909307546632036,
    "Sir John Oldcastle by Shakespeare.txt": 0.10923071531979439,
    "Sir Thomas More by Shakespeare.txt": 0.06513190160786536,
    "Taming of the Shrew.txt": 0.12605545076815078,
    "The Comedy of Errors.txt": 0.11295073094769259,
    "THE HISTORY OF TROILUS AND CRESSIDA.txt": 0.09831319730878124,
    "The Life and Death of the Lord Cromwell by Shakespeare.txt": 0.1087555740203599,
    "THE LIFE OF TIMON OF ATHENS.txt": 0.12781243106911738,
    "The London Prodigal.txt": 0.11024710717740605,
    "The Merry Devill of Edmonton by Shakespeare.txt": 0.10370904225507932,
    "THE MERRY WIVES OF WINDSOR.txt": 0.06591122523437076,
    "The Puritaine Widdow by Shakespeare.txt": 0.1043358775361305,
    "THE RAPE OF LUCRECE.txt": 0.09570303260545843,
    "THE TAMING OF THE SHREW.txt": 0.08729433297982636,
    "THE TEMPEST.txt": 0.12645578785138972,
    "THE TRAGEDY OF ANTONY AND CLEOPATRA.txt": 0.09556085045104712,
    "THE TRAGEDY OF CORIOLANUS.txt": 0.023056344900615977,
    "THE TRAGEDY OF HAMLET PRINCE OF DENMARK.txt": 0.04186431909345989,
    "THE TRAGEDY OF JULIUS CAESAR.txt": 0.10243432149523013,
    "THE TRAGEDY OF KING LEAR.txt": 0.09210052842315508,
    "THE TRAGEDY OF MACBETH.txt": 0.10877572541945374,
    "THE TRAGEDY OF OTHELLO MOOR OF VENICE.txt": 0.0850723820962988,
    "THE TRAGEDY OF ROMEO AND JULIET.txt": 0.09473672856573184,
    "THE TRAGEDY OF TITUS ANDRONICUS.txt": 0.12559928544653437,
    "THE TWO GENTLEMEN OF VERONA.txt": 0.11723827495273276,
    "The Two Noble Kinsmen by Shakespeare.txt": 0.10461260963986574,
    "THE WINTERS TALE.txt": 0.10729982067355509,
    "Venus and Adonis.txt": 0.02396213320598689
}