{
    "A MIDSUMMER NIGHT_S DREAM.txt": 0.0926174447733033,
    "A Yorkshire Tragedy by Shakespeare.txt": 0.06634388180660716,
    "Arden of Feversham.txt": 0.10790114071881562,
    "AS YOU LIKE IT.txt": 0.050661347689522906,
    "CYMBELINE.txt": 0.0703890050165743,
    "Fair Em by Shakespeare.txt": 0.04078985107253069,
    "KING EDWARD III by Shakespeare.txt": 0.09431178135562734,
    "King Henry IV, Part 1.txt": 0.09253541537353921,
    "KING HENRY V.txt": 0.09166211613646047,
    "KING HENRY VI part I.txt": -0.1124338877880875,
    "KING HENRY VI Part II.txt": 0.10142784418411965,
    "KING HENRY VI Part III.txt": 0.10917311111918232,
    "KING HENRY VIII.txt": 0.05713378222711463,
    "KING JOHN.txt": -0.16889754043482974,
    "KING RICHARD II.txt": 0.09755520953579472,
    "KING RICHARD III.txt": 0.0956372866004418,
    "Locrine Mucedorus by Shakespeare.txt": 0.10529940711315317,
    "Love_s Labour_s Lost.txt": 0.07368206854741427,
    "MEASURE FOR MEASURE.txt": 0.012257698697108077,
    "Merchant of Venice.txt": -0.05620397139362643,
    "MUCH ADO ABOUT NOTHING.txt": 0.10055483451179786,
    "PERICLES PRINCE OF TYRE.txt": 0.07757959540736614,
    "Sir John Oldcastle by Shakespeare.txt": 0.09412367436831287,
    "Sir Thomas More by Shakespeare.txt": 0.08000581106395976,
    "Taming of the Shrew.txt": 0.07886274507890101,
    "The Comedy of Errors.txt": 0.09193431338738628,
    "THE HISTORY OF TROILUS AND CRESSIDA.txt": 0.07006706439017751,
    "The Life and Death of the Lord Cromwell by Shakespeare.txt": 0.002706082417063327,
    "THE LIFE OF TIMON OF ATHENS.txt": 0.08649654534433193,
    "The London Prodigal.txt": 0.06106782386396281,
    "The Merry Devill of Edmonton by Shakespeare.txt": 0.08093770280539192,
    "THE MERRY WIVES OF WINDSOR.txt": 0.013850462899942129,
    "The Puritaine Widdow by Shakespeare.txt": 0.09927868843022275,
    "THE RAPE OF LUCRECE.txt": 0.08370854458877491,
    "THE TAMING OF THE SHREW.txt": 0.07564471583758586,
    "THE TEMPEST.txt": 0.09140309398263896,
    "THE TRAGEDY OF ANTONY AND CLEOPATRA.txt": 0.09828895465264248,
    "THE TRAGEDY OF CORIOLANUS.txt": 0.00964196959066882,
    "THE TRAGEDY OF HAMLET PRINCE OF DENMARK.txt": 0.08450310633720187,
    "THE TRAGEDY OF JULIUS CAESAR.txt": 0.05191711162884288,
    "THE TRAGEDY OF KING LEAR.txt": 0.10382005490016732,
    "THE TRAGEDY OF MACBETH.txt": 0.08234331348356566,
    "THE TRAGEDY OF OTHELLO MOOR OF VENICE.txt": 0.09208283655939276,
    "THE TRAGEDY OF ROMEO AND JULIET.txt": 0.10311556588861315,
    "THE TRAGEDY OF TITUS ANDRONICUS.txt": 0.07795638016290146,
    "THE TWO GENTLEMEN OF VERONA.txt": 0.07759957602183376,
    "The Two Noble Kinsmen by Shakespeare.txt": 0.057406344228857875,
    "THE WINTERS TALE.txt": 0.05705807354753201,
    "Venus and Adonis.txt": 0.09839995162808507
}