{
    "A LOVERS COMPLAINT.txt": 0.04229934592947204,
    "A MIDSUMMER NIGHT_S DREAM.txt": 0.12036737755013566,
    "A Yorkshire Tragedy by Shakespeare.txt": 0.10408559857058852,
    "Arden of Feversham.txt": 0.08472891809640332,
    "AS YOU LIKE IT.txt": 0.0866219165789337,
    "CYMBELINE.txt": 0.07236990442400093,
    "Fair Em by Shakespeare.txt": 0.11444232995355769,
    "KING EDWARD III by Shakespeare.txt": 0.12195542050347252,
    "King Henry IV, Part 1.txt": 0.08355217037649937,
    "KING HENRY V.txt": 0.06524627662374993,
    "KING HENRY VI part I.txt": -0.07225341152386011,
    "KING HENRY VI Part II.txt": 0.08369614578517648,
    "KING HENRY VI Part III.txt": 0.0906511806768423,
    "KING HENRY VIII.txt": 0.06804725254560023,
    "KING JOHN.txt": 0.04741598806453606,
    "KING RICHARD II.txt": 0.08637782365184998,
    "KING RICHARD III.txt": 0.11511705892875268,
    "Locrine Mucedorus by Shakespeare.txt": 0.09647041053548,
    "Love_s Labour_s Lost.txt": 0.1000885951838042,
    "MEASURE FOR MEASURE.txt": -0.026654300317579205,
    "Merchant of Venice.txt": -0.046331363668500325,
    "MUCH ADO ABOUT NOTHING.txt": 0.13526292902824893,
    "PERICLES PRINCE OF TYRE.txt": 0.11332710230691367,
    "Sir John Oldcastle by Shakespeare.txt": 0.13356378915540462,
    "Sir Thomas More by Shakespeare.txt": 0.03151461375959136,
    "Taming of the Shrew.txt": 0.029741378880898006,
    "The Comedy of Errors.txt": 0.11285888075862965,
    "THE HISTORY OF TROILUS AND CRESSIDA.txt": 0.11877462939939792,
    "The Life and Death of the Lord Cromwell by Shakespeare.txt": 0.02101805119423139,
    "THE LIFE OF TIMON OF ATHENS.txt": 0.11175214853211168,
    "The London Prodigal.txt": 0.14262917833423244,
    "The Merry Devill of Edmonton by Shakespeare.txt": 0.0983448599823935,
    "THE MERRY WIVES OF WINDSOR.txt": 0.06803256872750246,
    "The Puritaine Widdow by Shakespeare.txt": 0.12358430448158708,
    "THE RAPE OF LUCRECE.txt": 0.1247402102199911,
    "THE TAMING OF THE SHREW.txt": 0.11602228188993235,
    "THE TEMPEST.txt": 0.13648753376531308,
    "THE TRAGEDY OF ANTONY AND CLEOPATRA.txt": 0.10531265876664742,
    "THE TRAGEDY OF CORIOLANUS.txt": 0.09264796046213658,
    "THE TRAGEDY OF HAMLET PRINCE OF DENMARK.txt": 0.03700383866997503,
    "THE TRAGEDY OF JULIUS CAESAR.txt": 0.0688927058872868,
    "THE TRAGEDY OF KING LEAR.txt": 0.10784651392519101,
    "THE TRAGEDY OF MACBETH.txt": 0.09916805093933789,
    "THE TRAGEDY OF OTHELLO MOOR OF VENICE.txt": 0.12543907525827958,
    "THE TRAGEDY OF ROMEO AND JULIET.txt": 0.109008298665219,
    "THE TRAGEDY OF TITUS ANDRONICUS.txt": 0.12290048210812071,
    "THE TWO GENTLEMEN OF VERONA.txt": 0.11020078575120251,
    "The Two Noble Kinsmen by Shakespeare.txt": 0.05154758389310693,
    "THE WINTERS TALE.txt": 0.11726861543122924,
    "Venus and Adonis.txt": 0.11516021214954131
}