{
    "A LOVERS COMPLAINT.txt": -0.02226201939141148,
    "A MIDSUMMER NIGHT_S DREAM.txt": 0.10020169134977541,
    "A Yorkshire Tragedy by Shakespeare.txt": 0.018692020777748952,
    "Arden of Feversham.txt": 0.0948422842488214,
    "AS YOU LIKE IT.txt": 0.10162506062874099,
    "CYMBELINE.txt": 0.004786494517644624,
    "Fair Em by Shakespeare.txt": 0.10673398633393966,
    "KING EDWARD III by Shakespeare.txt": 0.12450407646243572,
    "King Henry IV, Part 1.txt": 0.04987825516601896,
    "KING HENRY V.txt": 0.09863816033232775,
    "KING HENRY VI part I.txt": 0.02956464146690585,
    "KING HENRY VI Part II.txt": 0.09327826119904381,
    "KING HENRY VI Part III.txt": 0.11938812976398638,
    "KING HENRY VIII.txt": 0.08694797114252889,
    "KING JOHN.txt": -0.19434384622753798,
    "KING RICHARD II.txt": 0.10964128241188292,
    "KING RICHARD III.txt": 0.11322779133631233,
    "Locrine Mucedorus by Shakespeare.txt": 0.06895517190448841,
    "Love_s Labour_s Lost.txt": 0.10185253396909216,
    "MEASURE FOR MEASURE.txt": 0.01555173920062719,
    "Merchant of Venice.txt": 0.05438220729700194,
    "MUCH ADO ABOUT NOTHING.txt": 0.10724103557637504,
    "PERICLES PRINCE OF TYRE.txt": 0.11589810648673543,
    "Sir John Oldcastle by Shakespeare.txt": 0.12137919760189148,
    "Sir Thomas More by Shakespeare.txt": 0.06360234599750036,
    "Taming of the Shrew.txt": 0.1022971289627701,
    "The Comedy of Errors.txt": 0.1170813562333547,
    "THE HISTORY OF TROILUS AND CRESSIDA.txt": 0.10068248382050243,
    "The Life and Death of the Lord Cromwell by Shakespeare.txt": 0.10333873545250188,
    "THE LIFE OF TIMON OF ATHENS.txt": 0.11264038919839903,
    "The London Prodigal.txt": 0.13053855509903922,
    "The Merry Devill of Edmonton by Shakespeare.txt": 0.07952091013801843,
    "THE MERRY WIVES OF WINDSOR.txt": 0.057597368946949445,
    "The Puritaine Widdow by Shakespeare.txt": 0.08905948181385587,
    "THE RAPE OF LUCRECE.txt": 0.09258172089669148,
    "THE TAMING OF THE SHREW.txt": 0.10587381662453232,
    "THE TEMPEST.txt": 0.1270666999393415,
    "THE TRAGEDY OF ANTONY AND CLEOPATRA.txt": 0.10319753874180176,
    "THE TRAGEDY OF CORIOLANUS.txt": 0.04117253736427556,
    "THE TRAGEDY OF HAMLET PRINCE OF DENMARK.txt": 0.07296988586263597,
    "THE TRAGEDY OF JULIUS CAESAR.txt": 0.10423560846121188,
    "THE TRAGEDY OF KING LEAR.txt": 0.12075649268051708,
    "THE TRAGEDY OF MACBETH.txt": 0.1125107475258374,
    "THE TRAGEDY OF OTHELLO MOOR OF VENICE.txt": 0.09638122959713818,
    "THE TRAGEDY OF ROMEO AND JULIET.txt": 0.085455596382503,
    "THE TRAGEDY OF TITUS ANDRONICUS.txt": 0.12741166052288277,
    "THE TWO GENTLEMEN OF VERONA.txt": 0.12056665030531238,
    "The Two Noble Kinsmen by Shakespeare.txt": 0.09996541466249831,
    "THE WINTERS TALE.txt": 0.10234319135203229,
    "Venus and Adonis.txt": 0.015946344693606118
}