{
    "A MIDSUMMER NIGHT_S DREAM.txt": 0.10856793430215078,
    "A Yorkshire Tragedy by Shakespeare.txt": 0.06340690944625965,
    "Arden of Feversham.txt": 0.08299818602188308,
    "AS YOU LIKE IT.txt": 0.04553174871682275,
    "CYMBELINE.txt": 0.07213364385157622,
    "Fair Em by Shakespeare.txt": 0.05057727427702641,
    "KING EDWARD III by Shakespeare.txt": 0.09880304561803255,
    "King Henry IV, Part 1.txt": 0.08514843838845165,
    "KING HENRY V.txt": 0.09069449748856484,
    "KING HENRY VI part I.txt": -0.0895528909336083,
    "KING HENRY VI Part II.txt": 0.10757255393013698,
    "KING HENRY VI Part III.txt": 0.08468488439011995,
    "KING HENRY VIII.txt": 0.03589880981153226,
    "KING JOHN.txt": -0.17826238890373836,
    "KING RICHARD II.txt": 0.079874300494793,
    "KING RICHARD III.txt": 0.10764073209602498,
    "Locrine Mucedorus by Shakespeare.txt": 0.10811870361457998,
    "Love_s Labour_s Lost.txt": 0.05371405897040271,
    "MEASURE FOR MEASURE.txt": 0.013310415978854184,
    "Merchant of Venice.txt": -0.054155181304946565,
    "MUCH ADO ABOUT NOTHING.txt": 0.10591359126016997,
    "PERICLES PRINCE OF TYRE.txt": 0.08685365315242033,
    "Sir John Oldcastle by Shakespeare.txt": 0.10074646425694267,
    "Sir Thomas More by Shakespeare.txt": 0.04371595475360751,
    "Taming of the Shrew.txt": 0.08234555302967328,
    "The Comedy of Errors.txt": 0.09457240567553049,
    "THE HISTORY OF TROILUS AND CRESSIDA.txt": 0.027181548080479567,
    "The Life and Death of the Lord Cromwell by Shakespeare.txt": -0.013024033791117495,
    "THE LIFE OF TIMON OF ATHENS.txt": 0.08695677808998609,
    "The London Prodigal.txt": 0.07181138307988777,
    "The Merry Devill of Edmonton by Shakespeare.txt": 0.09613931903984257,
    "THE MERRY WIVES OF WINDSOR.txt": 0.01752259304174625,
    "The Puritaine Widdow by Shakespeare.txt": 0.08846359299669043,
    "THE RAPE OF LUCRECE.txt": 0.1039318663369368,
    "THE TAMING OF THE SHREW.txt": 0.06167678404678767,
    "THE TEMPEST.txt": 0.10101972420956062,
    "THE TRAGEDY OF ANTONY AND CLEOPATRA.txt": 0.10167982408997778,
    "THE TRAGEDY OF CORIOLANUS.txt": -0.0037185509174190168,
    "THE TRAGEDY OF HAMLET PRINCE OF DENMARK.txt": 0.07211362910845032,
    "THE TRAGEDY OF JULIUS CAESAR.txt": 0.035848295978458455,
    "THE TRAGEDY OF KING LEAR.txt": 0.0980348488110464,
    "THE TRAGEDY OF MACBETH.txt": 0.0864441675690617,
    "THE TRAGEDY OF OTHELLO MOOR OF VENICE.txt": 0.06587707201324627,
    "THE TRAGEDY OF ROMEO AND JULIET.txt": 0.09394927782812762,
    "THE TRAGEDY OF TITUS ANDRONICUS.txt": 0.09595333969558523,
    "THE TWO GENTLEMEN OF VERONA.txt": 0.09030652340483003,
    "The Two Noble Kinsmen by Shakespeare.txt": 0.047828066349413,
    "THE WINTERS TALE.txt": 0.03383570935748409,
    "Venus and Adonis.txt": 0.08752891966964582
}