{
    "A LOVERS COMPLAINT.txt": -0.10250565811179335,
    "A MIDSUMMER NIGHT_S DREAM.txt": 0.11422415495545801,
    "A Yorkshire Tragedy by Shakespeare.txt": 0.04174157754843344,
    "Arden of Feversham.txt": 0.04927757356175755,
    "AS YOU LIKE IT.txt": 0.031297940528620394,
    "CYMBELINE.txt": 0.07943389542300788,
    "Fair Em by Shakespeare.txt": 0.10629536314048238,
    "KING EDWARD III by Shakespeare.txt": 0.1018747916519227,
    "King Henry IV, Part 1.txt": 0.01785050210718142,
    "KING HENRY V.txt": -0.0787143052443754,
    "KING HENRY VI part I.txt": -0.03142042707949111,
    "KING HENRY VI Part II.txt": 0.0928574853903727,
    "KING HENRY VI Part III.txt": 0.0942316880830697,
    "KING HENRY VIII.txt": 0.1026385696954008,
    "KING JOHN.txt": 0.040654734008373716,
    "KING RICHARD II.txt": 0.0942214527026583,
    "KING RICHARD III.txt": 0.10794238348482393,
    "Locrine Mucedorus by Shakespeare.txt": 0.055988460063475576,
    "Love_s Labour_s Lost.txt": 0.11143791476710535,
    "MEASURE FOR MEASURE.txt": 0.11548929859786444,
    "Merchant of Venice.txt": 0.11292487493959863,
    "MUCH ADO ABOUT NOTHING.txt": 0.1304640086534844,
    "PERICLES PRINCE OF TYRE.txt": 0.1093741362813222,
    "Sir John Oldcastle by Shakespeare.txt": 0.1150858784993114,
    "Sir Thomas More by Shakespeare.txt": 0.11623397723186524,
    "Taming of the Shrew.txt": 0.11912677762158369,
    "The Comedy of Errors.txt": 0.1258452623582984,
    "THE HISTORY OF TROILUS AND CRESSIDA.txt": 0.11823159841285391,
    "The Life and Death of the Lord Cromwell by Shakespeare.txt": 0.09597398637654359,
    "THE LIFE OF TIMON OF ATHENS.txt": 0.09825705291207448,
    "The London Prodigal.txt": 0.10294902094585762,
    "The Merry Devill of Edmonton by Shakespeare.txt": 0.09740684570277403,
    "THE MERRY WIVES OF WINDSOR.txt": 0.07587846769125617,
    "The Puritaine Widdow by Shakespeare.txt": 0.08611173665900934,
    "THE RAPE OF LUCRECE.txt": 0.10203452562827953,
    "THE TAMING OF THE SHREW.txt": 0.08756638585111837,
    "THE TEMPEST.txt": 0.10840164951822884,
    "THE TRAGEDY OF ANTONY AND CLEOPATRA.txt": 0.1357138995937583,
    "THE TRAGEDY OF CORIOLANUS.txt": 0.10662747480256657,
    "THE TRAGEDY OF HAMLET PRINCE OF DENMARK.txt": 0.11295382006069365,
    "THE TRAGEDY OF JULIUS CAESAR.txt": 0.10850601510217434,
    "THE TRAGEDY OF KING LEAR.txt": 0.10706883572844295,
    "THE TRAGEDY OF MACBETH.txt": 0.08343956272032771,
    "THE TRAGEDY OF OTHELLO MOOR OF VENICE.txt": 0.09965769296977545,
    "THE TRAGEDY OF ROMEO AND JULIET.txt": 0.11579035253291353,
    "THE TRAGEDY OF TITUS ANDRONICUS.txt": 0.0879193297446465,
    "THE TWO GENTLEMEN OF VERONA.txt": 0.10470436883257528,
    "The Two Noble Kinsmen by Shakespeare.txt": 0.09847377843399685,
    "THE WINTERS TALE.txt": 0.08448642025856123,
    "Venus and Adonis.txt": 0.04202728408887113
}