{
    "A LOVERS COMPLAINT.txt": -0.17245990184059778,
    "A MIDSUMMER NIGHT_S DREAM.txt": 0.1191229070489368,
    "A Yorkshire Tragedy by Shakespeare.txt": 0.09484365332424333,
    "Arden of Feversham.txt": 0.07021707202430694,
    "AS YOU LIKE IT.txt": 0.025285750474065838,
    "CYMBELINE.txt": 0.09446685978030134,
    "Fair Em by Shakespeare.txt": 0.09876449177429003,
    "KING EDWARD III by Shakespeare.txt": 0.08530015444327976,
    "King Henry IV, Part 1.txt": 0.13198917315080222,
    "KING HENRY V.txt": -0.036149693984028564,
    "KING HENRY VI part I.txt": -0.07115598094457232,
    "KING HENRY VI Part II.txt": 0.10424211828607877,
    "KING HENRY VI Part III.txt": 0.1069973104180012,
    "KING HENRY VIII.txt": 0.1110187099252401,
    "KING JOHN.txt": 0.12078693649353983,
    "KING RICHARD II.txt": 0.10963879317821185,
    "KING RICHARD III.txt": 0.11206409428946856,
    "Locrine Mucedorus by Shakespeare.txt": 0.015786617295264815,
    "Love_s Labour_s Lost.txt": 0.13717217334984844,
    "MEASURE FOR MEASURE.txt": 0.11851668207280291,
    "Merchant of Venice.txt": 0.13914827227297932,
    "MUCH ADO ABOUT NOTHING.txt": 0.13152777704009622,
    "PERICLES PRINCE OF TYRE.txt": 0.11207253283314528,
    "Sir John Oldcastle by Shakespeare.txt": 0.11426663011207738,
    "Sir Thomas More by Shakespeare.txt": 0.13119166230567797,
    "Taming of the Shrew.txt": 0.13443544307439492,
    "The Comedy of Errors.txt": 0.11982892475941015,
    "THE HISTORY OF TROILUS AND CRESSIDA.txt": 0.11729567124526769,
    "The Life and Death of the Lord Cromwell by Shakespeare.txt": 0.10993939412988618,
    "THE LIFE OF TIMON OF ATHENS.txt": 0.10630784407582233,
    "The London Prodigal.txt": 0.1326373516311226,
    "The Merry Devill of Edmonton by Shakespeare.txt": 0.11998866052600993,
    "THE MERRY WIVES OF WINDSOR.txt": 0.10220275007325558,
    "The Puritaine Widdow by Shakespeare.txt": 0.09445063323187936,
    "THE RAPE OF LUCRECE.txt": 0.11394654613088462,
    "THE TAMING OF THE SHREW.txt": 0.028064076434957785,
    "THE TEMPEST.txt": 0.13569744888952007,
    "THE TRAGEDY OF ANTONY AND CLEOPATRA.txt": 0.1253288630522298,
    "THE TRAGEDY OF CORIOLANUS.txt": 0.12212408642495431,
    "THE TRAGEDY OF HAMLET PRINCE OF DENMARK.txt": 0.12811007221998783,
    "THE TRAGEDY OF JULIUS CAESAR.txt": 0.14506012737797425,
    "THE TRAGEDY OF KING LEAR.txt": 0.1261923933329282,
    "THE TRAGEDY OF MACBETH.txt": -0.0428878266900492,
    "THE TRAGEDY OF OTHELLO MOOR OF VENICE.txt": 0.09761478969251569,
    "THE TRAGEDY OF ROMEO AND JULIET.txt": 0.13320432609849014,
    "THE TRAGEDY OF TITUS ANDRONICUS.txt": 0.08137327381165815,
    "THE TWO GENTLEMEN OF VERONA.txt": 0.10945444624554196,
    "The Two Noble Kinsmen by Shakespeare.txt": 0.06400676018391116,
    "THE WINTERS TALE.txt": 0.10775199715471723,
    "Venus and Adonis.txt": 0.10265114934285541
}