{
    "A LOVERS COMPLAINT.txt": -0.20578282484630817,
    "A MIDSUMMER NIGHT_S DREAM.txt": 0.15050405948051165,
    "A Yorkshire Tragedy by Shakespeare.txt": 0.1319788503304169,
    "Arden of Feversham.txt": 0.13943471322684375,
    "AS YOU LIKE IT.txt": 0.11619891949168704,
    "CYMBELINE.txt": 0.15304646958389506,
    "Fair Em by Shakespeare.txt": 0.12444999214127922,
    "KING EDWARD III by Shakespeare.txt": 0.11766623678864191,
    "King Henry IV, Part 1.txt": 0.07589642000145491,
    "KING HENRY V.txt": 0.12903052271321036,
    "KING HENRY VI part I.txt": 0.0076640878068855445,
    "KING HENRY VI Part II.txt": 0.1503009975765528,
    "KING HENRY VI Part III.txt": 0.14925266987988667,
    "KING HENRY VIII.txt": 0.13180377502484825,
    "KING JOHN.txt": 0.1250999151914315,
    "KING RICHARD II.txt": 0.13436014292467524,
    "KING RICHARD III.txt": 0.12996135327753133,
    "Locrine Mucedorus by Shakespeare.txt": 0.13620037308917576,
    "Love_s Labour_s Lost.txt": 0.13558566303951003,
    "MEASURE FOR MEASURE.txt": 0.13581328145454447,
    "Merchant of Venice.txt": 0.1325126978811606,
    "MUCH ADO ABOUT NOTHING.txt": 0.07935724265807231,
    "PERICLES PRINCE OF TYRE.txt": 0.1505380507495448,
    "Sir John Oldcastle by Shakespeare.txt": 0.08794439738439636,
    "Sir Thomas More by Shakespeare.txt": 0.14487662495208886,
    "Taming of the Shrew.txt": 0.1394460533547494,
    "The Comedy of Errors.txt": 0.10252143390574414,
    "THE HISTORY OF TROILUS AND CRESSIDA.txt": 0.1396631378273,
    "The Life and Death of the Lord Cromwell by Shakespeare.txt": 0.13566109601080534,
    "THE LIFE OF TIMON OF ATHENS.txt": 0.14260630278214798,
    "The London Prodigal.txt": -0.21313728633294582,
    "The Merry Devill of Edmonton by Shakespeare.txt": 0.1312277307908814,
    "THE MERRY WIVES OF WINDSOR.txt": 0.013485858546858742,
    "The Puritaine Widdow by Shakespeare.txt": 0.02161535628710126,
    "THE RAPE OF LUCRECE.txt": 0.018037899119520306,
    "THE TAMING OF THE SHREW.txt": 0.11361020482513329,
    "THE TEMPEST.txt": 0.11460285203897047,
    "THE TRAGEDY OF ANTONY AND CLEOPATRA.txt": 0.09015369285380426,
    "THE TRAGEDY OF CORIOLANUS.txt": 0.13867839375888885,
    "THE TRAGEDY OF HAMLET PRINCE OF DENMARK.txt": 0.12440355270426523,
    "THE TRAGEDY OF JULIUS CAESAR.txt": 0.13197983117455298,
    "THE TRAGEDY OF KING LEAR.txt": 0.14175514412199497,
    "THE TRAGEDY OF MACBETH.txt": 0.1575531423887787,
    "THE TRAGEDY OF OTHELLO MOOR OF VENICE.txt": 0.13965610826842928,
    "THE TRAGEDY OF ROMEO AND JULIET.txt": 0.13450321870855925,
    "THE TRAGEDY OF TITUS ANDRONICUS.txt": 0.0873394196098336,
    "THE TWO GENTLEMEN OF VERONA.txt": 0.09318390619239997,
    "The Two Noble Kinsmen by Shakespeare.txt": 0.09729931313832318,
    "THE WINTERS TALE.txt": 0.0421705932837943,
    "Venus and Adonis.txt": 0.055214624574945914
}