{
    "A LOVERS COMPLAINT.txt": -0.20110953023864941,
    "A MIDSUMMER NIGHT_S DREAM.txt": 0.11787574579344834,
    "A Yorkshire Tragedy by Shakespeare.txt": 0.09410088597109906,
    "Arden of Feversham.txt": 0.12093802420136018,
    "AS YOU LIKE IT.txt": 0.1023488825001923,
    "CYMBELINE.txt": 0.12767142058786352,
    "Fair Em by Shakespeare.txt": 0.09436281035224492,
    "KING EDWARD III by Shakespeare.txt": 0.1220346136918175,
    "King Henry IV, Part 1.txt": 0.08077674105918736,
    "KING HENRY V.txt": 0.08612138225091714,
    "KING HENRY VI part I.txt": 0.019678616188708642,
    "KING HENRY VI Part II.txt": 0.12489135593458583,
    "KING HENRY VI Part III.txt": 0.12996298024583008,
    "KING HENRY VIII.txt": 0.12442951766183669,
    "KING JOHN.txt": 0.014686663281215095,
    "KING RICHARD II.txt": 0.12684246798689802,
    "KING RICHARD III.txt": 0.09958913019349647,
    "Locrine Mucedorus by Shakespeare.txt": 0.12888411945068845,
    "Love_s Labour_s Lost.txt": 0.10580157662875372,
    "MEASURE FOR MEASURE.txt": 0.10893054354831427,
    "Merchant of Venice.txt": 0.12233317789901027,
    "MUCH ADO ABOUT NOTHING.txt": 0.1305911796540516,
    "PERICLES PRINCE OF TYRE.txt": 0.11891245871507139,
    "Sir John Oldcastle by Shakespeare.txt": 0.13824436763725673,
    "Sir Thomas More by Shakespeare.txt": 0.13485945864690124,
    "Taming of the Shrew.txt": 0.10888297181330342,
    "The Comedy of Errors.txt": 0.11646133090493299,
    "THE HISTORY OF TROILUS AND CRESSIDA.txt": 0.12636054466499247,
    "The Life and Death of the Lord Cromwell by Shakespeare.txt": 0.12374317488102204,
    "THE LIFE OF TIMON OF ATHENS.txt": 0.12570948245467972,
    "The London Prodigal.txt": -0.11428280758438836,
    "The Merry Devill of Edmonton by Shakespeare.txt": 0.1131232822962061,
    "THE MERRY WIVES OF WINDSOR.txt": -0.024605661769292353,
    "The Puritaine Widdow by Shakespeare.txt": 0.08739454351472403,
    "THE RAPE OF LUCRECE.txt": 0.006677273164098052,
    "THE TAMING OF THE SHREW.txt": 0.10817882728342454,
    "THE TEMPEST.txt": 0.10294686417203486,
    "THE TRAGEDY OF ANTONY AND CLEOPATRA.txt": 0.11370247907694087,
    "THE TRAGEDY OF CORIOLANUS.txt": 0.11702940457234928,
    "THE TRAGEDY OF HAMLET PRINCE OF DENMARK.txt": 0.11562064513639403,
    "THE TRAGEDY OF JULIUS CAESAR.txt": 0.12486022479965292,
    "THE TRAGEDY OF KING LEAR.txt": 0.13030289231009362,
    "THE TRAGEDY OF MACBETH.txt": 0.137856720071456,
    "THE TRAGEDY OF OTHELLO MOOR OF VENICE.txt": 0.13222429139098202,
    "THE TRAGEDY OF ROMEO AND JULIET.txt": 0.12486042904511263,
    "THE TRAGEDY OF TITUS ANDRONICUS.txt": 0.10825610973304078,
    "THE TWO GENTLEMEN OF VERONA.txt": 0.12315088329698903,
    "The Two Noble Kinsmen by Shakespeare.txt": 0.1147771666979297,
    "THE WINTERS TALE.txt": 0.11623555533466401,
    "Venus and Adonis.txt": 0.04822486877042825
}