{
    "A LOVERS COMPLAINT.txt": -0.0320756493831692,
    "A MIDSUMMER NIGHT_S DREAM.txt": 0.09838834657287898,
    "A Yorkshire Tragedy by Shakespeare.txt": 0.017774999219623666,
    "Arden of Feversham.txt": 0.06982657612143367,
    "AS YOU LIKE IT.txt": 0.09690957096680619,
    "CYMBELINE.txt": -0.00545720744602507,
    "Fair Em by Shakespeare.txt": 0.07788389360970199,
    "KING EDWARD III by Shakespeare.txt": 0.11026323105206703,
    "King Henry IV, Part 1.txt": 0.04158295016703212,
    "KING HENRY V.txt": 0.09407518088171263,
    "KING HENRY VI part I.txt": 0.011972050369241649,
    "KING HENRY VI Part II.txt": 0.07388198631661691,
    "KING HENRY VI Part III.txt": 0.08299819427081023,
    "KING HENRY VIII.txt": 0.0841277570690031,
    "KING JOHN.txt": -0.17635219612830844,
    "KING RICHARD II.txt": 0.06395896180141109,
    "KING RICHARD III.txt": 0.08422386652580333,
    "Locrine Mucedorus by Shakespeare.txt": 0.08806325071738558,
    "Love_s Labour_s Lost.txt": 0.080051629232472,
    "MEASURE FOR MEASURE.txt": 0.03216656873926638,
    "Merchant of Venice.txt": 0.05601841995002188,
    "MUCH ADO ABOUT NOTHING.txt": 0.11790068498228967,
    "PERICLES PRINCE OF TYRE.txt": 0.11034417845580569,
    "Sir John Oldcastle by Shakespeare.txt": 0.11497793158524283,
    "Sir Thomas More by Shakespeare.txt": 0.05721062117529707,
    "Taming of the Shrew.txt": 0.08432319985039294,
    "The Comedy of Errors.txt": 0.07788305304204118,
    "THE HISTORY OF TROILUS AND CRESSIDA.txt": 0.09685974219435128,
    "The Life and Death of the Lord Cromwell by Shakespeare.txt": 0.10931789359566069,
    "THE LIFE OF TIMON OF ATHENS.txt": 0.11992046722397315,
    "The London Prodigal.txt": 0.11500231275608763,
    "The Merry Devill of Edmonton by Shakespeare.txt": 0.0432851326455429,
    "THE MERRY WIVES OF WINDSOR.txt": 0.031033339357549594,
    "The Puritaine Widdow by Shakespeare.txt": 0.09363510182812901,
    "THE RAPE OF LUCRECE.txt": 0.08844116347836606,
    "THE TAMING OF THE SHREW.txt": 0.11350143318014216,
    "THE TEMPEST.txt": 0.0774642989820652,
    "THE TRAGEDY OF ANTONY AND CLEOPATRA.txt": 0.10072759404222875,
    "THE TRAGEDY OF CORIOLANUS.txt": 0.025094059354062004,
    "THE TRAGEDY OF HAMLET PRINCE OF DENMARK.txt": 0.03365302550029908,
    "THE TRAGEDY OF JULIUS CAESAR.txt": 0.09938185769373781,
    "THE TRAGEDY OF KING LEAR.txt": 0.09866142313686732,
    "THE TRAGEDY OF MACBETH.txt": 0.0678056511957032,
    "THE TRAGEDY OF OTHELLO MOOR OF VENICE.txt": 0.09864322919060292,
    "THE TRAGEDY OF ROMEO AND JULIET.txt": 0.07745835924422306,
    "THE TRAGEDY OF TITUS ANDRONICUS.txt": 0.1074462295374452,
    "THE TWO GENTLEMEN OF VERONA.txt": 0.09663069407819802,
    "The Two Noble Kinsmen by Shakespeare.txt": 0.06708624027706978,
    "THE WINTERS TALE.txt": 0.10490772705508883,
    "Venus and Adonis.txt": 0.009412575490649444
}