{
    "A LOVERS COMPLAINT.txt": 0.023319608785254964,
    "A MIDSUMMER NIGHT_S DREAM.txt": 0.09684352100666926,
    "A Yorkshire Tragedy by Shakespeare.txt": 0.11367600358987828,
    "Arden of Feversham.txt": 0.11594918327678749,
    "AS YOU LIKE IT.txt": 0.13932316006740775,
    "CYMBELINE.txt": 0.12732067269691733,
    "Fair Em by Shakespeare.txt": 0.12145643276373974,
    "KING EDWARD III by Shakespeare.txt": 0.1065264295936959,
    "King Henry IV, Part 1.txt": 0.13330620276260308,
    "KING HENRY V.txt": 0.10561112067691625,
    "KING HENRY VI part I.txt": 0.05153458301952146,
    "KING HENRY VI Part II.txt": 0.11967867823707118,
    "KING HENRY VI Part III.txt": 0.03738963498781828,
    "KING HENRY VIII.txt": 0.12812762804097516,
    "KING JOHN.txt": 0.02192085235635971,
    "KING RICHARD II.txt": 0.11420908805204338,
    "KING RICHARD III.txt": 0.12049802726505843,
    "Locrine Mucedorus by Shakespeare.txt": 0.12986473476858817,
    "Love_s Labour_s Lost.txt": 0.138984326811654,
    "MEASURE FOR MEASURE.txt": 0.12517379390810435,
    "Merchant of Venice.txt": 0.1184617382760314,
    "MUCH ADO ABOUT NOTHING.txt": 0.11617790542175066,
    "PERICLES PRINCE OF TYRE.txt": 0.09796486093977624,
    "Sir John Oldcastle by Shakespeare.txt": 0.13898303565437148,
    "Sir Thomas More by Shakespeare.txt": 0.10965659920509807,
    "Taming of the Shrew.txt": 0.11756138146538642,
    "The Comedy of Errors.txt": 0.024620250303240998,
    "THE HISTORY OF TROILUS AND CRESSIDA.txt": 0.1096885262583649,
    "The Life and Death of the Lord Cromwell by Shakespeare.txt": 0.1157282614190609,
    "THE LIFE OF TIMON OF ATHENS.txt": 0.15079485142480425,
    "The London Prodigal.txt": 0.12445760354228652,
    "The Merry Devill of Edmonton by Shakespeare.txt": 0.12496323508051249,
    "THE MERRY WIVES OF WINDSOR.txt": 0.06712323341651438,
    "The Puritaine Widdow by Shakespeare.txt": 0.12491953288745805,
    "THE RAPE OF LUCRECE.txt": 0.05715442858253683,
    "THE TAMING OF THE SHREW.txt": 0.12930925150532846,
    "THE TEMPEST.txt": 0.12961979655357553,
    "THE TRAGEDY OF ANTONY AND CLEOPATRA.txt": 0.12276000741430904,
    "THE TRAGEDY OF CORIOLANUS.txt": 0.11501557717202227,
    "THE TRAGEDY OF HAMLET PRINCE OF DENMARK.txt": 0.0794842801266627,
    "THE TRAGEDY OF JULIUS CAESAR.txt": 0.1330823155468529,
    "THE TRAGEDY OF KING LEAR.txt": 0.11760660393914996,
    "THE TRAGEDY OF MACBETH.txt": 0.10133750138676023,
    "THE TRAGEDY OF OTHELLO MOOR OF VENICE.txt": 0.11861446356723043,
    "THE TRAGEDY OF ROMEO AND JULIET.txt": 0.12948651965634406,
    "THE TRAGEDY OF TITUS ANDRONICUS.txt": 0.05102568652977563,
    "THE TWO GENTLEMEN OF VERONA.txt": 0.12519646845019444,
    "The Two Noble Kinsmen by Shakespeare.txt": 0.12353345368138136,
    "THE WINTERS TALE.txt": 0.1211505206451815,
    "Venus and Adonis.txt": 0.10207703125089113
}