{
    "A LOVERS COMPLAINT.txt": 0.0846631878931765,
    "A MIDSUMMER NIGHT_S DREAM.txt": 0.09823393162655347,
    "A Yorkshire Tragedy by Shakespeare.txt": 0.10674439794942037,
    "Arden of Feversham.txt": 0.08760885552306935,
    "AS YOU LIKE IT.txt": 0.10568548163500013,
    "CYMBELINE.txt": 0.15766730292946057,
    "Fair Em by Shakespeare.txt": 0.12471786930977208,
    "KING EDWARD III by Shakespeare.txt": 0.08704545777733913,
    "King Henry IV, Part 1.txt": 0.1253961880452676,
    "KING HENRY V.txt": 0.1320573203364368,
    "KING HENRY VI part I.txt": 0.01214161896972965,
    "KING HENRY VI Part II.txt": 0.1041649226084212,
    "KING HENRY VI Part III.txt": 0.10678925606832068,
    "KING HENRY VIII.txt": 0.1129311027966845,
    "KING JOHN.txt": 0.1483435619002304,
    "KING RICHARD II.txt": 0.10155809289920592,
    "KING RICHARD III.txt": 0.12638147206287026,
    "Locrine Mucedorus by Shakespeare.txt": 0.09398759218386876,
    "Love_s Labour_s Lost.txt": 0.14331845769163926,
    "MEASURE FOR MEASURE.txt": 0.1353399959075603,
    "Merchant of Venice.txt": 0.10993646679620617,
    "MUCH ADO ABOUT NOTHING.txt": 0.12335185082442579,
    "PERICLES PRINCE OF TYRE.txt": 0.09509710858335263,
    "Sir John Oldcastle by Shakespeare.txt": 0.138581188489601,
    "Sir Thomas More by Shakespeare.txt": 0.09445962113853529,
    "Taming of the Shrew.txt": 0.08770481266850388,
    "The Comedy of Errors.txt": 0.026344599247606515,
    "THE HISTORY OF TROILUS AND CRESSIDA.txt": 0.13628630710253437,
    "The Life and Death of the Lord Cromwell by Shakespeare.txt": 0.11668989770413296,
    "THE LIFE OF TIMON OF ATHENS.txt": 0.14111967875915266,
    "The London Prodigal.txt": 0.12046418262848935,
    "The Merry Devill of Edmonton by Shakespeare.txt": 0.11853332193324068,
    "THE MERRY WIVES OF WINDSOR.txt": -0.013413045893904907,
    "The Puritaine Widdow by Shakespeare.txt": 0.11790638653544111,
    "THE RAPE OF LUCRECE.txt": 0.049421626986443756,
    "THE TAMING OF THE SHREW.txt": 0.14029817314563958,
    "THE TEMPEST.txt": 0.14150831518133017,
    "THE TRAGEDY OF ANTONY AND CLEOPATRA.txt": 0.1253355053838175,
    "THE TRAGEDY OF CORIOLANUS.txt": 0.10964964877129507,
    "THE TRAGEDY OF HAMLET PRINCE OF DENMARK.txt": 0.12396879474471839,
    "THE TRAGEDY OF JULIUS CAESAR.txt": 0.14009684898012714,
    "THE TRAGEDY OF KING LEAR.txt": 0.1439283731993805,
    "THE TRAGEDY OF MACBETH.txt": 0.13406915676980025,
    "THE TRAGEDY OF OTHELLO MOOR OF VENICE.txt": 0.12683514231045606,
    "THE TRAGEDY OF ROMEO AND JULIET.txt": 0.1413510633688458,
    "THE TRAGEDY OF TITUS ANDRONICUS.txt": 0.040591353457531676,
    "THE TWO GENTLEMEN OF VERONA.txt": 0.13112950833753728,
    "The Two Noble Kinsmen by Shakespeare.txt": 0.10245105403720578,
    "THE WINTERS TALE.txt": 0.15184254916296863,
    "Venus and Adonis.txt": 0.07695101785817426
}