{
    "A LOVERS COMPLAINT.txt": -0.06004736886227435,
    "A MIDSUMMER NIGHT_S DREAM.txt": 0.09541541070593951,
    "A Yorkshire Tragedy by Shakespeare.txt": 0.1008941082041328,
    "Arden of Feversham.txt": -0.32390687234392723,
    "AS YOU LIKE IT.txt": 0.04353031610004898,
    "CYMBELINE.txt": 0.0886918008476279,
    "Fair Em by Shakespeare.txt": 0.06141568567985739,
    "KING EDWARD III by Shakespeare.txt": 0.06989508798147759,
    "King Henry IV, Part 1.txt": 0.08220106831687984,
    "KING HENRY V.txt": 0.10804315921551988,
    "KING HENRY VI part I.txt": -0.002918658668522811,
    "KING HENRY VI Part II.txt": 0.0979019906798757,
    "KING HENRY VI Part III.txt": 0.06569711847885618,
    "KING HENRY VIII.txt": 0.11616299951313591,
    "KING JOHN.txt": -0.015421657857263904,
    "KING RICHARD II.txt": 0.0539193404716129,
    "KING RICHARD III.txt": 0.09241914733553752,
    "Locrine Mucedorus by Shakespeare.txt": 0.09901409958121715,
    "Love_s Labour_s Lost.txt": 0.10230831650419248,
    "MEASURE FOR MEASURE.txt": 0.08262872092582157,
    "Merchant of Venice.txt": 0.10750170168079676,
    "MUCH ADO ABOUT NOTHING.txt": 0.09174926219867247,
    "PERICLES PRINCE OF TYRE.txt": 0.0813453284886303,
    "Sir John Oldcastle by Shakespeare.txt": 0.06868067074248702,
    "Sir Thomas More by Shakespeare.txt": 0.0905267989891726,
    "Taming of the Shrew.txt": 0.08147789213371637,
    "The Comedy of Errors.txt": -0.013400454357689773,
    "THE HISTORY OF TROILUS AND CRESSIDA.txt": 0.11836981768131133,
    "The Life and Death of the Lord Cromwell by Shakespeare.txt": 0.03313902080446446,
    "THE LIFE OF TIMON OF ATHENS.txt": 0.06138855350672817,
    "The London Prodigal.txt": 0.0673312332272284,
    "The Merry Devill of Edmonton by Shakespeare.txt": 0.11541806992393405,
    "THE MERRY WIVES OF WINDSOR.txt": 0.07557287387678396,
    "The Puritaine Widdow by Shakespeare.txt": 0.08067377704676393,
    "THE RAPE OF LUCRECE.txt": 0.0539193404716129,
    "THE TAMING OF THE SHREW.txt": 0.09395976815001422,
    "THE TEMPEST.txt": 0.05629037721768759,
    "THE TRAGEDY OF ANTONY AND CLEOPATRA.txt": 0.07718131617756246,
    "THE TRAGEDY OF CORIOLANUS.txt": 0.0841921672735178,
    "THE TRAGEDY OF HAMLET PRINCE OF DENMARK.txt": 0.09262379126030379,
    "THE TRAGEDY OF JULIUS CAESAR.txt": 0.021275447244871404,
    "THE TRAGEDY OF KING LEAR.txt": 0.05876084209039528,
    "THE TRAGEDY OF MACBETH.txt": 0.09724109699590133,
    "THE TRAGEDY OF OTHELLO MOOR OF VENICE.txt": 0.08600540037006815,
    "THE TRAGEDY OF ROMEO AND JULIET.txt": 0.0957021136543808,
    "THE TRAGEDY OF TITUS ANDRONICUS.txt": 0.0957021136543808,
    "THE TWO GENTLEMEN OF VERONA.txt": 0.10003046141322974,
    "The Two Noble Kinsmen by Shakespeare.txt": 0.06878157940136931,
    "THE WINTERS TALE.txt": 0.10726677190640665,
    "Venus and Adonis.txt": 0.06878157940136931
}