{
    "A LOVERS COMPLAINT.txt": 0.002628267181603361,
    "A MIDSUMMER NIGHT_S DREAM.txt": 0.0811930940165268,
    "A Yorkshire Tragedy by Shakespeare.txt": 0.052681727277250456,
    "Arden of Feversham.txt": -0.32308887392247687,
    "AS YOU LIKE IT.txt": 0.03710940076095459,
    "CYMBELINE.txt": 0.0767447461865256,
    "Fair Em by Shakespeare.txt": 0.1038492723182729,
    "KING EDWARD III by Shakespeare.txt": 0.09462430499355406,
    "King Henry IV, Part 1.txt": 0.07263693678405891,
    "KING HENRY V.txt": 0.09243001135233386,
    "KING HENRY VI part I.txt": 0.05794500706465017,
    "KING HENRY VI Part II.txt": 0.10363089594748798,
    "KING HENRY VI Part III.txt": 0.10299214042454302,
    "KING HENRY VIII.txt": 0.09205959882940812,
    "KING JOHN.txt": -0.03451571854094615,
    "KING RICHARD II.txt": 0.10166501020322438,
    "KING RICHARD III.txt": 0.08804079286201727,
    "Locrine Mucedorus by Shakespeare.txt": 0.0522143919805208,
    "Love_s Labour_s Lost.txt": 0.0919361831004103,
    "MEASURE FOR MEASURE.txt": 0.08358471624097502,
    "Merchant of Venice.txt": 0.10844325734497723,
    "MUCH ADO ABOUT NOTHING.txt": 0.08464402568052426,
    "PERICLES PRINCE OF TYRE.txt": 0.0860542382542569,
    "Sir John Oldcastle by Shakespeare.txt": -0.017424457237648183,
    "Sir Thomas More by Shakespeare.txt": 0.10739389085989559,
    "Taming of the Shrew.txt": 0.04136662988768158,
    "The Comedy of Errors.txt": 0.02261996099483571,
    "THE HISTORY OF TROILUS AND CRESSIDA.txt": 0.12313733907828206,
    "The Life and Death of the Lord Cromwell by Shakespeare.txt": 0.07614541398594654,
    "THE LIFE OF TIMON OF ATHENS.txt": 0.08259912154582083,
    "The London Prodigal.txt": 0.03934205565422927,
    "The Merry Devill of Edmonton by Shakespeare.txt": 0.10149330126309436,
    "THE MERRY WIVES OF WINDSOR.txt": 0.07513903489011947,
    "The Puritaine Widdow by Shakespeare.txt": 0.08102108787011875,
    "THE RAPE OF LUCRECE.txt": 0.03169601218515522,
    "THE TAMING OF THE SHREW.txt": 0.06588148890960627,
    "THE TEMPEST.txt": -0.010270808954030208,
    "THE TRAGEDY OF ANTONY AND CLEOPATRA.txt": 0.10347302899037242,
    "THE TRAGEDY OF CORIOLANUS.txt": 0.007893747407205776,
    "THE TRAGEDY OF HAMLET PRINCE OF DENMARK.txt": 0.016065993053769823,
    "THE TRAGEDY OF JULIUS CAESAR.txt": 0.034633642735282744,
    "THE TRAGEDY OF KING LEAR.txt": 0.10755404733220092,
    "THE TRAGEDY OF MACBETH.txt": 0.10819892030928246,
    "THE TRAGEDY OF OTHELLO MOOR OF VENICE.txt": 0.07852929678323955,
    "THE TRAGEDY OF ROMEO AND JULIET.txt": 0.11412543524207941,
    "THE TRAGEDY OF TITUS ANDRONICUS.txt": 0.11412543524207941,
    "THE TWO GENTLEMEN OF VERONA.txt": 0.09006057918191379,
    "The Two Noble Kinsmen by Shakespeare.txt": 0.10312705280688378,
    "THE WINTERS TALE.txt": 0.11745567721956707,
    "Venus and Adonis.txt": 0.05794500706465017
}