{
    "A LOVERS COMPLAINT.txt": -0.03317833558435046,
    "A MIDSUMMER NIGHT_S DREAM.txt": 0.09850407515103132,
    "A Yorkshire Tragedy by Shakespeare.txt": 0.08433357543457914,
    "Arden of Feversham.txt": -0.061026644588315526,
    "AS YOU LIKE IT.txt": 0.10915571957141118,
    "CYMBELINE.txt": 0.1324658356589346,
    "Fair Em by Shakespeare.txt": 0.11391081273378478,
    "KING EDWARD III by Shakespeare.txt": 0.11898193360695108,
    "King Henry IV, Part 1.txt": 0.15378756210273348,
    "KING HENRY V.txt": 0.14164428946472524,
    "KING HENRY VI part I.txt": 0.05200103856525767,
    "KING HENRY VI Part II.txt": 0.11933208267301504,
    "KING HENRY VI Part III.txt": 0.08994601367587446,
    "KING HENRY VIII.txt": 0.12295243933239053,
    "KING JOHN.txt": 0.07313945308429493,
    "KING RICHARD II.txt": 0.1407197025250248,
    "KING RICHARD III.txt": 0.10950287041768636,
    "Locrine Mucedorus by Shakespeare.txt": 0.13767388479930848,
    "Love_s Labour_s Lost.txt": 0.09992598424458432,
    "MEASURE FOR MEASURE.txt": 0.10680725888500242,
    "Merchant of Venice.txt": 0.1379549760729596,
    "MUCH ADO ABOUT NOTHING.txt": 0.13562860850726688,
    "PERICLES PRINCE OF TYRE.txt": 0.10068672317833322,
    "Sir John Oldcastle by Shakespeare.txt": 0.11758241607115905,
    "Sir Thomas More by Shakespeare.txt": 0.11438517573212154,
    "Taming of the Shrew.txt": 0.11120258982046427,
    "The Comedy of Errors.txt": 0.04491862654306661,
    "THE HISTORY OF TROILUS AND CRESSIDA.txt": 0.12366669208818731,
    "The Life and Death of the Lord Cromwell by Shakespeare.txt": 0.1178167566700466,
    "THE LIFE OF TIMON OF ATHENS.txt": 0.12266025251286478,
    "The London Prodigal.txt": 0.09516555379963526,
    "The Merry Devill of Edmonton by Shakespeare.txt": 0.09473501249844285,
    "THE MERRY WIVES OF WINDSOR.txt": 0.12490709760713464,
    "The Puritaine Widdow by Shakespeare.txt": 0.1190954159980896,
    "THE RAPE OF LUCRECE.txt": 0.08755358093222143,
    "THE TAMING OF THE SHREW.txt": 0.07771909443979991,
    "THE TEMPEST.txt": 0.1268028343731064,
    "THE TRAGEDY OF ANTONY AND CLEOPATRA.txt": 0.13854976454247692,
    "THE TRAGEDY OF CORIOLANUS.txt": 0.13627608571911604,
    "THE TRAGEDY OF HAMLET PRINCE OF DENMARK.txt": 0.13360915928199196,
    "THE TRAGEDY OF JULIUS CAESAR.txt": 0.06617831908330335,
    "THE TRAGEDY OF KING LEAR.txt": 0.12468548910347227,
    "THE TRAGEDY OF MACBETH.txt": 0.11190936782789929,
    "THE TRAGEDY OF OTHELLO MOOR OF VENICE.txt": 0.1228066003700018,
    "THE TRAGEDY OF ROMEO AND JULIET.txt": 0.12446142536015575,
    "THE TRAGEDY OF TITUS ANDRONICUS.txt": 0.12765666592260527,
    "THE TWO GENTLEMEN OF VERONA.txt": 0.09397701027455252,
    "The Two Noble Kinsmen by Shakespeare.txt": 0.07967660254060727,
    "THE WINTERS TALE.txt": 0.14007444678850017,
    "Venus and Adonis.txt": 0.06990037440344005
}