{
    "A LOVERS COMPLAINT.txt": -0.11482497173393713,
    "A MIDSUMMER NIGHT_S DREAM.txt": 0.028006092567813223,
    "A Yorkshire Tragedy by Shakespeare.txt": 0.10476107405717916,
    "Arden of Feversham.txt": 0.09088923402109672,
    "AS YOU LIKE IT.txt": 0.14544249476331506,
    "CYMBELINE.txt": 0.1429684362078915,
    "Fair Em by Shakespeare.txt": 0.07311503448579787,
    "KING EDWARD III by Shakespeare.txt": 0.07100074509697918,
    "King Henry IV, Part 1.txt": 0.12458663046302892,
    "KING HENRY V.txt": 0.1294214624225556,
    "KING HENRY VI part I.txt": 0.05023222634736951,
    "KING HENRY VI Part II.txt": 0.10357857105188029,
    "KING HENRY VI Part III.txt": -0.02343228703450606,
    "KING HENRY VIII.txt": 0.1281323839233331,
    "KING JOHN.txt": 0.0002952410943489192,
    "KING RICHARD II.txt": 0.13003413455823903,
    "KING RICHARD III.txt": 0.10050697782060786,
    "Locrine Mucedorus by Shakespeare.txt": 0.10979630691637382,
    "Love_s Labour_s Lost.txt": 0.13634514153780447,
    "MEASURE FOR MEASURE.txt": 0.12689555241824368,
    "Merchant of Venice.txt": 0.13517359968967352,
    "MUCH ADO ABOUT NOTHING.txt": 0.12285287770985437,
    "PERICLES PRINCE OF TYRE.txt": 0.11919561007213286,
    "Sir John Oldcastle by Shakespeare.txt": 0.12274451373742162,
    "Sir Thomas More by Shakespeare.txt": 0.12622900907514462,
    "Taming of the Shrew.txt": 0.10291388253212286,
    "The Comedy of Errors.txt": 0.0379495173361159,
    "THE HISTORY OF TROILUS AND CRESSIDA.txt": 0.11790955781220858,
    "The Life and Death of the Lord Cromwell by Shakespeare.txt": 0.09149677723616245,
    "THE LIFE OF TIMON OF ATHENS.txt": 0.12490926669488006,
    "The London Prodigal.txt": 0.08656843234012446,
    "The Merry Devill of Edmonton by Shakespeare.txt": 0.1035188706460155,
    "THE MERRY WIVES OF WINDSOR.txt": 0.0693485714231914,
    "The Puritaine Widdow by Shakespeare.txt": 0.13368503208260996,
    "THE RAPE OF LUCRECE.txt": 0.03067164549075646,
    "THE TAMING OF THE SHREW.txt": 0.10910966230863972,
    "THE TEMPEST.txt": 0.12868425683913337,
    "THE TRAGEDY OF ANTONY AND CLEOPATRA.txt": 0.10735251658872447,
    "THE TRAGEDY OF CORIOLANUS.txt": 0.11124041441738985,
    "THE TRAGEDY OF HAMLET PRINCE OF DENMARK.txt": 0.11731061926698738,
    "THE TRAGEDY OF JULIUS CAESAR.txt": 0.09914465528077554,
    "THE TRAGEDY OF KING LEAR.txt": 0.1055214631250398,
    "THE TRAGEDY OF MACBETH.txt": 0.1257259890680929,
    "THE TRAGEDY OF OTHELLO MOOR OF VENICE.txt": 0.11174411877981766,
    "THE TRAGEDY OF ROMEO AND JULIET.txt": 0.12772244424273643,
    "THE TRAGEDY OF TITUS ANDRONICUS.txt": 0.100921893327452,
    "THE TWO GENTLEMEN OF VERONA.txt": 0.11310647592845596,
    "The Two Noble Kinsmen by Shakespeare.txt": 0.11154018112660824,
    "THE WINTERS TALE.txt": 0.13241429137977057,
    "Venus and Adonis.txt": 0.054165289231374425
}