{
    "A LOVERS COMPLAINT.txt": -0.058118202571074695,
    "A MIDSUMMER NIGHT_S DREAM.txt": 0.10170800755223208,
    "A Yorkshire Tragedy by Shakespeare.txt": 0.07015363887242826,
    "Arden of Feversham.txt": 0.1279932634456542,
    "AS YOU LIKE IT.txt": 0.1449638119521663,
    "CYMBELINE.txt": 0.14233679247403785,
    "Fair Em by Shakespeare.txt": 0.0961079311840517,
    "KING EDWARD III by Shakespeare.txt": 0.09776635042161014,
    "King Henry IV, Part 1.txt": 0.12329295112693472,
    "KING HENRY V.txt": 0.1404080883265975,
    "KING HENRY VI part I.txt": 0.09836135662162815,
    "KING HENRY VI Part II.txt": 0.1402043345395162,
    "KING HENRY VI Part III.txt": -0.21759012253458987,
    "KING HENRY VIII.txt": 0.13470504773744735,
    "KING JOHN.txt": 0.05834840174105621,
    "KING RICHARD II.txt": 0.11821281337905343,
    "KING RICHARD III.txt": 0.07260486433016095,
    "Locrine Mucedorus by Shakespeare.txt": 0.1289149783091374,
    "Love_s Labour_s Lost.txt": 0.14035126840944068,
    "MEASURE FOR MEASURE.txt": 0.14123118243799354,
    "Merchant of Venice.txt": 0.12763275568337457,
    "MUCH ADO ABOUT NOTHING.txt": 0.105559897999498,
    "PERICLES PRINCE OF TYRE.txt": 0.11243262390280212,
    "Sir John Oldcastle by Shakespeare.txt": 0.06972946922687934,
    "Sir Thomas More by Shakespeare.txt": 0.10736029602005998,
    "Taming of the Shrew.txt": 0.12859035477067704,
    "The Comedy of Errors.txt": 0.15283943517193704,
    "THE HISTORY OF TROILUS AND CRESSIDA.txt": 0.15367259577547598,
    "The Life and Death of the Lord Cromwell by Shakespeare.txt": 0.12265822241005647,
    "THE LIFE OF TIMON OF ATHENS.txt": 0.12010232038782948,
    "The London Prodigal.txt": 0.15689355319572235,
    "The Merry Devill of Edmonton by Shakespeare.txt": 0.12349826532698349,
    "THE MERRY WIVES OF WINDSOR.txt": 0.10922751738016206,
    "The Puritaine Widdow by Shakespeare.txt": 0.13336348727737474,
    "THE RAPE OF LUCRECE.txt": 0.023787367265968917,
    "THE TAMING OF THE SHREW.txt": 0.14579183975406856,
    "THE TEMPEST.txt": 0.13963703331648147,
    "THE TRAGEDY OF ANTONY AND CLEOPATRA.txt": 0.13876329629638695,
    "THE TRAGEDY OF CORIOLANUS.txt": 0.14718914779981368,
    "THE TRAGEDY OF HAMLET PRINCE OF DENMARK.txt": 0.1306043783876134,
    "THE TRAGEDY OF JULIUS CAESAR.txt": 0.12081387147061651,
    "THE TRAGEDY OF KING LEAR.txt": 0.11381269364663327,
    "THE TRAGEDY OF MACBETH.txt": 0.15245348198238523,
    "THE TRAGEDY OF OTHELLO MOOR OF VENICE.txt": 0.12165884461378235,
    "THE TRAGEDY OF ROMEO AND JULIET.txt": 0.14305475304585175,
    "THE TRAGEDY OF TITUS ANDRONICUS.txt": 0.10332915515870422,
    "THE TWO GENTLEMEN OF VERONA.txt": 0.13563088057611788,
    "The Two Noble Kinsmen by Shakespeare.txt": 0.10087997423800504,
    "THE WINTERS TALE.txt": 0.1355018181318629,
    "Venus and Adonis.txt": 0.06569082319142816
}