{
    "A LOVERS COMPLAINT.txt": 0.103094359343113,
    "A MIDSUMMER NIGHT_S DREAM.txt": 0.14642081188868117,
    "A Yorkshire Tragedy by Shakespeare.txt": 0.1302708630228619,
    "Arden of Feversham.txt": 0.1323649071919083,
    "AS YOU LIKE IT.txt": 0.1275880578900257,
    "CYMBELINE.txt": 0.1540500746213283,
    "Fair Em by Shakespeare.txt": 0.1342703268094695,
    "KING EDWARD III by Shakespeare.txt": 0.15377017889721734,
    "King Henry IV, Part 1.txt": 0.1589168983490581,
    "KING HENRY V.txt": 0.129580469092267,
    "KING HENRY VI part I.txt": -0.07713917374122536,
    "KING HENRY VI Part II.txt": 0.1255812969650939,
    "KING HENRY VI Part III.txt": 0.136132594162667,
    "KING HENRY VIII.txt": 0.14201924311681963,
    "KING JOHN.txt": 0.12068477973859554,
    "KING RICHARD II.txt": 0.14951137399778253,
    "KING RICHARD III.txt": 0.1394811654941676,
    "Locrine Mucedorus by Shakespeare.txt": 0.12316274137196159,
    "Love_s Labour_s Lost.txt": 0.14633657117984022,
    "MEASURE FOR MEASURE.txt": 0.13610357722461408,
    "Merchant of Venice.txt": 0.1146916128101445,
    "MUCH ADO ABOUT NOTHING.txt": 0.14460970710609738,
    "PERICLES PRINCE OF TYRE.txt": 0.15985599930511646,
    "Sir John Oldcastle by Shakespeare.txt": 0.14255743580596314,
    "Sir Thomas More by Shakespeare.txt": 0.14373674542074655,
    "Taming of the Shrew.txt": -0.0455072118283657,
    "The Comedy of Errors.txt": 0.11115469860994015,
    "THE HISTORY OF TROILUS AND CRESSIDA.txt": 0.150790229606944,
    "The Life and Death of the Lord Cromwell by Shakespeare.txt": -0.12340541804604177,
    "THE LIFE OF TIMON OF ATHENS.txt": 0.16157874017429003,
    "The London Prodigal.txt": 0.15365076050542553,
    "The Merry Devill of Edmonton by Shakespeare.txt": 0.15131796132972097,
    "THE MERRY WIVES OF WINDSOR.txt": 0.16105640199140675,
    "The Puritaine Widdow by Shakespeare.txt": 0.1191741505134643,
    "THE RAPE OF LUCRECE.txt": 0.14395628800175947,
    "THE TAMING OF THE SHREW.txt": 0.14493650844917888,
    "THE TEMPEST.txt": 0.13158063161492012,
    "THE TRAGEDY OF ANTONY AND CLEOPATRA.txt": 0.14864237345836723,
    "THE TRAGEDY OF CORIOLANUS.txt": 0.1500703421740186,
    "THE TRAGEDY OF HAMLET PRINCE OF DENMARK.txt": 0.16378881664428763,
    "THE TRAGEDY OF JULIUS CAESAR.txt": 0.14132307045059855,
    "THE TRAGEDY OF KING LEAR.txt": 0.07565351437645679,
    "THE TRAGEDY OF MACBETH.txt": 0.13471720088180617,
    "THE TRAGEDY OF OTHELLO MOOR OF VENICE.txt": 0.1520662775714382,
    "THE TRAGEDY OF ROMEO AND JULIET.txt": 0.12552093690163824,
    "THE TRAGEDY OF TITUS ANDRONICUS.txt": 0.12850109267331994,
    "THE TWO GENTLEMEN OF VERONA.txt": 0.13062901222110768,
    "The Two Noble Kinsmen by Shakespeare.txt": 0.16715115309360729,
    "THE WINTERS TALE.txt": 0.15026629719665302,
    "Venus and Adonis.txt": 0.11848293433794643
}