{
    "A LOVERS COMPLAINT.txt": -0.0201644448612448,
    "A MIDSUMMER NIGHT_S DREAM.txt": 0.12400009119448158,
    "A Yorkshire Tragedy by Shakespeare.txt": 0.07130691384307064,
    "Arden of Feversham.txt": -0.22022904653374986,
    "AS YOU LIKE IT.txt": 0.10675646654480325,
    "CYMBELINE.txt": 0.1114092497306049,
    "Fair Em by Shakespeare.txt": 0.10703632618183212,
    "KING EDWARD III by Shakespeare.txt": 0.0795930858057054,
    "King Henry IV, Part 1.txt": 0.12365793456954377,
    "KING HENRY V.txt": 0.0018744778029741727,
    "KING HENRY VI part I.txt": -0.07998583727868835,
    "KING HENRY VI Part II.txt": 0.06947583950436814,
    "KING HENRY VI Part III.txt": 0.10972536981248443,
    "KING HENRY VIII.txt": 0.10481561787368365,
    "KING JOHN.txt": 0.1263549436288482,
    "KING RICHARD II.txt": 0.12037401618639482,
    "KING RICHARD III.txt": 0.10220568160386295,
    "Locrine Mucedorus by Shakespeare.txt": 0.10817674274316225,
    "Love_s Labour_s Lost.txt": 0.09325657203067023,
    "MEASURE FOR MEASURE.txt": 0.08973598668589022,
    "Merchant of Venice.txt": 0.13429510625275365,
    "MUCH ADO ABOUT NOTHING.txt": 0.13185486168784272,
    "PERICLES PRINCE OF TYRE.txt": 0.09704729982517701,
    "Sir John Oldcastle by Shakespeare.txt": 0.10153175956171712,
    "Sir Thomas More by Shakespeare.txt": 0.0276165661925184,
    "Taming of the Shrew.txt": 0.10424685102940212,
    "The Comedy of Errors.txt": 0.10481027516658753,
    "THE HISTORY OF TROILUS AND CRESSIDA.txt": 0.1107574822536253,
    "The Life and Death of the Lord Cromwell by Shakespeare.txt": -0.04710380624381372,
    "THE LIFE OF TIMON OF ATHENS.txt": 0.12045689217177052,
    "The London Prodigal.txt": 0.09674125843181902,
    "The Merry Devill of Edmonton by Shakespeare.txt": 0.13807438790977883,
    "THE MERRY WIVES OF WINDSOR.txt": 0.10189431789265463,
    "The Puritaine Widdow by Shakespeare.txt": 0.11841319912685339,
    "THE RAPE OF LUCRECE.txt": 0.10859792903846632,
    "THE TAMING OF THE SHREW.txt": 0.12099235391671248,
    "THE TEMPEST.txt": 0.09797672255372841,
    "THE TRAGEDY OF ANTONY AND CLEOPATRA.txt": 0.07792591933627147,
    "THE TRAGEDY OF CORIOLANUS.txt": 0.13455549968506297,
    "THE TRAGEDY OF HAMLET PRINCE OF DENMARK.txt": 0.08308019688734247,
    "THE TRAGEDY OF JULIUS CAESAR.txt": 0.1041028073786941,
    "THE TRAGEDY OF KING LEAR.txt": 0.11001675983708253,
    "THE TRAGEDY OF MACBETH.txt": 0.08906746186765963,
    "THE TRAGEDY OF OTHELLO MOOR OF VENICE.txt": 0.11320975645011583,
    "THE TRAGEDY OF ROMEO AND JULIET.txt": 0.09391652824543051,
    "THE TRAGEDY OF TITUS ANDRONICUS.txt": 0.12307567527499585,
    "THE TWO GENTLEMEN OF VERONA.txt": 0.10956378796612459,
    "The Two Noble Kinsmen by Shakespeare.txt": 0.11311115728698867,
    "THE WINTERS TALE.txt": 0.11466995924563844,
    "Venus and Adonis.txt": -0.04886633840834198
}