{
    "A LOVERS COMPLAINT.txt": 0.03482235569926995,
    "A MIDSUMMER NIGHT_S DREAM.txt": 0.004618386407000352,
    "A Yorkshire Tragedy by Shakespeare.txt": 0.07172857573468921,
    "Arden of Feversham.txt": -0.2692835584041229,
    "AS YOU LIKE IT.txt": 0.07519370921320773,
    "CYMBELINE.txt": 0.1185972788765931,
    "Fair Em by Shakespeare.txt": 0.13374786798236282,
    "KING EDWARD III by Shakespeare.txt": 0.10149801264209762,
    "King Henry IV, Part 1.txt": 0.1286227711487552,
    "KING HENRY V.txt": -0.06606619930409019,
    "KING HENRY VI part I.txt": -0.007341741253354406,
    "KING HENRY VI Part II.txt": 0.019957068396040722,
    "KING HENRY VI Part III.txt": 0.058976419883465414,
    "KING HENRY VIII.txt": 0.10780382941883199,
    "KING JOHN.txt": -0.07571881325159002,
    "KING RICHARD II.txt": 0.12558839471392497,
    "KING RICHARD III.txt": 0.11586265998769596,
    "Locrine Mucedorus by Shakespeare.txt": 0.10216841420722578,
    "Love_s Labour_s Lost.txt": 0.11706769287942964,
    "MEASURE FOR MEASURE.txt": 0.13163023378253963,
    "Merchant of Venice.txt": 0.11681401169334726,
    "MUCH ADO ABOUT NOTHING.txt": 0.11845136108254439,
    "PERICLES PRINCE OF TYRE.txt": 0.1430249441949612,
    "Sir John Oldcastle by Shakespeare.txt": 0.13095412624723857,
    "Sir Thomas More by Shakespeare.txt": 0.09198704203472324,
    "Taming of the Shrew.txt": 0.12318868551809792,
    "The Comedy of Errors.txt": 0.1259251887552264,
    "THE HISTORY OF TROILUS AND CRESSIDA.txt": 0.13322694294845905,
    "The Life and Death of the Lord Cromwell by Shakespeare.txt": 0.10936508034075598,
    "THE LIFE OF TIMON OF ATHENS.txt": 0.1321969031445952,
    "The London Prodigal.txt": 0.13529449983105546,
    "The Merry Devill of Edmonton by Shakespeare.txt": 0.11436790330736846,
    "THE MERRY WIVES OF WINDSOR.txt": 0.11955741110969453,
    "The Puritaine Widdow by Shakespeare.txt": 0.12251557966729548,
    "THE RAPE OF LUCRECE.txt": 0.13038605296812,
    "THE TAMING OF THE SHREW.txt": 0.13025441625753437,
    "THE TEMPEST.txt": 0.11241228978071294,
    "THE TRAGEDY OF ANTONY AND CLEOPATRA.txt": 0.06826208978958709,
    "THE TRAGEDY OF CORIOLANUS.txt": 0.11388694965887636,
    "THE TRAGEDY OF HAMLET PRINCE OF DENMARK.txt": 0.10430970998245986,
    "THE TRAGEDY OF JULIUS CAESAR.txt": 0.1298164876181363,
    "THE TRAGEDY OF KING LEAR.txt": 0.12548200468856457,
    "THE TRAGEDY OF MACBETH.txt": 0.14496972772625527,
    "THE TRAGEDY OF OTHELLO MOOR OF VENICE.txt": 0.12779418501505696,
    "THE TRAGEDY OF ROMEO AND JULIET.txt": 0.10946552502123047,
    "THE TRAGEDY OF TITUS ANDRONICUS.txt": 0.13750816896280732,
    "THE TWO GENTLEMEN OF VERONA.txt": 0.12407441587961304,
    "The Two Noble Kinsmen by Shakespeare.txt": 0.10525162712148767,
    "THE WINTERS TALE.txt": 0.14152794945428754,
    "Venus and Adonis.txt": 0.08470839363477495
}