{
    "A LOVERS COMPLAINT.txt": 0.003920410619639214,
    "A MIDSUMMER NIGHT_S DREAM.txt": 0.0665899605662243,
    "A Yorkshire Tragedy by Shakespeare.txt": 0.05401571516360071,
    "Arden of Feversham.txt": -0.058805472709266504,
    "AS YOU LIKE IT.txt": 0.09635816686533527,
    "CYMBELINE.txt": 0.13900988671837872,
    "Fair Em by Shakespeare.txt": 0.09822711419661107,
    "KING EDWARD III by Shakespeare.txt": 0.11121240608619964,
    "King Henry IV, Part 1.txt": 0.1309212508601701,
    "KING HENRY V.txt": 0.14263809363307395,
    "KING HENRY VI part I.txt": 0.05486481840481777,
    "KING HENRY VI Part II.txt": 0.1038493583243339,
    "KING HENRY VI Part III.txt": 0.08888048316874286,
    "KING HENRY VIII.txt": 0.13203184510068905,
    "KING JOHN.txt": 0.045419726304886054,
    "KING RICHARD II.txt": 0.15043277097141888,
    "KING RICHARD III.txt": 0.1112262407216229,
    "Locrine Mucedorus by Shakespeare.txt": 0.1421062317676074,
    "Love_s Labour_s Lost.txt": 0.10281056669746458,
    "MEASURE FOR MEASURE.txt": 0.11760882271028028,
    "Merchant of Venice.txt": 0.13438997439072786,
    "MUCH ADO ABOUT NOTHING.txt": 0.11895465294702595,
    "PERICLES PRINCE OF TYRE.txt": 0.08378524977651536,
    "Sir John Oldcastle by Shakespeare.txt": 0.11945433056197974,
    "Sir Thomas More by Shakespeare.txt": 0.1030349621367947,
    "Taming of the Shrew.txt": 0.13555618751056797,
    "The Comedy of Errors.txt": 0.07157967931424375,
    "THE HISTORY OF TROILUS AND CRESSIDA.txt": 0.09212417127837946,
    "The Life and Death of the Lord Cromwell by Shakespeare.txt": 0.13266289812870047,
    "THE LIFE OF TIMON OF ATHENS.txt": 0.12579523992287422,
    "The London Prodigal.txt": 0.10308885083418051,
    "The Merry Devill of Edmonton by Shakespeare.txt": 0.1026773427381143,
    "THE MERRY WIVES OF WINDSOR.txt": 0.13053453241301,
    "The Puritaine Widdow by Shakespeare.txt": 0.1051680262325359,
    "THE RAPE OF LUCRECE.txt": 0.06542686176695595,
    "THE TAMING OF THE SHREW.txt": 0.08271049164739852,
    "THE TEMPEST.txt": 0.1205177587949241,
    "THE TRAGEDY OF ANTONY AND CLEOPATRA.txt": 0.13560307085760964,
    "THE TRAGEDY OF CORIOLANUS.txt": 0.12240658524556208,
    "THE TRAGEDY OF HAMLET PRINCE OF DENMARK.txt": 0.1065367421077753,
    "THE TRAGEDY OF JULIUS CAESAR.txt": 0.07636449230225523,
    "THE TRAGEDY OF KING LEAR.txt": 0.1336711354726262,
    "THE TRAGEDY OF MACBETH.txt": 0.12826414662778107,
    "THE TRAGEDY OF OTHELLO MOOR OF VENICE.txt": 0.10091524372758881,
    "THE TRAGEDY OF ROMEO AND JULIET.txt": 0.12424546412664816,
    "THE TRAGEDY OF TITUS ANDRONICUS.txt": 0.14704252948134638,
    "THE TWO GENTLEMEN OF VERONA.txt": 0.09277034979966192,
    "The Two Noble Kinsmen by Shakespeare.txt": 0.0672770680615965,
    "THE WINTERS TALE.txt": 0.13897633228271322,
    "Venus and Adonis.txt": 0.04695010574515113
}