{
    "A MIDSUMMER NIGHT_S DREAM.txt": 0.034066656729436484,
    "A Yorkshire Tragedy by Shakespeare.txt": 0.11099803800400343,
    "Arden of Feversham.txt": -0.2828753185883839,
    "AS YOU LIKE IT.txt": 0.12113317634332776,
    "CYMBELINE.txt": 0.11107104883172153,
    "Fair Em by Shakespeare.txt": 0.12677832627772767,
    "KING EDWARD III by Shakespeare.txt": 0.09393567687993071,
    "King Henry IV, Part 1.txt": -0.09384598331564298,
    "KING HENRY V.txt": 0.06340256678463857,
    "KING HENRY VI part I.txt": -0.027907174945481117,
    "KING HENRY VI Part II.txt": 0.07436027042967641,
    "KING HENRY VI Part III.txt": 0.11041244138369166,
    "KING HENRY VIII.txt": 0.10396761170659014,
    "KING JOHN.txt": 0.05348232554837251,
    "KING RICHARD II.txt": 0.058369346184153126,
    "KING RICHARD III.txt": 0.024129126272978585,
    "Locrine Mucedorus by Shakespeare.txt": 0.07159543762386111,
    "Love_s Labour_s Lost.txt": 0.11642346145065491,
    "MEASURE FOR MEASURE.txt": 0.10614686154827607,
    "Merchant of Venice.txt": 0.1207551467047695,
    "MUCH ADO ABOUT NOTHING.txt": 0.058585764785060224,
    "PERICLES PRINCE OF TYRE.txt": 0.1114883548769558,
    "Sir John Oldcastle by Shakespeare.txt": -0.19456917026026888,
    "Sir Thomas More by Shakespeare.txt": 0.004283578128106091,
    "Taming of the Shrew.txt": 0.0974045280492955,
    "The Comedy of Errors.txt": 0.11642790406165537,
    "THE HISTORY OF TROILUS AND CRESSIDA.txt": 0.12371071674045026,
    "The Life and Death of the Lord Cromwell by Shakespeare.txt": -0.06064767606965449,
    "THE LIFE OF TIMON OF ATHENS.txt": 0.13290763150233936,
    "The London Prodigal.txt": 0.08575876777162239,
    "The Merry Devill of Edmonton by Shakespeare.txt": 0.07358292123363314,
    "THE MERRY WIVES OF WINDSOR.txt": 0.10291431455910993,
    "The Puritaine Widdow by Shakespeare.txt": 0.08271142897941336,
    "THE RAPE OF LUCRECE.txt": 0.048574260409149916,
    "THE TAMING OF THE SHREW.txt": 0.12103885097899764,
    "THE TEMPEST.txt": 0.12976353824827574,
    "THE TRAGEDY OF ANTONY AND CLEOPATRA.txt": 0.11703428480439576,
    "THE TRAGEDY OF CORIOLANUS.txt": 0.12236873425233435,
    "THE TRAGEDY OF HAMLET PRINCE OF DENMARK.txt": 0.10142509472791256,
    "THE TRAGEDY OF JULIUS CAESAR.txt": 0.02262550462942131,
    "THE TRAGEDY OF KING LEAR.txt": 0.1292062202741588,
    "THE TRAGEDY OF MACBETH.txt": 0.11253088513622006,
    "THE TRAGEDY OF OTHELLO MOOR OF VENICE.txt": 0.07018338498466575,
    "THE TRAGEDY OF ROMEO AND JULIET.txt": 0.0881941730930002,
    "THE TRAGEDY OF TITUS ANDRONICUS.txt": 0.1001622719592683,
    "THE TWO GENTLEMEN OF VERONA.txt": 0.12424476205315793,
    "The Two Noble Kinsmen by Shakespeare.txt": 0.02801423849430068,
    "THE WINTERS TALE.txt": 0.0800132749671495,
    "Venus and Adonis.txt": 0.10929482427723869
}