{
    "A LOVERS COMPLAINT.txt": 0.03369227115203949,
    "A MIDSUMMER NIGHT_S DREAM.txt": 0.04437853193042357,
    "A Yorkshire Tragedy by Shakespeare.txt": 0.06808668186535921,
    "Arden of Feversham.txt": -0.1959938222305223,
    "AS YOU LIKE IT.txt": 0.09277738867675106,
    "CYMBELINE.txt": 0.13132709006255544,
    "Fair Em by Shakespeare.txt": 0.0985391260305804,
    "KING EDWARD III by Shakespeare.txt": 0.09367066447913935,
    "King Henry IV, Part 1.txt": -0.12580341107026083,
    "KING HENRY V.txt": 0.12288718852825048,
    "KING HENRY VI part I.txt": 0.03369227115203949,
    "KING HENRY VI Part II.txt": 0.049545505567964554,
    "KING HENRY VI Part III.txt": 0.10397020413185054,
    "KING HENRY VIII.txt": 0.1198708687670958,
    "KING JOHN.txt": 0.06711104276911384,
    "KING RICHARD II.txt": 0.08302026234092125,
    "KING RICHARD III.txt": 0.005275041600598274,
    "Locrine Mucedorus by Shakespeare.txt": 0.05894733314249867,
    "Love_s Labour_s Lost.txt": 0.12050942467437203,
    "MEASURE FOR MEASURE.txt": 0.10709287684742402,
    "Merchant of Venice.txt": 0.10471504305873908,
    "MUCH ADO ABOUT NOTHING.txt": 0.053192640894913046,
    "PERICLES PRINCE OF TYRE.txt": 0.08436062231912905,
    "Sir John Oldcastle by Shakespeare.txt": -0.15595600090596307,
    "Sir Thomas More by Shakespeare.txt": 0.06569768895950434,
    "Taming of the Shrew.txt": 0.08123211513447198,
    "The Comedy of Errors.txt": 0.11083833022220935,
    "THE HISTORY OF TROILUS AND CRESSIDA.txt": 0.08131424990676228,
    "The Life and Death of the Lord Cromwell by Shakespeare.txt": 0.07631029620872198,
    "THE LIFE OF TIMON OF ATHENS.txt": 0.12316836573367546,
    "The London Prodigal.txt": 0.1316433746653881,
    "The Merry Devill of Edmonton by Shakespeare.txt": 0.129449790892045,
    "THE MERRY WIVES OF WINDSOR.txt": 0.120321267853705,
    "The Puritaine Widdow by Shakespeare.txt": 0.1031084785719718,
    "THE RAPE OF LUCRECE.txt": 0.06725501974839815,
    "THE TAMING OF THE SHREW.txt": 0.08854950244417847,
    "THE TEMPEST.txt": 0.08214196018418024,
    "THE TRAGEDY OF ANTONY AND CLEOPATRA.txt": 0.10230189725462002,
    "THE TRAGEDY OF CORIOLANUS.txt": 0.10624637299957057,
    "THE TRAGEDY OF HAMLET PRINCE OF DENMARK.txt": 0.10260830436706997,
    "THE TRAGEDY OF JULIUS CAESAR.txt": 0.09862948082586404,
    "THE TRAGEDY OF KING LEAR.txt": 0.101120484325744,
    "THE TRAGEDY OF MACBETH.txt": 0.06290854181354372,
    "THE TRAGEDY OF OTHELLO MOOR OF VENICE.txt": 0.09196808723879596,
    "THE TRAGEDY OF ROMEO AND JULIET.txt": 0.10274822330424377,
    "THE TRAGEDY OF TITUS ANDRONICUS.txt": 0.12913882198767895,
    "THE TWO GENTLEMEN OF VERONA.txt": 0.11681581408983333,
    "The Two Noble Kinsmen by Shakespeare.txt": 0.061673697196628685,
    "THE WINTERS TALE.txt": 0.10236149501240582,
    "Venus and Adonis.txt": 0.06274368556694804
}