{
    "A LOVERS COMPLAINT.txt": 0.027855810493447875,
    "A MIDSUMMER NIGHT_S DREAM.txt": 0.04668231466511652,
    "A Yorkshire Tragedy by Shakespeare.txt": 0.08539532037583464,
    "Arden of Feversham.txt": -0.18941195694084634,
    "AS YOU LIKE IT.txt": 0.09708260151919818,
    "CYMBELINE.txt": 0.08866268423566048,
    "Fair Em by Shakespeare.txt": 0.08822024019998398,
    "KING EDWARD III by Shakespeare.txt": 0.07144857232162477,
    "King Henry IV, Part 1.txt": -0.10602033552934176,
    "KING HENRY V.txt": 0.0855411127665393,
    "KING HENRY VI part I.txt": 0.019525731822212622,
    "KING HENRY VI Part II.txt": 0.0336564229605244,
    "KING HENRY VI Part III.txt": 0.0781547073847857,
    "KING HENRY VIII.txt": 0.1015549697220538,
    "KING JOHN.txt": 0.052438889544447476,
    "KING RICHARD II.txt": 0.06664455123720486,
    "KING RICHARD III.txt": 0.001408940813165116,
    "Locrine Mucedorus by Shakespeare.txt": 0.07867327739424673,
    "Love_s Labour_s Lost.txt": 0.10460609268847404,
    "MEASURE FOR MEASURE.txt": 0.1025038236948107,
    "Merchant of Venice.txt": 0.09930338927441273,
    "MUCH ADO ABOUT NOTHING.txt": 0.07756806607008282,
    "PERICLES PRINCE OF TYRE.txt": 0.10018322962684473,
    "Sir John Oldcastle by Shakespeare.txt": -0.12162614965830387,
    "Sir Thomas More by Shakespeare.txt": 0.05898837378305727,
    "Taming of the Shrew.txt": 0.08036524085091101,
    "The Comedy of Errors.txt": 0.10458759680747487,
    "THE HISTORY OF TROILUS AND CRESSIDA.txt": 0.0640422522318696,
    "The Life and Death of the Lord Cromwell by Shakespeare.txt": 0.07731192822241517,
    "THE LIFE OF TIMON OF ATHENS.txt": 0.08536657785496793,
    "The London Prodigal.txt": 0.10713379105593168,
    "The Merry Devill of Edmonton by Shakespeare.txt": 0.10455118723447926,
    "THE MERRY WIVES OF WINDSOR.txt": 0.12091288008808815,
    "The Puritaine Widdow by Shakespeare.txt": 0.09925366984295297,
    "THE RAPE OF LUCRECE.txt": 0.0663372583325757,
    "THE TAMING OF THE SHREW.txt": 0.08322804277479817,
    "THE TEMPEST.txt": 0.07300085950474972,
    "THE TRAGEDY OF ANTONY AND CLEOPATRA.txt": 0.09427112479954247,
    "THE TRAGEDY OF CORIOLANUS.txt": 0.09836959423534924,
    "THE TRAGEDY OF HAMLET PRINCE OF DENMARK.txt": 0.08416169702994575,
    "THE TRAGEDY OF JULIUS CAESAR.txt": 0.10458196200640929,
    "THE TRAGEDY OF KING LEAR.txt": 0.11100305219212386,
    "THE TRAGEDY OF MACBETH.txt": 0.06472261823904762,
    "THE TRAGEDY OF OTHELLO MOOR OF VENICE.txt": 0.09259853125639639,
    "THE TRAGEDY OF ROMEO AND JULIET.txt": 0.09934720451159651,
    "THE TRAGEDY OF TITUS ANDRONICUS.txt": 0.1099253315401848,
    "THE TWO GENTLEMEN OF VERONA.txt": 0.10851907365299468,
    "The Two Noble Kinsmen by Shakespeare.txt": 0.05233216456290901,
    "THE WINTERS TALE.txt": 0.1036668219413433,
    "Venus and Adonis.txt": 0.0627861101608645
}