{
    "A MIDSUMMER NIGHT_S DREAM.txt": 0.00705160863934029,
    "A Yorkshire Tragedy by Shakespeare.txt": 0.11472557998907684,
    "Arden of Feversham.txt": -0.29073630492721503,
    "AS YOU LIKE IT.txt": 0.11660352390388129,
    "CYMBELINE.txt": 0.11727320835238353,
    "Fair Em by Shakespeare.txt": 0.12538932696348476,
    "KING EDWARD III by Shakespeare.txt": 0.08406738152096915,
    "King Henry IV, Part 1.txt": -0.08803506041245901,
    "KING HENRY V.txt": 0.05386239570098439,
    "KING HENRY VI part I.txt": -0.020845887002293506,
    "KING HENRY VI Part II.txt": 0.07449061145388808,
    "KING HENRY VI Part III.txt": 0.09691051225514802,
    "KING HENRY VIII.txt": 0.08803994978657231,
    "KING JOHN.txt": 0.047481464048417965,
    "KING RICHARD II.txt": 0.07937758267246187,
    "KING RICHARD III.txt": 0.014211204185968995,
    "Locrine Mucedorus by Shakespeare.txt": 0.08941694727019855,
    "Love_s Labour_s Lost.txt": 0.09996863708310294,
    "MEASURE FOR MEASURE.txt": 0.09273751027199106,
    "Merchant of Venice.txt": 0.10755132227430353,
    "MUCH ADO ABOUT NOTHING.txt": 0.06246058606594318,
    "PERICLES PRINCE OF TYRE.txt": 0.11212280669868929,
    "Sir John Oldcastle by Shakespeare.txt": -0.2049077538939621,
    "Sir Thomas More by Shakespeare.txt": -0.01928470461843501,
    "Taming of the Shrew.txt": 0.07981668902722278,
    "The Comedy of Errors.txt": 0.09871760554337683,
    "THE HISTORY OF TROILUS AND CRESSIDA.txt": 0.12104657999139579,
    "The Life and Death of the Lord Cromwell by Shakespeare.txt": -0.053284920130962976,
    "THE LIFE OF TIMON OF ATHENS.txt": 0.1124032226571367,
    "The London Prodigal.txt": 0.08179815410562241,
    "The Merry Devill of Edmonton by Shakespeare.txt": 0.07034734121268832,
    "THE MERRY WIVES OF WINDSOR.txt": 0.09176685389193096,
    "The Puritaine Widdow by Shakespeare.txt": 0.07168638567662039,
    "THE RAPE OF LUCRECE.txt": 0.04312992904982632,
    "THE TAMING OF THE SHREW.txt": 0.10493876665248447,
    "THE TEMPEST.txt": 0.11258852565873917,
    "THE TRAGEDY OF ANTONY AND CLEOPATRA.txt": 0.10567973442165118,
    "THE TRAGEDY OF CORIOLANUS.txt": 0.11118637200684256,
    "THE TRAGEDY OF HAMLET PRINCE OF DENMARK.txt": 0.08741599670756339,
    "THE TRAGEDY OF JULIUS CAESAR.txt": 0.015727210064013786,
    "THE TRAGEDY OF KING LEAR.txt": 0.12323552317062053,
    "THE TRAGEDY OF MACBETH.txt": 0.09713472802087997,
    "THE TRAGEDY OF OTHELLO MOOR OF VENICE.txt": 0.0746719387525378,
    "THE TRAGEDY OF ROMEO AND JULIET.txt": 0.07621237538184766,
    "THE TRAGEDY OF TITUS ANDRONICUS.txt": 0.0713594388085882,
    "THE TWO GENTLEMEN OF VERONA.txt": 0.11250423985614538,
    "The Two Noble Kinsmen by Shakespeare.txt": 0.03197216075949744,
    "THE WINTERS TALE.txt": 0.08511797919964742,
    "Venus and Adonis.txt": 0.0983995040124035
}