{
    "A LOVERS COMPLAINT.txt": 0.09166521423909807,
    "A MIDSUMMER NIGHT_S DREAM.txt": 0.13629851643536844,
    "A Yorkshire Tragedy by Shakespeare.txt": -0.006312124563608079,
    "Arden of Feversham.txt": 0.09361266122410461,
    "AS YOU LIKE IT.txt": 0.1028710877880748,
    "CYMBELINE.txt": 0.1464750097575649,
    "Fair Em by Shakespeare.txt": 0.14744950222160041,
    "KING EDWARD III by Shakespeare.txt": 0.14301416265672579,
    "King Henry IV, Part 1.txt": 0.11774805651149206,
    "KING HENRY V.txt": 0.13496492425940326,
    "KING HENRY VI part I.txt": 0.1456506738728111,
    "KING HENRY VI Part II.txt": 0.12835386943819121,
    "KING HENRY VI Part III.txt": 0.1590595542120976,
    "KING HENRY VIII.txt": 0.13034283072159453,
    "KING JOHN.txt": 0.16001096020011574,
    "KING RICHARD II.txt": 0.14789412574638616,
    "KING RICHARD III.txt": 0.11284309432110079,
    "Locrine Mucedorus by Shakespeare.txt": 0.13974011410050274,
    "Love_s Labour_s Lost.txt": 0.16322216883688928,
    "MEASURE FOR MEASURE.txt": 0.1307072890503853,
    "Merchant of Venice.txt": 0.14696772488699095,
    "MUCH ADO ABOUT NOTHING.txt": 0.13663328537007008,
    "PERICLES PRINCE OF TYRE.txt": 0.15435429710079956,
    "Sir John Oldcastle by Shakespeare.txt": 0.143644312456499,
    "Sir Thomas More by Shakespeare.txt": 0.12423875467049417,
    "Taming of the Shrew.txt": 0.15540564135849572,
    "The Comedy of Errors.txt": 0.025138171174370505,
    "THE HISTORY OF TROILUS AND CRESSIDA.txt": 0.15758160793615694,
    "The Life and Death of the Lord Cromwell by Shakespeare.txt": 0.08279560123071106,
    "THE LIFE OF TIMON OF ATHENS.txt": 0.1259988744369286,
    "The London Prodigal.txt": 0.13427151307083957,
    "The Merry Devill of Edmonton by Shakespeare.txt": 0.1145794227903611,
    "THE MERRY WIVES OF WINDSOR.txt": 0.07543297938155885,
    "The Puritaine Widdow by Shakespeare.txt": 0.02900701422777624,
    "THE RAPE OF LUCRECE.txt": 0.0783091365466001,
    "THE TAMING OF THE SHREW.txt": 0.1411121657093941,
    "THE TEMPEST.txt": 0.1367568751275297,
    "THE TRAGEDY OF ANTONY AND CLEOPATRA.txt": 0.1275287799814639,
    "THE TRAGEDY OF CORIOLANUS.txt": 0.1546150615448741,
    "THE TRAGEDY OF HAMLET PRINCE OF DENMARK.txt": 0.1430864886952738,
    "THE TRAGEDY OF JULIUS CAESAR.txt": 0.11849193845946981,
    "THE TRAGEDY OF KING LEAR.txt": 0.11426628616265527,
    "THE TRAGEDY OF MACBETH.txt": 0.13909037715699607,
    "THE TRAGEDY OF OTHELLO MOOR OF VENICE.txt": 0.13385723407760575,
    "THE TRAGEDY OF ROMEO AND JULIET.txt": 0.07274461915922292,
    "THE TRAGEDY OF TITUS ANDRONICUS.txt": 0.15717084167346074,
    "THE TWO GENTLEMEN OF VERONA.txt": 0.1099944700706032,
    "The Two Noble Kinsmen by Shakespeare.txt": 0.1179690763835074,
    "THE WINTERS TALE.txt": 0.13009932839863575,
    "Venus and Adonis.txt": 0.12672060478487424
}