{
    "A LOVERS COMPLAINT.txt": 0.1149332152265955,
    "A MIDSUMMER NIGHT_S DREAM.txt": 0.1066378230024802,
    "A Yorkshire Tragedy by Shakespeare.txt": -0.0660704644140433,
    "Arden of Feversham.txt": 0.09992996980715507,
    "AS YOU LIKE IT.txt": 0.07307995701914793,
    "CYMBELINE.txt": 0.12563047603644872,
    "Fair Em by Shakespeare.txt": 0.11482734469925882,
    "KING EDWARD III by Shakespeare.txt": 0.11154207677140116,
    "King Henry IV, Part 1.txt": 0.10608373993934522,
    "KING HENRY V.txt": 0.1457274750256874,
    "KING HENRY VI part I.txt": -0.02580845892870043,
    "KING HENRY VI Part II.txt": 0.13670533338918006,
    "KING HENRY VI Part III.txt": 0.10350026932978518,
    "KING HENRY VIII.txt": 0.10837993415169395,
    "KING JOHN.txt": 0.10456307583800256,
    "KING RICHARD II.txt": 0.11946830037665901,
    "KING RICHARD III.txt": 0.12620675512340834,
    "Locrine Mucedorus by Shakespeare.txt": 0.08756213425874892,
    "Love_s Labour_s Lost.txt": 0.12353112747750267,
    "MEASURE FOR MEASURE.txt": 0.11578236354903021,
    "Merchant of Venice.txt": 0.12517810610129537,
    "MUCH ADO ABOUT NOTHING.txt": 0.11990777060031144,
    "PERICLES PRINCE OF TYRE.txt": 0.10939130341758124,
    "Sir John Oldcastle by Shakespeare.txt": 0.08252150148324172,
    "Sir Thomas More by Shakespeare.txt": 0.0578568525423761,
    "Taming of the Shrew.txt": 0.12691475901798516,
    "The Comedy of Errors.txt": 0.10927862922156406,
    "THE HISTORY OF TROILUS AND CRESSIDA.txt": 0.0776039549939288,
    "The Life and Death of the Lord Cromwell by Shakespeare.txt": 0.12498366935150157,
    "THE LIFE OF TIMON OF ATHENS.txt": 0.10009093311427886,
    "The London Prodigal.txt": -0.016613589953158314,
    "The Merry Devill of Edmonton by Shakespeare.txt": 0.0981880095613033,
    "THE MERRY WIVES OF WINDSOR.txt": 0.07838787299619437,
    "The Puritaine Widdow by Shakespeare.txt": -0.15754617337127486,
    "THE RAPE OF LUCRECE.txt": 0.09403797821796422,
    "THE TAMING OF THE SHREW.txt": 0.11964041726721836,
    "THE TEMPEST.txt": 0.1111106789458709,
    "THE TRAGEDY OF ANTONY AND CLEOPATRA.txt": 0.09356481287442925,
    "THE TRAGEDY OF CORIOLANUS.txt": 0.12778302770970218,
    "THE TRAGEDY OF HAMLET PRINCE OF DENMARK.txt": 0.1213126646187696,
    "THE TRAGEDY OF JULIUS CAESAR.txt": 0.13140476193301992,
    "THE TRAGEDY OF KING LEAR.txt": 0.1377233612590414,
    "THE TRAGEDY OF MACBETH.txt": 0.1253603156286328,
    "THE TRAGEDY OF OTHELLO MOOR OF VENICE.txt": 0.13648993134667986,
    "THE TRAGEDY OF ROMEO AND JULIET.txt": 0.11313848440392893,
    "THE TRAGEDY OF TITUS ANDRONICUS.txt": 0.11388546149212825,
    "THE TWO GENTLEMEN OF VERONA.txt": 0.10390558495780305,
    "The Two Noble Kinsmen by Shakespeare.txt": 0.09463104222218727,
    "THE WINTERS TALE.txt": 0.11125962099608361,
    "Venus and Adonis.txt": 0.03423986838258242
}