{
    "A MIDSUMMER NIGHT_S DREAM.txt": 0.1270990535279929,
    "A Yorkshire Tragedy by Shakespeare.txt": 0.08870335417374398,
    "Arden of Feversham.txt": 0.04540270689674658,
    "AS YOU LIKE IT.txt": 0.02554559656656963,
    "CYMBELINE.txt": 0.08900089506601877,
    "Fair Em by Shakespeare.txt": 0.08857799648411147,
    "KING EDWARD III by Shakespeare.txt": 0.0813029218593273,
    "King Henry IV, Part 1.txt": 0.10915877900253468,
    "KING HENRY V.txt": -0.21599499037454573,
    "KING HENRY VI part I.txt": 0.10260467267592788,
    "KING HENRY VI Part II.txt": 0.09271962712863396,
    "KING HENRY VI Part III.txt": 0.111530833745279,
    "KING HENRY VIII.txt": 0.08824969870536215,
    "KING JOHN.txt": 0.07263839439478353,
    "KING RICHARD II.txt": 0.07373634372361204,
    "KING RICHARD III.txt": 0.09731484141758417,
    "Locrine Mucedorus by Shakespeare.txt": 0.09867495720426983,
    "Love_s Labour_s Lost.txt": 0.0012047444577391042,
    "MEASURE FOR MEASURE.txt": 0.12399360151880423,
    "Merchant of Venice.txt": 0.10305604464021051,
    "MUCH ADO ABOUT NOTHING.txt": -0.010430390886749241,
    "PERICLES PRINCE OF TYRE.txt": 0.09614755782579915,
    "Sir John Oldcastle by Shakespeare.txt": 0.10196631440986287,
    "Sir Thomas More by Shakespeare.txt": 0.1118522633556775,
    "Taming of the Shrew.txt": 0.07609734494234754,
    "The Comedy of Errors.txt": 0.11516525579292364,
    "THE HISTORY OF TROILUS AND CRESSIDA.txt": 0.0910465147624055,
    "The Life and Death of the Lord Cromwell by Shakespeare.txt": 0.11518525342209707,
    "THE LIFE OF TIMON OF ATHENS.txt": 0.053677350963320325,
    "The London Prodigal.txt": 0.1050496535841901,
    "The Merry Devill of Edmonton by Shakespeare.txt": 0.0843138841228846,
    "THE MERRY WIVES OF WINDSOR.txt": 0.05561782482532951,
    "The Puritaine Widdow by Shakespeare.txt": 0.0975945969318272,
    "THE RAPE OF LUCRECE.txt": 0.07319790767652817,
    "THE TAMING OF THE SHREW.txt": 0.06824770239310829,
    "THE TEMPEST.txt": 0.07250875806937834,
    "THE TRAGEDY OF ANTONY AND CLEOPATRA.txt": 0.11497359463577056,
    "THE TRAGEDY OF CORIOLANUS.txt": 0.030934829585588186,
    "THE TRAGEDY OF HAMLET PRINCE OF DENMARK.txt": 0.0813582977503835,
    "THE TRAGEDY OF JULIUS CAESAR.txt": 0.08952422984691977,
    "THE TRAGEDY OF KING LEAR.txt": -0.037535966819886246,
    "THE TRAGEDY OF MACBETH.txt": 0.055221045387029655,
    "THE TRAGEDY OF OTHELLO MOOR OF VENICE.txt": 0.10747493740920339,
    "THE TRAGEDY OF ROMEO AND JULIET.txt": 0.09466435266927692,
    "THE TRAGEDY OF TITUS ANDRONICUS.txt": 0.07859479500287309,
    "THE TWO GENTLEMEN OF VERONA.txt": 0.1012489962015738,
    "The Two Noble Kinsmen by Shakespeare.txt": 0.05757430018388837,
    "THE WINTERS TALE.txt": 0.10458561627583562,
    "Venus and Adonis.txt": -0.10358907816236018
}