{
    "A LOVERS COMPLAINT.txt": -0.05460925999573196,
    "A MIDSUMMER NIGHT_S DREAM.txt": 0.07999750115591198,
    "A Yorkshire Tragedy by Shakespeare.txt": -0.030389375286562492,
    "Arden of Feversham.txt": 0.10557470690330578,
    "AS YOU LIKE IT.txt": 0.10199303634328716,
    "CYMBELINE.txt": 0.12613921870126787,
    "Fair Em by Shakespeare.txt": 0.11661660874036384,
    "KING EDWARD III by Shakespeare.txt": 0.1279792027072622,
    "King Henry IV, Part 1.txt": 0.1314030638972587,
    "KING HENRY V.txt": -0.0427323793321871,
    "KING HENRY VI part I.txt": 0.11250084435034524,
    "KING HENRY VI Part II.txt": 0.13963460231727287,
    "KING HENRY VI Part III.txt": 0.13293009443091341,
    "KING HENRY VIII.txt": 0.08473466072640928,
    "KING JOHN.txt": -0.09310365114202213,
    "KING RICHARD II.txt": 0.11769957176900309,
    "KING RICHARD III.txt": 0.14043679891541183,
    "Locrine Mucedorus by Shakespeare.txt": 0.09676625159578145,
    "Love_s Labour_s Lost.txt": 0.09472534627563234,
    "MEASURE FOR MEASURE.txt": 0.10574570760446195,
    "Merchant of Venice.txt": 0.14109334733832396,
    "MUCH ADO ABOUT NOTHING.txt": 0.05605185660027867,
    "PERICLES PRINCE OF TYRE.txt": 0.12716487273532684,
    "Sir John Oldcastle by Shakespeare.txt": 0.06672528758691099,
    "Sir Thomas More by Shakespeare.txt": 0.1342439417950952,
    "Taming of the Shrew.txt": 0.1098419038052369,
    "The Comedy of Errors.txt": 0.1357764198257772,
    "THE HISTORY OF TROILUS AND CRESSIDA.txt": 0.10852562299188556,
    "The Life and Death of the Lord Cromwell by Shakespeare.txt": 0.11681860200271837,
    "THE LIFE OF TIMON OF ATHENS.txt": 0.10800995400236874,
    "The London Prodigal.txt": 0.11903835241318717,
    "The Merry Devill of Edmonton by Shakespeare.txt": 0.05933961003576027,
    "THE MERRY WIVES OF WINDSOR.txt": 0.01343275141435818,
    "The Puritaine Widdow by Shakespeare.txt": 0.11098916493024047,
    "THE RAPE OF LUCRECE.txt": 0.05894226565720684,
    "THE TAMING OF THE SHREW.txt": 0.1314447414828801,
    "THE TEMPEST.txt": 0.1238128737258189,
    "THE TRAGEDY OF ANTONY AND CLEOPATRA.txt": 0.12285385404592353,
    "THE TRAGEDY OF CORIOLANUS.txt": 0.11249425813358488,
    "THE TRAGEDY OF HAMLET PRINCE OF DENMARK.txt": 0.10268929100124907,
    "THE TRAGEDY OF JULIUS CAESAR.txt": 0.12068519605262007,
    "THE TRAGEDY OF KING LEAR.txt": 0.10150470316155202,
    "THE TRAGEDY OF MACBETH.txt": 0.1182249305228259,
    "THE TRAGEDY OF OTHELLO MOOR OF VENICE.txt": 0.11589697317644299,
    "THE TRAGEDY OF ROMEO AND JULIET.txt": 0.09694891668659383,
    "THE TRAGEDY OF TITUS ANDRONICUS.txt": 0.10036210258825495,
    "THE TWO GENTLEMEN OF VERONA.txt": 0.14457575658463367,
    "The Two Noble Kinsmen by Shakespeare.txt": 0.09233996646881792,
    "THE WINTERS TALE.txt": 0.10546261110034999,
    "Venus and Adonis.txt": -0.005945174110588036
}