{
    "A MIDSUMMER NIGHT_S DREAM.txt": 0.11145995463091479,
    "A Yorkshire Tragedy by Shakespeare.txt": 0.060747210184837586,
    "Arden of Feversham.txt": 0.0358803186961516,
    "AS YOU LIKE IT.txt": 0.022198556907649436,
    "CYMBELINE.txt": 0.07026205264569285,
    "Fair Em by Shakespeare.txt": 0.07402054859646867,
    "KING EDWARD III by Shakespeare.txt": 0.06138569908591257,
    "King Henry IV, Part 1.txt": 0.07907213859378148,
    "KING HENRY V.txt": -0.19412446577365838,
    "KING HENRY VI part I.txt": 0.08777876527690537,
    "KING HENRY VI Part II.txt": 0.07472416655541753,
    "KING HENRY VI Part III.txt": 0.0881634761799216,
    "KING HENRY VIII.txt": 0.08674191508622164,
    "KING JOHN.txt": 0.055695277247670705,
    "KING RICHARD II.txt": 0.06777504014814478,
    "KING RICHARD III.txt": 0.08828621081683963,
    "Locrine Mucedorus by Shakespeare.txt": 0.08022857061551347,
    "Love_s Labour_s Lost.txt": 0.008822897986527634,
    "MEASURE FOR MEASURE.txt": 0.0745395001248258,
    "Merchant of Venice.txt": 0.10322962751726511,
    "MUCH ADO ABOUT NOTHING.txt": -0.0281570501245878,
    "PERICLES PRINCE OF TYRE.txt": 0.09507074962728995,
    "Sir John Oldcastle by Shakespeare.txt": 0.08260303582430706,
    "Sir Thomas More by Shakespeare.txt": 0.07808046177955213,
    "Taming of the Shrew.txt": 0.05867401034968567,
    "The Comedy of Errors.txt": 0.0685280051903745,
    "THE HISTORY OF TROILUS AND CRESSIDA.txt": 0.07150657516040182,
    "The Life and Death of the Lord Cromwell by Shakespeare.txt": 0.09462393042906603,
    "THE LIFE OF TIMON OF ATHENS.txt": 0.05070887992591977,
    "The London Prodigal.txt": 0.09356921409282226,
    "The Merry Devill of Edmonton by Shakespeare.txt": 0.0699923624855141,
    "THE MERRY WIVES OF WINDSOR.txt": 0.04894622146813399,
    "The Puritaine Widdow by Shakespeare.txt": 0.08476948934256467,
    "THE RAPE OF LUCRECE.txt": 0.06822285471620287,
    "THE TAMING OF THE SHREW.txt": 0.053656554123671985,
    "THE TEMPEST.txt": 0.04221723110892195,
    "THE TRAGEDY OF ANTONY AND CLEOPATRA.txt": 0.09091976772400368,
    "THE TRAGEDY OF CORIOLANUS.txt": 0.010709835948097823,
    "THE TRAGEDY OF HAMLET PRINCE OF DENMARK.txt": 0.07938377086571846,
    "THE TRAGEDY OF JULIUS CAESAR.txt": 0.08025410240111042,
    "THE TRAGEDY OF KING LEAR.txt": -0.048405532298418485,
    "THE TRAGEDY OF MACBETH.txt": 0.03516155058562781,
    "THE TRAGEDY OF OTHELLO MOOR OF VENICE.txt": 0.09897066326311343,
    "THE TRAGEDY OF ROMEO AND JULIET.txt": 0.0691185745360352,
    "THE TRAGEDY OF TITUS ANDRONICUS.txt": 0.07008828436390108,
    "THE TWO GENTLEMEN OF VERONA.txt": 0.07904175118302154,
    "The Two Noble Kinsmen by Shakespeare.txt": 0.05316873936882066,
    "THE WINTERS TALE.txt": 0.08655371845271037,
    "Venus and Adonis.txt": -0.10881317954825764
}