{
    "A LOVERS COMPLAINT.txt": -0.07244203906529234,
    "A MIDSUMMER NIGHT_S DREAM.txt": 0.0675459060754171,
    "A Yorkshire Tragedy by Shakespeare.txt": -0.052372028281358785,
    "Arden of Feversham.txt": 0.10786897642830467,
    "AS YOU LIKE IT.txt": 0.09977381995998674,
    "CYMBELINE.txt": 0.09890021315151087,
    "Fair Em by Shakespeare.txt": 0.09701223015059829,
    "KING EDWARD III by Shakespeare.txt": 0.10671860133799921,
    "King Henry IV, Part 1.txt": 0.11984330859111292,
    "KING HENRY V.txt": -0.06916050091980319,
    "KING HENRY VI part I.txt": 0.11191897692238223,
    "KING HENRY VI Part II.txt": 0.11496378074354391,
    "KING HENRY VI Part III.txt": 0.12149374273123353,
    "KING HENRY VIII.txt": 0.07301109908915715,
    "KING JOHN.txt": -0.1435432421241537,
    "KING RICHARD II.txt": 0.10841004277378458,
    "KING RICHARD III.txt": 0.13220182739878067,
    "Locrine Mucedorus by Shakespeare.txt": 0.07940652999661996,
    "Love_s Labour_s Lost.txt": 0.0626173632688734,
    "MEASURE FOR MEASURE.txt": 0.10329504270093309,
    "Merchant of Venice.txt": 0.11750011207758576,
    "MUCH ADO ABOUT NOTHING.txt": 0.019966418577668177,
    "PERICLES PRINCE OF TYRE.txt": 0.132441065477163,
    "Sir John Oldcastle by Shakespeare.txt": 0.0490285054095998,
    "Sir Thomas More by Shakespeare.txt": 0.11137002078625746,
    "Taming of the Shrew.txt": 0.1139013170984361,
    "The Comedy of Errors.txt": 0.11870131776723802,
    "THE HISTORY OF TROILUS AND CRESSIDA.txt": 0.11266462425046314,
    "The Life and Death of the Lord Cromwell by Shakespeare.txt": 0.10858175126462183,
    "THE LIFE OF TIMON OF ATHENS.txt": 0.08409844100662955,
    "The London Prodigal.txt": 0.11072659446064698,
    "The Merry Devill of Edmonton by Shakespeare.txt": 0.03460279818587403,
    "THE MERRY WIVES OF WINDSOR.txt": -0.011230625782901127,
    "The Puritaine Widdow by Shakespeare.txt": 0.12826959683268602,
    "THE RAPE OF LUCRECE.txt": 0.04535934991883883,
    "THE TAMING OF THE SHREW.txt": 0.12855370548035389,
    "THE TEMPEST.txt": 0.12150906039928522,
    "THE TRAGEDY OF ANTONY AND CLEOPATRA.txt": 0.1164138596656108,
    "THE TRAGEDY OF CORIOLANUS.txt": 0.10371171218141428,
    "THE TRAGEDY OF HAMLET PRINCE OF DENMARK.txt": 0.09553695956224267,
    "THE TRAGEDY OF JULIUS CAESAR.txt": 0.10953452688753257,
    "THE TRAGEDY OF KING LEAR.txt": 0.08575695211478535,
    "THE TRAGEDY OF MACBETH.txt": 0.1372162124981685,
    "THE TRAGEDY OF OTHELLO MOOR OF VENICE.txt": 0.1055841890084615,
    "THE TRAGEDY OF ROMEO AND JULIET.txt": 0.0789272899402435,
    "THE TRAGEDY OF TITUS ANDRONICUS.txt": 0.1017455361169301,
    "THE TWO GENTLEMEN OF VERONA.txt": 0.13199759106236142,
    "The Two Noble Kinsmen by Shakespeare.txt": 0.11096720808097427,
    "THE WINTERS TALE.txt": 0.10317870602823925,
    "Venus and Adonis.txt": -0.002122649278714195
}