{
    "A LOVERS COMPLAINT.txt": 0.04655742431768156,
    "A MIDSUMMER NIGHT_S DREAM.txt": 0.05516042142397015,
    "A Yorkshire Tragedy by Shakespeare.txt": 0.04655742431768156,
    "Arden of Feversham.txt": 0.06693178127394861,
    "AS YOU LIKE IT.txt": 0.015658953054444535,
    "CYMBELINE.txt": 0.06555354452058193,
    "Fair Em by Shakespeare.txt": 0.03835010808011746,
    "KING EDWARD III by Shakespeare.txt": 0.04035244465404941,
    "King Henry IV, Part 1.txt": 0.049556164465646646,
    "KING HENRY V.txt": 0.04017200718046382,
    "KING HENRY VI part I.txt": -0.018141149945092527,
    "KING HENRY VI Part II.txt": 0.05072293315746135,
    "KING HENRY VI Part III.txt": 0.07788064944093748,
    "KING HENRY VIII.txt": 0.05320101831487373,
    "KING JOHN.txt": -0.045191681568780284,
    "KING RICHARD II.txt": 0.05072293315746135,
    "KING RICHARD III.txt": 0.058032978013686454,
    "Locrine Mucedorus by Shakespeare.txt": 0.05370343595405075,
    "Love_s Labour_s Lost.txt": 0.00409610867875243,
    "MEASURE FOR MEASURE.txt": 0.05242348366787647,
    "Merchant of Venice.txt": -0.01769906184628056,
    "MUCH ADO ABOUT NOTHING.txt": 0.055109677526528345,
    "PERICLES PRINCE OF TYRE.txt": 0.06049057840810479,
    "Sir John Oldcastle by Shakespeare.txt": 0.05645166503434551,
    "Sir Thomas More by Shakespeare.txt": 0.0633973471565652,
    "Taming of the Shrew.txt": -0.15542805737314913,
    "The Comedy of Errors.txt": 0.07409142005610697,
    "THE HISTORY OF TROILUS AND CRESSIDA.txt": 0.017495781429910318,
    "The Life and Death of the Lord Cromwell by Shakespeare.txt": 0.07197083671786825,
    "THE LIFE OF TIMON OF ATHENS.txt": 0.047608791055527955,
    "The London Prodigal.txt": 0.0724523284274799,
    "The Merry Devill of Edmonton by Shakespeare.txt": 0.07788064944093748,
    "THE MERRY WIVES OF WINDSOR.txt": 0.0616142084434983,
    "The Puritaine Widdow by Shakespeare.txt": 0.030957832243120764,
    "THE RAPE OF LUCRECE.txt": 0.04655742431768156,
    "THE TAMING OF THE SHREW.txt": -0.015029310177966382,
    "THE TEMPEST.txt": 0.05439465616035638,
    "THE TRAGEDY OF ANTONY AND CLEOPATRA.txt": 0.0599007472534448,
    "THE TRAGEDY OF CORIOLANUS.txt": 0.07612544143369032,
    "THE TRAGEDY OF HAMLET PRINCE OF DENMARK.txt": -0.01299102558071763,
    "THE TRAGEDY OF JULIUS CAESAR.txt": 0.04736336965647597,
    "THE TRAGEDY OF KING LEAR.txt": 0.053308499714662894,
    "THE TRAGEDY OF MACBETH.txt": 0.04655742431768156,
    "THE TRAGEDY OF OTHELLO MOOR OF VENICE.txt": -0.0013175501440584325,
    "THE TRAGEDY OF ROMEO AND JULIET.txt": 0.06923412230501313,
    "THE TRAGEDY OF TITUS ANDRONICUS.txt": 0.06257523140178428,
    "THE TWO GENTLEMEN OF VERONA.txt": 0.06432973697390793,
    "The Two Noble Kinsmen by Shakespeare.txt": 0.05072293315746135,
    "THE WINTERS TALE.txt": 0.05971921398730867,
    "Venus and Adonis.txt": 0.007394457470136229
}