{
    "A MIDSUMMER NIGHT_S DREAM.txt": 0.030194139304004053,
    "A Yorkshire Tragedy by Shakespeare.txt": 0.023012586996787265,
    "Arden of Feversham.txt": 0.0831097814589753,
    "AS YOU LIKE IT.txt": 0.02037475865095939,
    "CYMBELINE.txt": 0.07215901146519543,
    "Fair Em by Shakespeare.txt": 0.061418233735240135,
    "KING EDWARD III by Shakespeare.txt": 0.07467292173052892,
    "King Henry IV, Part 1.txt": 0.058738119270131284,
    "KING HENRY V.txt": 0.02733541294006342,
    "KING HENRY VI part I.txt": -0.007866489319480086,
    "KING HENRY VI Part II.txt": 0.05971181180656754,
    "KING HENRY VI Part III.txt": 0.09258191666980964,
    "KING HENRY VIII.txt": 0.08669282121033844,
    "KING JOHN.txt": -0.09594659788933113,
    "KING RICHARD II.txt": 0.0661217909378044,
    "KING RICHARD III.txt": 0.0698780191926443,
    "Locrine Mucedorus by Shakespeare.txt": 0.09378581928552437,
    "Love_s Labour_s Lost.txt": -0.12626272483726042,
    "MEASURE FOR MEASURE.txt": 0.07705987574707485,
    "Merchant of Venice.txt": -0.02605807847263175,
    "MUCH ADO ABOUT NOTHING.txt": 0.07501275165190519,
    "PERICLES PRINCE OF TYRE.txt": 0.07812732588450622,
    "Sir John Oldcastle by Shakespeare.txt": 0.07917936511492973,
    "Sir Thomas More by Shakespeare.txt": 0.056250037423824784,
    "Taming of the Shrew.txt": -0.07191649554099422,
    "The Comedy of Errors.txt": 0.10030642803461576,
    "THE HISTORY OF TROILUS AND CRESSIDA.txt": -0.004381716504102129,
    "The Life and Death of the Lord Cromwell by Shakespeare.txt": 0.06994355636821503,
    "THE LIFE OF TIMON OF ATHENS.txt": 0.07912060819840194,
    "The London Prodigal.txt": 0.06972834258194649,
    "The Merry Devill of Edmonton by Shakespeare.txt": 0.085432989656895,
    "THE MERRY WIVES OF WINDSOR.txt": 0.09346948712105296,
    "The Puritaine Widdow by Shakespeare.txt": 0.07633376635667671,
    "THE RAPE OF LUCRECE.txt": 0.023012586996787265,
    "THE TAMING OF THE SHREW.txt": -0.1345113453335579,
    "THE TEMPEST.txt": 0.04878735415988,
    "THE TRAGEDY OF ANTONY AND CLEOPATRA.txt": 0.055058661527457975,
    "THE TRAGEDY OF CORIOLANUS.txt": 0.035025932096660606,
    "THE TRAGEDY OF HAMLET PRINCE OF DENMARK.txt": 0.04075275221594521,
    "THE TRAGEDY OF JULIUS CAESAR.txt": 0.02121195567640366,
    "THE TRAGEDY OF KING LEAR.txt": 0.09627181427526815,
    "THE TRAGEDY OF MACBETH.txt": 0.023012586996787265,
    "THE TRAGEDY OF OTHELLO MOOR OF VENICE.txt": 0.02640567095014812,
    "THE TRAGEDY OF ROMEO AND JULIET.txt": 0.05762306564853048,
    "THE TRAGEDY OF TITUS ANDRONICUS.txt": 0.0811803637265136,
    "THE TWO GENTLEMEN OF VERONA.txt": 0.07719573319355671,
    "The Two Noble Kinsmen by Shakespeare.txt": 0.05955753368344213,
    "THE WINTERS TALE.txt": 0.049095699740678955,
    "Venus and Adonis.txt": 0.08389658300344766
}