{
    "A LOVERS COMPLAINT.txt": 0.06912950369848198,
    "A MIDSUMMER NIGHT_S DREAM.txt": 0.05789722941939063,
    "A Yorkshire Tragedy by Shakespeare.txt": 0.06912950369848198,
    "Arden of Feversham.txt": 0.07558667105833605,
    "AS YOU LIKE IT.txt": 0.02418054718660162,
    "CYMBELINE.txt": 0.05963782711446258,
    "Fair Em by Shakespeare.txt": 0.05878936094575882,
    "KING EDWARD III by Shakespeare.txt": 0.06255250058801143,
    "King Henry IV, Part 1.txt": 0.05959727648723917,
    "KING HENRY V.txt": 0.021235075791681435,
    "KING HENRY VI part I.txt": 0.01660884848813604,
    "KING HENRY VI Part II.txt": 0.05716304990163029,
    "KING HENRY VI Part III.txt": 0.07342121860947903,
    "KING HENRY VIII.txt": 0.05437304315998648,
    "KING JOHN.txt": -0.042644571796529696,
    "KING RICHARD II.txt": 0.05716304990163029,
    "KING RICHARD III.txt": 0.06304226830841081,
    "Locrine Mucedorus by Shakespeare.txt": 0.07670388740878709,
    "Love_s Labour_s Lost.txt": 0.007827534098560962,
    "MEASURE FOR MEASURE.txt": 0.059930289551277216,
    "Merchant of Venice.txt": -0.013798880368475652,
    "MUCH ADO ABOUT NOTHING.txt": 0.04221094234377254,
    "PERICLES PRINCE OF TYRE.txt": 0.07485697860762491,
    "Sir John Oldcastle by Shakespeare.txt": 0.07250375545305382,
    "Sir Thomas More by Shakespeare.txt": 0.08173982841856087,
    "Taming of the Shrew.txt": -0.1742249127676604,
    "The Comedy of Errors.txt": 0.07541155628938079,
    "THE HISTORY OF TROILUS AND CRESSIDA.txt": -0.0006685308312117666,
    "The Life and Death of the Lord Cromwell by Shakespeare.txt": 0.07244899745652605,
    "THE LIFE OF TIMON OF ATHENS.txt": 0.04628607713646549,
    "The London Prodigal.txt": 0.08752186509512633,
    "The Merry Devill of Edmonton by Shakespeare.txt": 0.07342121860947903,
    "THE MERRY WIVES OF WINDSOR.txt": 0.07094924758196064,
    "The Puritaine Widdow by Shakespeare.txt": 0.029783089471672575,
    "THE RAPE OF LUCRECE.txt": 0.06912950369848198,
    "THE TAMING OF THE SHREW.txt": -0.0176649852071874,
    "THE TEMPEST.txt": 0.07296757115436536,
    "THE TRAGEDY OF ANTONY AND CLEOPATRA.txt": 0.06299472693932473,
    "THE TRAGEDY OF CORIOLANUS.txt": 0.0752538945978648,
    "THE TRAGEDY OF HAMLET PRINCE OF DENMARK.txt": 0.00519972451812678,
    "THE TRAGEDY OF JULIUS CAESAR.txt": 0.022653534766108152,
    "THE TRAGEDY OF KING LEAR.txt": 0.06471032515461744,
    "THE TRAGEDY OF MACBETH.txt": 0.06912950369848198,
    "THE TRAGEDY OF OTHELLO MOOR OF VENICE.txt": 0.0013020952105997075,
    "THE TRAGEDY OF ROMEO AND JULIET.txt": 0.07098909912717771,
    "THE TRAGEDY OF TITUS ANDRONICUS.txt": 0.06497645161734394,
    "THE TWO GENTLEMEN OF VERONA.txt": 0.07778975675224786,
    "The Two Noble Kinsmen by Shakespeare.txt": 0.05716304990163029,
    "THE WINTERS TALE.txt": 0.05799040866686084,
    "Venus and Adonis.txt": 0.023925625295462993
}