{
    "A LOVERS COMPLAINT.txt": 0.05479627056972658,
    "A MIDSUMMER NIGHT_S DREAM.txt": 0.0652850578205939,
    "A Yorkshire Tragedy by Shakespeare.txt": 0.05479627056972658,
    "Arden of Feversham.txt": 0.0754032526152989,
    "AS YOU LIKE IT.txt": 0.03725225515752162,
    "CYMBELINE.txt": 0.07588800000898116,
    "Fair Em by Shakespeare.txt": 0.03614060544093023,
    "KING EDWARD III by Shakespeare.txt": 0.03464108993091747,
    "King Henry IV, Part 1.txt": 0.0360606748963907,
    "KING HENRY V.txt": 0.04836316781072392,
    "KING HENRY VI part I.txt": -0.01159740750086935,
    "KING HENRY VI Part II.txt": 0.0488758020829585,
    "KING HENRY VI Part III.txt": 0.06954126660343751,
    "KING HENRY VIII.txt": 0.05216966487545349,
    "KING JOHN.txt": -0.057191504879448796,
    "KING RICHARD II.txt": 0.0488758020829585,
    "KING RICHARD III.txt": 0.0722613988884711,
    "Locrine Mucedorus by Shakespeare.txt": 0.07838799640896543,
    "Love_s Labour_s Lost.txt": 0.0012192373312208682,
    "MEASURE FOR MEASURE.txt": 0.06343896207219868,
    "Merchant of Venice.txt": 0.01330703840656472,
    "MUCH ADO ABOUT NOTHING.txt": 0.050155109029813905,
    "PERICLES PRINCE OF TYRE.txt": 0.0495148689174395,
    "Sir John Oldcastle by Shakespeare.txt": 0.07932973723821052,
    "Sir Thomas More by Shakespeare.txt": 0.08637686257907551,
    "Taming of the Shrew.txt": -0.17300780118674908,
    "The Comedy of Errors.txt": 0.08030739493603672,
    "THE HISTORY OF TROILUS AND CRESSIDA.txt": 0.003113938807431882,
    "The Life and Death of the Lord Cromwell by Shakespeare.txt": 0.08030739493603672,
    "THE LIFE OF TIMON OF ATHENS.txt": 0.06112396286031818,
    "The London Prodigal.txt": 0.09245103493474133,
    "The Merry Devill of Edmonton by Shakespeare.txt": 0.06954126660343751,
    "THE MERRY WIVES OF WINDSOR.txt": 0.06950048357728145,
    "The Puritaine Widdow by Shakespeare.txt": 0.05195152238320222,
    "THE RAPE OF LUCRECE.txt": 0.05479627056972658,
    "THE TAMING OF THE SHREW.txt": -0.04373867128772324,
    "THE TEMPEST.txt": 0.09441723097392057,
    "THE TRAGEDY OF ANTONY AND CLEOPATRA.txt": 0.07248798871766204,
    "THE TRAGEDY OF CORIOLANUS.txt": 0.07278144967456046,
    "THE TRAGEDY OF HAMLET PRINCE OF DENMARK.txt": -0.0027066408120125507,
    "THE TRAGEDY OF JULIUS CAESAR.txt": 0.03381545171612571,
    "THE TRAGEDY OF KING LEAR.txt": 0.07262556553749744,
    "THE TRAGEDY OF MACBETH.txt": 0.05479627056972658,
    "THE TRAGEDY OF OTHELLO MOOR OF VENICE.txt": 0.015384869583143945,
    "THE TRAGEDY OF ROMEO AND JULIET.txt": 0.07772569316419498,
    "THE TRAGEDY OF TITUS ANDRONICUS.txt": 0.0632259697826077,
    "THE TWO GENTLEMEN OF VERONA.txt": 0.08157164760908309,
    "The Two Noble Kinsmen by Shakespeare.txt": 0.0488758020829585,
    "THE WINTERS TALE.txt": 0.050308612424856736,
    "Venus and Adonis.txt": 0.017813123387992402
}