{
    "A LOVERS COMPLAINT.txt": 0.04629929066969596,
    "A MIDSUMMER NIGHT_S DREAM.txt": 0.054470612080209535,
    "A Yorkshire Tragedy by Shakespeare.txt": 0.04629929066969596,
    "Arden of Feversham.txt": 0.05900922180169338,
    "AS YOU LIKE IT.txt": 0.029269532851158964,
    "CYMBELINE.txt": 0.04811658350566844,
    "Fair Em by Shakespeare.txt": 0.043317603616112255,
    "KING EDWARD III by Shakespeare.txt": 0.044570788511019366,
    "King Henry IV, Part 1.txt": 0.06602134020661948,
    "KING HENRY V.txt": 0.0505253930248884,
    "KING HENRY VI part I.txt": -0.01841656844916073,
    "KING HENRY VI Part II.txt": 0.039569555386974486,
    "KING HENRY VI Part III.txt": 0.06274566895234585,
    "KING HENRY VIII.txt": 0.03942985837400276,
    "KING JOHN.txt": -0.05696822615728392,
    "KING RICHARD II.txt": 0.039569555386974486,
    "KING RICHARD III.txt": 0.06062594654073933,
    "Locrine Mucedorus by Shakespeare.txt": 0.06918920464382267,
    "Love_s Labour_s Lost.txt": 0.007131446750675563,
    "MEASURE FOR MEASURE.txt": 0.03670816357160067,
    "Merchant of Venice.txt": 0.006688421876009321,
    "MUCH ADO ABOUT NOTHING.txt": 0.04610053880400938,
    "PERICLES PRINCE OF TYRE.txt": 0.06318482681047871,
    "Sir John Oldcastle by Shakespeare.txt": 0.06284483651804373,
    "Sir Thomas More by Shakespeare.txt": 0.07316910103790919,
    "Taming of the Shrew.txt": -0.18584107294208296,
    "The Comedy of Errors.txt": 0.0827690843435896,
    "THE HISTORY OF TROILUS AND CRESSIDA.txt": 0.00757411437340938,
    "The Life and Death of the Lord Cromwell by Shakespeare.txt": 0.08053819057811051,
    "THE LIFE OF TIMON OF ATHENS.txt": 0.04965217271776157,
    "The London Prodigal.txt": 0.07787633794432947,
    "The Merry Devill of Edmonton by Shakespeare.txt": 0.06274566895234585,
    "THE MERRY WIVES OF WINDSOR.txt": 0.04317410280806977,
    "The Puritaine Widdow by Shakespeare.txt": 0.03540836324014407,
    "THE RAPE OF LUCRECE.txt": 0.04629929066969596,
    "THE TAMING OF THE SHREW.txt": -0.02397945768627463,
    "THE TEMPEST.txt": 0.0689063861560783,
    "THE TRAGEDY OF ANTONY AND CLEOPATRA.txt": 0.07905066186740972,
    "THE TRAGEDY OF CORIOLANUS.txt": 0.060104922735476296,
    "THE TRAGEDY OF HAMLET PRINCE OF DENMARK.txt": -0.004033889655032041,
    "THE TRAGEDY OF JULIUS CAESAR.txt": 0.038859288755239196,
    "THE TRAGEDY OF KING LEAR.txt": 0.059755885560897115,
    "THE TRAGEDY OF MACBETH.txt": 0.04629929066969596,
    "THE TRAGEDY OF OTHELLO MOOR OF VENICE.txt": 0.006852516127337671,
    "THE TRAGEDY OF ROMEO AND JULIET.txt": 0.050324277318998134,
    "THE TRAGEDY OF TITUS ANDRONICUS.txt": 0.0654232457938792,
    "THE TWO GENTLEMEN OF VERONA.txt": 0.07179371102389143,
    "The Two Noble Kinsmen by Shakespeare.txt": 0.039569555386974486,
    "THE WINTERS TALE.txt": 0.053467611460836895,
    "Venus and Adonis.txt": 0.006443746017778251
}