{
    "A MIDSUMMER NIGHT_S DREAM.txt": 0.0656535815078485,
    "A Yorkshire Tragedy by Shakespeare.txt": 0.02794261913532914,
    "Arden of Feversham.txt": 0.05369496834115001,
    "AS YOU LIKE IT.txt": -0.017312893131128715,
    "CYMBELINE.txt": 0.07561111508002388,
    "Fair Em by Shakespeare.txt": 0.05270412437062377,
    "KING EDWARD III by Shakespeare.txt": 0.09579306293249801,
    "King Henry IV, Part 1.txt": 0.0685763434218451,
    "KING HENRY V.txt": -0.004329616818687598,
    "KING HENRY VI part I.txt": -0.005048422403628461,
    "KING HENRY VI Part II.txt": 0.06582492863156464,
    "KING HENRY VI Part III.txt": 0.08660608894020166,
    "KING HENRY VIII.txt": 0.07144268754306815,
    "KING JOHN.txt": -0.07976157594771072,
    "KING RICHARD II.txt": 0.04297933279869881,
    "KING RICHARD III.txt": 0.09075340040904561,
    "Locrine Mucedorus by Shakespeare.txt": 0.0981585263177,
    "Love_s Labour_s Lost.txt": -0.12943649950597136,
    "MEASURE FOR MEASURE.txt": 0.07446599244502022,
    "Merchant of Venice.txt": -0.04179278362254468,
    "MUCH ADO ABOUT NOTHING.txt": 0.06691984133190615,
    "PERICLES PRINCE OF TYRE.txt": 0.08089068695822277,
    "Sir John Oldcastle by Shakespeare.txt": 0.09315115267187557,
    "Sir Thomas More by Shakespeare.txt": 0.06671987134674878,
    "Taming of the Shrew.txt": -0.07287631099484759,
    "The Comedy of Errors.txt": 0.09895573249421058,
    "THE HISTORY OF TROILUS AND CRESSIDA.txt": -0.024188112545456164,
    "The Life and Death of the Lord Cromwell by Shakespeare.txt": 0.07847663509100028,
    "THE LIFE OF TIMON OF ATHENS.txt": 0.09197566954191566,
    "The London Prodigal.txt": 0.06524146725775709,
    "The Merry Devill of Edmonton by Shakespeare.txt": 0.09008653340645151,
    "THE MERRY WIVES OF WINDSOR.txt": 0.08214873858943728,
    "The Puritaine Widdow by Shakespeare.txt": 0.05162136287838609,
    "THE RAPE OF LUCRECE.txt": 0.02794261913532914,
    "THE TAMING OF THE SHREW.txt": -0.15207165222974806,
    "THE TEMPEST.txt": 0.027350476571970317,
    "THE TRAGEDY OF ANTONY AND CLEOPATRA.txt": 0.06685684153819871,
    "THE TRAGEDY OF CORIOLANUS.txt": 0.03835883517387012,
    "THE TRAGEDY OF HAMLET PRINCE OF DENMARK.txt": 0.03193254392768907,
    "THE TRAGEDY OF JULIUS CAESAR.txt": -0.005786301302646124,
    "THE TRAGEDY OF KING LEAR.txt": 0.08933500431397084,
    "THE TRAGEDY OF MACBETH.txt": 0.02794261913532914,
    "THE TRAGEDY OF OTHELLO MOOR OF VENICE.txt": 0.004110187181662894,
    "THE TRAGEDY OF ROMEO AND JULIET.txt": 0.04249145795002229,
    "THE TRAGEDY OF TITUS ANDRONICUS.txt": 0.08466985767293173,
    "THE TWO GENTLEMEN OF VERONA.txt": 0.06297045802065343,
    "The Two Noble Kinsmen by Shakespeare.txt": 0.06156449909838235,
    "THE WINTERS TALE.txt": 0.04177198616863498,
    "Venus and Adonis.txt": 0.07052796717353355
}