{
    "A LOVERS COMPLAINT.txt": -0.0034057521253353373,
    "A MIDSUMMER NIGHT_S DREAM.txt": 0.12875703107308178,
    "A Yorkshire Tragedy by Shakespeare.txt": 0.13886019324500487,
    "Arden of Feversham.txt": 0.14550020212254117,
    "AS YOU LIKE IT.txt": 0.13010840359833575,
    "CYMBELINE.txt": 0.15019849925681267,
    "Fair Em by Shakespeare.txt": 0.13642975556912806,
    "KING EDWARD III by Shakespeare.txt": 0.11993158059186793,
    "King Henry IV, Part 1.txt": 0.13509200843051655,
    "KING HENRY V.txt": 0.13394919456697574,
    "KING HENRY VI part I.txt": -0.0843590730767747,
    "KING HENRY VI Part II.txt": 0.1398489469114083,
    "KING HENRY VI Part III.txt": 0.14399244994334554,
    "KING HENRY VIII.txt": 0.14498790811919282,
    "KING JOHN.txt": 0.14309290748966735,
    "KING RICHARD II.txt": 0.1277419045609241,
    "KING RICHARD III.txt": 0.14529393214815106,
    "Locrine Mucedorus by Shakespeare.txt": 0.14042063641290092,
    "Love_s Labour_s Lost.txt": 0.1411789524227267,
    "MEASURE FOR MEASURE.txt": 0.1479849812663258,
    "Merchant of Venice.txt": 0.14352011148900962,
    "MUCH ADO ABOUT NOTHING.txt": 0.15332030621064185,
    "PERICLES PRINCE OF TYRE.txt": 0.1318105537405565,
    "Sir John Oldcastle by Shakespeare.txt": 0.14764419553080127,
    "Sir Thomas More by Shakespeare.txt": 0.13290836350818813,
    "Taming of the Shrew.txt": 0.13995179130484325,
    "The Comedy of Errors.txt": -0.07522213849363879,
    "THE HISTORY OF TROILUS AND CRESSIDA.txt": 0.15499438880080396,
    "The Life and Death of the Lord Cromwell by Shakespeare.txt": 0.1479484368588338,
    "THE LIFE OF TIMON OF ATHENS.txt": 0.14661810183418983,
    "The London Prodigal.txt": 0.08128472132376297,
    "The Merry Devill of Edmonton by Shakespeare.txt": 0.1371497174114522,
    "THE MERRY WIVES OF WINDSOR.txt": 0.12461004997176328,
    "The Puritaine Widdow by Shakespeare.txt": 0.12142064326241236,
    "THE RAPE OF LUCRECE.txt": 0.052640632195903925,
    "THE TAMING OF THE SHREW.txt": 0.1402314517744943,
    "THE TEMPEST.txt": 0.16912590307537434,
    "THE TRAGEDY OF ANTONY AND CLEOPATRA.txt": 0.15865671210343868,
    "THE TRAGEDY OF CORIOLANUS.txt": 0.13472433650259574,
    "THE TRAGEDY OF HAMLET PRINCE OF DENMARK.txt": 0.15806301013053337,
    "THE TRAGEDY OF JULIUS CAESAR.txt": 0.14469249088113506,
    "THE TRAGEDY OF KING LEAR.txt": 0.15233397318070968,
    "THE TRAGEDY OF MACBETH.txt": 0.14388268960072687,
    "THE TRAGEDY OF OTHELLO MOOR OF VENICE.txt": 0.14607217867183614,
    "THE TRAGEDY OF ROMEO AND JULIET.txt": 0.1298508491777139,
    "THE TRAGEDY OF TITUS ANDRONICUS.txt": 0.11039915786504617,
    "THE TWO GENTLEMEN OF VERONA.txt": 0.10298995450724863,
    "The Two Noble Kinsmen by Shakespeare.txt": 0.03909104207704378,
    "THE WINTERS TALE.txt": 0.13737765376957,
    "Venus and Adonis.txt": 0.09499343975149666
}