{
    "A LOVERS COMPLAINT.txt": 0.037390273553942255,
    "A MIDSUMMER NIGHT_S DREAM.txt": 0.017762080912458622,
    "A Yorkshire Tragedy by Shakespeare.txt": 0.09275552325240227,
    "Arden of Feversham.txt": 0.11019274347782043,
    "AS YOU LIKE IT.txt": 0.10474071538781365,
    "CYMBELINE.txt": 0.09692463206263041,
    "Fair Em by Shakespeare.txt": 0.09435437008934283,
    "KING EDWARD III by Shakespeare.txt": 0.05304707767843597,
    "King Henry IV, Part 1.txt": 0.126821016249066,
    "KING HENRY V.txt": 0.09268841067767802,
    "KING HENRY VI part I.txt": 0.07407971995439727,
    "KING HENRY VI Part II.txt": 0.08648210704606735,
    "KING HENRY VI Part III.txt": 0.11364544056565401,
    "KING HENRY VIII.txt": 0.11541230026144028,
    "KING JOHN.txt": -0.05433178975949904,
    "KING RICHARD II.txt": 0.1227586623831593,
    "KING RICHARD III.txt": 0.028390913812907592,
    "Locrine Mucedorus by Shakespeare.txt": 0.035492889940426486,
    "Love_s Labour_s Lost.txt": 0.12355501295227439,
    "MEASURE FOR MEASURE.txt": 0.12492242988052227,
    "Merchant of Venice.txt": 0.11412888371350954,
    "MUCH ADO ABOUT NOTHING.txt": 0.08836713022126247,
    "PERICLES PRINCE OF TYRE.txt": 0.11098041804351244,
    "Sir John Oldcastle by Shakespeare.txt": 0.011509442961825711,
    "Sir Thomas More by Shakespeare.txt": 0.03832812503427491,
    "Taming of the Shrew.txt": 0.1343095040406727,
    "The Comedy of Errors.txt": 0.10620446721085325,
    "THE HISTORY OF TROILUS AND CRESSIDA.txt": 0.05600176262531287,
    "The Life and Death of the Lord Cromwell by Shakespeare.txt": 0.10603812087211789,
    "THE LIFE OF TIMON OF ATHENS.txt": 0.12860322490247605,
    "The London Prodigal.txt": 0.1080974781704,
    "The Merry Devill of Edmonton by Shakespeare.txt": 0.11433947436204367,
    "THE MERRY WIVES OF WINDSOR.txt": 0.11232979644609686,
    "The Puritaine Widdow by Shakespeare.txt": 0.11554693953277073,
    "THE RAPE OF LUCRECE.txt": 0.11341973610461958,
    "THE TAMING OF THE SHREW.txt": 0.12352859691833284,
    "THE TEMPEST.txt": 0.10373391933515297,
    "THE TRAGEDY OF ANTONY AND CLEOPATRA.txt": 0.002585327972738416,
    "THE TRAGEDY OF CORIOLANUS.txt": 0.12565027063414058,
    "THE TRAGEDY OF HAMLET PRINCE OF DENMARK.txt": 0.09455994355602132,
    "THE TRAGEDY OF JULIUS CAESAR.txt": 0.13374490453805443,
    "THE TRAGEDY OF KING LEAR.txt": 0.1119945759132186,
    "THE TRAGEDY OF MACBETH.txt": 0.08007865922287527,
    "THE TRAGEDY OF OTHELLO MOOR OF VENICE.txt": 0.11463027547476967,
    "THE TRAGEDY OF ROMEO AND JULIET.txt": 0.12098147002406467,
    "THE TRAGEDY OF TITUS ANDRONICUS.txt": 0.11081182292337449,
    "THE TWO GENTLEMEN OF VERONA.txt": 0.1050690483581806,
    "The Two Noble Kinsmen by Shakespeare.txt": 0.11849632572032576,
    "THE WINTERS TALE.txt": 0.11341971157489728,
    "Venus and Adonis.txt": 0.12137519901032406
}