{
    "A LOVERS COMPLAINT.txt": 0.006318166741936804,
    "A MIDSUMMER NIGHT_S DREAM.txt": 0.08057032650209733,
    "A Yorkshire Tragedy by Shakespeare.txt": 0.09458673400884449,
    "Arden of Feversham.txt": 0.1407027900766719,
    "AS YOU LIKE IT.txt": 0.13943585188956015,
    "CYMBELINE.txt": 0.13227360129163018,
    "Fair Em by Shakespeare.txt": 0.09956506688215055,
    "KING EDWARD III by Shakespeare.txt": 0.13486472152624795,
    "King Henry IV, Part 1.txt": 0.11005051197879917,
    "KING HENRY V.txt": 0.13918930753543668,
    "KING HENRY VI part I.txt": -0.07749497418085782,
    "KING HENRY VI Part II.txt": 0.1401851114897572,
    "KING HENRY VI Part III.txt": 0.11109779055751645,
    "KING HENRY VIII.txt": 0.11665997709462911,
    "KING JOHN.txt": 0.004934243822791451,
    "KING RICHARD II.txt": 0.12448951550452203,
    "KING RICHARD III.txt": 0.12796941795749195,
    "Locrine Mucedorus by Shakespeare.txt": 0.14797239090215453,
    "Love_s Labour_s Lost.txt": 0.1431766674631726,
    "MEASURE FOR MEASURE.txt": 0.14982141725601061,
    "Merchant of Venice.txt": 0.0963011009468257,
    "MUCH ADO ABOUT NOTHING.txt": 0.1342450221681813,
    "PERICLES PRINCE OF TYRE.txt": 0.1279030903947423,
    "Sir John Oldcastle by Shakespeare.txt": 0.13645996390351506,
    "Sir Thomas More by Shakespeare.txt": 0.12852927995845004,
    "Taming of the Shrew.txt": 0.11524775965096229,
    "The Comedy of Errors.txt": 0.0006215406704656035,
    "THE HISTORY OF TROILUS AND CRESSIDA.txt": 0.11871150035018435,
    "The Life and Death of the Lord Cromwell by Shakespeare.txt": 0.12131697810113168,
    "THE LIFE OF TIMON OF ATHENS.txt": 0.11115419672603083,
    "The London Prodigal.txt": 0.11299804516154877,
    "The Merry Devill of Edmonton by Shakespeare.txt": 0.12471321872318891,
    "THE MERRY WIVES OF WINDSOR.txt": 0.12742703095201913,
    "The Puritaine Widdow by Shakespeare.txt": 0.14033354952182675,
    "THE RAPE OF LUCRECE.txt": 0.0848005882483846,
    "THE TAMING OF THE SHREW.txt": 0.1405970879159718,
    "THE TEMPEST.txt": 0.13931803896962236,
    "THE TRAGEDY OF ANTONY AND CLEOPATRA.txt": 0.1257020383971879,
    "THE TRAGEDY OF CORIOLANUS.txt": 0.11747272349596699,
    "THE TRAGEDY OF HAMLET PRINCE OF DENMARK.txt": 0.10224472492172793,
    "THE TRAGEDY OF JULIUS CAESAR.txt": 0.1344642745138328,
    "THE TRAGEDY OF KING LEAR.txt": 0.13551100029499363,
    "THE TRAGEDY OF MACBETH.txt": 0.13386820089809476,
    "THE TRAGEDY OF OTHELLO MOOR OF VENICE.txt": 0.13485089706278808,
    "THE TRAGEDY OF ROMEO AND JULIET.txt": 0.12574023006344542,
    "THE TRAGEDY OF TITUS ANDRONICUS.txt": 0.12416790430725344,
    "THE TWO GENTLEMEN OF VERONA.txt": 0.11725164006226085,
    "The Two Noble Kinsmen by Shakespeare.txt": 0.04073178396069421,
    "THE WINTERS TALE.txt": 0.12573828470296816,
    "Venus and Adonis.txt": 0.09172528153166704
}