{
    "A LOVERS COMPLAINT.txt": 0.15058246160060873,
    "A MIDSUMMER NIGHT_S DREAM.txt": 0.1476995173573294,
    "A Yorkshire Tragedy by Shakespeare.txt": 0.13772036405658494,
    "Arden of Feversham.txt": 0.08421203245989428,
    "AS YOU LIKE IT.txt": 0.15004983012092882,
    "CYMBELINE.txt": 0.1392976838788093,
    "Fair Em by Shakespeare.txt": 0.1329533286136143,
    "KING EDWARD III by Shakespeare.txt": 0.0784198241755526,
    "King Henry IV, Part 1.txt": 0.12118027786849656,
    "KING HENRY V.txt": 0.04245270486311098,
    "KING HENRY VI part I.txt": 0.11162864218459106,
    "KING HENRY VI Part II.txt": 0.16720239731689174,
    "KING HENRY VI Part III.txt": 0.15151608855874293,
    "KING HENRY VIII.txt": 0.1376145608170809,
    "KING JOHN.txt": 0.14438933238719337,
    "KING RICHARD II.txt": 0.1572019524370592,
    "KING RICHARD III.txt": 0.14470368089369062,
    "Locrine Mucedorus by Shakespeare.txt": 0.13179752462898126,
    "Love_s Labour_s Lost.txt": 0.027687909878600314,
    "MEASURE FOR MEASURE.txt": 0.1275260641279532,
    "Merchant of Venice.txt": 0.11271728052377411,
    "MUCH ADO ABOUT NOTHING.txt": 0.15784307405388953,
    "PERICLES PRINCE OF TYRE.txt": 0.14247549482937455,
    "Sir John Oldcastle by Shakespeare.txt": -0.025255652832259612,
    "Sir Thomas More by Shakespeare.txt": 0.12533338745077877,
    "Taming of the Shrew.txt": 0.14798732520015312,
    "The Comedy of Errors.txt": 0.0173670095686817,
    "THE HISTORY OF TROILUS AND CRESSIDA.txt": 0.14520853023375607,
    "The Life and Death of the Lord Cromwell by Shakespeare.txt": 0.09965051428071653,
    "THE LIFE OF TIMON OF ATHENS.txt": 0.13805062120164058,
    "The London Prodigal.txt": 0.14256892158784845,
    "The Merry Devill of Edmonton by Shakespeare.txt": 0.12633956852871447,
    "THE MERRY WIVES OF WINDSOR.txt": 0.13276137507492197,
    "The Puritaine Widdow by Shakespeare.txt": 0.12847823723855656,
    "THE RAPE OF LUCRECE.txt": 0.06051723178282303,
    "THE TAMING OF THE SHREW.txt": 0.14204183633798195,
    "THE TEMPEST.txt": 0.14154872707675153,
    "THE TRAGEDY OF ANTONY AND CLEOPATRA.txt": 0.162428325669633,
    "THE TRAGEDY OF CORIOLANUS.txt": 0.11637403555842868,
    "THE TRAGEDY OF HAMLET PRINCE OF DENMARK.txt": 0.1383794083071886,
    "THE TRAGEDY OF JULIUS CAESAR.txt": 0.0035900470410044627,
    "THE TRAGEDY OF KING LEAR.txt": 0.11563421238447152,
    "THE TRAGEDY OF MACBETH.txt": 0.09905318993340789,
    "THE TRAGEDY OF OTHELLO MOOR OF VENICE.txt": 0.14290460777141323,
    "THE TRAGEDY OF ROMEO AND JULIET.txt": 0.14349052191013523,
    "THE TRAGEDY OF TITUS ANDRONICUS.txt": 0.12700778583014516,
    "THE TWO GENTLEMEN OF VERONA.txt": 0.1357434729931669,
    "The Two Noble Kinsmen by Shakespeare.txt": 0.1429408061968121,
    "THE WINTERS TALE.txt": 0.1469351636800738,
    "Venus and Adonis.txt": 0.07193708890168493
}