{
    "A LOVERS COMPLAINT.txt": -0.21723950278500925,
    "A MIDSUMMER NIGHT_S DREAM.txt": 0.1346335583239177,
    "A Yorkshire Tragedy by Shakespeare.txt": 0.10072154006108824,
    "Arden of Feversham.txt": 0.07346032693027632,
    "AS YOU LIKE IT.txt": 0.11859807179052662,
    "CYMBELINE.txt": 0.13774442820316496,
    "Fair Em by Shakespeare.txt": 0.10388967953540557,
    "KING EDWARD III by Shakespeare.txt": 0.11651017166632077,
    "King Henry IV, Part 1.txt": 0.09581585629264405,
    "KING HENRY V.txt": 0.08608860634518778,
    "KING HENRY VI part I.txt": 0.012094650488185199,
    "KING HENRY VI Part II.txt": 0.11713614917640364,
    "KING HENRY VI Part III.txt": 0.09148637060763554,
    "KING HENRY VIII.txt": 0.11546885941050428,
    "KING JOHN.txt": -0.013609654259158388,
    "KING RICHARD II.txt": 0.1017582682592057,
    "KING RICHARD III.txt": 0.11149351191819745,
    "Locrine Mucedorus by Shakespeare.txt": 0.1039315304804237,
    "Love_s Labour_s Lost.txt": 0.10361018677911682,
    "MEASURE FOR MEASURE.txt": 0.1102354857387145,
    "Merchant of Venice.txt": 0.08487867749960448,
    "MUCH ADO ABOUT NOTHING.txt": 0.07356517985871863,
    "PERICLES PRINCE OF TYRE.txt": 0.09649495432065991,
    "Sir John Oldcastle by Shakespeare.txt": 0.1239909664004834,
    "Sir Thomas More by Shakespeare.txt": 0.10746579781957794,
    "Taming of the Shrew.txt": -0.025851449858570352,
    "The Comedy of Errors.txt": 0.09500509184286482,
    "THE HISTORY OF TROILUS AND CRESSIDA.txt": 0.10549160640917243,
    "The Life and Death of the Lord Cromwell by Shakespeare.txt": 0.08532127067358741,
    "THE LIFE OF TIMON OF ATHENS.txt": 0.11291045200703687,
    "The London Prodigal.txt": 0.10398708508723409,
    "The Merry Devill of Edmonton by Shakespeare.txt": 0.10362662078906304,
    "THE MERRY WIVES OF WINDSOR.txt": 0.07229330661768774,
    "The Puritaine Widdow by Shakespeare.txt": 0.08688084299182469,
    "THE RAPE OF LUCRECE.txt": 0.007608685674992455,
    "THE TAMING OF THE SHREW.txt": 0.0424473809327216,
    "THE TEMPEST.txt": 0.11798774448939814,
    "THE TRAGEDY OF ANTONY AND CLEOPATRA.txt": 0.09137944224513894,
    "THE TRAGEDY OF CORIOLANUS.txt": 0.11354542256667655,
    "THE TRAGEDY OF HAMLET PRINCE OF DENMARK.txt": 0.032425971698403167,
    "THE TRAGEDY OF JULIUS CAESAR.txt": -0.015490989738473293,
    "THE TRAGEDY OF KING LEAR.txt": 0.12714577162360258,
    "THE TRAGEDY OF MACBETH.txt": 0.12437744445605803,
    "THE TRAGEDY OF OTHELLO MOOR OF VENICE.txt": -0.058426623394851274,
    "THE TRAGEDY OF ROMEO AND JULIET.txt": 0.09818693476643331,
    "THE TRAGEDY OF TITUS ANDRONICUS.txt": 0.11661757109352555,
    "THE TWO GENTLEMEN OF VERONA.txt": 0.10501354826083331,
    "The Two Noble Kinsmen by Shakespeare.txt": 0.10225046292927431,
    "THE WINTERS TALE.txt": 0.1284125071049826,
    "Venus and Adonis.txt": 0.014511878199677197
}