{
    "A LOVERS COMPLAINT.txt": 0.02326775523242508,
    "A MIDSUMMER NIGHT_S DREAM.txt": 0.07016590959216595,
    "A Yorkshire Tragedy by Shakespeare.txt": 0.07974627548272872,
    "Arden of Feversham.txt": -0.09919997498149458,
    "AS YOU LIKE IT.txt": 0.13213764212099677,
    "CYMBELINE.txt": 0.07784432386715251,
    "Fair Em by Shakespeare.txt": 0.07422900346906708,
    "KING EDWARD III by Shakespeare.txt": 0.10604454637836974,
    "King Henry IV, Part 1.txt": 0.1298416040868336,
    "KING HENRY V.txt": 0.10388572929936396,
    "KING HENRY VI part I.txt": 0.13024726381591156,
    "KING HENRY VI Part II.txt": 0.09822586440822456,
    "KING HENRY VI Part III.txt": 0.056003643374272716,
    "KING HENRY VIII.txt": 0.13545977291434153,
    "KING JOHN.txt": 0.05045834274868938,
    "KING RICHARD II.txt": 0.13601514581725865,
    "KING RICHARD III.txt": 0.11978794243650798,
    "Locrine Mucedorus by Shakespeare.txt": 0.08475367236712278,
    "Love_s Labour_s Lost.txt": 0.11964049794240678,
    "MEASURE FOR MEASURE.txt": 0.11023976389545409,
    "Merchant of Venice.txt": 0.1121077487456707,
    "MUCH ADO ABOUT NOTHING.txt": 0.10832301435083724,
    "PERICLES PRINCE OF TYRE.txt": 0.08489829768271567,
    "Sir John Oldcastle by Shakespeare.txt": 0.08997946780750976,
    "Sir Thomas More by Shakespeare.txt": 0.10291819961972426,
    "Taming of the Shrew.txt": 0.10897645555125679,
    "The Comedy of Errors.txt": -0.058190787087458395,
    "THE HISTORY OF TROILUS AND CRESSIDA.txt": -0.016697583715224118,
    "The Life and Death of the Lord Cromwell by Shakespeare.txt": 0.017269913900957,
    "THE LIFE OF TIMON OF ATHENS.txt": 0.13449065820239464,
    "The London Prodigal.txt": 0.10373197250346627,
    "The Merry Devill of Edmonton by Shakespeare.txt": 0.0966457828370823,
    "THE MERRY WIVES OF WINDSOR.txt": 0.1168471372407347,
    "The Puritaine Widdow by Shakespeare.txt": 0.11226430532216958,
    "THE RAPE OF LUCRECE.txt": 0.11852797155536104,
    "THE TAMING OF THE SHREW.txt": 0.13300098667294669,
    "THE TEMPEST.txt": 0.11349226315520689,
    "THE TRAGEDY OF ANTONY AND CLEOPATRA.txt": 0.02609671807524344,
    "THE TRAGEDY OF CORIOLANUS.txt": -0.00767612421331032,
    "THE TRAGEDY OF HAMLET PRINCE OF DENMARK.txt": 0.13312271606347348,
    "THE TRAGEDY OF JULIUS CAESAR.txt": 0.11698113226604029,
    "THE TRAGEDY OF KING LEAR.txt": 0.1387307440524057,
    "THE TRAGEDY OF MACBETH.txt": 0.11190877399128463,
    "THE TRAGEDY OF OTHELLO MOOR OF VENICE.txt": 0.12864431000610338,
    "THE TRAGEDY OF ROMEO AND JULIET.txt": 0.12077564128756646,
    "THE TRAGEDY OF TITUS ANDRONICUS.txt": 0.10905928075290294,
    "THE TWO GENTLEMEN OF VERONA.txt": 0.11711385432176785,
    "The Two Noble Kinsmen by Shakespeare.txt": 0.11874160125927097,
    "THE WINTERS TALE.txt": 0.12445473127996959,
    "Venus and Adonis.txt": 0.11952941711458903
}