{
    "A MIDSUMMER NIGHT_S DREAM.txt": 0.0972727847380575,
    "A Yorkshire Tragedy by Shakespeare.txt": 0.05752070129335318,
    "Arden of Feversham.txt": 0.11639252337461192,
    "AS YOU LIKE IT.txt": 0.11682249963945202,
    "CYMBELINE.txt": 0.08934299896791997,
    "Fair Em by Shakespeare.txt": 0.1069289152067111,
    "KING EDWARD III by Shakespeare.txt": 0.11293934135860084,
    "King Henry IV, Part 1.txt": 0.11081892333609705,
    "KING HENRY V.txt": -0.08793282907524169,
    "KING HENRY VI part I.txt": 0.0971214594123862,
    "KING HENRY VI Part II.txt": 0.05752070129335318,
    "KING HENRY VI Part III.txt": 0.08633570155342185,
    "KING HENRY VIII.txt": 0.11095631978573867,
    "KING JOHN.txt": 0.097523506777216,
    "KING RICHARD II.txt": 0.05752070129335318,
    "KING RICHARD III.txt": 0.032273243562674525,
    "Locrine Mucedorus by Shakespeare.txt": 0.04923095239905473,
    "Love_s Labour_s Lost.txt": 0.012793605296158972,
    "MEASURE FOR MEASURE.txt": 0.11739109228509176,
    "Merchant of Venice.txt": 0.11028529592756897,
    "MUCH ADO ABOUT NOTHING.txt": 0.10053180317351768,
    "PERICLES PRINCE OF TYRE.txt": -0.041846191054278226,
    "Sir John Oldcastle by Shakespeare.txt": 0.11744193298892419,
    "Sir Thomas More by Shakespeare.txt": 0.11734046650537155,
    "Taming of the Shrew.txt": -0.009156988042067327,
    "The Comedy of Errors.txt": 0.11373751162989493,
    "THE HISTORY OF TROILUS AND CRESSIDA.txt": -0.0883744382121271,
    "The Life and Death of the Lord Cromwell by Shakespeare.txt": 0.10774266221102363,
    "THE LIFE OF TIMON OF ATHENS.txt": 0.02367514783318575,
    "The London Prodigal.txt": 0.10534736301069347,
    "The Merry Devill of Edmonton by Shakespeare.txt": 0.10486673550319797,
    "THE MERRY WIVES OF WINDSOR.txt": 0.1007638075326241,
    "The Puritaine Widdow by Shakespeare.txt": 0.09513541982426782,
    "THE RAPE OF LUCRECE.txt": 0.10309936199038638,
    "THE TAMING OF THE SHREW.txt": 0.021095012855104955,
    "THE TEMPEST.txt": 0.07256344561102956,
    "THE TRAGEDY OF ANTONY AND CLEOPATRA.txt": -0.22853638006568044,
    "THE TRAGEDY OF CORIOLANUS.txt": -0.2462168122859607,
    "THE TRAGEDY OF HAMLET PRINCE OF DENMARK.txt": -0.018432318156693883,
    "THE TRAGEDY OF JULIUS CAESAR.txt": -0.039299951881299755,
    "THE TRAGEDY OF KING LEAR.txt": 0.11855602644467789,
    "THE TRAGEDY OF MACBETH.txt": 0.09074101586753941,
    "THE TRAGEDY OF OTHELLO MOOR OF VENICE.txt": 0.06765341222553045,
    "THE TRAGEDY OF ROMEO AND JULIET.txt": 0.11212458190798691,
    "THE TRAGEDY OF TITUS ANDRONICUS.txt": 0.09144181208396435,
    "THE TWO GENTLEMEN OF VERONA.txt": 0.10298079470579075,
    "The Two Noble Kinsmen by Shakespeare.txt": 0.08547778856252097,
    "THE WINTERS TALE.txt": 0.11610549833110984,
    "Venus and Adonis.txt": 0.11537370068492836
}