{
    "A MIDSUMMER NIGHT_S DREAM.txt": 0.1065985209191549,
    "A Yorkshire Tragedy by Shakespeare.txt": 0.036629161168570346,
    "Arden of Feversham.txt": 0.11413049715284929,
    "AS YOU LIKE IT.txt": 0.1167569621621421,
    "CYMBELINE.txt": 0.10099793085647313,
    "Fair Em by Shakespeare.txt": 0.10798334326506298,
    "KING EDWARD III by Shakespeare.txt": 0.11720223617945891,
    "King Henry IV, Part 1.txt": 0.11806152767427963,
    "KING HENRY V.txt": -0.11247832759098764,
    "KING HENRY VI part I.txt": 0.10721180519580303,
    "KING HENRY VI Part II.txt": 0.036629161168570346,
    "KING HENRY VI Part III.txt": 0.08773585016170982,
    "KING HENRY VIII.txt": 0.11559869981861504,
    "KING JOHN.txt": 0.10243636008381618,
    "KING RICHARD II.txt": 0.036629161168570346,
    "KING RICHARD III.txt": 0.0078204736245584,
    "Locrine Mucedorus by Shakespeare.txt": 0.05432007990359772,
    "Love_s Labour_s Lost.txt": -0.012088686222143208,
    "MEASURE FOR MEASURE.txt": 0.10043433673591373,
    "Merchant of Venice.txt": 0.09970282042658335,
    "MUCH ADO ABOUT NOTHING.txt": 0.0866676159278692,
    "PERICLES PRINCE OF TYRE.txt": -0.04249363732981104,
    "Sir John Oldcastle by Shakespeare.txt": 0.10214995268728105,
    "Sir Thomas More by Shakespeare.txt": 0.1070411278323834,
    "Taming of the Shrew.txt": -0.012086667367085191,
    "The Comedy of Errors.txt": 0.10260845848294003,
    "THE HISTORY OF TROILUS AND CRESSIDA.txt": -0.10635866905040814,
    "The Life and Death of the Lord Cromwell by Shakespeare.txt": 0.10368910625289918,
    "THE LIFE OF TIMON OF ATHENS.txt": 0.012306679449157532,
    "The London Prodigal.txt": 0.10643219879898458,
    "The Merry Devill of Edmonton by Shakespeare.txt": 0.1043396550812199,
    "THE MERRY WIVES OF WINDSOR.txt": 0.11248472028303569,
    "The Puritaine Widdow by Shakespeare.txt": 0.0857330044615357,
    "THE RAPE OF LUCRECE.txt": 0.10610666939940722,
    "THE TAMING OF THE SHREW.txt": -0.00041437627811424793,
    "THE TEMPEST.txt": 0.0745909546634067,
    "THE TRAGEDY OF ANTONY AND CLEOPATRA.txt": -0.24547163228870783,
    "THE TRAGEDY OF CORIOLANUS.txt": -0.24770940769049232,
    "THE TRAGEDY OF HAMLET PRINCE OF DENMARK.txt": -0.03106458302769377,
    "THE TRAGEDY OF JULIUS CAESAR.txt": -0.059045933622374314,
    "THE TRAGEDY OF KING LEAR.txt": 0.1061951028834906,
    "THE TRAGEDY OF MACBETH.txt": 0.09737593343006867,
    "THE TRAGEDY OF OTHELLO MOOR OF VENICE.txt": 0.08233101073109017,
    "THE TRAGEDY OF ROMEO AND JULIET.txt": 0.0931472099921753,
    "THE TRAGEDY OF TITUS ANDRONICUS.txt": 0.10635182278165567,
    "THE TWO GENTLEMEN OF VERONA.txt": 0.09792149214991525,
    "The Two Noble Kinsmen by Shakespeare.txt": 0.06747551063553686,
    "THE WINTERS TALE.txt": 0.09580975713465745,
    "Venus and Adonis.txt": 0.10658173215064781
}