{
    "A LOVERS COMPLAINT.txt": 0.04656702821223502,
    "A MIDSUMMER NIGHT_S DREAM.txt": 0.0836766772935491,
    "A Yorkshire Tragedy by Shakespeare.txt": 0.04656702821223502,
    "Arden of Feversham.txt": 0.09058416441569883,
    "AS YOU LIKE IT.txt": 0.0957827292569397,
    "CYMBELINE.txt": 0.04789705070939654,
    "Fair Em by Shakespeare.txt": 0.06342002939090802,
    "KING EDWARD III by Shakespeare.txt": 0.09585421536701344,
    "King Henry IV, Part 1.txt": 0.07935545516795928,
    "KING HENRY V.txt": -0.026211724361638433,
    "KING HENRY VI part I.txt": 0.07629841246817692,
    "KING HENRY VI Part II.txt": 0.04656702821223502,
    "KING HENRY VI Part III.txt": 0.05031117271332686,
    "KING HENRY VIII.txt": 0.10062841813747997,
    "KING JOHN.txt": 0.09585421536701344,
    "KING RICHARD II.txt": 0.04656702821223502,
    "KING RICHARD III.txt": 0.04656702821223502,
    "Locrine Mucedorus by Shakespeare.txt": 0.01464261553410573,
    "Love_s Labour_s Lost.txt": -0.003970909718273408,
    "MEASURE FOR MEASURE.txt": 0.09629275129004483,
    "Merchant of Venice.txt": 0.08272846760235153,
    "MUCH ADO ABOUT NOTHING.txt": 0.08199368835516807,
    "PERICLES PRINCE OF TYRE.txt": 0.03444806731533473,
    "Sir John Oldcastle by Shakespeare.txt": 0.09942277717493236,
    "Sir Thomas More by Shakespeare.txt": 0.10062841813747997,
    "Taming of the Shrew.txt": 0.05294701836173449,
    "The Comedy of Errors.txt": 0.07559508385224484,
    "THE HISTORY OF TROILUS AND CRESSIDA.txt": -0.12048363100047976,
    "The Life and Death of the Lord Cromwell by Shakespeare.txt": 0.09629275129004483,
    "THE LIFE OF TIMON OF ATHENS.txt": 0.07027834889861323,
    "The London Prodigal.txt": 0.10062841813747997,
    "The Merry Devill of Edmonton by Shakespeare.txt": 0.09752314698529019,
    "THE MERRY WIVES OF WINDSOR.txt": 0.10062841813747997,
    "The Puritaine Widdow by Shakespeare.txt": 0.08445774812962448,
    "THE RAPE OF LUCRECE.txt": 0.05031117271332686,
    "THE TAMING OF THE SHREW.txt": 0.007075421767963275,
    "THE TEMPEST.txt": 0.07868719581163036,
    "THE TRAGEDY OF ANTONY AND CLEOPATRA.txt": -0.14415137329415406,
    "THE TRAGEDY OF CORIOLANUS.txt": -0.21821794829578822,
    "THE TRAGEDY OF HAMLET PRINCE OF DENMARK.txt": -0.04613770963398012,
    "THE TRAGEDY OF JULIUS CAESAR.txt": -0.07343422086561902,
    "THE TRAGEDY OF KING LEAR.txt": 0.08793134522516738,
    "THE TRAGEDY OF MACBETH.txt": 0.05031117271332686,
    "THE TRAGEDY OF OTHELLO MOOR OF VENICE.txt": 0.056183893863874124,
    "THE TRAGEDY OF ROMEO AND JULIET.txt": 0.07860590808574935,
    "THE TRAGEDY OF TITUS ANDRONICUS.txt": 0.08020805100175976,
    "THE TWO GENTLEMEN OF VERONA.txt": 0.08793134522516738,
    "The Two Noble Kinsmen by Shakespeare.txt": 0.04974037769184747,
    "THE WINTERS TALE.txt": 0.08574180700180584,
    "Venus and Adonis.txt": -0.08780316734182281
}