{
    "A LOVERS COMPLAINT.txt": 0.03413732118344004,
    "A MIDSUMMER NIGHT_S DREAM.txt": 0.09254933509618474,
    "A Yorkshire Tragedy by Shakespeare.txt": 0.03413732118344004,
    "Arden of Feversham.txt": 0.07708328359581818,
    "AS YOU LIKE IT.txt": 0.10162642820723938,
    "CYMBELINE.txt": 0.041121873563129185,
    "Fair Em by Shakespeare.txt": 0.022113780137710926,
    "KING EDWARD III by Shakespeare.txt": 0.08664762124884146,
    "King Henry IV, Part 1.txt": 0.07950791609027047,
    "KING HENRY V.txt": -0.0341397426491068,
    "KING HENRY VI part I.txt": 0.08972491002723026,
    "KING HENRY VI Part II.txt": 0.03413732118344004,
    "KING HENRY VI Part III.txt": 0.04133457500403398,
    "KING HENRY VIII.txt": 0.10177144870871052,
    "KING JOHN.txt": 0.08664762124884146,
    "KING RICHARD II.txt": 0.03413732118344004,
    "KING RICHARD III.txt": 0.03413732118344004,
    "Locrine Mucedorus by Shakespeare.txt": 0.038473703936439285,
    "Love_s Labour_s Lost.txt": 0.01636662753032303,
    "MEASURE FOR MEASURE.txt": 0.09933230195993514,
    "Merchant of Venice.txt": 0.08199289997346049,
    "MUCH ADO ABOUT NOTHING.txt": 0.09133057650445114,
    "PERICLES PRINCE OF TYRE.txt": 0.035948112248987085,
    "Sir John Oldcastle by Shakespeare.txt": 0.08245623191753454,
    "Sir Thomas More by Shakespeare.txt": 0.10177144870871052,
    "Taming of the Shrew.txt": 0.06219160182043998,
    "The Comedy of Errors.txt": 0.08801142212832841,
    "THE HISTORY OF TROILUS AND CRESSIDA.txt": -0.12575449381425297,
    "The Life and Death of the Lord Cromwell by Shakespeare.txt": 0.09933230195993514,
    "THE LIFE OF TIMON OF ATHENS.txt": 0.06191597677470623,
    "The London Prodigal.txt": 0.10177144870871052,
    "The Merry Devill of Edmonton by Shakespeare.txt": 0.09282922450928666,
    "THE MERRY WIVES OF WINDSOR.txt": 0.10177144870871052,
    "The Puritaine Widdow by Shakespeare.txt": 0.07437979912881054,
    "THE RAPE OF LUCRECE.txt": 0.04133457500403398,
    "THE TAMING OF THE SHREW.txt": 0.042498784079909924,
    "THE TEMPEST.txt": 0.07809805381827767,
    "THE TRAGEDY OF ANTONY AND CLEOPATRA.txt": -0.15890990575077524,
    "THE TRAGEDY OF CORIOLANUS.txt": -0.21761061547738647,
    "THE TRAGEDY OF HAMLET PRINCE OF DENMARK.txt": -0.027877415392654648,
    "THE TRAGEDY OF JULIUS CAESAR.txt": -0.06274466409831603,
    "THE TRAGEDY OF KING LEAR.txt": 0.08762328838955152,
    "THE TRAGEDY OF MACBETH.txt": 0.04133457500403398,
    "THE TRAGEDY OF OTHELLO MOOR OF VENICE.txt": 0.05875335791047892,
    "THE TRAGEDY OF ROMEO AND JULIET.txt": 0.08322919083476843,
    "THE TRAGEDY OF TITUS ANDRONICUS.txt": 0.07928822321078288,
    "THE TWO GENTLEMEN OF VERONA.txt": 0.08762328838955152,
    "The Two Noble Kinsmen by Shakespeare.txt": 0.03278176637193664,
    "THE WINTERS TALE.txt": 0.08845361211659203,
    "Venus and Adonis.txt": -0.08338890423918144
}