{
    "A LOVERS COMPLAINT.txt": 0.00551155884371296,
    "A MIDSUMMER NIGHT_S DREAM.txt": 0.07026740444579488,
    "A Yorkshire Tragedy by Shakespeare.txt": 0.032223707443227556,
    "Arden of Feversham.txt": 0.1221812451918649,
    "AS YOU LIKE IT.txt": 0.139921548029605,
    "CYMBELINE.txt": 0.11684942304577628,
    "Fair Em by Shakespeare.txt": 0.1178027905172912,
    "KING EDWARD III by Shakespeare.txt": 0.13283024624142775,
    "King Henry IV, Part 1.txt": 0.13105350143020622,
    "KING HENRY V.txt": 0.11490259971240557,
    "KING HENRY VI part I.txt": -0.06307797777319524,
    "KING HENRY VI Part II.txt": 0.13858334194300354,
    "KING HENRY VI Part III.txt": 0.13356379249552652,
    "KING HENRY VIII.txt": 0.1416085780873947,
    "KING JOHN.txt": -0.11666653626311196,
    "KING RICHARD II.txt": 0.13608796318892313,
    "KING RICHARD III.txt": 0.0400913518208208,
    "Locrine Mucedorus by Shakespeare.txt": 0.11524008551385367,
    "Love_s Labour_s Lost.txt": 0.13947334606849604,
    "MEASURE FOR MEASURE.txt": 0.15054584464280252,
    "Merchant of Venice.txt": 0.11013833278924928,
    "MUCH ADO ABOUT NOTHING.txt": 0.14873110551434898,
    "PERICLES PRINCE OF TYRE.txt": 0.12787658327295365,
    "Sir John Oldcastle by Shakespeare.txt": 0.07299561796244103,
    "Sir Thomas More by Shakespeare.txt": 0.14030398367733926,
    "Taming of the Shrew.txt": 0.13359364478657093,
    "The Comedy of Errors.txt": 0.09418075917186874,
    "THE HISTORY OF TROILUS AND CRESSIDA.txt": 0.12287765555932834,
    "The Life and Death of the Lord Cromwell by Shakespeare.txt": 0.10994035983924705,
    "THE LIFE OF TIMON OF ATHENS.txt": 0.13578148228881093,
    "The London Prodigal.txt": 0.13743076301069512,
    "The Merry Devill of Edmonton by Shakespeare.txt": 0.07876040534069179,
    "THE MERRY WIVES OF WINDSOR.txt": 0.1394896615708725,
    "The Puritaine Widdow by Shakespeare.txt": 0.13113640577028285,
    "THE RAPE OF LUCRECE.txt": 0.1416448814619044,
    "THE TAMING OF THE SHREW.txt": 0.1380339466538994,
    "THE TEMPEST.txt": 0.11653335689903643,
    "THE TRAGEDY OF ANTONY AND CLEOPATRA.txt": 0.1376729597174841,
    "THE TRAGEDY OF CORIOLANUS.txt": 0.1490717074200127,
    "THE TRAGEDY OF HAMLET PRINCE OF DENMARK.txt": 0.05684964806897491,
    "THE TRAGEDY OF JULIUS CAESAR.txt": 0.11603841047192592,
    "THE TRAGEDY OF KING LEAR.txt": 0.11141361673891875,
    "THE TRAGEDY OF MACBETH.txt": 0.1246023213866681,
    "THE TRAGEDY OF OTHELLO MOOR OF VENICE.txt": 0.13689456720630866,
    "THE TRAGEDY OF ROMEO AND JULIET.txt": 0.1450974168031527,
    "THE TRAGEDY OF TITUS ANDRONICUS.txt": 0.091616868587031,
    "THE TWO GENTLEMEN OF VERONA.txt": 0.14649441518119982,
    "The Two Noble Kinsmen by Shakespeare.txt": 0.1188732755572291,
    "THE WINTERS TALE.txt": 0.1447771222614872,
    "Venus and Adonis.txt": 0.10530285814249774
}