{
    "A LOVERS COMPLAINT.txt": 0.033369798213415625,
    "A MIDSUMMER NIGHT_S DREAM.txt": 0.09642251778963501,
    "A Yorkshire Tragedy by Shakespeare.txt": 0.08478892222800283,
    "Arden of Feversham.txt": 0.08225772774230627,
    "AS YOU LIKE IT.txt": 0.08506646150366698,
    "CYMBELINE.txt": 0.11905728493994666,
    "Fair Em by Shakespeare.txt": 0.050939256705312685,
    "KING EDWARD III by Shakespeare.txt": 0.13222506809384948,
    "King Henry IV, Part 1.txt": 0.11293694030505119,
    "KING HENRY V.txt": 0.11542882496574097,
    "KING HENRY VI part I.txt": 0.04172934336637707,
    "KING HENRY VI Part II.txt": 0.12314490915558335,
    "KING HENRY VI Part III.txt": 0.10589184037516819,
    "KING HENRY VIII.txt": 0.13111865822278668,
    "KING JOHN.txt": 0.03028035896047543,
    "KING RICHARD II.txt": 0.07686265156062788,
    "KING RICHARD III.txt": 0.11791740622735736,
    "Locrine Mucedorus by Shakespeare.txt": 0.12200908935892457,
    "Love_s Labour_s Lost.txt": 0.1254575523264841,
    "MEASURE FOR MEASURE.txt": 0.12233716466695876,
    "Merchant of Venice.txt": 0.13288634804001737,
    "MUCH ADO ABOUT NOTHING.txt": 0.14787586179206164,
    "PERICLES PRINCE OF TYRE.txt": 0.10585384326764696,
    "Sir John Oldcastle by Shakespeare.txt": 0.11557637246461666,
    "Sir Thomas More by Shakespeare.txt": 0.1233515504558797,
    "Taming of the Shrew.txt": 0.12328092542490177,
    "The Comedy of Errors.txt": 0.08494853888610582,
    "THE HISTORY OF TROILUS AND CRESSIDA.txt": 0.0944400477077702,
    "The Life and Death of the Lord Cromwell by Shakespeare.txt": 0.11723970466783024,
    "THE LIFE OF TIMON OF ATHENS.txt": 0.11776733491187275,
    "The London Prodigal.txt": 0.10812932661687702,
    "The Merry Devill of Edmonton by Shakespeare.txt": 0.05062649590137597,
    "THE MERRY WIVES OF WINDSOR.txt": 0.1334529605855796,
    "The Puritaine Widdow by Shakespeare.txt": 0.08825895654347948,
    "THE RAPE OF LUCRECE.txt": 0.13434376355252337,
    "THE TAMING OF THE SHREW.txt": 0.14178487168293546,
    "THE TEMPEST.txt": 0.1240340248367558,
    "THE TRAGEDY OF ANTONY AND CLEOPATRA.txt": -0.019480064721733803,
    "THE TRAGEDY OF CORIOLANUS.txt": 0.1380407061722525,
    "THE TRAGEDY OF HAMLET PRINCE OF DENMARK.txt": 0.14615389087579816,
    "THE TRAGEDY OF JULIUS CAESAR.txt": 0.11122780215222638,
    "THE TRAGEDY OF KING LEAR.txt": 0.12336257784141319,
    "THE TRAGEDY OF MACBETH.txt": 0.11424017848665263,
    "THE TRAGEDY OF OTHELLO MOOR OF VENICE.txt": 0.03303931538236532,
    "THE TRAGEDY OF ROMEO AND JULIET.txt": 0.13822017708041728,
    "THE TRAGEDY OF TITUS ANDRONICUS.txt": 0.12534528770532455,
    "THE TWO GENTLEMEN OF VERONA.txt": 0.12246189418872944,
    "The Two Noble Kinsmen by Shakespeare.txt": 0.13901260501341411,
    "THE WINTERS TALE.txt": 0.09546675793721293,
    "Venus and Adonis.txt": 0.09203474344554347
}