{
    "A LOVERS COMPLAINT.txt": -0.00889001091100794,
    "A MIDSUMMER NIGHT_S DREAM.txt": 0.08547211780211805,
    "A Yorkshire Tragedy by Shakespeare.txt": -0.0002451288132846452,
    "Arden of Feversham.txt": 0.06777148220052415,
    "AS YOU LIKE IT.txt": -0.019808665594525987,
    "CYMBELINE.txt": 0.10361982067092496,
    "Fair Em by Shakespeare.txt": 0.10809635811705531,
    "KING EDWARD III by Shakespeare.txt": 0.11245914892245573,
    "King Henry IV, Part 1.txt": 0.11078869814337494,
    "KING HENRY V.txt": 0.08470546427600695,
    "KING HENRY VI part I.txt": 0.057144587108610534,
    "KING HENRY VI Part II.txt": 0.11659588504988799,
    "KING HENRY VI Part III.txt": 0.07913239055299814,
    "KING HENRY VIII.txt": -0.13355385548654164,
    "KING JOHN.txt": -0.07171142159759525,
    "KING RICHARD II.txt": 0.12631621686687916,
    "KING RICHARD III.txt": 0.00028147854084875634,
    "Locrine Mucedorus by Shakespeare.txt": 0.09423345305406172,
    "Love_s Labour_s Lost.txt": 0.1199476951690927,
    "MEASURE FOR MEASURE.txt": 0.11444128885622334,
    "Merchant of Venice.txt": 0.07515226597027341,
    "MUCH ADO ABOUT NOTHING.txt": 0.1114552605166515,
    "PERICLES PRINCE OF TYRE.txt": 0.08924146286389767,
    "Sir John Oldcastle by Shakespeare.txt": 0.12816134228458292,
    "Sir Thomas More by Shakespeare.txt": 0.10652263633380799,
    "Taming of the Shrew.txt": 0.10120309465117361,
    "The Comedy of Errors.txt": 0.12045778641793053,
    "THE HISTORY OF TROILUS AND CRESSIDA.txt": 0.11189855568080348,
    "The Life and Death of the Lord Cromwell by Shakespeare.txt": 0.10377972008801012,
    "THE LIFE OF TIMON OF ATHENS.txt": 0.10934984737891928,
    "The London Prodigal.txt": 0.08867553592813848,
    "The Merry Devill of Edmonton by Shakespeare.txt": 0.09245345852477871,
    "THE MERRY WIVES OF WINDSOR.txt": 0.12288985546685349,
    "The Puritaine Widdow by Shakespeare.txt": 0.10302788620205428,
    "THE RAPE OF LUCRECE.txt": 0.07209692214248054,
    "THE TAMING OF THE SHREW.txt": 0.11298606423240198,
    "THE TEMPEST.txt": 0.0987863985601875,
    "THE TRAGEDY OF ANTONY AND CLEOPATRA.txt": 0.10456558351907425,
    "THE TRAGEDY OF CORIOLANUS.txt": 0.0935349691038232,
    "THE TRAGEDY OF HAMLET PRINCE OF DENMARK.txt": 0.10497381388711047,
    "THE TRAGEDY OF JULIUS CAESAR.txt": 0.09683977961845491,
    "THE TRAGEDY OF KING LEAR.txt": 0.09020565130322522,
    "THE TRAGEDY OF MACBETH.txt": 0.09435218679240615,
    "THE TRAGEDY OF OTHELLO MOOR OF VENICE.txt": 0.11785581246431459,
    "THE TRAGEDY OF ROMEO AND JULIET.txt": 0.10341345602717583,
    "THE TRAGEDY OF TITUS ANDRONICUS.txt": -0.0830189450722355,
    "THE TWO GENTLEMEN OF VERONA.txt": 0.11168438938425529,
    "The Two Noble Kinsmen by Shakespeare.txt": 0.11602474391051215,
    "THE WINTERS TALE.txt": 0.10831797328170006,
    "Venus and Adonis.txt": 0.06898306064775073
}