{
    "A LOVERS COMPLAINT.txt": -0.03162201397214448,
    "A MIDSUMMER NIGHT_S DREAM.txt": -0.0016437462607252762,
    "A Yorkshire Tragedy by Shakespeare.txt": 0.054187135165395806,
    "Arden of Feversham.txt": -0.04019795620145128,
    "AS YOU LIKE IT.txt": 0.11999571616837817,
    "CYMBELINE.txt": 0.07996017950468948,
    "Fair Em by Shakespeare.txt": 0.10099301992301729,
    "KING EDWARD III by Shakespeare.txt": 0.12600566419145914,
    "King Henry IV, Part 1.txt": 0.08186312807185053,
    "KING HENRY V.txt": 0.10578331886562681,
    "KING HENRY VI part I.txt": 0.012864093147815614,
    "KING HENRY VI Part II.txt": 0.11377211339558818,
    "KING HENRY VI Part III.txt": 0.049236460817684236,
    "KING HENRY VIII.txt": 0.11325298573312226,
    "KING JOHN.txt": 0.037102479706554004,
    "KING RICHARD II.txt": 0.10956522633995519,
    "KING RICHARD III.txt": 0.11263447676265248,
    "Locrine Mucedorus by Shakespeare.txt": -0.042150782866773984,
    "Love_s Labour_s Lost.txt": 0.10129025036487577,
    "MEASURE FOR MEASURE.txt": 0.11878880727874092,
    "Merchant of Venice.txt": 0.12259750771723293,
    "MUCH ADO ABOUT NOTHING.txt": 0.12584447772913537,
    "PERICLES PRINCE OF TYRE.txt": 0.1139115192044809,
    "Sir John Oldcastle by Shakespeare.txt": 0.11341137272943308,
    "Sir Thomas More by Shakespeare.txt": 0.11690175126377178,
    "Taming of the Shrew.txt": 0.10892232743236768,
    "The Comedy of Errors.txt": 0.06774928321118023,
    "THE HISTORY OF TROILUS AND CRESSIDA.txt": 0.007971061771611276,
    "The Life and Death of the Lord Cromwell by Shakespeare.txt": 0.1069896729781229,
    "THE LIFE OF TIMON OF ATHENS.txt": 0.08782600700736232,
    "The London Prodigal.txt": 0.09350963785013172,
    "The Merry Devill of Edmonton by Shakespeare.txt": 0.12102859859798765,
    "THE MERRY WIVES OF WINDSOR.txt": 0.1274422442381078,
    "The Puritaine Widdow by Shakespeare.txt": 0.13666804340319716,
    "THE RAPE OF LUCRECE.txt": 0.11538278340572977,
    "THE TAMING OF THE SHREW.txt": 0.08261996016021267,
    "THE TEMPEST.txt": 0.08419515142072315,
    "THE TRAGEDY OF ANTONY AND CLEOPATRA.txt": 0.08726802089067232,
    "THE TRAGEDY OF CORIOLANUS.txt": -0.13045757570276095,
    "THE TRAGEDY OF HAMLET PRINCE OF DENMARK.txt": 0.13200421974918136,
    "THE TRAGEDY OF JULIUS CAESAR.txt": 0.06996627301255576,
    "THE TRAGEDY OF KING LEAR.txt": 0.12189681407974312,
    "THE TRAGEDY OF MACBETH.txt": 0.052051631158689826,
    "THE TRAGEDY OF OTHELLO MOOR OF VENICE.txt": 0.13217921096228985,
    "THE TRAGEDY OF ROMEO AND JULIET.txt": 0.1405066554414699,
    "THE TRAGEDY OF TITUS ANDRONICUS.txt": 0.07630334356678875,
    "THE TWO GENTLEMEN OF VERONA.txt": 0.10792918057080769,
    "The Two Noble Kinsmen by Shakespeare.txt": 0.13259334629411668,
    "THE WINTERS TALE.txt": 0.11349958471822974,
    "Venus and Adonis.txt": 0.10805786906429887
}