{
    "A LOVERS COMPLAINT.txt": 0.023464979804708574,
    "A MIDSUMMER NIGHT_S DREAM.txt": 0.019382966568822324,
    "A Yorkshire Tragedy by Shakespeare.txt": 0.10595756037774001,
    "Arden of Feversham.txt": 0.12517997969941486,
    "AS YOU LIKE IT.txt": 0.1296259937482266,
    "CYMBELINE.txt": 0.11179735715842776,
    "Fair Em by Shakespeare.txt": 0.09624846212768551,
    "KING EDWARD III by Shakespeare.txt": 0.05615795725842759,
    "King Henry IV, Part 1.txt": 0.11054924598025884,
    "KING HENRY V.txt": 0.11414158541911124,
    "KING HENRY VI part I.txt": 0.06399763328528191,
    "KING HENRY VI Part II.txt": 0.10215666683310248,
    "KING HENRY VI Part III.txt": 0.14318822213574456,
    "KING HENRY VIII.txt": 0.14580226759455628,
    "KING JOHN.txt": -0.09140952734382479,
    "KING RICHARD II.txt": 0.11991542434136399,
    "KING RICHARD III.txt": 0.05489527762208979,
    "Locrine Mucedorus by Shakespeare.txt": 0.06023170370949055,
    "Love_s Labour_s Lost.txt": 0.12395729660296317,
    "MEASURE FOR MEASURE.txt": 0.14437196926716084,
    "Merchant of Venice.txt": 0.11492607981710923,
    "MUCH ADO ABOUT NOTHING.txt": 0.10329989905761011,
    "PERICLES PRINCE OF TYRE.txt": 0.121774873668066,
    "Sir John Oldcastle by Shakespeare.txt": 0.00698836009870174,
    "Sir Thomas More by Shakespeare.txt": 0.04375839590703384,
    "Taming of the Shrew.txt": 0.14516219265030672,
    "The Comedy of Errors.txt": 0.1110585182525004,
    "THE HISTORY OF TROILUS AND CRESSIDA.txt": 0.054718852647742566,
    "The Life and Death of the Lord Cromwell by Shakespeare.txt": 0.0690274962383543,
    "THE LIFE OF TIMON OF ATHENS.txt": 0.14246492045521064,
    "The London Prodigal.txt": 0.11395032419368761,
    "The Merry Devill of Edmonton by Shakespeare.txt": 0.13627324327647822,
    "THE MERRY WIVES OF WINDSOR.txt": 0.13766284842618093,
    "The Puritaine Widdow by Shakespeare.txt": 0.1367729530514667,
    "THE RAPE OF LUCRECE.txt": 0.13741096911280481,
    "THE TAMING OF THE SHREW.txt": 0.11984234660762083,
    "THE TEMPEST.txt": 0.11355564880554264,
    "THE TRAGEDY OF ANTONY AND CLEOPATRA.txt": -0.03691423266336813,
    "THE TRAGEDY OF CORIOLANUS.txt": 0.11728505659015803,
    "THE TRAGEDY OF HAMLET PRINCE OF DENMARK.txt": 0.12695579219713032,
    "THE TRAGEDY OF JULIUS CAESAR.txt": 0.12520195887228475,
    "THE TRAGEDY OF KING LEAR.txt": 0.11809902724543853,
    "THE TRAGEDY OF MACBETH.txt": 0.1153830764007362,
    "THE TRAGEDY OF OTHELLO MOOR OF VENICE.txt": 0.126927552137804,
    "THE TRAGEDY OF ROMEO AND JULIET.txt": 0.1288544515472853,
    "THE TRAGEDY OF TITUS ANDRONICUS.txt": 0.13936729876327847,
    "THE TWO GENTLEMEN OF VERONA.txt": 0.11347916936291924,
    "The Two Noble Kinsmen by Shakespeare.txt": 0.11543361279731978,
    "THE WINTERS TALE.txt": 0.13965175554942172,
    "Venus and Adonis.txt": 0.11283150860718394
}