{
    "A LOVERS COMPLAINT.txt": 0.04221053847643963,
    "A MIDSUMMER NIGHT_S DREAM.txt": 0.10840268779556006,
    "A Yorkshire Tragedy by Shakespeare.txt": 0.04175558024684001,
    "Arden of Feversham.txt": 0.10459760480876679,
    "AS YOU LIKE IT.txt": -0.1303260293896219,
    "CYMBELINE.txt": 0.08198067433824557,
    "Fair Em by Shakespeare.txt": 0.0889541535398013,
    "KING EDWARD III by Shakespeare.txt": 0.07806133989233827,
    "King Henry IV, Part 1.txt": 0.1067775795931652,
    "KING HENRY V.txt": 0.09920994048558557,
    "KING HENRY VI part I.txt": -0.04528752357625265,
    "KING HENRY VI Part II.txt": 0.07239624735464778,
    "KING HENRY VI Part III.txt": 0.1158323676800363,
    "KING HENRY VIII.txt": 0.06406408680121789,
    "KING JOHN.txt": -0.14324628954157492,
    "KING RICHARD II.txt": 0.10485994439985896,
    "KING RICHARD III.txt": 0.09625363001134485,
    "Locrine Mucedorus by Shakespeare.txt": 0.10994848705288124,
    "Love_s Labour_s Lost.txt": 0.10765926057547526,
    "MEASURE FOR MEASURE.txt": 0.10798896055929663,
    "Merchant of Venice.txt": -0.11397926895708566,
    "MUCH ADO ABOUT NOTHING.txt": 0.06573187684146303,
    "PERICLES PRINCE OF TYRE.txt": 0.1038711882482331,
    "Sir John Oldcastle by Shakespeare.txt": 0.12117087466038295,
    "Sir Thomas More by Shakespeare.txt": 0.11005676148187082,
    "Taming of the Shrew.txt": 0.07795094370469074,
    "The Comedy of Errors.txt": 0.09104910884806183,
    "THE HISTORY OF TROILUS AND CRESSIDA.txt": 0.10672417121099464,
    "The Life and Death of the Lord Cromwell by Shakespeare.txt": 0.10909882927555592,
    "THE LIFE OF TIMON OF ATHENS.txt": 0.10075917806609458,
    "The London Prodigal.txt": 0.10354079711450614,
    "The Merry Devill of Edmonton by Shakespeare.txt": 0.07059008343272716,
    "THE MERRY WIVES OF WINDSOR.txt": -0.17250502900661813,
    "The Puritaine Widdow by Shakespeare.txt": 0.12000783425992917,
    "THE RAPE OF LUCRECE.txt": 0.08598781000388211,
    "THE TAMING OF THE SHREW.txt": 0.07488787697353155,
    "THE TEMPEST.txt": 0.10896570821278223,
    "THE TRAGEDY OF ANTONY AND CLEOPATRA.txt": 0.09637383689334389,
    "THE TRAGEDY OF CORIOLANUS.txt": 0.09836818149392917,
    "THE TRAGEDY OF HAMLET PRINCE OF DENMARK.txt": 0.09959706261479956,
    "THE TRAGEDY OF JULIUS CAESAR.txt": 0.10978036721891915,
    "THE TRAGEDY OF KING LEAR.txt": 0.0914458458348541,
    "THE TRAGEDY OF MACBETH.txt": 0.07731143615209929,
    "THE TRAGEDY OF OTHELLO MOOR OF VENICE.txt": 0.01357307878186459,
    "THE TRAGEDY OF ROMEO AND JULIET.txt": 0.09345060892818441,
    "THE TRAGEDY OF TITUS ANDRONICUS.txt": 0.044080822738913616,
    "THE TWO GENTLEMEN OF VERONA.txt": 0.02475774295283334,
    "The Two Noble Kinsmen by Shakespeare.txt": 0.07659650910608556,
    "THE WINTERS TALE.txt": 0.11556894834023201,
    "Venus and Adonis.txt": 0.07909892777713234
}