{
    "A LOVERS COMPLAINT.txt": -0.031502544365282326,
    "A MIDSUMMER NIGHT_S DREAM.txt": -0.029057763419605753,
    "A Yorkshire Tragedy by Shakespeare.txt": 0.07778893808519144,
    "Arden of Feversham.txt": 0.10537462945228965,
    "AS YOU LIKE IT.txt": 0.14811829916865754,
    "CYMBELINE.txt": 0.09841849912062112,
    "Fair Em by Shakespeare.txt": 0.1356363697592206,
    "KING EDWARD III by Shakespeare.txt": 0.12381351789079909,
    "King Henry IV, Part 1.txt": 0.14366573555053763,
    "KING HENRY V.txt": 0.13242620259980692,
    "KING HENRY VI part I.txt": -0.09269710960082189,
    "KING HENRY VI Part II.txt": 0.1310163244860698,
    "KING HENRY VI Part III.txt": 0.14559786791832408,
    "KING HENRY VIII.txt": 0.14140301125097537,
    "KING JOHN.txt": 0.03678413379913831,
    "KING RICHARD II.txt": 0.14731140984012697,
    "KING RICHARD III.txt": 0.1457172331928987,
    "Locrine Mucedorus by Shakespeare.txt": 0.05881176897349255,
    "Love_s Labour_s Lost.txt": 0.11389480344367792,
    "MEASURE FOR MEASURE.txt": 0.12128495295701874,
    "Merchant of Venice.txt": 0.1325619600076346,
    "MUCH ADO ABOUT NOTHING.txt": 0.1604086230865801,
    "PERICLES PRINCE OF TYRE.txt": 0.12506498665672172,
    "Sir John Oldcastle by Shakespeare.txt": 0.1308052987488063,
    "Sir Thomas More by Shakespeare.txt": 0.12807700726200266,
    "Taming of the Shrew.txt": 0.13841611184163666,
    "The Comedy of Errors.txt": 0.11055982412893128,
    "THE HISTORY OF TROILUS AND CRESSIDA.txt": 0.1363241721880838,
    "The Life and Death of the Lord Cromwell by Shakespeare.txt": 0.0914335112038967,
    "THE LIFE OF TIMON OF ATHENS.txt": 0.08076677294591744,
    "The London Prodigal.txt": 0.11391670976309876,
    "The Merry Devill of Edmonton by Shakespeare.txt": 0.11712818318601204,
    "THE MERRY WIVES OF WINDSOR.txt": 0.1426940720048423,
    "The Puritaine Widdow by Shakespeare.txt": 0.13185701973836306,
    "THE RAPE OF LUCRECE.txt": 0.06828791732840861,
    "THE TAMING OF THE SHREW.txt": 0.14231534134933088,
    "THE TEMPEST.txt": 0.0963667067424539,
    "THE TRAGEDY OF ANTONY AND CLEOPATRA.txt": 0.11972084512009923,
    "THE TRAGEDY OF CORIOLANUS.txt": 0.1425459202234317,
    "THE TRAGEDY OF HAMLET PRINCE OF DENMARK.txt": 0.109158560360688,
    "THE TRAGEDY OF JULIUS CAESAR.txt": 0.11765717378841117,
    "THE TRAGEDY OF KING LEAR.txt": 0.12449455551432803,
    "THE TRAGEDY OF MACBETH.txt": 0.13349298284504596,
    "THE TRAGEDY OF OTHELLO MOOR OF VENICE.txt": 0.1381453748264967,
    "THE TRAGEDY OF ROMEO AND JULIET.txt": 0.12920932148782677,
    "THE TRAGEDY OF TITUS ANDRONICUS.txt": 0.13675832489834377,
    "THE TWO GENTLEMEN OF VERONA.txt": 0.10753425593253274,
    "The Two Noble Kinsmen by Shakespeare.txt": -0.06872205986293456,
    "THE WINTERS TALE.txt": 0.12074793353871816,
    "Venus and Adonis.txt": 0.10286247930193121
}