{
    "A LOVERS COMPLAINT.txt": -0.09810487844040428,
    "A MIDSUMMER NIGHT_S DREAM.txt": 0.08361252969930233,
    "A Yorkshire Tragedy by Shakespeare.txt": 0.1559718749360975,
    "Arden of Feversham.txt": 0.0549621736319722,
    "AS YOU LIKE IT.txt": 0.120182605093695,
    "CYMBELINE.txt": 0.033151704776579305,
    "Fair Em by Shakespeare.txt": 0.12715219194682686,
    "KING EDWARD III by Shakespeare.txt": 0.07877666850357679,
    "King Henry IV, Part 1.txt": 0.14538868454576015,
    "KING HENRY V.txt": 0.15014071804390094,
    "KING HENRY VI part I.txt": -0.12058645763027065,
    "KING HENRY VI Part II.txt": 0.1306552334352773,
    "KING HENRY VI Part III.txt": 0.12468659425244055,
    "KING HENRY VIII.txt": 0.13028997466925518,
    "KING JOHN.txt": 0.15747439568101723,
    "KING RICHARD II.txt": 0.13631597478795848,
    "KING RICHARD III.txt": 0.1491087249368484,
    "Locrine Mucedorus by Shakespeare.txt": 0.10380878076034633,
    "Love_s Labour_s Lost.txt": 0.13352902289986018,
    "MEASURE FOR MEASURE.txt": 0.13694818693437327,
    "Merchant of Venice.txt": 0.14104557771590948,
    "MUCH ADO ABOUT NOTHING.txt": 0.15739569903828443,
    "PERICLES PRINCE OF TYRE.txt": 0.11006641781126075,
    "Sir John Oldcastle by Shakespeare.txt": 0.12471316437103735,
    "Sir Thomas More by Shakespeare.txt": 0.1476516708299609,
    "Taming of the Shrew.txt": 0.1486170472486188,
    "The Comedy of Errors.txt": 0.11760855341147752,
    "THE HISTORY OF TROILUS AND CRESSIDA.txt": 0.14723501253534305,
    "The Life and Death of the Lord Cromwell by Shakespeare.txt": 0.08954529494746943,
    "THE LIFE OF TIMON OF ATHENS.txt": 0.1314351541921855,
    "The London Prodigal.txt": 0.08862973574321742,
    "The Merry Devill of Edmonton by Shakespeare.txt": 0.12269664847995398,
    "THE MERRY WIVES OF WINDSOR.txt": 0.139515929571216,
    "The Puritaine Widdow by Shakespeare.txt": 0.11028839143279534,
    "THE RAPE OF LUCRECE.txt": 0.020124703274714217,
    "THE TAMING OF THE SHREW.txt": 0.16077486084518933,
    "THE TEMPEST.txt": 0.13664724771709524,
    "THE TRAGEDY OF ANTONY AND CLEOPATRA.txt": 0.11325661933212755,
    "THE TRAGEDY OF CORIOLANUS.txt": 0.1469782231265031,
    "THE TRAGEDY OF HAMLET PRINCE OF DENMARK.txt": 0.148247992796482,
    "THE TRAGEDY OF JULIUS CAESAR.txt": 0.11445018309242899,
    "THE TRAGEDY OF KING LEAR.txt": 0.14360794044137493,
    "THE TRAGEDY OF MACBETH.txt": 0.11927576168328657,
    "THE TRAGEDY OF OTHELLO MOOR OF VENICE.txt": 0.12818294274028152,
    "THE TRAGEDY OF ROMEO AND JULIET.txt": 0.10861933630516263,
    "THE TRAGEDY OF TITUS ANDRONICUS.txt": 0.09758797180288165,
    "THE TWO GENTLEMEN OF VERONA.txt": 0.1329623455609606,
    "The Two Noble Kinsmen by Shakespeare.txt": -0.10602686336264966,
    "THE WINTERS TALE.txt": 0.15159345673952923,
    "Venus and Adonis.txt": -0.00019461117369223846
}