{
    "A LOVERS COMPLAINT.txt": -0.019536911429846815,
    "A MIDSUMMER NIGHT_S DREAM.txt": 0.0659469073718621,
    "A Yorkshire Tragedy by Shakespeare.txt": 0.05100893630521636,
    "Arden of Feversham.txt": 0.07202426111890842,
    "AS YOU LIKE IT.txt": 0.05491462635478006,
    "CYMBELINE.txt": 0.04435857774653851,
    "Fair Em by Shakespeare.txt": -0.019536911429846815,
    "KING EDWARD III by Shakespeare.txt": -0.019536911429846815,
    "King Henry IV, Part 1.txt": -0.008597138709737107,
    "KING HENRY V.txt": 0.09582482116356084,
    "KING HENRY VI part I.txt": 0.018555265719347847,
    "KING HENRY VI Part II.txt": 0.017766579378194536,
    "KING HENRY VI Part III.txt": 0.08573381386950008,
    "KING HENRY VIII.txt": 0.08573381386950008,
    "KING JOHN.txt": 0.0626879566385306,
    "KING RICHARD II.txt": -0.019536911429846815,
    "KING RICHARD III.txt": 0.07436712827671116,
    "Locrine Mucedorus by Shakespeare.txt": 0.057762076924999906,
    "Love_s Labour_s Lost.txt": 0.06279139772576942,
    "MEASURE FOR MEASURE.txt": 0.05756712570385614,
    "Merchant of Venice.txt": 0.06924756415747757,
    "MUCH ADO ABOUT NOTHING.txt": -0.012153321492410218,
    "PERICLES PRINCE OF TYRE.txt": 0.08311247556142581,
    "Sir John Oldcastle by Shakespeare.txt": -0.04360377041857999,
    "Sir Thomas More by Shakespeare.txt": 0.05273991492464508,
    "Taming of the Shrew.txt": 0.06469866132510588,
    "The Comedy of Errors.txt": -0.1698362829728325,
    "THE HISTORY OF TROILUS AND CRESSIDA.txt": 0.0463389706321104,
    "The Life and Death of the Lord Cromwell by Shakespeare.txt": 0.07030540058950424,
    "THE LIFE OF TIMON OF ATHENS.txt": 0.06095191870656236,
    "The London Prodigal.txt": 0.08573381386950008,
    "The Merry Devill of Edmonton by Shakespeare.txt": 0.05095617892894122,
    "THE MERRY WIVES OF WINDSOR.txt": 0.08686731101587475,
    "The Puritaine Widdow by Shakespeare.txt": 0.055976345783973036,
    "THE RAPE OF LUCRECE.txt": 0.017766579378194536,
    "THE TAMING OF THE SHREW.txt": 0.032274456457141276,
    "THE TEMPEST.txt": -0.03132874192540669,
    "THE TRAGEDY OF ANTONY AND CLEOPATRA.txt": 0.010437906530561869,
    "THE TRAGEDY OF CORIOLANUS.txt": 0.060232080431397994,
    "THE TRAGEDY OF HAMLET PRINCE OF DENMARK.txt": 0.017965130809338925,
    "THE TRAGEDY OF JULIUS CAESAR.txt": 0.08801107971419075,
    "THE TRAGEDY OF KING LEAR.txt": 0.08074928751660743,
    "THE TRAGEDY OF MACBETH.txt": 0.09285604526717756,
    "THE TRAGEDY OF OTHELLO MOOR OF VENICE.txt": 0.04658187240717343,
    "THE TRAGEDY OF ROMEO AND JULIET.txt": 0.05937542940730889,
    "THE TRAGEDY OF TITUS ANDRONICUS.txt": 0.06188287263006853,
    "THE TWO GENTLEMEN OF VERONA.txt": 0.0512452876261803,
    "The Two Noble Kinsmen by Shakespeare.txt": 0.07609944157344645,
    "THE WINTERS TALE.txt": 0.08428223916492028,
    "Venus and Adonis.txt": 0.08573381386950008
}