{
    "A LOVERS COMPLAINT.txt": -0.15090937334742716,
    "A MIDSUMMER NIGHT_S DREAM.txt": 0.09749746092868677,
    "A Yorkshire Tragedy by Shakespeare.txt": 0.09201005869357198,
    "Arden of Feversham.txt": 0.12639268346279725,
    "AS YOU LIKE IT.txt": 0.10769382829686608,
    "CYMBELINE.txt": 0.12407876998664336,
    "Fair Em by Shakespeare.txt": 0.11817319968028156,
    "KING EDWARD III by Shakespeare.txt": 0.10915574350148183,
    "King Henry IV, Part 1.txt": 0.1407735601325677,
    "KING HENRY V.txt": 0.13820520737061542,
    "KING HENRY VI part I.txt": -0.02767268629616282,
    "KING HENRY VI Part II.txt": 0.1168064278636804,
    "KING HENRY VI Part III.txt": 0.12970191455034075,
    "KING HENRY VIII.txt": 0.13702587636628483,
    "KING JOHN.txt": 0.07137358732990151,
    "KING RICHARD II.txt": 0.12058484952343246,
    "KING RICHARD III.txt": 0.093795658875797,
    "Locrine Mucedorus by Shakespeare.txt": 0.11270273073268744,
    "Love_s Labour_s Lost.txt": 0.1469848438256952,
    "MEASURE FOR MEASURE.txt": 0.11517226361208194,
    "Merchant of Venice.txt": 0.11590574294738037,
    "MUCH ADO ABOUT NOTHING.txt": 0.11868625961370632,
    "PERICLES PRINCE OF TYRE.txt": 0.07561917116554523,
    "Sir John Oldcastle by Shakespeare.txt": 0.1321875542474138,
    "Sir Thomas More by Shakespeare.txt": 0.11048646199661677,
    "Taming of the Shrew.txt": 0.11127397015206947,
    "The Comedy of Errors.txt": 0.07174531081710506,
    "THE HISTORY OF TROILUS AND CRESSIDA.txt": 0.1462349627016034,
    "The Life and Death of the Lord Cromwell by Shakespeare.txt": 0.12569707018084797,
    "THE LIFE OF TIMON OF ATHENS.txt": 0.1372872935103791,
    "The London Prodigal.txt": 0.12821171827572642,
    "The Merry Devill of Edmonton by Shakespeare.txt": 0.11115111979284564,
    "THE MERRY WIVES OF WINDSOR.txt": 0.13954146786418625,
    "The Puritaine Widdow by Shakespeare.txt": 0.1276895451087312,
    "THE RAPE OF LUCRECE.txt": 0.10540088574791939,
    "THE TAMING OF THE SHREW.txt": 0.13834667834643044,
    "THE TEMPEST.txt": 0.11465849268638628,
    "THE TRAGEDY OF ANTONY AND CLEOPATRA.txt": 0.11055026358439846,
    "THE TRAGEDY OF CORIOLANUS.txt": 0.13798470544126124,
    "THE TRAGEDY OF HAMLET PRINCE OF DENMARK.txt": 0.13817406805580207,
    "THE TRAGEDY OF JULIUS CAESAR.txt": 0.1072968530369034,
    "THE TRAGEDY OF KING LEAR.txt": 0.11062497231345725,
    "THE TRAGEDY OF MACBETH.txt": 0.11034255908594925,
    "THE TRAGEDY OF OTHELLO MOOR OF VENICE.txt": 0.034587639227475875,
    "THE TRAGEDY OF ROMEO AND JULIET.txt": 0.14381577607723967,
    "THE TRAGEDY OF TITUS ANDRONICUS.txt": 0.10097020184030403,
    "THE TWO GENTLEMEN OF VERONA.txt": 0.1304173364687496,
    "The Two Noble Kinsmen by Shakespeare.txt": 0.06183381606351601,
    "THE WINTERS TALE.txt": 0.13870102663596945,
    "Venus and Adonis.txt": 0.09902709371781276
}