{
    "A LOVERS COMPLAINT.txt": -0.1701614061004061,
    "A MIDSUMMER NIGHT_S DREAM.txt": 0.11494865581201286,
    "A Yorkshire Tragedy by Shakespeare.txt": 0.11258800904934135,
    "Arden of Feversham.txt": -0.01457579879075166,
    "AS YOU LIKE IT.txt": 0.13505770616092055,
    "CYMBELINE.txt": 0.14417609731642322,
    "Fair Em by Shakespeare.txt": 0.1349898014620195,
    "KING EDWARD III by Shakespeare.txt": 0.13013093418695548,
    "King Henry IV, Part 1.txt": 0.1318518821255245,
    "KING HENRY V.txt": 0.1505629418220505,
    "KING HENRY VI part I.txt": 0.08448817057172253,
    "KING HENRY VI Part II.txt": 0.15258414266817383,
    "KING HENRY VI Part III.txt": 0.12806926711066968,
    "KING HENRY VIII.txt": 0.12508220101953316,
    "KING JOHN.txt": 0.12606446014758843,
    "KING RICHARD II.txt": 0.12004298296815735,
    "KING RICHARD III.txt": 0.12359837665264845,
    "Locrine Mucedorus by Shakespeare.txt": 0.14351069176408576,
    "Love_s Labour_s Lost.txt": 0.13051189648126182,
    "MEASURE FOR MEASURE.txt": 0.13827707300352698,
    "Merchant of Venice.txt": 0.1304683258413914,
    "MUCH ADO ABOUT NOTHING.txt": 0.15012436416791908,
    "PERICLES PRINCE OF TYRE.txt": 0.13821122693759358,
    "Sir John Oldcastle by Shakespeare.txt": 0.14731433416010964,
    "Sir Thomas More by Shakespeare.txt": 0.1381147338300363,
    "Taming of the Shrew.txt": 0.1296530862819903,
    "The Comedy of Errors.txt": -0.1353146528147131,
    "THE HISTORY OF TROILUS AND CRESSIDA.txt": 0.08036012512726587,
    "The Life and Death of the Lord Cromwell by Shakespeare.txt": 0.08417238581697195,
    "THE LIFE OF TIMON OF ATHENS.txt": 0.11757892973900863,
    "The London Prodigal.txt": 0.09397637187055963,
    "The Merry Devill of Edmonton by Shakespeare.txt": 0.11103663272554898,
    "THE MERRY WIVES OF WINDSOR.txt": 0.11982428841508974,
    "The Puritaine Widdow by Shakespeare.txt": 0.12254027013136343,
    "THE RAPE OF LUCRECE.txt": 0.02858806177851031,
    "THE TAMING OF THE SHREW.txt": 0.09083132138882005,
    "THE TEMPEST.txt": 0.135675752684289,
    "THE TRAGEDY OF ANTONY AND CLEOPATRA.txt": 0.13739595430300294,
    "THE TRAGEDY OF CORIOLANUS.txt": 0.14234049290874168,
    "THE TRAGEDY OF HAMLET PRINCE OF DENMARK.txt": 0.14263077865086604,
    "THE TRAGEDY OF JULIUS CAESAR.txt": -0.09558690554022475,
    "THE TRAGEDY OF KING LEAR.txt": 0.12654220095844843,
    "THE TRAGEDY OF MACBETH.txt": 0.08827016903692281,
    "THE TRAGEDY OF OTHELLO MOOR OF VENICE.txt": -0.042010329551252834,
    "THE TRAGEDY OF ROMEO AND JULIET.txt": 0.12873054300219627,
    "THE TRAGEDY OF TITUS ANDRONICUS.txt": 0.12046797054976505,
    "THE TWO GENTLEMEN OF VERONA.txt": 0.12980632623167643,
    "The Two Noble Kinsmen by Shakespeare.txt": 0.09562426004904728,
    "THE WINTERS TALE.txt": 0.12604775169962457,
    "Venus and Adonis.txt": 0.014683397473723492
}