{
    "A LOVERS COMPLAINT.txt": -0.2196887332206654,
    "A MIDSUMMER NIGHT_S DREAM.txt": 0.04298688020300734,
    "A Yorkshire Tragedy by Shakespeare.txt": 0.05251147111114218,
    "Arden of Feversham.txt": 0.049141955521876834,
    "AS YOU LIKE IT.txt": -0.005888659186092493,
    "CYMBELINE.txt": 0.016761883303928138,
    "Fair Em by Shakespeare.txt": -0.014299381472858474,
    "KING EDWARD III by Shakespeare.txt": 0.05460249766860609,
    "King Henry IV, Part 1.txt": 0.05716403564152289,
    "KING HENRY V.txt": 0.05967947560683806,
    "KING HENRY VI part I.txt": -0.04713993324860499,
    "KING HENRY VI Part II.txt": 0.05967947560683806,
    "KING HENRY VI Part III.txt": 0.07588372546143124,
    "KING HENRY VIII.txt": -0.06580967579121677,
    "KING JOHN.txt": 0.0493550461379586,
    "KING RICHARD II.txt": 0.01956460473155258,
    "KING RICHARD III.txt": 0.07890653287213051,
    "Locrine Mucedorus by Shakespeare.txt": 0.07031903419993141,
    "Love_s Labour_s Lost.txt": 0.04775821795217944,
    "MEASURE FOR MEASURE.txt": 0.06679876833566495,
    "Merchant of Venice.txt": 0.01969214185254692,
    "MUCH ADO ABOUT NOTHING.txt": 0.006239637468585413,
    "PERICLES PRINCE OF TYRE.txt": 0.06290365039472506,
    "Sir John Oldcastle by Shakespeare.txt": 0.035302865439109765,
    "Sir Thomas More by Shakespeare.txt": 0.07031903419993141,
    "Taming of the Shrew.txt": 0.07031903419993141,
    "The Comedy of Errors.txt": 0.023217192102973516,
    "THE HISTORY OF TROILUS AND CRESSIDA.txt": 0.07031903419993141,
    "The Life and Death of the Lord Cromwell by Shakespeare.txt": 0.052955750583173866,
    "THE LIFE OF TIMON OF ATHENS.txt": 0.07031903419993141,
    "The London Prodigal.txt": 0.08024323379407905,
    "The Merry Devill of Edmonton by Shakespeare.txt": 0.08024323379407905,
    "THE MERRY WIVES OF WINDSOR.txt": 0.07031903419993141,
    "The Puritaine Widdow by Shakespeare.txt": 0.07632295574660253,
    "THE RAPE OF LUCRECE.txt": 0.061192962042092014,
    "THE TAMING OF THE SHREW.txt": 0.04795096529452364,
    "THE TEMPEST.txt": -0.04713993324860499,
    "THE TRAGEDY OF ANTONY AND CLEOPATRA.txt": -0.014196980864566,
    "THE TRAGEDY OF CORIOLANUS.txt": 0.05405916834386276,
    "THE TRAGEDY OF HAMLET PRINCE OF DENMARK.txt": 0.06297716758804228,
    "THE TRAGEDY OF JULIUS CAESAR.txt": 0.07382570967500918,
    "THE TRAGEDY OF KING LEAR.txt": 0.08024323379407905,
    "THE TRAGEDY OF MACBETH.txt": 0.06271466585103297,
    "THE TRAGEDY OF OTHELLO MOOR OF VENICE.txt": 0.0445517563024474,
    "THE TRAGEDY OF ROMEO AND JULIET.txt": 0.0669048270753469,
    "THE TRAGEDY OF TITUS ANDRONICUS.txt": 0.07031903419993141,
    "THE TWO GENTLEMEN OF VERONA.txt": 0.04853311262738802,
    "The Two Noble Kinsmen by Shakespeare.txt": -0.04463453426547448,
    "THE WINTERS TALE.txt": -0.02068850045214976,
    "Venus and Adonis.txt": 0.06290365039472506
}