{
    "A LOVERS COMPLAINT.txt": 0.06776280984678906,
    "A MIDSUMMER NIGHT_S DREAM.txt": 0.0023329865602280675,
    "A Yorkshire Tragedy by Shakespeare.txt": 0.047524625722032754,
    "Arden of Feversham.txt": 0.10852295510825333,
    "AS YOU LIKE IT.txt": 0.11744341630819949,
    "CYMBELINE.txt": 0.0982108012554887,
    "Fair Em by Shakespeare.txt": 0.047524625722032754,
    "KING EDWARD III by Shakespeare.txt": 0.035779443168235614,
    "King Henry IV, Part 1.txt": 0.09590683213520323,
    "KING HENRY V.txt": -0.035053752919256054,
    "KING HENRY VI part I.txt": 0.08807121578657123,
    "KING HENRY VI Part II.txt": 0.09198823822076257,
    "KING HENRY VI Part III.txt": 0.009128825677573726,
    "KING HENRY VIII.txt": -0.21313475006853444,
    "KING JOHN.txt": -0.0014913543907708604,
    "KING RICHARD II.txt": 0.11800397766523402,
    "KING RICHARD III.txt": -0.028924803201611726,
    "Locrine Mucedorus by Shakespeare.txt": 0.036792502953394035,
    "Love_s Labour_s Lost.txt": 0.04995314516399174,
    "MEASURE FOR MEASURE.txt": 0.06821934116678446,
    "Merchant of Venice.txt": 0.10634033068876303,
    "MUCH ADO ABOUT NOTHING.txt": 0.10389581850725649,
    "PERICLES PRINCE OF TYRE.txt": 0.11028348609244537,
    "Sir John Oldcastle by Shakespeare.txt": 0.07571189903559883,
    "Sir Thomas More by Shakespeare.txt": 0.09249581649284944,
    "Taming of the Shrew.txt": 0.10092302267999576,
    "The Comedy of Errors.txt": 0.09546554118241113,
    "THE HISTORY OF TROILUS AND CRESSIDA.txt": 0.012953993393000018,
    "The Life and Death of the Lord Cromwell by Shakespeare.txt": 0.100841003623861,
    "THE LIFE OF TIMON OF ATHENS.txt": 0.06776280984678906,
    "The London Prodigal.txt": 0.08869140711395779,
    "The Merry Devill of Edmonton by Shakespeare.txt": 0.11022702851769878,
    "THE MERRY WIVES OF WINDSOR.txt": -0.01806627491620616,
    "The Puritaine Widdow by Shakespeare.txt": 0.09942558738541252,
    "THE RAPE OF LUCRECE.txt": 0.0667068960917041,
    "THE TAMING OF THE SHREW.txt": 0.10587541698492442,
    "THE TEMPEST.txt": 0.11100059993086575,
    "THE TRAGEDY OF ANTONY AND CLEOPATRA.txt": 0.08612135974403551,
    "THE TRAGEDY OF CORIOLANUS.txt": 0.08746841089819457,
    "THE TRAGEDY OF HAMLET PRINCE OF DENMARK.txt": 0.030335844789415978,
    "THE TRAGEDY OF JULIUS CAESAR.txt": 0.0866266628807777,
    "THE TRAGEDY OF KING LEAR.txt": 0.09895871407516166,
    "THE TRAGEDY OF MACBETH.txt": 0.06400882093222454,
    "THE TRAGEDY OF OTHELLO MOOR OF VENICE.txt": 0.0968266417619803,
    "THE TRAGEDY OF ROMEO AND JULIET.txt": 0.08831005232890127,
    "THE TRAGEDY OF TITUS ANDRONICUS.txt": 0.04214526519113654,
    "THE TWO GENTLEMEN OF VERONA.txt": 0.0939138643167931,
    "The Two Noble Kinsmen by Shakespeare.txt": 0.09594862131369869,
    "THE WINTERS TALE.txt": 0.09773574473182867,
    "Venus and Adonis.txt": -0.05576255034795652
}