{
    "A LOVERS COMPLAINT.txt": 0.06669653601102882,
    "A MIDSUMMER NIGHT_S DREAM.txt": -0.007683503893632149,
    "A Yorkshire Tragedy by Shakespeare.txt": 0.07697226105518518,
    "Arden of Feversham.txt": 0.09016832770381145,
    "AS YOU LIKE IT.txt": 0.11264625293388059,
    "CYMBELINE.txt": 0.07068627071535505,
    "Fair Em by Shakespeare.txt": 0.07697226105518518,
    "KING EDWARD III by Shakespeare.txt": 0.03728871737007877,
    "King Henry IV, Part 1.txt": 0.09711486848476736,
    "KING HENRY V.txt": -0.024107050950778808,
    "KING HENRY VI part I.txt": 0.0945331659574688,
    "KING HENRY VI Part II.txt": 0.0973403515732485,
    "KING HENRY VI Part III.txt": 0.024690416042135788,
    "KING HENRY VIII.txt": -0.21234585660826455,
    "KING JOHN.txt": -0.0007491666083795367,
    "KING RICHARD II.txt": 0.1055871311795768,
    "KING RICHARD III.txt": -0.03620001441622622,
    "Locrine Mucedorus by Shakespeare.txt": 0.04501525606645035,
    "Love_s Labour_s Lost.txt": 0.05453129153589048,
    "MEASURE FOR MEASURE.txt": 0.08349657126850307,
    "Merchant of Venice.txt": 0.10773568040785786,
    "MUCH ADO ABOUT NOTHING.txt": 0.10023394032640365,
    "PERICLES PRINCE OF TYRE.txt": 0.11478547693752833,
    "Sir John Oldcastle by Shakespeare.txt": 0.06032171467010766,
    "Sir Thomas More by Shakespeare.txt": 0.1018275377352354,
    "Taming of the Shrew.txt": 0.11070427130909394,
    "The Comedy of Errors.txt": 0.09489409397632176,
    "THE HISTORY OF TROILUS AND CRESSIDA.txt": 0.02230230319919918,
    "The Life and Death of the Lord Cromwell by Shakespeare.txt": 0.09733426921141852,
    "THE LIFE OF TIMON OF ATHENS.txt": 0.06669653601102882,
    "The London Prodigal.txt": 0.07831935476262558,
    "The Merry Devill of Edmonton by Shakespeare.txt": 0.11202130667452537,
    "THE MERRY WIVES OF WINDSOR.txt": -0.017415061756202443,
    "The Puritaine Widdow by Shakespeare.txt": 0.08608703884551466,
    "THE RAPE OF LUCRECE.txt": 0.07005801554200086,
    "THE TAMING OF THE SHREW.txt": 0.08489362610317647,
    "THE TEMPEST.txt": 0.11240650307153294,
    "THE TRAGEDY OF ANTONY AND CLEOPATRA.txt": 0.09073058036399367,
    "THE TRAGEDY OF CORIOLANUS.txt": 0.08844112450359781,
    "THE TRAGEDY OF HAMLET PRINCE OF DENMARK.txt": 0.04152149806962735,
    "THE TRAGEDY OF JULIUS CAESAR.txt": 0.09638546298718731,
    "THE TRAGEDY OF KING LEAR.txt": 0.08389247059454935,
    "THE TRAGEDY OF MACBETH.txt": 0.06091088526110944,
    "THE TRAGEDY OF OTHELLO MOOR OF VENICE.txt": 0.094060567794507,
    "THE TRAGEDY OF ROMEO AND JULIET.txt": 0.09508257798290809,
    "THE TRAGEDY OF TITUS ANDRONICUS.txt": 0.03906621849461439,
    "THE TWO GENTLEMEN OF VERONA.txt": 0.09140776698087988,
    "The Two Noble Kinsmen by Shakespeare.txt": 0.12463425272496936,
    "THE WINTERS TALE.txt": 0.0750764432173176,
    "Venus and Adonis.txt": -0.04227050710423219
}