{
    "A LOVERS COMPLAINT.txt": 0.04223900895286686,
    "A MIDSUMMER NIGHT_S DREAM.txt": 0.024388179970355084,
    "A Yorkshire Tragedy by Shakespeare.txt": 0.05139763198253833,
    "Arden of Feversham.txt": 0.09089192891120107,
    "AS YOU LIKE IT.txt": 0.11819861511241397,
    "CYMBELINE.txt": 0.10088467341777807,
    "Fair Em by Shakespeare.txt": 0.05139763198253833,
    "KING EDWARD III by Shakespeare.txt": 0.04845929426154022,
    "King Henry IV, Part 1.txt": 0.09428956496449847,
    "KING HENRY V.txt": -0.00942787187950056,
    "KING HENRY VI part I.txt": 0.09945918886698518,
    "KING HENRY VI Part II.txt": 0.09331673739654295,
    "KING HENRY VI Part III.txt": 0.018209095902560035,
    "KING HENRY VIII.txt": -0.21820450204271058,
    "KING JOHN.txt": -0.0008235116150017152,
    "KING RICHARD II.txt": 0.11528263304454267,
    "KING RICHARD III.txt": -0.06374639838457008,
    "Locrine Mucedorus by Shakespeare.txt": 0.04303182160733299,
    "Love_s Labour_s Lost.txt": 0.06584558156526493,
    "MEASURE FOR MEASURE.txt": 0.08427947377918599,
    "Merchant of Venice.txt": 0.07570742996568786,
    "MUCH ADO ABOUT NOTHING.txt": 0.08750870342982531,
    "PERICLES PRINCE OF TYRE.txt": 0.11217785996545887,
    "Sir John Oldcastle by Shakespeare.txt": 0.07199982627683965,
    "Sir Thomas More by Shakespeare.txt": 0.1065955622445795,
    "Taming of the Shrew.txt": 0.08375211547929828,
    "The Comedy of Errors.txt": 0.08920538709939352,
    "THE HISTORY OF TROILUS AND CRESSIDA.txt": 0.05805625956385474,
    "The Life and Death of the Lord Cromwell by Shakespeare.txt": 0.09433506219487436,
    "THE LIFE OF TIMON OF ATHENS.txt": 0.04223900895286686,
    "The London Prodigal.txt": 0.07489426958567891,
    "The Merry Devill of Edmonton by Shakespeare.txt": 0.08321187512696043,
    "THE MERRY WIVES OF WINDSOR.txt": -0.02589387749636729,
    "The Puritaine Widdow by Shakespeare.txt": 0.09918287654537289,
    "THE RAPE OF LUCRECE.txt": 0.07902496447784918,
    "THE TAMING OF THE SHREW.txt": 0.10048506300636217,
    "THE TEMPEST.txt": 0.08710573867109134,
    "THE TRAGEDY OF ANTONY AND CLEOPATRA.txt": 0.08722049936957688,
    "THE TRAGEDY OF CORIOLANUS.txt": 0.0966683852258231,
    "THE TRAGEDY OF HAMLET PRINCE OF DENMARK.txt": 0.06014055773495319,
    "THE TRAGEDY OF JULIUS CAESAR.txt": 0.08913318987146052,
    "THE TRAGEDY OF KING LEAR.txt": 0.09895462224364443,
    "THE TRAGEDY OF MACBETH.txt": 0.06560375238894939,
    "THE TRAGEDY OF OTHELLO MOOR OF VENICE.txt": 0.0883078061183512,
    "THE TRAGEDY OF ROMEO AND JULIET.txt": 0.08973615786242656,
    "THE TRAGEDY OF TITUS ANDRONICUS.txt": 0.04936779995596102,
    "THE TWO GENTLEMEN OF VERONA.txt": 0.07864312831437958,
    "The Two Noble Kinsmen by Shakespeare.txt": 0.11580789785013174,
    "THE WINTERS TALE.txt": 0.08877596226180495,
    "Venus and Adonis.txt": -0.05015726128818243
}