{
    "A LOVERS COMPLAINT.txt": 0.037146867270107076,
    "A MIDSUMMER NIGHT_S DREAM.txt": 0.009546890931364516,
    "A Yorkshire Tragedy by Shakespeare.txt": 0.04662311643960376,
    "Arden of Feversham.txt": 0.10348715736383118,
    "AS YOU LIKE IT.txt": 0.10344252822260813,
    "CYMBELINE.txt": 0.10386420718729783,
    "Fair Em by Shakespeare.txt": 0.04662311643960376,
    "KING EDWARD III by Shakespeare.txt": 0.01694289377174585,
    "King Henry IV, Part 1.txt": 0.09292013320380799,
    "KING HENRY V.txt": -0.0347145098487065,
    "KING HENRY VI part I.txt": 0.08089400611185549,
    "KING HENRY VI Part II.txt": 0.08272488050156318,
    "KING HENRY VI Part III.txt": 0.015780484037785314,
    "KING HENRY VIII.txt": -0.20557159010993453,
    "KING JOHN.txt": 0.02123907441105799,
    "KING RICHARD II.txt": 0.11194300844843008,
    "KING RICHARD III.txt": -0.009040675188358382,
    "Locrine Mucedorus by Shakespeare.txt": 0.04497030265348256,
    "Love_s Labour_s Lost.txt": 0.04629049611286995,
    "MEASURE FOR MEASURE.txt": 0.045524591264531844,
    "Merchant of Venice.txt": 0.1130729671492679,
    "MUCH ADO ABOUT NOTHING.txt": 0.08872233006102614,
    "PERICLES PRINCE OF TYRE.txt": 0.1132709466403981,
    "Sir John Oldcastle by Shakespeare.txt": 0.03834750454800784,
    "Sir Thomas More by Shakespeare.txt": 0.09439942764579701,
    "Taming of the Shrew.txt": 0.10149281484450384,
    "The Comedy of Errors.txt": 0.10342973527563082,
    "THE HISTORY OF TROILUS AND CRESSIDA.txt": 0.03595659047849736,
    "The Life and Death of the Lord Cromwell by Shakespeare.txt": 0.1087494106853189,
    "THE LIFE OF TIMON OF ATHENS.txt": 0.037146867270107076,
    "The London Prodigal.txt": 0.07771451999251544,
    "The Merry Devill of Edmonton by Shakespeare.txt": 0.11213314122611379,
    "THE MERRY WIVES OF WINDSOR.txt": -0.011306242207502426,
    "The Puritaine Widdow by Shakespeare.txt": 0.09483099229875458,
    "THE RAPE OF LUCRECE.txt": 0.04720626628640229,
    "THE TAMING OF THE SHREW.txt": 0.12273287760981372,
    "THE TEMPEST.txt": 0.11290292963119808,
    "THE TRAGEDY OF ANTONY AND CLEOPATRA.txt": 0.09112023207066522,
    "THE TRAGEDY OF CORIOLANUS.txt": 0.08453752201195419,
    "THE TRAGEDY OF HAMLET PRINCE OF DENMARK.txt": 0.04071440490050432,
    "THE TRAGEDY OF JULIUS CAESAR.txt": 0.07687280618052433,
    "THE TRAGEDY OF KING LEAR.txt": 0.10286639221315969,
    "THE TRAGEDY OF MACBETH.txt": 0.03424395164271282,
    "THE TRAGEDY OF OTHELLO MOOR OF VENICE.txt": 0.08087392117668113,
    "THE TRAGEDY OF ROMEO AND JULIET.txt": 0.07549035127296211,
    "THE TRAGEDY OF TITUS ANDRONICUS.txt": 0.035238103693963185,
    "THE TWO GENTLEMEN OF VERONA.txt": 0.07722794255899373,
    "The Two Noble Kinsmen by Shakespeare.txt": 0.10228500589760986,
    "THE WINTERS TALE.txt": 0.09591743221283544,
    "Venus and Adonis.txt": -0.02934782344787712
}