{
    "A MIDSUMMER NIGHT_S DREAM.txt": 0.07081550229158357,
    "A Yorkshire Tragedy by Shakespeare.txt": 0.06883023365355101,
    "Arden of Feversham.txt": 0.08698605150302002,
    "AS YOU LIKE IT.txt": 0.04783113607537759,
    "CYMBELINE.txt": 0.0752405505256567,
    "Fair Em by Shakespeare.txt": 0.08213313333943933,
    "KING EDWARD III by Shakespeare.txt": -0.02656642306532697,
    "King Henry IV, Part 1.txt": 0.0805285360330611,
    "KING HENRY V.txt": -0.18905467204201443,
    "KING HENRY VI part I.txt": 0.10605090186073024,
    "KING HENRY VI Part II.txt": 0.022824685398860012,
    "KING HENRY VI Part III.txt": 0.07216536825442843,
    "KING HENRY VIII.txt": -0.023856236903752603,
    "KING JOHN.txt": 0.031163398985993462,
    "KING RICHARD II.txt": 0.09041873021604058,
    "KING RICHARD III.txt": 0.022500857660265827,
    "Locrine Mucedorus by Shakespeare.txt": -0.06507743758553708,
    "Love_s Labour_s Lost.txt": 0.06348985717501815,
    "MEASURE FOR MEASURE.txt": 0.07259733982637478,
    "Merchant of Venice.txt": 0.025078152105749818,
    "MUCH ADO ABOUT NOTHING.txt": 0.10277256875962637,
    "PERICLES PRINCE OF TYRE.txt": 0.06651348218246722,
    "Sir John Oldcastle by Shakespeare.txt": 0.0834704972807006,
    "Sir Thomas More by Shakespeare.txt": 0.0832058746603549,
    "Taming of the Shrew.txt": 0.0901278818561897,
    "The Comedy of Errors.txt": 0.07618056635026216,
    "THE HISTORY OF TROILUS AND CRESSIDA.txt": 0.05060808364518388,
    "The Life and Death of the Lord Cromwell by Shakespeare.txt": 0.07283461614220305,
    "THE LIFE OF TIMON OF ATHENS.txt": 0.04104045591475691,
    "The London Prodigal.txt": 0.08640343991686594,
    "The Merry Devill of Edmonton by Shakespeare.txt": 0.10951523275658737,
    "THE MERRY WIVES OF WINDSOR.txt": 0.002406580360282129,
    "The Puritaine Widdow by Shakespeare.txt": 0.09364312557515453,
    "THE RAPE OF LUCRECE.txt": 0.046884128730801056,
    "THE TAMING OF THE SHREW.txt": 0.08361674942264924,
    "THE TEMPEST.txt": 0.08244374847279828,
    "THE TRAGEDY OF ANTONY AND CLEOPATRA.txt": 0.08034449815706829,
    "THE TRAGEDY OF CORIOLANUS.txt": 0.07424617141301271,
    "THE TRAGEDY OF HAMLET PRINCE OF DENMARK.txt": 0.06654114556041707,
    "THE TRAGEDY OF JULIUS CAESAR.txt": 0.03437330346256906,
    "THE TRAGEDY OF KING LEAR.txt": 0.0992977414814395,
    "THE TRAGEDY OF MACBETH.txt": 0.07097778477585787,
    "THE TRAGEDY OF OTHELLO MOOR OF VENICE.txt": 0.09998623252115618,
    "THE TRAGEDY OF ROMEO AND JULIET.txt": 0.09226229867302843,
    "THE TRAGEDY OF TITUS ANDRONICUS.txt": 0.05493661064956079,
    "THE TWO GENTLEMEN OF VERONA.txt": 0.06729320673389938,
    "The Two Noble Kinsmen by Shakespeare.txt": 0.09630391665697108,
    "THE WINTERS TALE.txt": 0.09359406627277572,
    "Venus and Adonis.txt": 0.06506706643623972
}