{
    "A MIDSUMMER NIGHT_S DREAM.txt": 0.0973548689299269,
    "A Yorkshire Tragedy by Shakespeare.txt": 0.07985136537470872,
    "Arden of Feversham.txt": 0.11109962182602123,
    "AS YOU LIKE IT.txt": 0.08175117081788835,
    "CYMBELINE.txt": 0.0979828516695419,
    "Fair Em by Shakespeare.txt": 0.1113225911762673,
    "KING EDWARD III by Shakespeare.txt": -0.06662767346522402,
    "King Henry IV, Part 1.txt": 0.12058299239276327,
    "KING HENRY V.txt": -0.19592269030642662,
    "KING HENRY VI part I.txt": 0.11695611287229013,
    "KING HENRY VI Part II.txt": 0.04067609499190272,
    "KING HENRY VI Part III.txt": 0.08975377693793146,
    "KING HENRY VIII.txt": -0.05011908602367754,
    "KING JOHN.txt": 0.05418953310087543,
    "KING RICHARD II.txt": 0.09592537226059422,
    "KING RICHARD III.txt": 0.04555744808770196,
    "Locrine Mucedorus by Shakespeare.txt": -0.09001110904962539,
    "Love_s Labour_s Lost.txt": 0.09639883953675576,
    "MEASURE FOR MEASURE.txt": 0.09313780254559478,
    "Merchant of Venice.txt": 0.01544435329986904,
    "MUCH ADO ABOUT NOTHING.txt": 0.13250419017277454,
    "PERICLES PRINCE OF TYRE.txt": 0.08725463645817427,
    "Sir John Oldcastle by Shakespeare.txt": 0.09739041478330923,
    "Sir Thomas More by Shakespeare.txt": 0.09465535805933456,
    "Taming of the Shrew.txt": 0.0988345596204726,
    "The Comedy of Errors.txt": 0.09975951939701044,
    "THE HISTORY OF TROILUS AND CRESSIDA.txt": 0.08091214329661323,
    "The Life and Death of the Lord Cromwell by Shakespeare.txt": 0.08451526970353213,
    "THE LIFE OF TIMON OF ATHENS.txt": 0.07855037696872275,
    "The London Prodigal.txt": 0.08979174615921814,
    "The Merry Devill of Edmonton by Shakespeare.txt": 0.11264841540122739,
    "THE MERRY WIVES OF WINDSOR.txt": -0.028416460416489153,
    "The Puritaine Widdow by Shakespeare.txt": 0.09633579000806758,
    "THE RAPE OF LUCRECE.txt": 0.03128504669592769,
    "THE TAMING OF THE SHREW.txt": 0.07987644402563421,
    "THE TEMPEST.txt": 0.09473903607007983,
    "THE TRAGEDY OF ANTONY AND CLEOPATRA.txt": 0.10799477216974812,
    "THE TRAGEDY OF CORIOLANUS.txt": 0.09908353886607874,
    "THE TRAGEDY OF HAMLET PRINCE OF DENMARK.txt": 0.07327958217161634,
    "THE TRAGEDY OF JULIUS CAESAR.txt": 0.051049498891314216,
    "THE TRAGEDY OF KING LEAR.txt": 0.10493453722744012,
    "THE TRAGEDY OF MACBETH.txt": 0.07836219490277319,
    "THE TRAGEDY OF OTHELLO MOOR OF VENICE.txt": 0.13297576211186712,
    "THE TRAGEDY OF ROMEO AND JULIET.txt": 0.10449789583656643,
    "THE TRAGEDY OF TITUS ANDRONICUS.txt": 0.09090577694264496,
    "THE TWO GENTLEMEN OF VERONA.txt": 0.10724386811132874,
    "The Two Noble Kinsmen by Shakespeare.txt": 0.11801515894326842,
    "THE WINTERS TALE.txt": 0.12653670149272123,
    "Venus and Adonis.txt": 0.09205292772463475
}