{
    "A MIDSUMMER NIGHT_S DREAM.txt": 0.09631995678234617,
    "A Yorkshire Tragedy by Shakespeare.txt": 0.049709395209865614,
    "Arden of Feversham.txt": 0.11900707862367449,
    "AS YOU LIKE IT.txt": -0.028797064500000857,
    "CYMBELINE.txt": 0.1205901972548834,
    "Fair Em by Shakespeare.txt": 0.06601330758094465,
    "KING EDWARD III by Shakespeare.txt": 0.09337408163377359,
    "King Henry IV, Part 1.txt": 0.06925947755201728,
    "KING HENRY V.txt": 0.0557865822329317,
    "KING HENRY VI part I.txt": -0.06747802961494798,
    "KING HENRY VI Part II.txt": 0.11415628782935133,
    "KING HENRY VI Part III.txt": 0.09342155810361569,
    "KING HENRY VIII.txt": -0.039869438205131336,
    "KING JOHN.txt": 0.008869294766139624,
    "KING RICHARD II.txt": 0.09238555781258151,
    "KING RICHARD III.txt": 0.09297979126895245,
    "Locrine Mucedorus by Shakespeare.txt": 0.09899718740348534,
    "Love_s Labour_s Lost.txt": 0.10527460395985516,
    "MEASURE FOR MEASURE.txt": 0.07426419325024103,
    "Merchant of Venice.txt": 0.06382140182222495,
    "MUCH ADO ABOUT NOTHING.txt": 0.1004043118304423,
    "PERICLES PRINCE OF TYRE.txt": 0.10163450447766748,
    "Sir John Oldcastle by Shakespeare.txt": 0.1037504293442979,
    "Sir Thomas More by Shakespeare.txt": 0.11582173496599196,
    "Taming of the Shrew.txt": 0.11305072901085716,
    "The Comedy of Errors.txt": 0.08957515968860968,
    "THE HISTORY OF TROILUS AND CRESSIDA.txt": 0.10403450915422846,
    "The Life and Death of the Lord Cromwell by Shakespeare.txt": 0.06514124878200117,
    "THE LIFE OF TIMON OF ATHENS.txt": 0.11532113679903117,
    "The London Prodigal.txt": 0.09876443266331181,
    "The Merry Devill of Edmonton by Shakespeare.txt": 0.06549917252214965,
    "THE MERRY WIVES OF WINDSOR.txt": 0.09308084172825315,
    "The Puritaine Widdow by Shakespeare.txt": 0.10355996713056881,
    "THE RAPE OF LUCRECE.txt": -0.0994203697363184,
    "THE TAMING OF THE SHREW.txt": 0.10181891349961791,
    "THE TEMPEST.txt": 0.09071312256466352,
    "THE TRAGEDY OF ANTONY AND CLEOPATRA.txt": 0.0930452570108663,
    "THE TRAGEDY OF CORIOLANUS.txt": 0.03863485263464306,
    "THE TRAGEDY OF HAMLET PRINCE OF DENMARK.txt": 0.10264221367048104,
    "THE TRAGEDY OF JULIUS CAESAR.txt": 0.047092735136733954,
    "THE TRAGEDY OF KING LEAR.txt": 0.09653255906959324,
    "THE TRAGEDY OF MACBETH.txt": 0.09801525232763691,
    "THE TRAGEDY OF OTHELLO MOOR OF VENICE.txt": 0.13340144038242785,
    "THE TRAGEDY OF ROMEO AND JULIET.txt": 0.10269748729155953,
    "THE TRAGEDY OF TITUS ANDRONICUS.txt": 0.08224814849143802,
    "THE TWO GENTLEMEN OF VERONA.txt": 0.0967721967325032,
    "The Two Noble Kinsmen by Shakespeare.txt": 0.11098791861699592,
    "THE WINTERS TALE.txt": 0.05103559978723854,
    "Venus and Adonis.txt": -0.25746724997551373
}