{
    "A LOVERS COMPLAINT.txt": 0.015528201881450987,
    "A MIDSUMMER NIGHT_S DREAM.txt": 0.08530803997717612,
    "A Yorkshire Tragedy by Shakespeare.txt": 0.005409662294251494,
    "Arden of Feversham.txt": 0.10495353426152892,
    "AS YOU LIKE IT.txt": -0.03870522426033629,
    "CYMBELINE.txt": 0.12083164260803142,
    "Fair Em by Shakespeare.txt": 0.11811950290548645,
    "KING EDWARD III by Shakespeare.txt": 0.12114656165470533,
    "King Henry IV, Part 1.txt": 0.11766318625543631,
    "KING HENRY V.txt": 0.08888592026454917,
    "KING HENRY VI part I.txt": 0.05842320683006941,
    "KING HENRY VI Part II.txt": 0.10624818039750705,
    "KING HENRY VI Part III.txt": 0.0864662793792777,
    "KING HENRY VIII.txt": -0.14711147107919187,
    "KING JOHN.txt": -0.10080050404493046,
    "KING RICHARD II.txt": 0.1295423558886603,
    "KING RICHARD III.txt": -0.009608747788700467,
    "Locrine Mucedorus by Shakespeare.txt": 0.1082562258583164,
    "Love_s Labour_s Lost.txt": 0.11898139218256631,
    "MEASURE FOR MEASURE.txt": 0.13617310196080273,
    "Merchant of Venice.txt": 0.10798633315345879,
    "MUCH ADO ABOUT NOTHING.txt": 0.11040470919269169,
    "PERICLES PRINCE OF TYRE.txt": 0.10171157182272317,
    "Sir John Oldcastle by Shakespeare.txt": 0.13705249018537158,
    "Sir Thomas More by Shakespeare.txt": 0.11198860224093049,
    "Taming of the Shrew.txt": 0.1193160706767869,
    "The Comedy of Errors.txt": 0.1159597221177931,
    "THE HISTORY OF TROILUS AND CRESSIDA.txt": 0.1192087650550171,
    "The Life and Death of the Lord Cromwell by Shakespeare.txt": 0.11472116512553182,
    "THE LIFE OF TIMON OF ATHENS.txt": 0.12231837243906152,
    "The London Prodigal.txt": 0.08526018396600732,
    "The Merry Devill of Edmonton by Shakespeare.txt": 0.10071352175535919,
    "THE MERRY WIVES OF WINDSOR.txt": 0.12536241050288854,
    "The Puritaine Widdow by Shakespeare.txt": 0.10496639399366597,
    "THE RAPE OF LUCRECE.txt": 0.0854882589794152,
    "THE TAMING OF THE SHREW.txt": 0.11255056149747678,
    "THE TEMPEST.txt": 0.09231628808889947,
    "THE TRAGEDY OF ANTONY AND CLEOPATRA.txt": 0.08756313554401512,
    "THE TRAGEDY OF CORIOLANUS.txt": 0.07983924809696169,
    "THE TRAGEDY OF HAMLET PRINCE OF DENMARK.txt": 0.10206077815995662,
    "THE TRAGEDY OF JULIUS CAESAR.txt": 0.08403889794223574,
    "THE TRAGEDY OF KING LEAR.txt": 0.11942030062075326,
    "THE TRAGEDY OF MACBETH.txt": 0.10242320222222401,
    "THE TRAGEDY OF OTHELLO MOOR OF VENICE.txt": 0.11562713893232612,
    "THE TRAGEDY OF ROMEO AND JULIET.txt": 0.11982766215475354,
    "THE TRAGEDY OF TITUS ANDRONICUS.txt": -0.021203268853291157,
    "THE TWO GENTLEMEN OF VERONA.txt": 0.11658493146448318,
    "The Two Noble Kinsmen by Shakespeare.txt": 0.1227887095672417,
    "THE WINTERS TALE.txt": 0.1249187750107425,
    "Venus and Adonis.txt": 0.09898785653974695
}