{
    "A LOVERS COMPLAINT.txt": 0.001853632636205138,
    "A MIDSUMMER NIGHT_S DREAM.txt": 0.09893541053559624,
    "A Yorkshire Tragedy by Shakespeare.txt": 0.004016278671337359,
    "Arden of Feversham.txt": 0.08853024198052745,
    "AS YOU LIKE IT.txt": -0.022090517342990945,
    "CYMBELINE.txt": 0.08880522614050007,
    "Fair Em by Shakespeare.txt": 0.11259907894112964,
    "KING EDWARD III by Shakespeare.txt": 0.12042525764763257,
    "King Henry IV, Part 1.txt": 0.11508774373821101,
    "KING HENRY V.txt": 0.10654149817803144,
    "KING HENRY VI part I.txt": 0.06162068410742305,
    "KING HENRY VI Part II.txt": 0.11356033986478298,
    "KING HENRY VI Part III.txt": 0.07616621872510898,
    "KING HENRY VIII.txt": -0.08982223299830783,
    "KING JOHN.txt": -0.07018640528238318,
    "KING RICHARD II.txt": 0.10715685604641628,
    "KING RICHARD III.txt": -0.012952013240068672,
    "Locrine Mucedorus by Shakespeare.txt": 0.10923629152284758,
    "Love_s Labour_s Lost.txt": 0.09576425937585331,
    "MEASURE FOR MEASURE.txt": 0.12397757328492698,
    "Merchant of Venice.txt": 0.08490226224374986,
    "MUCH ADO ABOUT NOTHING.txt": 0.11484509710952151,
    "PERICLES PRINCE OF TYRE.txt": 0.11503145409422255,
    "Sir John Oldcastle by Shakespeare.txt": 0.11866993982008273,
    "Sir Thomas More by Shakespeare.txt": 0.11042993100938892,
    "Taming of the Shrew.txt": 0.09500598550950151,
    "The Comedy of Errors.txt": 0.12433069144759179,
    "THE HISTORY OF TROILUS AND CRESSIDA.txt": 0.08454748855518446,
    "The Life and Death of the Lord Cromwell by Shakespeare.txt": 0.1141605842353206,
    "THE LIFE OF TIMON OF ATHENS.txt": 0.12466004922720358,
    "The London Prodigal.txt": 0.10296796811021558,
    "The Merry Devill of Edmonton by Shakespeare.txt": 0.09835608138588975,
    "THE MERRY WIVES OF WINDSOR.txt": 0.11354205846391907,
    "The Puritaine Widdow by Shakespeare.txt": 0.09016359766970711,
    "THE RAPE OF LUCRECE.txt": 0.07461423683928042,
    "THE TAMING OF THE SHREW.txt": 0.10735070063082003,
    "THE TEMPEST.txt": 0.11749070496313752,
    "THE TRAGEDY OF ANTONY AND CLEOPATRA.txt": 0.10983032275229332,
    "THE TRAGEDY OF CORIOLANUS.txt": 0.08776494985444727,
    "THE TRAGEDY OF HAMLET PRINCE OF DENMARK.txt": 0.08505641984779883,
    "THE TRAGEDY OF JULIUS CAESAR.txt": 0.0927141406676314,
    "THE TRAGEDY OF KING LEAR.txt": 0.09306259316341109,
    "THE TRAGEDY OF MACBETH.txt": 0.09776128536654616,
    "THE TRAGEDY OF OTHELLO MOOR OF VENICE.txt": 0.12020201168345629,
    "THE TRAGEDY OF ROMEO AND JULIET.txt": 0.10662961232383944,
    "THE TRAGEDY OF TITUS ANDRONICUS.txt": -0.032805166942349584,
    "THE TWO GENTLEMEN OF VERONA.txt": 0.11878677007814159,
    "The Two Noble Kinsmen by Shakespeare.txt": 0.1150502526128403,
    "THE WINTERS TALE.txt": 0.12148553939062579,
    "Venus and Adonis.txt": 0.07897894863811977
}