{
    "A LOVERS COMPLAINT.txt": 0.030451915482473224,
    "A MIDSUMMER NIGHT_S DREAM.txt": 0.10770829068098986,
    "A Yorkshire Tragedy by Shakespeare.txt": 0.04774904809053859,
    "Arden of Feversham.txt": 0.0929534019858268,
    "AS YOU LIKE IT.txt": -0.007199967029592136,
    "CYMBELINE.txt": 0.11477174454758543,
    "Fair Em by Shakespeare.txt": 0.12459720385884038,
    "KING EDWARD III by Shakespeare.txt": 0.134404210560722,
    "King Henry IV, Part 1.txt": 0.11500602414355349,
    "KING HENRY V.txt": 0.09764755041428852,
    "KING HENRY VI part I.txt": 0.0564446044026119,
    "KING HENRY VI Part II.txt": 0.0960437608642592,
    "KING HENRY VI Part III.txt": 0.09155386507936902,
    "KING HENRY VIII.txt": -0.1551669852747315,
    "KING JOHN.txt": -0.08401362213741248,
    "KING RICHARD II.txt": 0.10578380682804589,
    "KING RICHARD III.txt": -0.018235878276686712,
    "Locrine Mucedorus by Shakespeare.txt": 0.10930179613985747,
    "Love_s Labour_s Lost.txt": 0.1078255297243279,
    "MEASURE FOR MEASURE.txt": 0.12516013278581767,
    "Merchant of Venice.txt": 0.10311136870368193,
    "MUCH ADO ABOUT NOTHING.txt": 0.11418106317368715,
    "PERICLES PRINCE OF TYRE.txt": 0.11107322515547696,
    "Sir John Oldcastle by Shakespeare.txt": 0.12763416837343927,
    "Sir Thomas More by Shakespeare.txt": 0.12787689907097016,
    "Taming of the Shrew.txt": 0.10268583155117605,
    "The Comedy of Errors.txt": 0.12311755050243617,
    "THE HISTORY OF TROILUS AND CRESSIDA.txt": 0.11487076661156631,
    "The Life and Death of the Lord Cromwell by Shakespeare.txt": 0.10859996159796032,
    "THE LIFE OF TIMON OF ATHENS.txt": 0.12197939807142,
    "The London Prodigal.txt": 0.11562976611870057,
    "The Merry Devill of Edmonton by Shakespeare.txt": 0.1103030245697264,
    "THE MERRY WIVES OF WINDSOR.txt": 0.12974037802548416,
    "The Puritaine Widdow by Shakespeare.txt": 0.09796299289486737,
    "THE RAPE OF LUCRECE.txt": 0.06884837220329115,
    "THE TAMING OF THE SHREW.txt": 0.1075572507519259,
    "THE TEMPEST.txt": 0.10639805202600716,
    "THE TRAGEDY OF ANTONY AND CLEOPATRA.txt": 0.11932708863004388,
    "THE TRAGEDY OF CORIOLANUS.txt": 0.10066914876471367,
    "THE TRAGEDY OF HAMLET PRINCE OF DENMARK.txt": 0.11277769411942579,
    "THE TRAGEDY OF JULIUS CAESAR.txt": 0.08477367194250268,
    "THE TRAGEDY OF KING LEAR.txt": 0.103695326867765,
    "THE TRAGEDY OF MACBETH.txt": 0.10767375370800075,
    "THE TRAGEDY OF OTHELLO MOOR OF VENICE.txt": 0.12180583473530582,
    "THE TRAGEDY OF ROMEO AND JULIET.txt": 0.11879441288109999,
    "THE TRAGEDY OF TITUS ANDRONICUS.txt": -0.04165572699231901,
    "THE TWO GENTLEMEN OF VERONA.txt": 0.12170080600409544,
    "The Two Noble Kinsmen by Shakespeare.txt": 0.11425229142845228,
    "THE WINTERS TALE.txt": 0.10890598742298552,
    "Venus and Adonis.txt": 0.0964863066674892
}