{
    "A MIDSUMMER NIGHT_S DREAM.txt": 0.10900868433496008,
    "A Yorkshire Tragedy by Shakespeare.txt": 0.030851978191619056,
    "Arden of Feversham.txt": 0.11963645984876203,
    "AS YOU LIKE IT.txt": -0.03554495053534712,
    "CYMBELINE.txt": 0.12230624769508636,
    "Fair Em by Shakespeare.txt": 0.0994678734029491,
    "KING EDWARD III by Shakespeare.txt": 0.08600175787241388,
    "King Henry IV, Part 1.txt": 0.07120990539393346,
    "KING HENRY V.txt": 0.05700515081481311,
    "KING HENRY VI part I.txt": -0.06299331575625389,
    "KING HENRY VI Part II.txt": 0.10665600184298729,
    "KING HENRY VI Part III.txt": 0.10522001888985333,
    "KING HENRY VIII.txt": -0.02731897238062797,
    "KING JOHN.txt": 0.03290874252554937,
    "KING RICHARD II.txt": 0.09210460708674023,
    "KING RICHARD III.txt": 0.09470393142244288,
    "Locrine Mucedorus by Shakespeare.txt": 0.11054885045996216,
    "Love_s Labour_s Lost.txt": 0.1074365588227365,
    "MEASURE FOR MEASURE.txt": 0.08636565549128122,
    "Merchant of Venice.txt": 0.08328198596438774,
    "MUCH ADO ABOUT NOTHING.txt": 0.10785499650216868,
    "PERICLES PRINCE OF TYRE.txt": 0.11614959896887833,
    "Sir John Oldcastle by Shakespeare.txt": 0.10484635415885252,
    "Sir Thomas More by Shakespeare.txt": 0.10624063032474118,
    "Taming of the Shrew.txt": 0.11450168241032666,
    "The Comedy of Errors.txt": 0.09620857910566272,
    "THE HISTORY OF TROILUS AND CRESSIDA.txt": 0.11327347963251472,
    "The Life and Death of the Lord Cromwell by Shakespeare.txt": 0.07751519121556538,
    "THE LIFE OF TIMON OF ATHENS.txt": 0.12350664396035477,
    "The London Prodigal.txt": 0.09916598261471354,
    "The Merry Devill of Edmonton by Shakespeare.txt": 0.08121127349333873,
    "THE MERRY WIVES OF WINDSOR.txt": 0.07916137644070065,
    "The Puritaine Widdow by Shakespeare.txt": 0.09824231886257329,
    "THE RAPE OF LUCRECE.txt": -0.07733472306461986,
    "THE TAMING OF THE SHREW.txt": 0.10932039073451949,
    "THE TEMPEST.txt": 0.09746111198751706,
    "THE TRAGEDY OF ANTONY AND CLEOPATRA.txt": 0.09424384197307073,
    "THE TRAGEDY OF CORIOLANUS.txt": 0.033640795076925634,
    "THE TRAGEDY OF HAMLET PRINCE OF DENMARK.txt": 0.11299940321520369,
    "THE TRAGEDY OF JULIUS CAESAR.txt": 0.06126139346580517,
    "THE TRAGEDY OF KING LEAR.txt": 0.10374231083812457,
    "THE TRAGEDY OF MACBETH.txt": 0.09056331132263862,
    "THE TRAGEDY OF OTHELLO MOOR OF VENICE.txt": 0.13112820797490038,
    "THE TRAGEDY OF ROMEO AND JULIET.txt": 0.10280024819382372,
    "THE TRAGEDY OF TITUS ANDRONICUS.txt": 0.0746253901009421,
    "THE TWO GENTLEMEN OF VERONA.txt": 0.09874144582942207,
    "The Two Noble Kinsmen by Shakespeare.txt": 0.10473595579071149,
    "THE WINTERS TALE.txt": 0.07062025352968515,
    "Venus and Adonis.txt": -0.23641635307917408
}