{
    "A LOVERS COMPLAINT.txt": 0.044069182843475774,
    "A MIDSUMMER NIGHT_S DREAM.txt": 0.10692012097557568,
    "A Yorkshire Tragedy by Shakespeare.txt": 0.03386014946168059,
    "Arden of Feversham.txt": 0.11097041439042915,
    "AS YOU LIKE IT.txt": 0.015248125969340609,
    "CYMBELINE.txt": 0.1251332220077231,
    "Fair Em by Shakespeare.txt": 0.12557825580750864,
    "KING EDWARD III by Shakespeare.txt": 0.13266377210335528,
    "King Henry IV, Part 1.txt": 0.13896255707721866,
    "KING HENRY V.txt": 0.10245608174292181,
    "KING HENRY VI part I.txt": 0.05646784409923655,
    "KING HENRY VI Part II.txt": 0.09681469175773483,
    "KING HENRY VI Part III.txt": 0.09129504698726781,
    "KING HENRY VIII.txt": -0.105120922742021,
    "KING JOHN.txt": -0.06559248116748662,
    "KING RICHARD II.txt": 0.10861414747250575,
    "KING RICHARD III.txt": 0.009787803020017305,
    "Locrine Mucedorus by Shakespeare.txt": 0.10500865654482361,
    "Love_s Labour_s Lost.txt": 0.1353249264135527,
    "MEASURE FOR MEASURE.txt": 0.1323993844604784,
    "Merchant of Venice.txt": 0.10225969898489012,
    "MUCH ADO ABOUT NOTHING.txt": 0.12265857443727513,
    "PERICLES PRINCE OF TYRE.txt": 0.1037654626726573,
    "Sir John Oldcastle by Shakespeare.txt": 0.13475305496534484,
    "Sir Thomas More by Shakespeare.txt": 0.1293424509513625,
    "Taming of the Shrew.txt": 0.108535842071525,
    "The Comedy of Errors.txt": 0.10513647308514168,
    "THE HISTORY OF TROILUS AND CRESSIDA.txt": 0.12651467394011912,
    "The Life and Death of the Lord Cromwell by Shakespeare.txt": 0.11039807329249868,
    "THE LIFE OF TIMON OF ATHENS.txt": 0.137354910936554,
    "The London Prodigal.txt": 0.10551832339675782,
    "The Merry Devill of Edmonton by Shakespeare.txt": 0.12083628724820294,
    "THE MERRY WIVES OF WINDSOR.txt": 0.12642109585798583,
    "The Puritaine Widdow by Shakespeare.txt": 0.12558870017396612,
    "THE RAPE OF LUCRECE.txt": 0.07714417856792227,
    "THE TAMING OF THE SHREW.txt": 0.14012900001802303,
    "THE TEMPEST.txt": 0.1084367374625354,
    "THE TRAGEDY OF ANTONY AND CLEOPATRA.txt": 0.09977455746917979,
    "THE TRAGEDY OF CORIOLANUS.txt": 0.09854494281911619,
    "THE TRAGEDY OF HAMLET PRINCE OF DENMARK.txt": 0.11012012804983723,
    "THE TRAGEDY OF JULIUS CAESAR.txt": 0.10769950067959327,
    "THE TRAGEDY OF KING LEAR.txt": 0.11711980811387818,
    "THE TRAGEDY OF MACBETH.txt": 0.11555850596725936,
    "THE TRAGEDY OF OTHELLO MOOR OF VENICE.txt": 0.14413735022847068,
    "THE TRAGEDY OF ROMEO AND JULIET.txt": 0.129543447013997,
    "THE TRAGEDY OF TITUS ANDRONICUS.txt": -0.021083042872342417,
    "THE TWO GENTLEMEN OF VERONA.txt": 0.1099598313738464,
    "The Two Noble Kinsmen by Shakespeare.txt": 0.11826294188442332,
    "THE WINTERS TALE.txt": 0.1293161928575265,
    "Venus and Adonis.txt": 0.09538683301426037
}