{
    "A LOVERS COMPLAINT.txt": -0.009717131084069908,
    "A MIDSUMMER NIGHT_S DREAM.txt": 0.14288340134597105,
    "A Yorkshire Tragedy by Shakespeare.txt": 0.1341704865998954,
    "Arden of Feversham.txt": 0.14168003106699006,
    "AS YOU LIKE IT.txt": 0.054379526163682246,
    "CYMBELINE.txt": 0.13727195303783313,
    "Fair Em by Shakespeare.txt": 0.1424045413444297,
    "KING EDWARD III by Shakespeare.txt": 0.14757862537184158,
    "King Henry IV, Part 1.txt": 0.053421781142395264,
    "KING HENRY V.txt": 0.10862906259680977,
    "KING HENRY VI part I.txt": 0.013033841684150504,
    "KING HENRY VI Part II.txt": 0.14270974614635712,
    "KING HENRY VI Part III.txt": 0.05230783322748461,
    "KING HENRY VIII.txt": -0.062267317421423884,
    "KING JOHN.txt": 0.1179877312223302,
    "KING RICHARD II.txt": 0.12783748138149564,
    "KING RICHARD III.txt": 0.07242726730872834,
    "Locrine Mucedorus by Shakespeare.txt": 0.1416512258267834,
    "Love_s Labour_s Lost.txt": 0.1336642548527684,
    "MEASURE FOR MEASURE.txt": 0.1293953160365901,
    "Merchant of Venice.txt": 0.10574902453039525,
    "MUCH ADO ABOUT NOTHING.txt": 0.15674322889121234,
    "PERICLES PRINCE OF TYRE.txt": 0.12222419828256809,
    "Sir John Oldcastle by Shakespeare.txt": 0.13592618716847443,
    "Sir Thomas More by Shakespeare.txt": 0.08143474314931592,
    "Taming of the Shrew.txt": 0.1458398263068013,
    "The Comedy of Errors.txt": 0.13695466300502834,
    "THE HISTORY OF TROILUS AND CRESSIDA.txt": 0.13654494152885777,
    "The Life and Death of the Lord Cromwell by Shakespeare.txt": 0.13691660028911318,
    "THE LIFE OF TIMON OF ATHENS.txt": 0.14903008314298094,
    "The London Prodigal.txt": 0.1252013137956442,
    "The Merry Devill of Edmonton by Shakespeare.txt": 0.11440051575064225,
    "THE MERRY WIVES OF WINDSOR.txt": 0.14310313486915077,
    "The Puritaine Widdow by Shakespeare.txt": 0.13405007815374814,
    "THE RAPE OF LUCRECE.txt": 0.06014097301130644,
    "THE TAMING OF THE SHREW.txt": 0.1381999434581655,
    "THE TEMPEST.txt": 0.12783628887731485,
    "THE TRAGEDY OF ANTONY AND CLEOPATRA.txt": 0.11587765435780367,
    "THE TRAGEDY OF CORIOLANUS.txt": 0.12860144857204042,
    "THE TRAGEDY OF HAMLET PRINCE OF DENMARK.txt": 0.13675273957676448,
    "THE TRAGEDY OF JULIUS CAESAR.txt": 0.09319619338976282,
    "THE TRAGEDY OF KING LEAR.txt": 0.11715600429855089,
    "THE TRAGEDY OF MACBETH.txt": 0.13554897477475397,
    "THE TRAGEDY OF OTHELLO MOOR OF VENICE.txt": 0.13304105275331773,
    "THE TRAGEDY OF ROMEO AND JULIET.txt": 0.11740547701179821,
    "THE TRAGEDY OF TITUS ANDRONICUS.txt": 0.1326556427522561,
    "THE TWO GENTLEMEN OF VERONA.txt": 0.012331346561306356,
    "The Two Noble Kinsmen by Shakespeare.txt": 0.11415608582658937,
    "THE WINTERS TALE.txt": 0.12776935470223222,
    "Venus and Adonis.txt": -0.1966972498737587
}