{
    "A LOVERS COMPLAINT.txt": -0.009189502536328775,
    "A MIDSUMMER NIGHT_S DREAM.txt": 0.09559002036917541,
    "A Yorkshire Tragedy by Shakespeare.txt": 0.07241993277764136,
    "Arden of Feversham.txt": 0.13310453129029565,
    "AS YOU LIKE IT.txt": 0.09864525270701757,
    "CYMBELINE.txt": 0.09980565586691809,
    "Fair Em by Shakespeare.txt": 0.11243069578618992,
    "KING EDWARD III by Shakespeare.txt": 0.1019607619494271,
    "King Henry IV, Part 1.txt": -0.004575254314712729,
    "KING HENRY V.txt": 0.10646218109805156,
    "KING HENRY VI part I.txt": 0.12374405979850694,
    "KING HENRY VI Part II.txt": 0.10169101702049443,
    "KING HENRY VI Part III.txt": 0.10829874384795907,
    "KING HENRY VIII.txt": 0.11502084964294473,
    "KING JOHN.txt": 0.1161843649549889,
    "KING RICHARD II.txt": 0.10362647174665673,
    "KING RICHARD III.txt": 0.10701053440453656,
    "Locrine Mucedorus by Shakespeare.txt": 0.07214474678255667,
    "Love_s Labour_s Lost.txt": 0.09920279326653703,
    "MEASURE FOR MEASURE.txt": 0.11012315073507062,
    "Merchant of Venice.txt": 0.1264570320222811,
    "MUCH ADO ABOUT NOTHING.txt": 0.12514778904240448,
    "PERICLES PRINCE OF TYRE.txt": 0.06579146187338808,
    "Sir John Oldcastle by Shakespeare.txt": 0.03483940166936461,
    "Sir Thomas More by Shakespeare.txt": 0.12330904889595268,
    "Taming of the Shrew.txt": 0.12139389744536555,
    "The Comedy of Errors.txt": 0.11501164947886755,
    "THE HISTORY OF TROILUS AND CRESSIDA.txt": 0.11091481619865717,
    "The Life and Death of the Lord Cromwell by Shakespeare.txt": 0.1282512390285157,
    "THE LIFE OF TIMON OF ATHENS.txt": 0.09943353523853748,
    "The London Prodigal.txt": 0.07491531683417524,
    "The Merry Devill of Edmonton by Shakespeare.txt": 0.12795231288775583,
    "THE MERRY WIVES OF WINDSOR.txt": 0.1300918170838431,
    "The Puritaine Widdow by Shakespeare.txt": 0.09070019648394645,
    "THE RAPE OF LUCRECE.txt": 0.025209303523597293,
    "THE TAMING OF THE SHREW.txt": 0.10438276296130888,
    "THE TEMPEST.txt": 0.058088978007556025,
    "THE TRAGEDY OF ANTONY AND CLEOPATRA.txt": -0.2611901165744669,
    "THE TRAGEDY OF CORIOLANUS.txt": -0.06787081144992957,
    "THE TRAGEDY OF HAMLET PRINCE OF DENMARK.txt": 0.10664438524046127,
    "THE TRAGEDY OF JULIUS CAESAR.txt": -0.11063313189834856,
    "THE TRAGEDY OF KING LEAR.txt": 0.09867663114291692,
    "THE TRAGEDY OF MACBETH.txt": 0.11772827585387152,
    "THE TRAGEDY OF OTHELLO MOOR OF VENICE.txt": 0.11171760208415277,
    "THE TRAGEDY OF ROMEO AND JULIET.txt": 0.11097222183675748,
    "THE TRAGEDY OF TITUS ANDRONICUS.txt": 0.1311535228121578,
    "THE TWO GENTLEMEN OF VERONA.txt": 0.12410482712332638,
    "The Two Noble Kinsmen by Shakespeare.txt": 0.10410975740509287,
    "THE WINTERS TALE.txt": 0.11463152007448635,
    "Venus and Adonis.txt": -0.06200667290776596
}