{
    "A MIDSUMMER NIGHT_S DREAM.txt": 0.08114476925184044,
    "A Yorkshire Tragedy by Shakespeare.txt": 0.10706940005630605,
    "Arden of Feversham.txt": 0.10593169834066984,
    "AS YOU LIKE IT.txt": 0.10625023069865969,
    "CYMBELINE.txt": 0.12551831732042867,
    "Fair Em by Shakespeare.txt": 0.13242717293214418,
    "KING EDWARD III by Shakespeare.txt": 0.11246240239151639,
    "King Henry IV, Part 1.txt": 0.08878875116355961,
    "KING HENRY V.txt": 0.10852826405546151,
    "KING HENRY VI part I.txt": 0.11927286439085227,
    "KING HENRY VI Part II.txt": 0.12429500806316246,
    "KING HENRY VI Part III.txt": 0.11242621896185562,
    "KING HENRY VIII.txt": 0.13652213573363892,
    "KING JOHN.txt": 0.11897043225812337,
    "KING RICHARD II.txt": 0.0966413179873975,
    "KING RICHARD III.txt": 0.12623404196012106,
    "Locrine Mucedorus by Shakespeare.txt": 0.04483552150129644,
    "Love_s Labour_s Lost.txt": 0.0752273808857365,
    "MEASURE FOR MEASURE.txt": 0.12701023537470907,
    "Merchant of Venice.txt": 0.11558141415282552,
    "MUCH ADO ABOUT NOTHING.txt": 0.11884183257714293,
    "PERICLES PRINCE OF TYRE.txt": 0.036900901597611,
    "Sir John Oldcastle by Shakespeare.txt": 0.07688694369759247,
    "Sir Thomas More by Shakespeare.txt": 0.1233465443727948,
    "Taming of the Shrew.txt": 0.10858295042245991,
    "The Comedy of Errors.txt": 0.11696201160095449,
    "THE HISTORY OF TROILUS AND CRESSIDA.txt": 0.11637988305510916,
    "The Life and Death of the Lord Cromwell by Shakespeare.txt": 0.07276764303882477,
    "THE LIFE OF TIMON OF ATHENS.txt": 0.015452327221496087,
    "The London Prodigal.txt": -0.0403347344643461,
    "The Merry Devill of Edmonton by Shakespeare.txt": 0.10799567039913499,
    "THE MERRY WIVES OF WINDSOR.txt": 0.07495860712381647,
    "The Puritaine Widdow by Shakespeare.txt": 0.11757946376185102,
    "THE RAPE OF LUCRECE.txt": 0.10225131156886408,
    "THE TAMING OF THE SHREW.txt": 0.1312210822580227,
    "THE TEMPEST.txt": 0.11308402176325139,
    "THE TRAGEDY OF ANTONY AND CLEOPATRA.txt": -0.03285274276922412,
    "THE TRAGEDY OF CORIOLANUS.txt": -0.08639746777022472,
    "THE TRAGEDY OF HAMLET PRINCE OF DENMARK.txt": 0.13346397711087393,
    "THE TRAGEDY OF JULIUS CAESAR.txt": -0.33958784763356487,
    "THE TRAGEDY OF KING LEAR.txt": 0.12803164924581895,
    "THE TRAGEDY OF MACBETH.txt": 0.10067322754077085,
    "THE TRAGEDY OF OTHELLO MOOR OF VENICE.txt": 0.12759253654884067,
    "THE TRAGEDY OF ROMEO AND JULIET.txt": 0.13071508393496162,
    "THE TRAGEDY OF TITUS ANDRONICUS.txt": 0.10590410258223493,
    "THE TWO GENTLEMEN OF VERONA.txt": 0.09175291819901343,
    "The Two Noble Kinsmen by Shakespeare.txt": 0.13248785160105914,
    "THE WINTERS TALE.txt": 0.12424228107030866,
    "Venus and Adonis.txt": -0.08941245228096562
}