{
    "A MIDSUMMER NIGHT_S DREAM.txt": 0.053040116640947155,
    "A Yorkshire Tragedy by Shakespeare.txt": 0.1024567168511481,
    "Arden of Feversham.txt": 0.11339187192717315,
    "AS YOU LIKE IT.txt": 0.0976382646899861,
    "CYMBELINE.txt": 0.11453414976107823,
    "Fair Em by Shakespeare.txt": 0.10853975362089491,
    "KING EDWARD III by Shakespeare.txt": 0.08928123927190634,
    "King Henry IV, Part 1.txt": 0.06869073928715369,
    "KING HENRY V.txt": 0.0999537956386527,
    "KING HENRY VI part I.txt": 0.09519256162976392,
    "KING HENRY VI Part II.txt": 0.09332821966513355,
    "KING HENRY VI Part III.txt": 0.10312171862041586,
    "KING HENRY VIII.txt": 0.10300251495920704,
    "KING JOHN.txt": 0.08444626497500812,
    "KING RICHARD II.txt": 0.08489702292826162,
    "KING RICHARD III.txt": 0.10066032851984352,
    "Locrine Mucedorus by Shakespeare.txt": 0.03919836705559593,
    "Love_s Labour_s Lost.txt": 0.07430491111822668,
    "MEASURE FOR MEASURE.txt": 0.10382178285122334,
    "Merchant of Venice.txt": 0.08601717701798561,
    "MUCH ADO ABOUT NOTHING.txt": 0.0777431170250581,
    "PERICLES PRINCE OF TYRE.txt": 0.02869503870359974,
    "Sir John Oldcastle by Shakespeare.txt": 0.06308531445715965,
    "Sir Thomas More by Shakespeare.txt": 0.10526506796746582,
    "Taming of the Shrew.txt": 0.08607731898799836,
    "The Comedy of Errors.txt": 0.10335808493320381,
    "THE HISTORY OF TROILUS AND CRESSIDA.txt": 0.10930191241956844,
    "The Life and Death of the Lord Cromwell by Shakespeare.txt": 0.07366307620610613,
    "THE LIFE OF TIMON OF ATHENS.txt": -0.008871765998325398,
    "The London Prodigal.txt": -0.04566017921479659,
    "The Merry Devill of Edmonton by Shakespeare.txt": 0.10413575479863613,
    "THE MERRY WIVES OF WINDSOR.txt": 0.06032908943920162,
    "The Puritaine Widdow by Shakespeare.txt": 0.10461376298730807,
    "THE RAPE OF LUCRECE.txt": 0.06607875873175656,
    "THE TAMING OF THE SHREW.txt": 0.10222619286589085,
    "THE TEMPEST.txt": 0.09113062972978969,
    "THE TRAGEDY OF ANTONY AND CLEOPATRA.txt": -0.048951791352686014,
    "THE TRAGEDY OF CORIOLANUS.txt": -0.08666291565570161,
    "THE TRAGEDY OF HAMLET PRINCE OF DENMARK.txt": 0.10162789770009883,
    "THE TRAGEDY OF JULIUS CAESAR.txt": -0.3270990607645271,
    "THE TRAGEDY OF KING LEAR.txt": 0.11315743277069701,
    "THE TRAGEDY OF MACBETH.txt": 0.08976691673683701,
    "THE TRAGEDY OF OTHELLO MOOR OF VENICE.txt": 0.11927693123953814,
    "THE TRAGEDY OF ROMEO AND JULIET.txt": 0.10623276602175324,
    "THE TRAGEDY OF TITUS ANDRONICUS.txt": 0.08787206405852105,
    "THE TWO GENTLEMEN OF VERONA.txt": 0.08441964647637767,
    "The Two Noble Kinsmen by Shakespeare.txt": 0.10321804757054653,
    "THE WINTERS TALE.txt": 0.10882524453392217,
    "Venus and Adonis.txt": -0.07904150114171304
}