{
    "A LOVERS COMPLAINT.txt": -0.025041870444055925,
    "A MIDSUMMER NIGHT_S DREAM.txt": 0.10945463874438571,
    "A Yorkshire Tragedy by Shakespeare.txt": 0.03798947235887562,
    "Arden of Feversham.txt": 0.1193141094229686,
    "AS YOU LIKE IT.txt": 0.09824602439417363,
    "CYMBELINE.txt": 0.09976584472110789,
    "Fair Em by Shakespeare.txt": 0.11511284667754018,
    "KING EDWARD III by Shakespeare.txt": 0.09715618196384884,
    "King Henry IV, Part 1.txt": -0.05721274654972763,
    "KING HENRY V.txt": 0.11258320333052546,
    "KING HENRY VI part I.txt": 0.11784679047127611,
    "KING HENRY VI Part II.txt": 0.11388225888652792,
    "KING HENRY VI Part III.txt": 0.094927421009313,
    "KING HENRY VIII.txt": 0.10899785982031207,
    "KING JOHN.txt": 0.11193925742046384,
    "KING RICHARD II.txt": 0.09374216643153788,
    "KING RICHARD III.txt": 0.08937663874269841,
    "Locrine Mucedorus by Shakespeare.txt": 0.04637009161991307,
    "Love_s Labour_s Lost.txt": 0.08734925842241137,
    "MEASURE FOR MEASURE.txt": 0.1167616235766748,
    "Merchant of Venice.txt": 0.1275816402425327,
    "MUCH ADO ABOUT NOTHING.txt": 0.11650486535694293,
    "PERICLES PRINCE OF TYRE.txt": 0.07829703612016808,
    "Sir John Oldcastle by Shakespeare.txt": 0.004415109849328247,
    "Sir Thomas More by Shakespeare.txt": 0.11715031209035837,
    "Taming of the Shrew.txt": 0.10876646530871698,
    "The Comedy of Errors.txt": 0.1073129796701292,
    "THE HISTORY OF TROILUS AND CRESSIDA.txt": 0.10503205845862812,
    "The Life and Death of the Lord Cromwell by Shakespeare.txt": 0.11673927173625037,
    "THE LIFE OF TIMON OF ATHENS.txt": 0.11437938405365561,
    "The London Prodigal.txt": 0.054330344773261374,
    "The Merry Devill of Edmonton by Shakespeare.txt": 0.12490696754159825,
    "THE MERRY WIVES OF WINDSOR.txt": 0.1268464180510015,
    "The Puritaine Widdow by Shakespeare.txt": 0.09359671097294647,
    "THE RAPE OF LUCRECE.txt": 0.01872719028329045,
    "THE TAMING OF THE SHREW.txt": 0.11796574569983659,
    "THE TEMPEST.txt": 0.06969706842891638,
    "THE TRAGEDY OF ANTONY AND CLEOPATRA.txt": -0.2461531358151693,
    "THE TRAGEDY OF CORIOLANUS.txt": -0.08831507086743495,
    "THE TRAGEDY OF HAMLET PRINCE OF DENMARK.txt": 0.10377608656197629,
    "THE TRAGEDY OF JULIUS CAESAR.txt": -0.11639557608115136,
    "THE TRAGEDY OF KING LEAR.txt": 0.09502981244555403,
    "THE TRAGEDY OF MACBETH.txt": 0.12052740705138615,
    "THE TRAGEDY OF OTHELLO MOOR OF VENICE.txt": 0.11123323147309255,
    "THE TRAGEDY OF ROMEO AND JULIET.txt": 0.10713466743745087,
    "THE TRAGEDY OF TITUS ANDRONICUS.txt": 0.13436190745905735,
    "THE TWO GENTLEMEN OF VERONA.txt": 0.11489113654677452,
    "The Two Noble Kinsmen by Shakespeare.txt": 0.11239839080611086,
    "THE WINTERS TALE.txt": 0.0975502654086784,
    "Venus and Adonis.txt": -0.07684971785885353
}