{
    "A LOVERS COMPLAINT.txt": -0.005963749368425919,
    "A MIDSUMMER NIGHT_S DREAM.txt": -0.0176880587159427,
    "A Yorkshire Tragedy by Shakespeare.txt": 0.014420796990274765,
    "Arden of Feversham.txt": 0.08750296611538516,
    "AS YOU LIKE IT.txt": 0.10701053142637063,
    "CYMBELINE.txt": 0.0958015468590867,
    "Fair Em by Shakespeare.txt": 0.08356630953386829,
    "KING EDWARD III by Shakespeare.txt": 0.10649583101782828,
    "King Henry IV, Part 1.txt": -0.0035582024648940225,
    "KING HENRY V.txt": 0.10354244163297399,
    "KING HENRY VI part I.txt": 0.07639045399336575,
    "KING HENRY VI Part II.txt": 0.09464626153145272,
    "KING HENRY VI Part III.txt": 0.09875961113939974,
    "KING HENRY VIII.txt": 0.09836085225064695,
    "KING JOHN.txt": 0.10045654102393442,
    "KING RICHARD II.txt": 0.08309514988132505,
    "KING RICHARD III.txt": 0.11638279493107584,
    "Locrine Mucedorus by Shakespeare.txt": -0.12902407915285874,
    "Love_s Labour_s Lost.txt": 0.03435239365234527,
    "MEASURE FOR MEASURE.txt": 0.09695973544760889,
    "Merchant of Venice.txt": 0.1158192369846896,
    "MUCH ADO ABOUT NOTHING.txt": 0.09085905633455738,
    "PERICLES PRINCE OF TYRE.txt": 0.09906642073677419,
    "Sir John Oldcastle by Shakespeare.txt": 0.11568496172559622,
    "Sir Thomas More by Shakespeare.txt": 0.09139541027598475,
    "Taming of the Shrew.txt": 0.06005687884913452,
    "The Comedy of Errors.txt": 0.08744483468715031,
    "THE HISTORY OF TROILUS AND CRESSIDA.txt": -0.0315771759390554,
    "The Life and Death of the Lord Cromwell by Shakespeare.txt": 0.1003607134987789,
    "THE LIFE OF TIMON OF ATHENS.txt": 0.08998352247574343,
    "The London Prodigal.txt": 0.08956162029784592,
    "The Merry Devill of Edmonton by Shakespeare.txt": 0.1030046765514569,
    "THE MERRY WIVES OF WINDSOR.txt": 0.11712030979471405,
    "The Puritaine Widdow by Shakespeare.txt": 0.10992441927309354,
    "THE RAPE OF LUCRECE.txt": 0.05664423233067717,
    "THE TAMING OF THE SHREW.txt": 0.07201950063003748,
    "THE TEMPEST.txt": 0.04093164417333833,
    "THE TRAGEDY OF ANTONY AND CLEOPATRA.txt": 0.08257924897170477,
    "THE TRAGEDY OF CORIOLANUS.txt": 0.08842459465588293,
    "THE TRAGEDY OF HAMLET PRINCE OF DENMARK.txt": -0.017430811106695976,
    "THE TRAGEDY OF JULIUS CAESAR.txt": 0.09497830212032421,
    "THE TRAGEDY OF KING LEAR.txt": 0.1197502882354134,
    "THE TRAGEDY OF MACBETH.txt": 0.11332186665747124,
    "THE TRAGEDY OF OTHELLO MOOR OF VENICE.txt": 0.05797886656053047,
    "THE TRAGEDY OF ROMEO AND JULIET.txt": 0.10109897805485596,
    "THE TRAGEDY OF TITUS ANDRONICUS.txt": 0.040736779876760776,
    "THE TWO GENTLEMEN OF VERONA.txt": 0.09335600938063288,
    "The Two Noble Kinsmen by Shakespeare.txt": 0.11557864388571543,
    "THE WINTERS TALE.txt": 0.05746492538617087,
    "Venus and Adonis.txt": -0.08034920238232501
}