{
    "A LOVERS COMPLAINT.txt": 0.008121335541229513,
    "A MIDSUMMER NIGHT_S DREAM.txt": -0.027403931478528154,
    "A Yorkshire Tragedy by Shakespeare.txt": 0.09284654566931672,
    "Arden of Feversham.txt": 0.11603978474263404,
    "AS YOU LIKE IT.txt": 0.1484190029610663,
    "CYMBELINE.txt": 0.1026801022702637,
    "Fair Em by Shakespeare.txt": 0.13512615748330264,
    "KING EDWARD III by Shakespeare.txt": 0.1308366774974828,
    "King Henry IV, Part 1.txt": 0.15209620528305995,
    "KING HENRY V.txt": 0.13624064700099442,
    "KING HENRY VI part I.txt": -0.07394293641345129,
    "KING HENRY VI Part II.txt": 0.1247845123159308,
    "KING HENRY VI Part III.txt": 0.15075400631850794,
    "KING HENRY VIII.txt": 0.13072264473471956,
    "KING JOHN.txt": 0.04871368217824157,
    "KING RICHARD II.txt": 0.12205722651093004,
    "KING RICHARD III.txt": 0.14294447167087349,
    "Locrine Mucedorus by Shakespeare.txt": 0.06022925133926099,
    "Love_s Labour_s Lost.txt": 0.1120456182043878,
    "MEASURE FOR MEASURE.txt": 0.11781881913100095,
    "Merchant of Venice.txt": 0.1483081571988737,
    "MUCH ADO ABOUT NOTHING.txt": 0.1546197298955953,
    "PERICLES PRINCE OF TYRE.txt": 0.1281673173528336,
    "Sir John Oldcastle by Shakespeare.txt": 0.14506081694560125,
    "Sir Thomas More by Shakespeare.txt": 0.1264314669119006,
    "Taming of the Shrew.txt": 0.1524196397790447,
    "The Comedy of Errors.txt": 0.1263849121177077,
    "THE HISTORY OF TROILUS AND CRESSIDA.txt": 0.13592918566403006,
    "The Life and Death of the Lord Cromwell by Shakespeare.txt": 0.1159982863755023,
    "THE LIFE OF TIMON OF ATHENS.txt": 0.08308598060374739,
    "The London Prodigal.txt": 0.11961755011284192,
    "The Merry Devill of Edmonton by Shakespeare.txt": 0.14011088666249544,
    "THE MERRY WIVES OF WINDSOR.txt": 0.14178497774187576,
    "The Puritaine Widdow by Shakespeare.txt": 0.13062002914674065,
    "THE RAPE OF LUCRECE.txt": 0.07727023562486207,
    "THE TAMING OF THE SHREW.txt": 0.14292513582616728,
    "THE TEMPEST.txt": 0.08474601321900238,
    "THE TRAGEDY OF ANTONY AND CLEOPATRA.txt": 0.15021618301447248,
    "THE TRAGEDY OF CORIOLANUS.txt": 0.12396430374925843,
    "THE TRAGEDY OF HAMLET PRINCE OF DENMARK.txt": 0.12266003498470684,
    "THE TRAGEDY OF JULIUS CAESAR.txt": 0.12070960468637876,
    "THE TRAGEDY OF KING LEAR.txt": 0.11968069393761427,
    "THE TRAGEDY OF MACBETH.txt": 0.12417005194395353,
    "THE TRAGEDY OF OTHELLO MOOR OF VENICE.txt": 0.14815017085298476,
    "THE TRAGEDY OF ROMEO AND JULIET.txt": 0.138440105118891,
    "THE TRAGEDY OF TITUS ANDRONICUS.txt": 0.13629426688836094,
    "THE TWO GENTLEMEN OF VERONA.txt": 0.10611682741708645,
    "The Two Noble Kinsmen by Shakespeare.txt": -0.05082034621461817,
    "THE WINTERS TALE.txt": 0.12809345349620915,
    "Venus and Adonis.txt": 0.11234034230797574
}