{
    "A LOVERS COMPLAINT.txt": 0.04836642681536779,
    "A MIDSUMMER NIGHT_S DREAM.txt": 0.056264249006154454,
    "A Yorkshire Tragedy by Shakespeare.txt": 0.019303108296361393,
    "Arden of Feversham.txt": 0.08717568376445672,
    "AS YOU LIKE IT.txt": 0.0959304751948637,
    "CYMBELINE.txt": 0.1360619244892481,
    "Fair Em by Shakespeare.txt": -0.04610154442894354,
    "KING EDWARD III by Shakespeare.txt": 0.10221492653362296,
    "King Henry IV, Part 1.txt": 0.11195067976033385,
    "KING HENRY V.txt": 0.11770273297196643,
    "KING HENRY VI part I.txt": -0.0006163150254148153,
    "KING HENRY VI Part II.txt": 0.09580226586449048,
    "KING HENRY VI Part III.txt": 0.11445886936141075,
    "KING HENRY VIII.txt": 0.10991753573970048,
    "KING JOHN.txt": 0.04757210760486852,
    "KING RICHARD II.txt": 0.12440893841920464,
    "KING RICHARD III.txt": 0.12151856329386868,
    "Locrine Mucedorus by Shakespeare.txt": 0.03645366959704782,
    "Love_s Labour_s Lost.txt": 0.10882853239841772,
    "MEASURE FOR MEASURE.txt": 0.10947718999405431,
    "Merchant of Venice.txt": 0.10541799870996182,
    "MUCH ADO ABOUT NOTHING.txt": 0.10399008746429012,
    "PERICLES PRINCE OF TYRE.txt": 0.10857229703541377,
    "Sir John Oldcastle by Shakespeare.txt": 0.10350697938750031,
    "Sir Thomas More by Shakespeare.txt": 0.10686800380136874,
    "Taming of the Shrew.txt": 0.1043029996651027,
    "The Comedy of Errors.txt": 0.039138357413104674,
    "THE HISTORY OF TROILUS AND CRESSIDA.txt": 0.056433970135827516,
    "The Life and Death of the Lord Cromwell by Shakespeare.txt": 0.0666481790767065,
    "THE LIFE OF TIMON OF ATHENS.txt": 0.05988099045977102,
    "The London Prodigal.txt": 0.06495877219358592,
    "The Merry Devill of Edmonton by Shakespeare.txt": 0.05395848108818829,
    "THE MERRY WIVES OF WINDSOR.txt": 0.10222411385669,
    "The Puritaine Widdow by Shakespeare.txt": 0.0539517853554865,
    "THE RAPE OF LUCRECE.txt": 0.1172428688665485,
    "THE TAMING OF THE SHREW.txt": 0.10166545889166773,
    "THE TEMPEST.txt": 0.10767761099919615,
    "THE TRAGEDY OF ANTONY AND CLEOPATRA.txt": 0.12739680478891985,
    "THE TRAGEDY OF CORIOLANUS.txt": 0.09384051146902833,
    "THE TRAGEDY OF HAMLET PRINCE OF DENMARK.txt": 0.046404952863861815,
    "THE TRAGEDY OF JULIUS CAESAR.txt": 0.10951972526556625,
    "THE TRAGEDY OF KING LEAR.txt": 0.12147218280359917,
    "THE TRAGEDY OF MACBETH.txt": 0.10916130666322277,
    "THE TRAGEDY OF OTHELLO MOOR OF VENICE.txt": 0.10478048659585093,
    "THE TRAGEDY OF ROMEO AND JULIET.txt": 0.1300605075360169,
    "THE TRAGEDY OF TITUS ANDRONICUS.txt": 0.13161438670707593,
    "THE TWO GENTLEMEN OF VERONA.txt": 0.10876208336280907,
    "The Two Noble Kinsmen by Shakespeare.txt": 0.05859923466323991,
    "THE WINTERS TALE.txt": 0.10868759072888473,
    "Venus and Adonis.txt": 0.09276334833615524
}