{
    "A LOVERS COMPLAINT.txt": 0.009954001336177465,
    "A MIDSUMMER NIGHT_S DREAM.txt": -0.013930816717179995,
    "A Yorkshire Tragedy by Shakespeare.txt": 0.058317901688408,
    "Arden of Feversham.txt": -0.24990112507965745,
    "AS YOU LIKE IT.txt": 0.07178574183280739,
    "CYMBELINE.txt": 0.12434162544580524,
    "Fair Em by Shakespeare.txt": 0.1289857527570611,
    "KING EDWARD III by Shakespeare.txt": 0.08469967607536433,
    "King Henry IV, Part 1.txt": 0.10758557303497618,
    "KING HENRY V.txt": -0.1123090537592123,
    "KING HENRY VI part I.txt": -0.024838270978240318,
    "KING HENRY VI Part II.txt": 0.02323915897426443,
    "KING HENRY VI Part III.txt": 0.061628843632814345,
    "KING HENRY VIII.txt": 0.10474324851062733,
    "KING JOHN.txt": -0.09692484440195315,
    "KING RICHARD II.txt": 0.10853756896941069,
    "KING RICHARD III.txt": 0.1080021686792052,
    "Locrine Mucedorus by Shakespeare.txt": 0.09908850586935558,
    "Love_s Labour_s Lost.txt": 0.11804635761187632,
    "MEASURE FOR MEASURE.txt": 0.12694437892500487,
    "Merchant of Venice.txt": 0.1171249485695951,
    "MUCH ADO ABOUT NOTHING.txt": 0.09882363932912958,
    "PERICLES PRINCE OF TYRE.txt": 0.12144462725963084,
    "Sir John Oldcastle by Shakespeare.txt": 0.10386559971438103,
    "Sir Thomas More by Shakespeare.txt": 0.08482772550441287,
    "Taming of the Shrew.txt": 0.11807787735123781,
    "The Comedy of Errors.txt": 0.1249789963327681,
    "THE HISTORY OF TROILUS AND CRESSIDA.txt": 0.10134028145672808,
    "The Life and Death of the Lord Cromwell by Shakespeare.txt": 0.1013028709658223,
    "THE LIFE OF TIMON OF ATHENS.txt": 0.11573978443922645,
    "The London Prodigal.txt": 0.12128828906023248,
    "The Merry Devill of Edmonton by Shakespeare.txt": 0.1206985908890878,
    "THE MERRY WIVES OF WINDSOR.txt": 0.10446791168097991,
    "The Puritaine Widdow by Shakespeare.txt": 0.1164691539891003,
    "THE RAPE OF LUCRECE.txt": 0.12028374439024153,
    "THE TAMING OF THE SHREW.txt": 0.12193355167334813,
    "THE TEMPEST.txt": 0.11441324288198318,
    "THE TRAGEDY OF ANTONY AND CLEOPATRA.txt": 0.07179200083179288,
    "THE TRAGEDY OF CORIOLANUS.txt": 0.11566568880418437,
    "THE TRAGEDY OF HAMLET PRINCE OF DENMARK.txt": 0.10916588307734743,
    "THE TRAGEDY OF JULIUS CAESAR.txt": 0.1232443415203413,
    "THE TRAGEDY OF KING LEAR.txt": 0.11428367973549497,
    "THE TRAGEDY OF MACBETH.txt": 0.13677996988214264,
    "THE TRAGEDY OF OTHELLO MOOR OF VENICE.txt": 0.11679419092898002,
    "THE TRAGEDY OF ROMEO AND JULIET.txt": 0.09808124406111146,
    "THE TRAGEDY OF TITUS ANDRONICUS.txt": 0.11447996408407768,
    "THE TWO GENTLEMEN OF VERONA.txt": 0.11758021853554224,
    "The Two Noble Kinsmen by Shakespeare.txt": 0.1116159055189967,
    "THE WINTERS TALE.txt": 0.1286695298642932,
    "Venus and Adonis.txt": 0.09112180528220054
}