{
    "A LOVERS COMPLAINT.txt": 0.0036331800387573443,
    "A MIDSUMMER NIGHT_S DREAM.txt": 0.04994830994134419,
    "A Yorkshire Tragedy by Shakespeare.txt": 0.029159421457564283,
    "Arden of Feversham.txt": 0.11241413913455062,
    "AS YOU LIKE IT.txt": 0.13402350006719377,
    "CYMBELINE.txt": 0.11955777356188774,
    "Fair Em by Shakespeare.txt": 0.11078171506229295,
    "KING EDWARD III by Shakespeare.txt": 0.13094162990599012,
    "King Henry IV, Part 1.txt": 0.14417767655909136,
    "KING HENRY V.txt": 0.13551048290309575,
    "KING HENRY VI part I.txt": -0.10533015121965705,
    "KING HENRY VI Part II.txt": 0.1660515644577928,
    "KING HENRY VI Part III.txt": 0.14373652990841868,
    "KING HENRY VIII.txt": 0.13251020640391098,
    "KING JOHN.txt": -0.14780389411139438,
    "KING RICHARD II.txt": 0.14023783650072746,
    "KING RICHARD III.txt": 0.022712805636271205,
    "Locrine Mucedorus by Shakespeare.txt": 0.13769995808355961,
    "Love_s Labour_s Lost.txt": 0.12534262996760565,
    "MEASURE FOR MEASURE.txt": 0.16431587170307627,
    "Merchant of Venice.txt": 0.10908925414998427,
    "MUCH ADO ABOUT NOTHING.txt": 0.13762426224773178,
    "PERICLES PRINCE OF TYRE.txt": 0.13008133790790982,
    "Sir John Oldcastle by Shakespeare.txt": 0.07228495353016157,
    "Sir Thomas More by Shakespeare.txt": 0.1279297981858339,
    "Taming of the Shrew.txt": 0.13762288456094446,
    "The Comedy of Errors.txt": 0.10466027800068006,
    "THE HISTORY OF TROILUS AND CRESSIDA.txt": 0.15119444584842,
    "The Life and Death of the Lord Cromwell by Shakespeare.txt": 0.10134705544942074,
    "THE LIFE OF TIMON OF ATHENS.txt": 0.12019501248725822,
    "The London Prodigal.txt": 0.13520102849199644,
    "The Merry Devill of Edmonton by Shakespeare.txt": 0.06965627562523458,
    "THE MERRY WIVES OF WINDSOR.txt": 0.10570558017616605,
    "The Puritaine Widdow by Shakespeare.txt": 0.11230838002828875,
    "THE RAPE OF LUCRECE.txt": 0.14810741604978866,
    "THE TAMING OF THE SHREW.txt": 0.1354790184174312,
    "THE TEMPEST.txt": 0.11736415981696335,
    "THE TRAGEDY OF ANTONY AND CLEOPATRA.txt": 0.14287100200302782,
    "THE TRAGEDY OF CORIOLANUS.txt": 0.15530658689976384,
    "THE TRAGEDY OF HAMLET PRINCE OF DENMARK.txt": 0.0404606323473965,
    "THE TRAGEDY OF JULIUS CAESAR.txt": 0.1257742624545941,
    "THE TRAGEDY OF KING LEAR.txt": 0.1059382632317063,
    "THE TRAGEDY OF MACBETH.txt": 0.10268052861328081,
    "THE TRAGEDY OF OTHELLO MOOR OF VENICE.txt": 0.1483484035815223,
    "THE TRAGEDY OF ROMEO AND JULIET.txt": 0.1502260118967102,
    "THE TRAGEDY OF TITUS ANDRONICUS.txt": 0.09666436720047333,
    "THE TWO GENTLEMEN OF VERONA.txt": 0.13305436257495262,
    "The Two Noble Kinsmen by Shakespeare.txt": 0.1091938698797304,
    "THE WINTERS TALE.txt": 0.12720509877827324,
    "Venus and Adonis.txt": 0.0998510198639902
}