{
    "A MIDSUMMER NIGHT_S DREAM.txt": 0.12412986069437376,
    "A Yorkshire Tragedy by Shakespeare.txt": 0.08832109607245897,
    "Arden of Feversham.txt": 0.12305834304275587,
    "AS YOU LIKE IT.txt": 0.10295944709389826,
    "CYMBELINE.txt": 0.11743687564803917,
    "Fair Em by Shakespeare.txt": 0.0982478293165619,
    "KING EDWARD III by Shakespeare.txt": 0.08812955640306519,
    "King Henry IV, Part 1.txt": 0.06802107204706209,
    "KING HENRY V.txt": 0.1191210008208719,
    "KING HENRY VI part I.txt": -0.21555151244517634,
    "KING HENRY VI Part II.txt": 0.06292592942997277,
    "KING HENRY VI Part III.txt": 0.10875373577805625,
    "KING HENRY VIII.txt": 0.11395671917300909,
    "KING JOHN.txt": 0.07720362912152678,
    "KING RICHARD II.txt": 0.10243314714350821,
    "KING RICHARD III.txt": -0.010425411991451194,
    "Locrine Mucedorus by Shakespeare.txt": 0.06456794477204802,
    "Love_s Labour_s Lost.txt": 0.08608864703963653,
    "MEASURE FOR MEASURE.txt": 0.12034012639816838,
    "Merchant of Venice.txt": 0.10806116125609433,
    "MUCH ADO ABOUT NOTHING.txt": 0.11665009794093834,
    "PERICLES PRINCE OF TYRE.txt": 0.061996223702532105,
    "Sir John Oldcastle by Shakespeare.txt": 0.11695588133744206,
    "Sir Thomas More by Shakespeare.txt": 0.10753421035656968,
    "Taming of the Shrew.txt": 0.1191487905037662,
    "The Comedy of Errors.txt": -0.014352549997408648,
    "THE HISTORY OF TROILUS AND CRESSIDA.txt": 0.10358392453936915,
    "The Life and Death of the Lord Cromwell by Shakespeare.txt": 0.11810811618081024,
    "THE LIFE OF TIMON OF ATHENS.txt": 0.0788354185086349,
    "The London Prodigal.txt": 0.10184141767629984,
    "The Merry Devill of Edmonton by Shakespeare.txt": 0.09511889669514467,
    "THE MERRY WIVES OF WINDSOR.txt": 0.10386930214847295,
    "The Puritaine Widdow by Shakespeare.txt": 0.12127727826591833,
    "THE RAPE OF LUCRECE.txt": -0.14626590637633718,
    "THE TAMING OF THE SHREW.txt": 0.10513745509994388,
    "THE TEMPEST.txt": 0.11508424841908971,
    "THE TRAGEDY OF ANTONY AND CLEOPATRA.txt": 0.0907229633645541,
    "THE TRAGEDY OF CORIOLANUS.txt": 0.08139754081962386,
    "THE TRAGEDY OF HAMLET PRINCE OF DENMARK.txt": 0.09087781172784315,
    "THE TRAGEDY OF JULIUS CAESAR.txt": 0.12085621530611113,
    "THE TRAGEDY OF KING LEAR.txt": 0.05179074820215568,
    "THE TRAGEDY OF MACBETH.txt": 0.10295699315412504,
    "THE TRAGEDY OF OTHELLO MOOR OF VENICE.txt": 0.09715489021076767,
    "THE TRAGEDY OF ROMEO AND JULIET.txt": 0.09819462448041605,
    "THE TRAGEDY OF TITUS ANDRONICUS.txt": 0.060721612378535794,
    "THE TWO GENTLEMEN OF VERONA.txt": 0.04788913637419612,
    "The Two Noble Kinsmen by Shakespeare.txt": -0.17459069559005425,
    "THE WINTERS TALE.txt": 0.061131621188056096,
    "Venus and Adonis.txt": 0.09187042430307935
}