{
    "A LOVERS COMPLAINT.txt": 0.009898239963669508,
    "A MIDSUMMER NIGHT_S DREAM.txt": 0.05479832522220979,
    "A Yorkshire Tragedy by Shakespeare.txt": 0.08542070122674744,
    "Arden of Feversham.txt": 0.13706284526480844,
    "AS YOU LIKE IT.txt": 0.1353972253944325,
    "CYMBELINE.txt": 0.14778971857072232,
    "Fair Em by Shakespeare.txt": 0.12000042106603415,
    "KING EDWARD III by Shakespeare.txt": 0.1205674628221663,
    "King Henry IV, Part 1.txt": 0.11699087514858275,
    "KING HENRY V.txt": 0.13203148236990525,
    "KING HENRY VI part I.txt": 0.011415491922890153,
    "KING HENRY VI Part II.txt": 0.12994356508992955,
    "KING HENRY VI Part III.txt": 0.14582289702882056,
    "KING HENRY VIII.txt": 0.13015760944454008,
    "KING JOHN.txt": 0.004907148167582254,
    "KING RICHARD II.txt": 0.11844224935192821,
    "KING RICHARD III.txt": 0.07538868387487124,
    "Locrine Mucedorus by Shakespeare.txt": 0.12026545354569329,
    "Love_s Labour_s Lost.txt": 0.14155771569848669,
    "MEASURE FOR MEASURE.txt": 0.14310057471515092,
    "Merchant of Venice.txt": 0.13042180830669964,
    "MUCH ADO ABOUT NOTHING.txt": 0.13061263441329846,
    "PERICLES PRINCE OF TYRE.txt": 0.1282635407380231,
    "Sir John Oldcastle by Shakespeare.txt": 0.14262872024120155,
    "Sir Thomas More by Shakespeare.txt": 0.11791030294330224,
    "Taming of the Shrew.txt": 0.15000400235555633,
    "The Comedy of Errors.txt": 0.13310402375069136,
    "THE HISTORY OF TROILUS AND CRESSIDA.txt": 0.14072570421020675,
    "The Life and Death of the Lord Cromwell by Shakespeare.txt": 0.1440294967019407,
    "THE LIFE OF TIMON OF ATHENS.txt": 0.1428931200638786,
    "The London Prodigal.txt": 0.11221102823280904,
    "The Merry Devill of Edmonton by Shakespeare.txt": 0.13098488712828676,
    "THE MERRY WIVES OF WINDSOR.txt": 0.14609915448586824,
    "The Puritaine Widdow by Shakespeare.txt": 0.12271192942956455,
    "THE RAPE OF LUCRECE.txt": 0.10362260967592085,
    "THE TAMING OF THE SHREW.txt": 0.13215189284147594,
    "THE TEMPEST.txt": 0.1455030871655822,
    "THE TRAGEDY OF ANTONY AND CLEOPATRA.txt": 0.16058915521378642,
    "THE TRAGEDY OF CORIOLANUS.txt": 0.1475632894269795,
    "THE TRAGEDY OF HAMLET PRINCE OF DENMARK.txt": 0.12963815108671706,
    "THE TRAGEDY OF JULIUS CAESAR.txt": 0.1570302342247245,
    "THE TRAGEDY OF KING LEAR.txt": 0.12146475122419231,
    "THE TRAGEDY OF MACBETH.txt": 0.1547493374725295,
    "THE TRAGEDY OF OTHELLO MOOR OF VENICE.txt": 0.14494436706202085,
    "THE TRAGEDY OF ROMEO AND JULIET.txt": 0.10800131257330448,
    "THE TRAGEDY OF TITUS ANDRONICUS.txt": 0.10942549621566655,
    "THE TWO GENTLEMEN OF VERONA.txt": 0.12475365736557642,
    "The Two Noble Kinsmen by Shakespeare.txt": 0.09507193843546208,
    "THE WINTERS TALE.txt": 0.11024444758240903,
    "Venus and Adonis.txt": 0.10194522564843944
}