{
    "A LOVERS COMPLAINT.txt": -0.01784529109245747,
    "A MIDSUMMER NIGHT_S DREAM.txt": 0.013366808161461519,
    "A Yorkshire Tragedy by Shakespeare.txt": 0.0669461118159933,
    "Arden of Feversham.txt": 0.11969652753802806,
    "AS YOU LIKE IT.txt": 0.11841431176912137,
    "CYMBELINE.txt": 0.1393729578221688,
    "Fair Em by Shakespeare.txt": 0.11940062828240494,
    "KING EDWARD III by Shakespeare.txt": 0.10939765347064656,
    "King Henry IV, Part 1.txt": 0.12002249590333575,
    "KING HENRY V.txt": 0.14035811625707756,
    "KING HENRY VI part I.txt": -0.005251996971140538,
    "KING HENRY VI Part II.txt": 0.09082330235577202,
    "KING HENRY VI Part III.txt": 0.14624768198389293,
    "KING HENRY VIII.txt": 0.1479545451443428,
    "KING JOHN.txt": -0.015611010655054547,
    "KING RICHARD II.txt": 0.10519381502907821,
    "KING RICHARD III.txt": 0.04957721659904646,
    "Locrine Mucedorus by Shakespeare.txt": 0.13491501980580467,
    "Love_s Labour_s Lost.txt": 0.13640646303673665,
    "MEASURE FOR MEASURE.txt": 0.13246825080215247,
    "Merchant of Venice.txt": 0.1394865359606653,
    "MUCH ADO ABOUT NOTHING.txt": 0.14152841644265596,
    "PERICLES PRINCE OF TYRE.txt": 0.11073358453083892,
    "Sir John Oldcastle by Shakespeare.txt": 0.14250360252517802,
    "Sir Thomas More by Shakespeare.txt": 0.1497114736463802,
    "Taming of the Shrew.txt": 0.1404085410217737,
    "The Comedy of Errors.txt": 0.14032945104762895,
    "THE HISTORY OF TROILUS AND CRESSIDA.txt": 0.12214908714362022,
    "The Life and Death of the Lord Cromwell by Shakespeare.txt": 0.14083075990782756,
    "THE LIFE OF TIMON OF ATHENS.txt": 0.1357000621888687,
    "The London Prodigal.txt": 0.12316435025463618,
    "The Merry Devill of Edmonton by Shakespeare.txt": 0.11551236211407195,
    "THE MERRY WIVES OF WINDSOR.txt": 0.12892652097594415,
    "The Puritaine Widdow by Shakespeare.txt": 0.10530030287859721,
    "THE RAPE OF LUCRECE.txt": 0.06985421890133264,
    "THE TAMING OF THE SHREW.txt": 0.1384256959311987,
    "THE TEMPEST.txt": 0.12999372509804025,
    "THE TRAGEDY OF ANTONY AND CLEOPATRA.txt": 0.13425960513199187,
    "THE TRAGEDY OF CORIOLANUS.txt": 0.12570587756408763,
    "THE TRAGEDY OF HAMLET PRINCE OF DENMARK.txt": 0.12292140284966879,
    "THE TRAGEDY OF JULIUS CAESAR.txt": 0.15116823873242385,
    "THE TRAGEDY OF KING LEAR.txt": 0.13704555657936085,
    "THE TRAGEDY OF MACBETH.txt": 0.1360403812024379,
    "THE TRAGEDY OF OTHELLO MOOR OF VENICE.txt": 0.1326747320947962,
    "THE TRAGEDY OF ROMEO AND JULIET.txt": 0.08735782921465407,
    "THE TRAGEDY OF TITUS ANDRONICUS.txt": 0.1290709894617934,
    "THE TWO GENTLEMEN OF VERONA.txt": 0.1267003334582062,
    "The Two Noble Kinsmen by Shakespeare.txt": 0.08146243960595007,
    "THE WINTERS TALE.txt": 0.09966270956439005,
    "Venus and Adonis.txt": 0.10228562531072877
}