{
    "A LOVERS COMPLAINT.txt": 0.005277577125869237,
    "A MIDSUMMER NIGHT_S DREAM.txt": 0.023513102018034138,
    "A Yorkshire Tragedy by Shakespeare.txt": 0.06839391153289276,
    "Arden of Feversham.txt": 0.14282849084847188,
    "AS YOU LIKE IT.txt": 0.126008857970751,
    "CYMBELINE.txt": 0.1302052153173045,
    "Fair Em by Shakespeare.txt": 0.1301157602160215,
    "KING EDWARD III by Shakespeare.txt": 0.11187705004183712,
    "King Henry IV, Part 1.txt": 0.11167418226756665,
    "KING HENRY V.txt": 0.13930027828311825,
    "KING HENRY VI part I.txt": -0.02120130303378298,
    "KING HENRY VI Part II.txt": 0.12917150319227094,
    "KING HENRY VI Part III.txt": 0.14283028699633615,
    "KING HENRY VIII.txt": 0.14682699759862355,
    "KING JOHN.txt": -0.02885798807491846,
    "KING RICHARD II.txt": 0.12262286210077344,
    "KING RICHARD III.txt": 0.06868843622268489,
    "Locrine Mucedorus by Shakespeare.txt": 0.11456663971919484,
    "Love_s Labour_s Lost.txt": 0.14217582904850395,
    "MEASURE FOR MEASURE.txt": 0.14292682567042075,
    "Merchant of Venice.txt": 0.134911216475463,
    "MUCH ADO ABOUT NOTHING.txt": 0.12717602202652684,
    "PERICLES PRINCE OF TYRE.txt": 0.13737719155614225,
    "Sir John Oldcastle by Shakespeare.txt": 0.1311194702107385,
    "Sir Thomas More by Shakespeare.txt": 0.13381849308299304,
    "Taming of the Shrew.txt": 0.12746336076289716,
    "The Comedy of Errors.txt": 0.14287591655327564,
    "THE HISTORY OF TROILUS AND CRESSIDA.txt": 0.14109031431481434,
    "The Life and Death of the Lord Cromwell by Shakespeare.txt": 0.1352206371416147,
    "THE LIFE OF TIMON OF ATHENS.txt": 0.14286922337253355,
    "The London Prodigal.txt": 0.12240575620360444,
    "The Merry Devill of Edmonton by Shakespeare.txt": 0.14357267186502132,
    "THE MERRY WIVES OF WINDSOR.txt": 0.1412457805486661,
    "The Puritaine Widdow by Shakespeare.txt": 0.11349070330967881,
    "THE RAPE OF LUCRECE.txt": 0.08150960943592123,
    "THE TAMING OF THE SHREW.txt": 0.15377904356889288,
    "THE TEMPEST.txt": 0.13619135253945258,
    "THE TRAGEDY OF ANTONY AND CLEOPATRA.txt": 0.14742101510968264,
    "THE TRAGEDY OF CORIOLANUS.txt": 0.13393650377278976,
    "THE TRAGEDY OF HAMLET PRINCE OF DENMARK.txt": 0.12243701190865736,
    "THE TRAGEDY OF JULIUS CAESAR.txt": 0.14594861832855227,
    "THE TRAGEDY OF KING LEAR.txt": 0.12601890710887992,
    "THE TRAGEDY OF MACBETH.txt": 0.14642066208717847,
    "THE TRAGEDY OF OTHELLO MOOR OF VENICE.txt": 0.13090115967537935,
    "THE TRAGEDY OF ROMEO AND JULIET.txt": 0.1099173434226508,
    "THE TRAGEDY OF TITUS ANDRONICUS.txt": 0.13614998399050682,
    "THE TWO GENTLEMEN OF VERONA.txt": 0.12235284718403011,
    "The Two Noble Kinsmen by Shakespeare.txt": 0.05593371046621359,
    "THE WINTERS TALE.txt": 0.1285623434017274,
    "Venus and Adonis.txt": 0.1128494226692775
}