{
    "A LOVERS COMPLAINT.txt": -0.0726789914456738,
    "A MIDSUMMER NIGHT_S DREAM.txt": -0.0025534203454657955,
    "A Yorkshire Tragedy by Shakespeare.txt": 0.04587741393486672,
    "Arden of Feversham.txt": 0.12945247390929848,
    "AS YOU LIKE IT.txt": 0.10862470389405615,
    "CYMBELINE.txt": 0.14611862091865485,
    "Fair Em by Shakespeare.txt": 0.10132036855027943,
    "KING EDWARD III by Shakespeare.txt": 0.09770254284656332,
    "King Henry IV, Part 1.txt": 0.11971719571129558,
    "KING HENRY V.txt": 0.14046924067670552,
    "KING HENRY VI part I.txt": -0.03969065185288856,
    "KING HENRY VI Part II.txt": 0.11363756482420673,
    "KING HENRY VI Part III.txt": 0.1424360058364771,
    "KING HENRY VIII.txt": 0.12440408368502331,
    "KING JOHN.txt": -0.025415422555534195,
    "KING RICHARD II.txt": 0.10893093226533923,
    "KING RICHARD III.txt": 0.04917374320417689,
    "Locrine Mucedorus by Shakespeare.txt": 0.11769752985809556,
    "Love_s Labour_s Lost.txt": 0.14855868061700095,
    "MEASURE FOR MEASURE.txt": 0.1405617335664613,
    "Merchant of Venice.txt": 0.12726030586625198,
    "MUCH ADO ABOUT NOTHING.txt": 0.11964538184963475,
    "PERICLES PRINCE OF TYRE.txt": 0.08745355385550879,
    "Sir John Oldcastle by Shakespeare.txt": 0.124730092090298,
    "Sir Thomas More by Shakespeare.txt": 0.13418455813220292,
    "Taming of the Shrew.txt": 0.12672662731784562,
    "The Comedy of Errors.txt": 0.11879251022072629,
    "THE HISTORY OF TROILUS AND CRESSIDA.txt": 0.10815274107917211,
    "The Life and Death of the Lord Cromwell by Shakespeare.txt": 0.11720628783815101,
    "THE LIFE OF TIMON OF ATHENS.txt": 0.13694213529726867,
    "The London Prodigal.txt": 0.10026607182796643,
    "The Merry Devill of Edmonton by Shakespeare.txt": 0.10397878266508043,
    "THE MERRY WIVES OF WINDSOR.txt": 0.13137085278774552,
    "The Puritaine Widdow by Shakespeare.txt": 0.11031695271143582,
    "THE RAPE OF LUCRECE.txt": 0.07045320938254679,
    "THE TAMING OF THE SHREW.txt": 0.1332808757510613,
    "THE TEMPEST.txt": 0.13300848732745774,
    "THE TRAGEDY OF ANTONY AND CLEOPATRA.txt": 0.13625534315791404,
    "THE TRAGEDY OF CORIOLANUS.txt": 0.13240680475297673,
    "THE TRAGEDY OF HAMLET PRINCE OF DENMARK.txt": 0.12269045673164652,
    "THE TRAGEDY OF JULIUS CAESAR.txt": 0.1304036358196191,
    "THE TRAGEDY OF KING LEAR.txt": 0.10435273870094064,
    "THE TRAGEDY OF MACBETH.txt": 0.13029591425647258,
    "THE TRAGEDY OF OTHELLO MOOR OF VENICE.txt": 0.1239269296490042,
    "THE TRAGEDY OF ROMEO AND JULIET.txt": 0.09634842002452249,
    "THE TRAGEDY OF TITUS ANDRONICUS.txt": 0.1185026134302275,
    "THE TWO GENTLEMEN OF VERONA.txt": 0.11565784312319372,
    "The Two Noble Kinsmen by Shakespeare.txt": 0.055406308403578075,
    "THE WINTERS TALE.txt": 0.10303265247128046,
    "Venus and Adonis.txt": 0.08311850276158894
}