{
    "A MIDSUMMER NIGHT_S DREAM.txt": 0.11130514105580691,
    "A Yorkshire Tragedy by Shakespeare.txt": 0.08236465840804169,
    "Arden of Feversham.txt": 0.10403091640570583,
    "AS YOU LIKE IT.txt": 0.07443891087733234,
    "CYMBELINE.txt": 0.1063814804076817,
    "Fair Em by Shakespeare.txt": 0.09904657200770356,
    "KING EDWARD III by Shakespeare.txt": 0.0718751547415491,
    "King Henry IV, Part 1.txt": 0.08290930113522454,
    "KING HENRY V.txt": 0.09882783880943025,
    "KING HENRY VI part I.txt": -0.1891824816859602,
    "KING HENRY VI Part II.txt": 0.06072149538822219,
    "KING HENRY VI Part III.txt": 0.10184058553371267,
    "KING HENRY VIII.txt": 0.07937135200179235,
    "KING JOHN.txt": 0.07076734827427378,
    "KING RICHARD II.txt": 0.08247503473574341,
    "KING RICHARD III.txt": -0.01296228295901014,
    "Locrine Mucedorus by Shakespeare.txt": 0.04486252967169335,
    "Love_s Labour_s Lost.txt": 0.08577998937805803,
    "MEASURE FOR MEASURE.txt": 0.10748578341198733,
    "Merchant of Venice.txt": 0.09389651030511942,
    "MUCH ADO ABOUT NOTHING.txt": 0.10057792404157617,
    "PERICLES PRINCE OF TYRE.txt": 0.044784861278986066,
    "Sir John Oldcastle by Shakespeare.txt": 0.08074405110275062,
    "Sir Thomas More by Shakespeare.txt": 0.09237765756722993,
    "Taming of the Shrew.txt": 0.11504865731890179,
    "The Comedy of Errors.txt": -0.015538873804862408,
    "THE HISTORY OF TROILUS AND CRESSIDA.txt": 0.11214437949679179,
    "The Life and Death of the Lord Cromwell by Shakespeare.txt": 0.08620183013657962,
    "THE LIFE OF TIMON OF ATHENS.txt": 0.07801379230310673,
    "The London Prodigal.txt": 0.09672882839411795,
    "The Merry Devill of Edmonton by Shakespeare.txt": 0.0886034808417987,
    "THE MERRY WIVES OF WINDSOR.txt": 0.08935640321218125,
    "The Puritaine Widdow by Shakespeare.txt": 0.09938842729107272,
    "THE RAPE OF LUCRECE.txt": -0.1548531897952916,
    "THE TAMING OF THE SHREW.txt": 0.08874837528447549,
    "THE TEMPEST.txt": 0.0791302901066463,
    "THE TRAGEDY OF ANTONY AND CLEOPATRA.txt": 0.09545512471437811,
    "THE TRAGEDY OF CORIOLANUS.txt": 0.05780636684086127,
    "THE TRAGEDY OF HAMLET PRINCE OF DENMARK.txt": 0.09708586799506463,
    "THE TRAGEDY OF JULIUS CAESAR.txt": 0.12232984988470252,
    "THE TRAGEDY OF KING LEAR.txt": 0.039401018276239264,
    "THE TRAGEDY OF MACBETH.txt": 0.07980356016979334,
    "THE TRAGEDY OF OTHELLO MOOR OF VENICE.txt": 0.10772119702737543,
    "THE TRAGEDY OF ROMEO AND JULIET.txt": 0.09665879552423556,
    "THE TRAGEDY OF TITUS ANDRONICUS.txt": 0.03328331231365228,
    "THE TWO GENTLEMEN OF VERONA.txt": 0.025769176939330007,
    "The Two Noble Kinsmen by Shakespeare.txt": -0.1715102220835092,
    "THE WINTERS TALE.txt": 0.06087576512416348,
    "Venus and Adonis.txt": 0.10559640386693914
}