{
    "A LOVERS COMPLAINT.txt": 0.124307996697187,
    "A MIDSUMMER NIGHT_S DREAM.txt": 0.1305001424699932,
    "A Yorkshire Tragedy by Shakespeare.txt": 0.15148743608366938,
    "Arden of Feversham.txt": 0.12498931823975257,
    "AS YOU LIKE IT.txt": 0.14977867554991348,
    "CYMBELINE.txt": 0.12735606710052183,
    "Fair Em by Shakespeare.txt": 0.13768756025616657,
    "KING EDWARD III by Shakespeare.txt": 0.14963695584983955,
    "King Henry IV, Part 1.txt": 0.14441202337580328,
    "KING HENRY V.txt": 0.11733915492080077,
    "KING HENRY VI part I.txt": -0.01600730527444716,
    "KING HENRY VI Part II.txt": 0.11013245250134462,
    "KING HENRY VI Part III.txt": 0.12974774965731734,
    "KING HENRY VIII.txt": 0.14993698516821513,
    "KING JOHN.txt": 0.1498423094690542,
    "KING RICHARD II.txt": 0.16041124339183593,
    "KING RICHARD III.txt": 0.05981316259166314,
    "Locrine Mucedorus by Shakespeare.txt": 0.059028861338577765,
    "Love_s Labour_s Lost.txt": 0.14555816024507517,
    "MEASURE FOR MEASURE.txt": 0.1573124274576137,
    "Merchant of Venice.txt": 0.15645540364678218,
    "MUCH ADO ABOUT NOTHING.txt": 0.163234487754644,
    "PERICLES PRINCE OF TYRE.txt": 0.15755026414068252,
    "Sir John Oldcastle by Shakespeare.txt": 0.15171185514593855,
    "Sir Thomas More by Shakespeare.txt": 0.13991086102443356,
    "Taming of the Shrew.txt": 0.1641012726703973,
    "The Comedy of Errors.txt": 0.11017109915332152,
    "THE HISTORY OF TROILUS AND CRESSIDA.txt": 0.1414252974315625,
    "The Life and Death of the Lord Cromwell by Shakespeare.txt": 0.1364623290056623,
    "THE LIFE OF TIMON OF ATHENS.txt": 0.12243120412440167,
    "The London Prodigal.txt": 0.1466608626168398,
    "The Merry Devill of Edmonton by Shakespeare.txt": 0.14883225738465755,
    "THE MERRY WIVES OF WINDSOR.txt": 0.14905444801793372,
    "The Puritaine Widdow by Shakespeare.txt": 0.15027600108129963,
    "THE RAPE OF LUCRECE.txt": 0.10299737491400746,
    "THE TAMING OF THE SHREW.txt": 0.13966923974131257,
    "THE TEMPEST.txt": 0.1652458816231464,
    "THE TRAGEDY OF ANTONY AND CLEOPATRA.txt": 0.15767527700955897,
    "THE TRAGEDY OF CORIOLANUS.txt": 0.14723578108916763,
    "THE TRAGEDY OF HAMLET PRINCE OF DENMARK.txt": 0.15670990070362623,
    "THE TRAGEDY OF JULIUS CAESAR.txt": 0.016049996164557823,
    "THE TRAGEDY OF KING LEAR.txt": 0.11566233340924764,
    "THE TRAGEDY OF MACBETH.txt": 0.14673710715418614,
    "THE TRAGEDY OF OTHELLO MOOR OF VENICE.txt": 0.16220710889476825,
    "THE TRAGEDY OF ROMEO AND JULIET.txt": 0.007278906239878646,
    "THE TRAGEDY OF TITUS ANDRONICUS.txt": 0.1568654926377785,
    "THE TWO GENTLEMEN OF VERONA.txt": 0.12863871351835965,
    "The Two Noble Kinsmen by Shakespeare.txt": 0.06746450807875887,
    "THE WINTERS TALE.txt": 0.1458460550423642,
    "Venus and Adonis.txt": 0.14841163420330594
}