{
    "A LOVERS COMPLAINT.txt": 0.02166448422683459,
    "A MIDSUMMER NIGHT_S DREAM.txt": 0.023232336375462015,
    "A Yorkshire Tragedy by Shakespeare.txt": 0.046012064184699886,
    "Arden of Feversham.txt": -0.03577403264834045,
    "AS YOU LIKE IT.txt": 0.09967863932787918,
    "CYMBELINE.txt": 0.09988059685223244,
    "Fair Em by Shakespeare.txt": 0.09164999179547073,
    "KING EDWARD III by Shakespeare.txt": 0.12114523025094098,
    "King Henry IV, Part 1.txt": 0.12967379696085246,
    "KING HENRY V.txt": 0.10795851441554216,
    "KING HENRY VI part I.txt": 0.02505700977904307,
    "KING HENRY VI Part II.txt": 0.12221862725284649,
    "KING HENRY VI Part III.txt": 0.07098916138757355,
    "KING HENRY VIII.txt": 0.10408129617928646,
    "KING JOHN.txt": 0.05764133699748375,
    "KING RICHARD II.txt": 0.13033339955028617,
    "KING RICHARD III.txt": 0.14289571293211922,
    "Locrine Mucedorus by Shakespeare.txt": -0.04416768707683005,
    "Love_s Labour_s Lost.txt": 0.1295622441132092,
    "MEASURE FOR MEASURE.txt": 0.10230490466827091,
    "Merchant of Venice.txt": 0.13617985272123817,
    "MUCH ADO ABOUT NOTHING.txt": 0.10092544131933823,
    "PERICLES PRINCE OF TYRE.txt": 0.1349648970006775,
    "Sir John Oldcastle by Shakespeare.txt": 0.11984881708022249,
    "Sir Thomas More by Shakespeare.txt": 0.10616898224170512,
    "Taming of the Shrew.txt": 0.1172749316620944,
    "The Comedy of Errors.txt": 0.062239133458213525,
    "THE HISTORY OF TROILUS AND CRESSIDA.txt": 0.0020027549683390156,
    "The Life and Death of the Lord Cromwell by Shakespeare.txt": 0.10476052404840641,
    "THE LIFE OF TIMON OF ATHENS.txt": 0.10269272816606034,
    "The London Prodigal.txt": 0.07873397996893272,
    "The Merry Devill of Edmonton by Shakespeare.txt": 0.1114884647067178,
    "THE MERRY WIVES OF WINDSOR.txt": 0.12225092816737454,
    "The Puritaine Widdow by Shakespeare.txt": 0.1386802997317812,
    "THE RAPE OF LUCRECE.txt": 0.11466045893572646,
    "THE TAMING OF THE SHREW.txt": 0.11733716596338073,
    "THE TEMPEST.txt": 0.1004449103620989,
    "THE TRAGEDY OF ANTONY AND CLEOPATRA.txt": 0.10730772732963806,
    "THE TRAGEDY OF CORIOLANUS.txt": -0.1416631667760211,
    "THE TRAGEDY OF HAMLET PRINCE OF DENMARK.txt": 0.12386496142333492,
    "THE TRAGEDY OF JULIUS CAESAR.txt": 0.06772367959344555,
    "THE TRAGEDY OF KING LEAR.txt": 0.13032121404081587,
    "THE TRAGEDY OF MACBETH.txt": 0.05137526531839648,
    "THE TRAGEDY OF OTHELLO MOOR OF VENICE.txt": 0.11623873495923515,
    "THE TRAGEDY OF ROMEO AND JULIET.txt": 0.1313411185619674,
    "THE TRAGEDY OF TITUS ANDRONICUS.txt": 0.10265879965344887,
    "THE TWO GENTLEMEN OF VERONA.txt": 0.10521421116570662,
    "The Two Noble Kinsmen by Shakespeare.txt": 0.1308793614003223,
    "THE WINTERS TALE.txt": 0.12141832662939683,
    "Venus and Adonis.txt": 0.10557137861042049
}