{
    "A LOVERS COMPLAINT.txt": 0.10690428327185886,
    "A MIDSUMMER NIGHT_S DREAM.txt": 0.054779946947979274,
    "A Yorkshire Tragedy by Shakespeare.txt": 0.097163855721001,
    "Arden of Feversham.txt": -0.021884291906383968,
    "AS YOU LIKE IT.txt": 0.06629001160937509,
    "CYMBELINE.txt": 0.11534646979788166,
    "Fair Em by Shakespeare.txt": 0.11167420212959672,
    "KING EDWARD III by Shakespeare.txt": 0.1217461206865938,
    "King Henry IV, Part 1.txt": 0.0845315179462835,
    "KING HENRY V.txt": 0.13637276513003382,
    "KING HENRY VI part I.txt": -0.07788636407328364,
    "KING HENRY VI Part II.txt": 0.10693052611528486,
    "KING HENRY VI Part III.txt": 0.13618978161688083,
    "KING HENRY VIII.txt": 0.13184904146537713,
    "KING JOHN.txt": 0.1359646404723462,
    "KING RICHARD II.txt": 0.11775027073232508,
    "KING RICHARD III.txt": 0.141689072660949,
    "Locrine Mucedorus by Shakespeare.txt": -0.010248892242299745,
    "Love_s Labour_s Lost.txt": 0.13695296514167066,
    "MEASURE FOR MEASURE.txt": 0.098101627606343,
    "Merchant of Venice.txt": 0.12170000733293168,
    "MUCH ADO ABOUT NOTHING.txt": 0.12677627304875605,
    "PERICLES PRINCE OF TYRE.txt": 0.14305062769198085,
    "Sir John Oldcastle by Shakespeare.txt": 0.14651875453828483,
    "Sir Thomas More by Shakespeare.txt": 0.11982054914972318,
    "Taming of the Shrew.txt": 0.1244655955648169,
    "The Comedy of Errors.txt": 0.033583711501735114,
    "THE HISTORY OF TROILUS AND CRESSIDA.txt": 0.05644923793199358,
    "The Life and Death of the Lord Cromwell by Shakespeare.txt": 0.10395925028176684,
    "THE LIFE OF TIMON OF ATHENS.txt": 0.05242194668562339,
    "The London Prodigal.txt": 0.09693384175596914,
    "The Merry Devill of Edmonton by Shakespeare.txt": 0.12662493380773893,
    "THE MERRY WIVES OF WINDSOR.txt": 0.1299476393040533,
    "The Puritaine Widdow by Shakespeare.txt": 0.13175560991382823,
    "THE RAPE OF LUCRECE.txt": 0.10935752876168886,
    "THE TAMING OF THE SHREW.txt": 0.10292028924721491,
    "THE TEMPEST.txt": 0.05789030102524495,
    "THE TRAGEDY OF ANTONY AND CLEOPATRA.txt": 0.09343822303901878,
    "THE TRAGEDY OF CORIOLANUS.txt": 0.010181316751478042,
    "THE TRAGEDY OF HAMLET PRINCE OF DENMARK.txt": 0.12364395460825889,
    "THE TRAGEDY OF JULIUS CAESAR.txt": 0.08134546030355305,
    "THE TRAGEDY OF KING LEAR.txt": 0.13993560559819374,
    "THE TRAGEDY OF MACBETH.txt": -0.0023392298770485986,
    "THE TRAGEDY OF OTHELLO MOOR OF VENICE.txt": 0.13350906051068095,
    "THE TRAGEDY OF ROMEO AND JULIET.txt": 0.1367339682433672,
    "THE TRAGEDY OF TITUS ANDRONICUS.txt": 0.05444181879330423,
    "THE TWO GENTLEMEN OF VERONA.txt": 0.11838694212014961,
    "The Two Noble Kinsmen by Shakespeare.txt": 0.13989205745322414,
    "THE WINTERS TALE.txt": 0.14228235865347,
    "Venus and Adonis.txt": 0.11787016583824028
}