{
    "A LOVERS COMPLAINT.txt": 0.013106099365396695,
    "A MIDSUMMER NIGHT_S DREAM.txt": 0.12186132691404306,
    "A Yorkshire Tragedy by Shakespeare.txt": 0.0687224060655095,
    "Arden of Feversham.txt": -0.04077848214937829,
    "AS YOU LIKE IT.txt": 0.07284626859586757,
    "CYMBELINE.txt": 0.1062506081100047,
    "Fair Em by Shakespeare.txt": 0.06807781144951441,
    "KING EDWARD III by Shakespeare.txt": 0.06592006002183959,
    "King Henry IV, Part 1.txt": -0.017736249320941977,
    "KING HENRY V.txt": 0.09019840103450111,
    "KING HENRY VI part I.txt": 0.0013863251393481657,
    "KING HENRY VI Part II.txt": 0.06841421085832056,
    "KING HENRY VI Part III.txt": 0.09465112048916458,
    "KING HENRY VIII.txt": 0.11577064456582731,
    "KING JOHN.txt": -0.04031352284319334,
    "KING RICHARD II.txt": 0.10229078928250435,
    "KING RICHARD III.txt": 0.11107135828332798,
    "Locrine Mucedorus by Shakespeare.txt": 0.10580469376754809,
    "Love_s Labour_s Lost.txt": 0.09690645897836231,
    "MEASURE FOR MEASURE.txt": 0.08868529078398724,
    "Merchant of Venice.txt": -0.00441677260352813,
    "MUCH ADO ABOUT NOTHING.txt": 0.05862807315666879,
    "PERICLES PRINCE OF TYRE.txt": 0.07861760444913335,
    "Sir John Oldcastle by Shakespeare.txt": 0.047653711969352086,
    "Sir Thomas More by Shakespeare.txt": 0.10458225131283849,
    "Taming of the Shrew.txt": 0.07441260955268486,
    "The Comedy of Errors.txt": 0.08139365416265038,
    "THE HISTORY OF TROILUS AND CRESSIDA.txt": 0.09015995810890232,
    "The Life and Death of the Lord Cromwell by Shakespeare.txt": 0.10221328089057219,
    "THE LIFE OF TIMON OF ATHENS.txt": 0.0775053659104063,
    "The London Prodigal.txt": 0.07727521402664295,
    "The Merry Devill of Edmonton by Shakespeare.txt": 0.09582342188927212,
    "THE MERRY WIVES OF WINDSOR.txt": 0.01671167577274757,
    "The Puritaine Widdow by Shakespeare.txt": 0.09155766569005064,
    "THE RAPE OF LUCRECE.txt": 0.019727098485580463,
    "THE TAMING OF THE SHREW.txt": 0.08505827414621753,
    "THE TEMPEST.txt": 0.097345718044281,
    "THE TRAGEDY OF ANTONY AND CLEOPATRA.txt": -0.012225098204156848,
    "THE TRAGEDY OF CORIOLANUS.txt": 0.08928284334039932,
    "THE TRAGEDY OF HAMLET PRINCE OF DENMARK.txt": 0.09943925634391382,
    "THE TRAGEDY OF JULIUS CAESAR.txt": 0.0706410335342359,
    "THE TRAGEDY OF KING LEAR.txt": 0.07778400904398797,
    "THE TRAGEDY OF MACBETH.txt": 0.06395169403225887,
    "THE TRAGEDY OF OTHELLO MOOR OF VENICE.txt": 0.09749170788666706,
    "THE TRAGEDY OF ROMEO AND JULIET.txt": 0.10202183613926952,
    "THE TRAGEDY OF TITUS ANDRONICUS.txt": 0.06983977410084863,
    "THE TWO GENTLEMEN OF VERONA.txt": 0.093057227624537,
    "The Two Noble Kinsmen by Shakespeare.txt": 0.021239818799042243,
    "THE WINTERS TALE.txt": 0.11502971729448264,
    "Venus and Adonis.txt": 0.055352254508272414
}