{
    "A LOVERS COMPLAINT.txt": 0.016434674731127474,
    "A MIDSUMMER NIGHT_S DREAM.txt": 0.11015428569593566,
    "A Yorkshire Tragedy by Shakespeare.txt": 0.05492782759953252,
    "Arden of Feversham.txt": -0.024019900331815447,
    "AS YOU LIKE IT.txt": 0.06548463007982497,
    "CYMBELINE.txt": 0.10348618035637452,
    "Fair Em by Shakespeare.txt": 0.10104581951662134,
    "KING EDWARD III by Shakespeare.txt": 0.08738973110556142,
    "King Henry IV, Part 1.txt": 0.010893304194226239,
    "KING HENRY V.txt": 0.09237764100598139,
    "KING HENRY VI part I.txt": 9.907900755290466e-05,
    "KING HENRY VI Part II.txt": 0.10187824673706258,
    "KING HENRY VI Part III.txt": 0.09812807706088966,
    "KING HENRY VIII.txt": 0.11485559626824182,
    "KING JOHN.txt": -0.03200761838894928,
    "KING RICHARD II.txt": 0.11239117530783699,
    "KING RICHARD III.txt": 0.11322531144113562,
    "Locrine Mucedorus by Shakespeare.txt": 0.11395558922388588,
    "Love_s Labour_s Lost.txt": 0.09474131583115802,
    "MEASURE FOR MEASURE.txt": 0.0915150696013865,
    "Merchant of Venice.txt": 0.007761796634409679,
    "MUCH ADO ABOUT NOTHING.txt": 0.04399990865300868,
    "PERICLES PRINCE OF TYRE.txt": 0.09095366623283396,
    "Sir John Oldcastle by Shakespeare.txt": 0.03280611626345181,
    "Sir Thomas More by Shakespeare.txt": 0.11717365791824874,
    "Taming of the Shrew.txt": 0.07828700287340357,
    "The Comedy of Errors.txt": 0.083737408640781,
    "THE HISTORY OF TROILUS AND CRESSIDA.txt": 0.08838905532445201,
    "The Life and Death of the Lord Cromwell by Shakespeare.txt": 0.08892655443403097,
    "THE LIFE OF TIMON OF ATHENS.txt": 0.08897984407808984,
    "The London Prodigal.txt": 0.08177532580937724,
    "The Merry Devill of Edmonton by Shakespeare.txt": 0.10110356423272371,
    "THE MERRY WIVES OF WINDSOR.txt": 0.01405098155421386,
    "The Puritaine Widdow by Shakespeare.txt": 0.10033100905033293,
    "THE RAPE OF LUCRECE.txt": 0.019180019600614107,
    "THE TAMING OF THE SHREW.txt": 0.0997396333664326,
    "THE TEMPEST.txt": 0.12402204661706889,
    "THE TRAGEDY OF ANTONY AND CLEOPATRA.txt": -0.03243843911735966,
    "THE TRAGEDY OF CORIOLANUS.txt": 0.10886717767621668,
    "THE TRAGEDY OF HAMLET PRINCE OF DENMARK.txt": 0.09563097750276744,
    "THE TRAGEDY OF JULIUS CAESAR.txt": 0.06010419223439395,
    "THE TRAGEDY OF KING LEAR.txt": 0.09605716518936658,
    "THE TRAGEDY OF MACBETH.txt": 0.0956583178501677,
    "THE TRAGEDY OF OTHELLO MOOR OF VENICE.txt": 0.10676156100654799,
    "THE TRAGEDY OF ROMEO AND JULIET.txt": 0.10511885257839626,
    "THE TRAGEDY OF TITUS ANDRONICUS.txt": 0.08712493170885416,
    "THE TWO GENTLEMEN OF VERONA.txt": 0.09453631682789304,
    "The Two Noble Kinsmen by Shakespeare.txt": 0.025994473362403736,
    "THE WINTERS TALE.txt": 0.09286064310622366,
    "Venus and Adonis.txt": 0.05074009111764244
}