{
    "A LOVERS COMPLAINT.txt": 0.032235906973670514,
    "A MIDSUMMER NIGHT_S DREAM.txt": 0.10643083368856782,
    "A Yorkshire Tragedy by Shakespeare.txt": 0.07796531771361837,
    "Arden of Feversham.txt": -0.017536164894404127,
    "AS YOU LIKE IT.txt": 0.07801657758567648,
    "CYMBELINE.txt": 0.1196010491994291,
    "Fair Em by Shakespeare.txt": 0.08525182500145423,
    "KING EDWARD III by Shakespeare.txt": 0.08032564499619271,
    "King Henry IV, Part 1.txt": -0.010251143092004922,
    "KING HENRY V.txt": 0.11788303378926435,
    "KING HENRY VI part I.txt": 0.0201475415931176,
    "KING HENRY VI Part II.txt": 0.09054262115454648,
    "KING HENRY VI Part III.txt": 0.10725794953551965,
    "KING HENRY VIII.txt": 0.11182799240747032,
    "KING JOHN.txt": -0.01618820162099799,
    "KING RICHARD II.txt": 0.10813270284625781,
    "KING RICHARD III.txt": 0.11888954965490145,
    "Locrine Mucedorus by Shakespeare.txt": 0.1203510427181747,
    "Love_s Labour_s Lost.txt": 0.0921927757086225,
    "MEASURE FOR MEASURE.txt": 0.09926897145540503,
    "Merchant of Venice.txt": 0.024591191390385236,
    "MUCH ADO ABOUT NOTHING.txt": 0.07394741215088074,
    "PERICLES PRINCE OF TYRE.txt": 0.09005888037702986,
    "Sir John Oldcastle by Shakespeare.txt": 0.058832075085149205,
    "Sir Thomas More by Shakespeare.txt": 0.10728456067369418,
    "Taming of the Shrew.txt": 0.07795833767428223,
    "The Comedy of Errors.txt": 0.1102885291617069,
    "THE HISTORY OF TROILUS AND CRESSIDA.txt": 0.10107777135143209,
    "The Life and Death of the Lord Cromwell by Shakespeare.txt": 0.09368603144144871,
    "THE LIFE OF TIMON OF ATHENS.txt": 0.08440739164504435,
    "The London Prodigal.txt": 0.04410923828271218,
    "The Merry Devill of Edmonton by Shakespeare.txt": 0.10762163942778302,
    "THE MERRY WIVES OF WINDSOR.txt": 0.021018272403206528,
    "The Puritaine Widdow by Shakespeare.txt": 0.09022897814296732,
    "THE RAPE OF LUCRECE.txt": 0.04035471481617714,
    "THE TAMING OF THE SHREW.txt": 0.08521846737523237,
    "THE TEMPEST.txt": 0.10217411179951907,
    "THE TRAGEDY OF ANTONY AND CLEOPATRA.txt": -0.04136049686439891,
    "THE TRAGEDY OF CORIOLANUS.txt": 0.10566436715163663,
    "THE TRAGEDY OF HAMLET PRINCE OF DENMARK.txt": 0.0920633279730681,
    "THE TRAGEDY OF JULIUS CAESAR.txt": 0.06709790041364289,
    "THE TRAGEDY OF KING LEAR.txt": 0.07705973017691059,
    "THE TRAGEDY OF MACBETH.txt": 0.093080105163313,
    "THE TRAGEDY OF OTHELLO MOOR OF VENICE.txt": 0.06881856922247137,
    "THE TRAGEDY OF ROMEO AND JULIET.txt": 0.10036717429283049,
    "THE TRAGEDY OF TITUS ANDRONICUS.txt": 0.08450914621206729,
    "THE TWO GENTLEMEN OF VERONA.txt": 0.0953918884947369,
    "The Two Noble Kinsmen by Shakespeare.txt": 0.04256554670679075,
    "THE WINTERS TALE.txt": 0.10279698775099394,
    "Venus and Adonis.txt": 0.0748172102695045
}