{
    "A MIDSUMMER NIGHT_S DREAM.txt": 0.1103465027045904,
    "A Yorkshire Tragedy by Shakespeare.txt": 0.0753217593411919,
    "Arden of Feversham.txt": -0.22984236616180287,
    "AS YOU LIKE IT.txt": 0.03596886269766564,
    "CYMBELINE.txt": 0.11594323496359582,
    "Fair Em by Shakespeare.txt": 0.10304956548885458,
    "KING EDWARD III by Shakespeare.txt": 0.07071820202061418,
    "King Henry IV, Part 1.txt": 0.08164343037595206,
    "KING HENRY V.txt": 0.10317090645651023,
    "KING HENRY VI part I.txt": -0.0798140197634436,
    "KING HENRY VI Part II.txt": 0.09779019275712447,
    "KING HENRY VI Part III.txt": 0.09640906063373439,
    "KING HENRY VIII.txt": 0.0672554668009015,
    "KING JOHN.txt": -0.024611141017619853,
    "KING RICHARD II.txt": 0.09232279770455842,
    "KING RICHARD III.txt": 0.12238652677740469,
    "Locrine Mucedorus by Shakespeare.txt": 0.11295035895017475,
    "Love_s Labour_s Lost.txt": 0.10757096617525524,
    "MEASURE FOR MEASURE.txt": 0.04382510997785399,
    "Merchant of Venice.txt": -0.05020365302031449,
    "MUCH ADO ABOUT NOTHING.txt": 0.030118964026320305,
    "PERICLES PRINCE OF TYRE.txt": 0.09289524129044063,
    "Sir John Oldcastle by Shakespeare.txt": 0.06757464013818393,
    "Sir Thomas More by Shakespeare.txt": 0.05418106305107284,
    "Taming of the Shrew.txt": -0.05429233006081291,
    "The Comedy of Errors.txt": 0.11015834814602671,
    "THE HISTORY OF TROILUS AND CRESSIDA.txt": 0.10463315291517511,
    "The Life and Death of the Lord Cromwell by Shakespeare.txt": 0.03667654181733182,
    "THE LIFE OF TIMON OF ATHENS.txt": 0.06317705041692995,
    "The London Prodigal.txt": 0.026074114469276766,
    "The Merry Devill of Edmonton by Shakespeare.txt": 0.0989337434990819,
    "THE MERRY WIVES OF WINDSOR.txt": -0.012680520848236898,
    "The Puritaine Widdow by Shakespeare.txt": 0.023224438021588245,
    "THE RAPE OF LUCRECE.txt": 0.013810013491674489,
    "THE TAMING OF THE SHREW.txt": 0.03373528085370603,
    "THE TEMPEST.txt": 0.07974312699613906,
    "THE TRAGEDY OF ANTONY AND CLEOPATRA.txt": 0.07200201175976323,
    "THE TRAGEDY OF CORIOLANUS.txt": 0.10872213571115658,
    "THE TRAGEDY OF HAMLET PRINCE OF DENMARK.txt": 0.11076968769084905,
    "THE TRAGEDY OF JULIUS CAESAR.txt": 0.1117131665606313,
    "THE TRAGEDY OF KING LEAR.txt": 0.09426936973675376,
    "THE TRAGEDY OF MACBETH.txt": 0.10992380387730921,
    "THE TRAGEDY OF OTHELLO MOOR OF VENICE.txt": 0.05518326180543809,
    "THE TRAGEDY OF ROMEO AND JULIET.txt": 0.09999534671153393,
    "THE TRAGEDY OF TITUS ANDRONICUS.txt": 0.05427343142854196,
    "THE TWO GENTLEMEN OF VERONA.txt": 0.09568098949709003,
    "The Two Noble Kinsmen by Shakespeare.txt": -0.06108157927443003,
    "THE WINTERS TALE.txt": 0.1066025141623898,
    "Venus and Adonis.txt": 0.07522781574836662
}