{
    "A MIDSUMMER NIGHT_S DREAM.txt": 0.11182056382698391,
    "A Yorkshire Tragedy by Shakespeare.txt": 0.08953497568111252,
    "Arden of Feversham.txt": -0.18887657770108612,
    "AS YOU LIKE IT.txt": 0.04949147181189806,
    "CYMBELINE.txt": 0.11665301371487857,
    "Fair Em by Shakespeare.txt": 0.09334646639674615,
    "KING EDWARD III by Shakespeare.txt": 0.07952779726508041,
    "King Henry IV, Part 1.txt": 0.0831847389752069,
    "KING HENRY V.txt": 0.1127175763827703,
    "KING HENRY VI part I.txt": -0.1048746102670739,
    "KING HENRY VI Part II.txt": 0.08906952728286543,
    "KING HENRY VI Part III.txt": 0.09695556552068707,
    "KING HENRY VIII.txt": 0.07597659386337285,
    "KING JOHN.txt": -0.03919178105697829,
    "KING RICHARD II.txt": 0.09367823237449868,
    "KING RICHARD III.txt": 0.11395503911947424,
    "Locrine Mucedorus by Shakespeare.txt": 0.1212736628761053,
    "Love_s Labour_s Lost.txt": 0.11577363904430532,
    "MEASURE FOR MEASURE.txt": 0.04171248465198829,
    "Merchant of Venice.txt": -0.0386912683047036,
    "MUCH ADO ABOUT NOTHING.txt": 0.041981999060095976,
    "PERICLES PRINCE OF TYRE.txt": 0.08634540049408584,
    "Sir John Oldcastle by Shakespeare.txt": 0.06055398175636112,
    "Sir Thomas More by Shakespeare.txt": 0.044143202647969115,
    "Taming of the Shrew.txt": -0.03019028653161926,
    "The Comedy of Errors.txt": 0.10547643646291233,
    "THE HISTORY OF TROILUS AND CRESSIDA.txt": 0.10962618491276865,
    "The Life and Death of the Lord Cromwell by Shakespeare.txt": 0.05308514627093597,
    "THE LIFE OF TIMON OF ATHENS.txt": 0.06145242044548627,
    "The London Prodigal.txt": 0.02071189598245493,
    "The Merry Devill of Edmonton by Shakespeare.txt": 0.11642992066138114,
    "THE MERRY WIVES OF WINDSOR.txt": -0.0016711517979246526,
    "The Puritaine Widdow by Shakespeare.txt": 0.0198580560304224,
    "THE RAPE OF LUCRECE.txt": 0.0005743208652889131,
    "THE TAMING OF THE SHREW.txt": 0.0208554037366388,
    "THE TEMPEST.txt": 0.10020058998919512,
    "THE TRAGEDY OF ANTONY AND CLEOPATRA.txt": 0.05944489642302875,
    "THE TRAGEDY OF CORIOLANUS.txt": 0.09684558254991288,
    "THE TRAGEDY OF HAMLET PRINCE OF DENMARK.txt": 0.12373798060082652,
    "THE TRAGEDY OF JULIUS CAESAR.txt": 0.10813832569820975,
    "THE TRAGEDY OF KING LEAR.txt": 0.09314776251380952,
    "THE TRAGEDY OF MACBETH.txt": 0.11644526477895223,
    "THE TRAGEDY OF OTHELLO MOOR OF VENICE.txt": 0.05260394551385916,
    "THE TRAGEDY OF ROMEO AND JULIET.txt": 0.09330155315418392,
    "THE TRAGEDY OF TITUS ANDRONICUS.txt": 0.028440092864389477,
    "THE TWO GENTLEMEN OF VERONA.txt": 0.0862035207237355,
    "The Two Noble Kinsmen by Shakespeare.txt": -0.09663393602480075,
    "THE WINTERS TALE.txt": 0.08346651327141702,
    "Venus and Adonis.txt": 0.049971211863829135
}