{
    "A LOVERS COMPLAINT.txt": 0.03104336083207354,
    "A MIDSUMMER NIGHT_S DREAM.txt": 0.12081383484209846,
    "A Yorkshire Tragedy by Shakespeare.txt": 0.06733222366422764,
    "Arden of Feversham.txt": -0.038328332520146224,
    "AS YOU LIKE IT.txt": 0.09559638695562372,
    "CYMBELINE.txt": 0.11130762302536756,
    "Fair Em by Shakespeare.txt": 0.06881468815267106,
    "KING EDWARD III by Shakespeare.txt": 0.07012880055753212,
    "King Henry IV, Part 1.txt": -0.02116377430778038,
    "KING HENRY V.txt": 0.08252588114808879,
    "KING HENRY VI part I.txt": 0.014543304315840888,
    "KING HENRY VI Part II.txt": 0.09606298304222555,
    "KING HENRY VI Part III.txt": 0.08594088055962384,
    "KING HENRY VIII.txt": 0.12110342621215969,
    "KING JOHN.txt": -0.04238016812004952,
    "KING RICHARD II.txt": 0.11046231284274394,
    "KING RICHARD III.txt": 0.0978029614903278,
    "Locrine Mucedorus by Shakespeare.txt": 0.11843685765965167,
    "Love_s Labour_s Lost.txt": 0.10782719159135479,
    "MEASURE FOR MEASURE.txt": 0.1031331282380824,
    "Merchant of Venice.txt": -0.0035253095980223303,
    "MUCH ADO ABOUT NOTHING.txt": 0.060265756826410555,
    "PERICLES PRINCE OF TYRE.txt": 0.08847654068368227,
    "Sir John Oldcastle by Shakespeare.txt": 0.04467427151433773,
    "Sir Thomas More by Shakespeare.txt": 0.12451648860123449,
    "Taming of the Shrew.txt": 0.07757429776787689,
    "The Comedy of Errors.txt": 0.10176408920627694,
    "THE HISTORY OF TROILUS AND CRESSIDA.txt": 0.10394281925661436,
    "The Life and Death of the Lord Cromwell by Shakespeare.txt": 0.0974498632687607,
    "THE LIFE OF TIMON OF ATHENS.txt": 0.09381777851140127,
    "The London Prodigal.txt": 0.09253836077173333,
    "The Merry Devill of Edmonton by Shakespeare.txt": 0.11839474043203041,
    "THE MERRY WIVES OF WINDSOR.txt": 0.003860169724424989,
    "The Puritaine Widdow by Shakespeare.txt": 0.08603785107963041,
    "THE RAPE OF LUCRECE.txt": 0.05049364776066806,
    "THE TAMING OF THE SHREW.txt": 0.08769620981736143,
    "THE TEMPEST.txt": 0.10993922984806881,
    "THE TRAGEDY OF ANTONY AND CLEOPATRA.txt": -0.026814434046390057,
    "THE TRAGEDY OF CORIOLANUS.txt": 0.10352672659598833,
    "THE TRAGEDY OF HAMLET PRINCE OF DENMARK.txt": 0.09861952541657032,
    "THE TRAGEDY OF JULIUS CAESAR.txt": 0.07401139197081036,
    "THE TRAGEDY OF KING LEAR.txt": 0.09117457258675649,
    "THE TRAGEDY OF MACBETH.txt": 0.09411155058628817,
    "THE TRAGEDY OF OTHELLO MOOR OF VENICE.txt": 0.0914684028915681,
    "THE TRAGEDY OF ROMEO AND JULIET.txt": 0.11266545652503174,
    "THE TRAGEDY OF TITUS ANDRONICUS.txt": 0.08012105722106377,
    "THE TWO GENTLEMEN OF VERONA.txt": 0.108563849493162,
    "The Two Noble Kinsmen by Shakespeare.txt": 0.04025335896686072,
    "THE WINTERS TALE.txt": 0.11140400201512918,
    "Venus and Adonis.txt": 0.07330294878898447
}