{
    "A LOVERS COMPLAINT.txt": 0.03537633065420931,
    "A MIDSUMMER NIGHT_S DREAM.txt": 0.12467785577350299,
    "A Yorkshire Tragedy by Shakespeare.txt": 0.09968817421257109,
    "Arden of Feversham.txt": -0.10571445751568609,
    "AS YOU LIKE IT.txt": 0.08722725218220323,
    "CYMBELINE.txt": 0.12156220234208459,
    "Fair Em by Shakespeare.txt": 0.14334474527393698,
    "KING EDWARD III by Shakespeare.txt": 0.0882929181820803,
    "King Henry IV, Part 1.txt": 0.09643781619923164,
    "KING HENRY V.txt": 0.1135972840658604,
    "KING HENRY VI part I.txt": -0.07436952522992868,
    "KING HENRY VI Part II.txt": 0.10236431381796163,
    "KING HENRY VI Part III.txt": 0.1362813668693088,
    "KING HENRY VIII.txt": 0.0729463561463849,
    "KING JOHN.txt": 0.0719649300440463,
    "KING RICHARD II.txt": 0.12349027985522038,
    "KING RICHARD III.txt": 0.12759007526784338,
    "Locrine Mucedorus by Shakespeare.txt": 0.12596487208167223,
    "Love_s Labour_s Lost.txt": 0.11410779420001527,
    "MEASURE FOR MEASURE.txt": 0.08228085029412785,
    "Merchant of Venice.txt": -0.0209296084518521,
    "MUCH ADO ABOUT NOTHING.txt": 0.04861491148779534,
    "PERICLES PRINCE OF TYRE.txt": 0.11064623606078466,
    "Sir John Oldcastle by Shakespeare.txt": 0.034066646406331724,
    "Sir Thomas More by Shakespeare.txt": 0.07497117818320015,
    "Taming of the Shrew.txt": 0.06930422741313269,
    "The Comedy of Errors.txt": 0.12456377106533961,
    "THE HISTORY OF TROILUS AND CRESSIDA.txt": 0.12966921366310669,
    "The Life and Death of the Lord Cromwell by Shakespeare.txt": 0.0921978205120283,
    "THE LIFE OF TIMON OF ATHENS.txt": 0.12344725266840895,
    "The London Prodigal.txt": 0.08310639678714615,
    "The Merry Devill of Edmonton by Shakespeare.txt": 0.10088072332859471,
    "THE MERRY WIVES OF WINDSOR.txt": 0.010527851639141383,
    "The Puritaine Widdow by Shakespeare.txt": 0.08756796197513517,
    "THE RAPE OF LUCRECE.txt": 0.017736369335635938,
    "THE TAMING OF THE SHREW.txt": 0.08405891392519332,
    "THE TEMPEST.txt": 0.11525708185238615,
    "THE TRAGEDY OF ANTONY AND CLEOPATRA.txt": 0.09519908889418571,
    "THE TRAGEDY OF CORIOLANUS.txt": 0.15232477727158944,
    "THE TRAGEDY OF HAMLET PRINCE OF DENMARK.txt": 0.10966873852548659,
    "THE TRAGEDY OF JULIUS CAESAR.txt": 0.12736792002674596,
    "THE TRAGEDY OF KING LEAR.txt": 0.10358893787004841,
    "THE TRAGEDY OF MACBETH.txt": 0.11615816607929014,
    "THE TRAGEDY OF OTHELLO MOOR OF VENICE.txt": 0.07790005616272933,
    "THE TRAGEDY OF ROMEO AND JULIET.txt": 0.11104454266073421,
    "THE TRAGEDY OF TITUS ANDRONICUS.txt": 0.10304911726510191,
    "THE TWO GENTLEMEN OF VERONA.txt": 0.11814905169263251,
    "The Two Noble Kinsmen by Shakespeare.txt": 0.011443597549731788,
    "THE WINTERS TALE.txt": 0.12577219854843386,
    "Venus and Adonis.txt": 0.0929697851829494
}