{
    "A LOVERS COMPLAINT.txt": 0.05605458463240226,
    "A MIDSUMMER NIGHT_S DREAM.txt": -0.04988291191513983,
    "A Yorkshire Tragedy by Shakespeare.txt": 0.042181466257649014,
    "Arden of Feversham.txt": 0.10951364886170778,
    "AS YOU LIKE IT.txt": 0.11164397753645205,
    "CYMBELINE.txt": 0.11878355628712312,
    "Fair Em by Shakespeare.txt": 0.08347280040178068,
    "KING EDWARD III by Shakespeare.txt": 0.1196693971844478,
    "King Henry IV, Part 1.txt": 0.11345765522455997,
    "KING HENRY V.txt": 0.14421172312317754,
    "KING HENRY VI part I.txt": 0.13301987527524167,
    "KING HENRY VI Part II.txt": 0.1059486595071445,
    "KING HENRY VI Part III.txt": 0.0875385866488389,
    "KING HENRY VIII.txt": 0.1094901583880325,
    "KING JOHN.txt": 0.04338584175672644,
    "KING RICHARD II.txt": 0.08922389316449375,
    "KING RICHARD III.txt": 0.13321733585288065,
    "Locrine Mucedorus by Shakespeare.txt": 0.11019765326043335,
    "Love_s Labour_s Lost.txt": 0.12630591565567678,
    "MEASURE FOR MEASURE.txt": 0.117897384256968,
    "Merchant of Venice.txt": 0.12058129144698865,
    "MUCH ADO ABOUT NOTHING.txt": 0.13104286106521446,
    "PERICLES PRINCE OF TYRE.txt": 0.0921934175438684,
    "Sir John Oldcastle by Shakespeare.txt": 0.14023597086894257,
    "Sir Thomas More by Shakespeare.txt": 0.10738594409166313,
    "Taming of the Shrew.txt": 0.140097694995779,
    "The Comedy of Errors.txt": 0.07944661670433278,
    "THE HISTORY OF TROILUS AND CRESSIDA.txt": 0.0952558359948596,
    "The Life and Death of the Lord Cromwell by Shakespeare.txt": 0.12657758766512323,
    "THE LIFE OF TIMON OF ATHENS.txt": 0.08244449473132509,
    "The London Prodigal.txt": 0.0979638588785629,
    "The Merry Devill of Edmonton by Shakespeare.txt": 0.09309514054089535,
    "THE MERRY WIVES OF WINDSOR.txt": 0.07512048131469518,
    "The Puritaine Widdow by Shakespeare.txt": 0.09598705604232483,
    "THE RAPE OF LUCRECE.txt": 0.0452178375841914,
    "THE TAMING OF THE SHREW.txt": 0.1294259001832896,
    "THE TEMPEST.txt": 0.11511455236781948,
    "THE TRAGEDY OF ANTONY AND CLEOPATRA.txt": 0.0682158559245179,
    "THE TRAGEDY OF CORIOLANUS.txt": 0.14128337884923148,
    "THE TRAGEDY OF HAMLET PRINCE OF DENMARK.txt": 0.10541424789104942,
    "THE TRAGEDY OF JULIUS CAESAR.txt": 0.08922147150542348,
    "THE TRAGEDY OF KING LEAR.txt": 0.029588998705575742,
    "THE TRAGEDY OF MACBETH.txt": 0.13866633423726799,
    "THE TRAGEDY OF OTHELLO MOOR OF VENICE.txt": 0.13710750548300116,
    "THE TRAGEDY OF ROMEO AND JULIET.txt": 0.11789614543378091,
    "THE TRAGEDY OF TITUS ANDRONICUS.txt": 0.11722697256657344,
    "THE TWO GENTLEMEN OF VERONA.txt": 0.10147289962856926,
    "The Two Noble Kinsmen by Shakespeare.txt": 0.045874738755790734,
    "THE WINTERS TALE.txt": 0.12500207798500346,
    "Venus and Adonis.txt": 0.08537534000152558
}