{
    "A LOVERS COMPLAINT.txt": -0.08264186526508299,
    "A MIDSUMMER NIGHT_S DREAM.txt": 0.1027013420838554,
    "A Yorkshire Tragedy by Shakespeare.txt": 0.04896025890736133,
    "Arden of Feversham.txt": 0.07547545058531663,
    "AS YOU LIKE IT.txt": 0.10869147587144251,
    "CYMBELINE.txt": 0.08491680256566864,
    "Fair Em by Shakespeare.txt": 0.1020153763573417,
    "KING EDWARD III by Shakespeare.txt": 0.08374838338169976,
    "King Henry IV, Part 1.txt": 0.01860377778387662,
    "KING HENRY V.txt": 0.12280689204475631,
    "KING HENRY VI part I.txt": 0.10368744084061249,
    "KING HENRY VI Part II.txt": 0.10556374688809023,
    "KING HENRY VI Part III.txt": 0.09206782104847955,
    "KING HENRY VIII.txt": 0.10646973528113102,
    "KING JOHN.txt": 0.0701509295006903,
    "KING RICHARD II.txt": 0.10197545716062129,
    "KING RICHARD III.txt": 0.11205128544618387,
    "Locrine Mucedorus by Shakespeare.txt": -0.007045174947363675,
    "Love_s Labour_s Lost.txt": 0.09463499197130038,
    "MEASURE FOR MEASURE.txt": 0.1009989534035054,
    "Merchant of Venice.txt": 0.0837227018942614,
    "MUCH ADO ABOUT NOTHING.txt": 0.08047313035400772,
    "PERICLES PRINCE OF TYRE.txt": 0.09781500063655746,
    "Sir John Oldcastle by Shakespeare.txt": 0.03547718261276356,
    "Sir Thomas More by Shakespeare.txt": 0.06138245465096209,
    "Taming of the Shrew.txt": 0.09395577367373531,
    "The Comedy of Errors.txt": 0.09578273933070247,
    "THE HISTORY OF TROILUS AND CRESSIDA.txt": -0.2328575381453868,
    "The Life and Death of the Lord Cromwell by Shakespeare.txt": 0.10898679185867743,
    "THE LIFE OF TIMON OF ATHENS.txt": 0.0045197399370813796,
    "The London Prodigal.txt": 0.1016104962470093,
    "The Merry Devill of Edmonton by Shakespeare.txt": 0.11972598871965229,
    "THE MERRY WIVES OF WINDSOR.txt": 0.07997241015741557,
    "The Puritaine Widdow by Shakespeare.txt": 0.10508680580538865,
    "THE RAPE OF LUCRECE.txt": 0.09983772126259027,
    "THE TAMING OF THE SHREW.txt": 0.016430783138157434,
    "THE TEMPEST.txt": 0.10256444116367724,
    "THE TRAGEDY OF ANTONY AND CLEOPATRA.txt": 0.08606046446302396,
    "THE TRAGEDY OF CORIOLANUS.txt": 0.07070241397042004,
    "THE TRAGEDY OF HAMLET PRINCE OF DENMARK.txt": 0.09609373049349546,
    "THE TRAGEDY OF JULIUS CAESAR.txt": 0.029002373750205424,
    "THE TRAGEDY OF KING LEAR.txt": 0.09233337173353917,
    "THE TRAGEDY OF MACBETH.txt": 0.05577525083442891,
    "THE TRAGEDY OF OTHELLO MOOR OF VENICE.txt": 0.11870652542387722,
    "THE TRAGEDY OF ROMEO AND JULIET.txt": 0.10454796296095148,
    "THE TRAGEDY OF TITUS ANDRONICUS.txt": 0.09847360522048032,
    "THE TWO GENTLEMEN OF VERONA.txt": 0.12490379995259643,
    "The Two Noble Kinsmen by Shakespeare.txt": 0.04003858303841529,
    "THE WINTERS TALE.txt": 0.0998004988627168,
    "Venus and Adonis.txt": 0.08974177923743576
}