{
    "A LOVERS COMPLAINT.txt": 0.025116727157326768,
    "A MIDSUMMER NIGHT_S DREAM.txt": 0.11740779834699999,
    "A Yorkshire Tragedy by Shakespeare.txt": 0.11809941616810432,
    "Arden of Feversham.txt": 0.059900719586307716,
    "AS YOU LIKE IT.txt": 0.11699852606562983,
    "CYMBELINE.txt": 0.12680306889473725,
    "Fair Em by Shakespeare.txt": 0.1270857748498535,
    "KING EDWARD III by Shakespeare.txt": 0.1218080130666847,
    "King Henry IV, Part 1.txt": 0.1227780454675465,
    "KING HENRY V.txt": 0.13854129555717665,
    "KING HENRY VI part I.txt": 0.06088020075980477,
    "KING HENRY VI Part II.txt": 0.1292814749874096,
    "KING HENRY VI Part III.txt": 0.14486989110667692,
    "KING HENRY VIII.txt": 0.12199172080521675,
    "KING JOHN.txt": 0.11795590819328022,
    "KING RICHARD II.txt": 0.137437180902947,
    "KING RICHARD III.txt": 0.11656216335191405,
    "Locrine Mucedorus by Shakespeare.txt": 0.12498732047831335,
    "Love_s Labour_s Lost.txt": 0.11802267645362735,
    "MEASURE FOR MEASURE.txt": 0.139999485671766,
    "Merchant of Venice.txt": 0.14156357875266312,
    "MUCH ADO ABOUT NOTHING.txt": 0.10244473642475432,
    "PERICLES PRINCE OF TYRE.txt": 0.13944853844297112,
    "Sir John Oldcastle by Shakespeare.txt": 0.11604584134299872,
    "Sir Thomas More by Shakespeare.txt": 0.13395937697963006,
    "Taming of the Shrew.txt": 0.13094358617122975,
    "The Comedy of Errors.txt": -0.17814102275850774,
    "THE HISTORY OF TROILUS AND CRESSIDA.txt": 0.11410777542043243,
    "The Life and Death of the Lord Cromwell by Shakespeare.txt": 0.14391619376295217,
    "THE LIFE OF TIMON OF ATHENS.txt": 0.1250295388277976,
    "The London Prodigal.txt": 0.10646056603147691,
    "The Merry Devill of Edmonton by Shakespeare.txt": 0.11546718958456142,
    "THE MERRY WIVES OF WINDSOR.txt": 0.12288512770774074,
    "The Puritaine Widdow by Shakespeare.txt": 0.09251488084714438,
    "THE RAPE OF LUCRECE.txt": 0.004388467562260301,
    "THE TAMING OF THE SHREW.txt": 0.10543888826367392,
    "THE TEMPEST.txt": 0.1416139161930608,
    "THE TRAGEDY OF ANTONY AND CLEOPATRA.txt": 0.08477964060279763,
    "THE TRAGEDY OF CORIOLANUS.txt": 0.1282461188502913,
    "THE TRAGEDY OF HAMLET PRINCE OF DENMARK.txt": 0.14322234498700792,
    "THE TRAGEDY OF JULIUS CAESAR.txt": 0.018067474317515597,
    "THE TRAGEDY OF KING LEAR.txt": 0.12540549706032994,
    "THE TRAGEDY OF MACBETH.txt": 0.12554960621405709,
    "THE TRAGEDY OF OTHELLO MOOR OF VENICE.txt": -0.1035334740578614,
    "THE TRAGEDY OF ROMEO AND JULIET.txt": 0.1476086342056721,
    "THE TRAGEDY OF TITUS ANDRONICUS.txt": 0.11877404155756088,
    "THE TWO GENTLEMEN OF VERONA.txt": 0.1332856610136544,
    "The Two Noble Kinsmen by Shakespeare.txt": 0.05113867412457607,
    "THE WINTERS TALE.txt": 0.12626995425692605,
    "Venus and Adonis.txt": -0.19139966571198486
}