{
    "A LOVERS COMPLAINT.txt": -0.008353082004687984,
    "A MIDSUMMER NIGHT_S DREAM.txt": 0.09631505465577628,
    "A Yorkshire Tragedy by Shakespeare.txt": 0.08148272146737306,
    "Arden of Feversham.txt": -0.3093065015013039,
    "AS YOU LIKE IT.txt": 0.06579784574808617,
    "CYMBELINE.txt": 0.09030318481550892,
    "Fair Em by Shakespeare.txt": 0.09540501697341924,
    "KING EDWARD III by Shakespeare.txt": 0.10209925017094501,
    "King Henry IV, Part 1.txt": 0.08624068231538878,
    "KING HENRY V.txt": 0.1211797908567589,
    "KING HENRY VI part I.txt": 0.07648390358078078,
    "KING HENRY VI Part II.txt": 0.11993413906610556,
    "KING HENRY VI Part III.txt": 0.09437981656609262,
    "KING HENRY VIII.txt": 0.08576022880937845,
    "KING JOHN.txt": -0.030799443625190825,
    "KING RICHARD II.txt": 0.0958067105003842,
    "KING RICHARD III.txt": 0.11130843128051626,
    "Locrine Mucedorus by Shakespeare.txt": 0.06374666182523753,
    "Love_s Labour_s Lost.txt": 0.1175897576145361,
    "MEASURE FOR MEASURE.txt": 0.09733991923198393,
    "Merchant of Venice.txt": 0.13250535282013426,
    "MUCH ADO ABOUT NOTHING.txt": 0.09228080129318633,
    "PERICLES PRINCE OF TYRE.txt": 0.09937141998271937,
    "Sir John Oldcastle by Shakespeare.txt": -0.006102296862811829,
    "Sir Thomas More by Shakespeare.txt": 0.11037523949151362,
    "Taming of the Shrew.txt": 0.06980159239127748,
    "The Comedy of Errors.txt": 0.04468951790156023,
    "THE HISTORY OF TROILUS AND CRESSIDA.txt": 0.13430118676588504,
    "The Life and Death of the Lord Cromwell by Shakespeare.txt": 0.09014346844948212,
    "THE LIFE OF TIMON OF ATHENS.txt": 0.09062187186801474,
    "The London Prodigal.txt": 0.04879299922782976,
    "The Merry Devill of Edmonton by Shakespeare.txt": 0.1072399570867904,
    "THE MERRY WIVES OF WINDSOR.txt": 0.08506048086128726,
    "The Puritaine Widdow by Shakespeare.txt": 0.11093532146488533,
    "THE RAPE OF LUCRECE.txt": 0.008783597202554505,
    "THE TAMING OF THE SHREW.txt": 0.08732815998350824,
    "THE TEMPEST.txt": -0.007874559942807169,
    "THE TRAGEDY OF ANTONY AND CLEOPATRA.txt": 0.10378347853763498,
    "THE TRAGEDY OF CORIOLANUS.txt": 0.022153261185259066,
    "THE TRAGEDY OF HAMLET PRINCE OF DENMARK.txt": 0.035198357074206654,
    "THE TRAGEDY OF JULIUS CAESAR.txt": 0.05618590888469299,
    "THE TRAGEDY OF KING LEAR.txt": 0.1080257366888892,
    "THE TRAGEDY OF MACBETH.txt": 0.11916057684908171,
    "THE TRAGEDY OF OTHELLO MOOR OF VENICE.txt": 0.09475185381037438,
    "THE TRAGEDY OF ROMEO AND JULIET.txt": 0.11313453749682117,
    "THE TRAGEDY OF TITUS ANDRONICUS.txt": 0.11313453749682117,
    "THE TWO GENTLEMEN OF VERONA.txt": 0.11177004542984476,
    "The Two Noble Kinsmen by Shakespeare.txt": 0.08892574052381752,
    "THE WINTERS TALE.txt": 0.1348039166744035,
    "Venus and Adonis.txt": 0.07648390358078078
}