{
    "A LOVERS COMPLAINT.txt": 0.03416506606934594,
    "A MIDSUMMER NIGHT_S DREAM.txt": 0.12465810421207085,
    "A Yorkshire Tragedy by Shakespeare.txt": 0.08531951573685348,
    "Arden of Feversham.txt": -0.07470162186180573,
    "AS YOU LIKE IT.txt": 0.0839326366998675,
    "CYMBELINE.txt": 0.11142085413782171,
    "Fair Em by Shakespeare.txt": 0.10260613194743556,
    "KING EDWARD III by Shakespeare.txt": 0.06290997278582977,
    "King Henry IV, Part 1.txt": -0.015868827855621936,
    "KING HENRY V.txt": 0.1083169128595805,
    "KING HENRY VI part I.txt": 0.018181413091663268,
    "KING HENRY VI Part II.txt": 0.1063988259160375,
    "KING HENRY VI Part III.txt": 0.10621121417457918,
    "KING HENRY VIII.txt": 0.11943803577805051,
    "KING JOHN.txt": -0.0726420096932694,
    "KING RICHARD II.txt": 0.10542308670973816,
    "KING RICHARD III.txt": 0.1050967885665734,
    "Locrine Mucedorus by Shakespeare.txt": 0.12251785391042053,
    "Love_s Labour_s Lost.txt": 0.11234855406385291,
    "MEASURE FOR MEASURE.txt": 0.08539519454036038,
    "Merchant of Venice.txt": 0.006455961903370944,
    "MUCH ADO ABOUT NOTHING.txt": 0.059618707297941276,
    "PERICLES PRINCE OF TYRE.txt": 0.12005636234417333,
    "Sir John Oldcastle by Shakespeare.txt": 0.06337733860856098,
    "Sir Thomas More by Shakespeare.txt": 0.12388114933067029,
    "Taming of the Shrew.txt": 0.05563937685870057,
    "The Comedy of Errors.txt": 0.10762672521589489,
    "THE HISTORY OF TROILUS AND CRESSIDA.txt": 0.11287485324142477,
    "The Life and Death of the Lord Cromwell by Shakespeare.txt": 0.11394095319265057,
    "THE LIFE OF TIMON OF ATHENS.txt": 0.0989933541986805,
    "The London Prodigal.txt": 0.08278217862744464,
    "The Merry Devill of Edmonton by Shakespeare.txt": 0.12933164362453237,
    "THE MERRY WIVES OF WINDSOR.txt": 0.009450465969051192,
    "The Puritaine Widdow by Shakespeare.txt": 0.09673148567335771,
    "THE RAPE OF LUCRECE.txt": 0.06051274121925959,
    "THE TAMING OF THE SHREW.txt": 0.07535002609798497,
    "THE TEMPEST.txt": 0.11555117911354557,
    "THE TRAGEDY OF ANTONY AND CLEOPATRA.txt": -0.00971043446667097,
    "THE TRAGEDY OF CORIOLANUS.txt": 0.11197454027126669,
    "THE TRAGEDY OF HAMLET PRINCE OF DENMARK.txt": 0.0896053184860846,
    "THE TRAGEDY OF JULIUS CAESAR.txt": 0.08202338129042891,
    "THE TRAGEDY OF KING LEAR.txt": 0.10719105883296831,
    "THE TRAGEDY OF MACBETH.txt": 0.09716365704930019,
    "THE TRAGEDY OF OTHELLO MOOR OF VENICE.txt": 0.09848707886631103,
    "THE TRAGEDY OF ROMEO AND JULIET.txt": 0.126396040702059,
    "THE TRAGEDY OF TITUS ANDRONICUS.txt": 0.09614829211515286,
    "THE TWO GENTLEMEN OF VERONA.txt": 0.09544759813489839,
    "The Two Noble Kinsmen by Shakespeare.txt": 0.04364075228837744,
    "THE WINTERS TALE.txt": 0.10500982282582144,
    "Venus and Adonis.txt": 0.0740610268360048
}