{
    "A LOVERS COMPLAINT.txt": 0.03432320303681369,
    "A MIDSUMMER NIGHT_S DREAM.txt": 0.03730081482305725,
    "A Yorkshire Tragedy by Shakespeare.txt": 0.1055576683194378,
    "Arden of Feversham.txt": 0.12120984948237834,
    "AS YOU LIKE IT.txt": 0.12910176350257435,
    "CYMBELINE.txt": 0.13797181742113868,
    "Fair Em by Shakespeare.txt": 0.0945138400352814,
    "KING EDWARD III by Shakespeare.txt": 0.054725479012525224,
    "King Henry IV, Part 1.txt": 0.10066274553679527,
    "KING HENRY V.txt": 0.13465071644514381,
    "KING HENRY VI part I.txt": 0.07165410055204796,
    "KING HENRY VI Part II.txt": 0.03532242989036832,
    "KING HENRY VI Part III.txt": 0.03236240471526064,
    "KING HENRY VIII.txt": 0.10209349737476875,
    "KING JOHN.txt": 0.05508775866763993,
    "KING RICHARD II.txt": 0.10456085039176177,
    "KING RICHARD III.txt": 0.06891008833017526,
    "Locrine Mucedorus by Shakespeare.txt": 0.1133434586357529,
    "Love_s Labour_s Lost.txt": 0.1211582553916804,
    "MEASURE FOR MEASURE.txt": 0.13544427695074335,
    "Merchant of Venice.txt": 0.13140831555488908,
    "MUCH ADO ABOUT NOTHING.txt": 0.126757998885334,
    "PERICLES PRINCE OF TYRE.txt": 0.10633041762721646,
    "Sir John Oldcastle by Shakespeare.txt": 0.10322637855497846,
    "Sir Thomas More by Shakespeare.txt": 0.12385971019528508,
    "Taming of the Shrew.txt": 0.11871850906400766,
    "The Comedy of Errors.txt": 0.13233535939388164,
    "THE HISTORY OF TROILUS AND CRESSIDA.txt": 0.11235094889440989,
    "The Life and Death of the Lord Cromwell by Shakespeare.txt": 0.11719545023473926,
    "THE LIFE OF TIMON OF ATHENS.txt": 0.14546849239178056,
    "The London Prodigal.txt": 0.1175811551420598,
    "The Merry Devill of Edmonton by Shakespeare.txt": 0.13939463212934428,
    "THE MERRY WIVES OF WINDSOR.txt": 0.10467952694716881,
    "The Puritaine Widdow by Shakespeare.txt": 0.1338254962030504,
    "THE RAPE OF LUCRECE.txt": 0.10878543689731313,
    "THE TAMING OF THE SHREW.txt": 0.11023572268277537,
    "THE TEMPEST.txt": 0.10208395456449254,
    "THE TRAGEDY OF ANTONY AND CLEOPATRA.txt": 0.12121399156552903,
    "THE TRAGEDY OF CORIOLANUS.txt": 0.08049359404920564,
    "THE TRAGEDY OF HAMLET PRINCE OF DENMARK.txt": 0.09526625337236838,
    "THE TRAGEDY OF JULIUS CAESAR.txt": 0.12017181651226361,
    "THE TRAGEDY OF KING LEAR.txt": 0.11637331255501249,
    "THE TRAGEDY OF MACBETH.txt": 0.13258458407538432,
    "THE TRAGEDY OF OTHELLO MOOR OF VENICE.txt": 0.127725493575076,
    "THE TRAGEDY OF ROMEO AND JULIET.txt": 0.13509742228532956,
    "THE TRAGEDY OF TITUS ANDRONICUS.txt": 0.11301680253876217,
    "THE TWO GENTLEMEN OF VERONA.txt": 0.11819764119538217,
    "The Two Noble Kinsmen by Shakespeare.txt": 0.087297489045844,
    "THE WINTERS TALE.txt": 0.1365931383517166,
    "Venus and Adonis.txt": 0.13154771102214285
}