{
    "A MIDSUMMER NIGHT_S DREAM.txt": 0.06044933147313336,
    "A Yorkshire Tragedy by Shakespeare.txt": 0.02390014187003847,
    "Arden of Feversham.txt": -0.25884219583049906,
    "AS YOU LIKE IT.txt": 0.07933407933736619,
    "CYMBELINE.txt": 0.09342484830499137,
    "Fair Em by Shakespeare.txt": 0.063027799128197,
    "KING EDWARD III by Shakespeare.txt": 0.05163267670569743,
    "King Henry IV, Part 1.txt": 0.07710834548224571,
    "KING HENRY V.txt": 0.09034102343059475,
    "KING HENRY VI part I.txt": -0.05931592012293074,
    "KING HENRY VI Part II.txt": 0.07147101939722361,
    "KING HENRY VI Part III.txt": 0.05734322343358739,
    "KING HENRY VIII.txt": 0.0965831919041571,
    "KING JOHN.txt": 0.07380793324416479,
    "KING RICHARD II.txt": 0.06548793776880607,
    "KING RICHARD III.txt": -0.022504597235606716,
    "Locrine Mucedorus by Shakespeare.txt": -0.12325931819536884,
    "Love_s Labour_s Lost.txt": 0.07207565619466888,
    "MEASURE FOR MEASURE.txt": 0.08432468723172082,
    "Merchant of Venice.txt": 0.08645844848806872,
    "MUCH ADO ABOUT NOTHING.txt": -0.035158666152207085,
    "PERICLES PRINCE OF TYRE.txt": 0.08957699450972506,
    "Sir John Oldcastle by Shakespeare.txt": 0.038145030935058666,
    "Sir Thomas More by Shakespeare.txt": 0.0958553653534383,
    "Taming of the Shrew.txt": 0.08630745739245976,
    "The Comedy of Errors.txt": 0.0845396395585466,
    "THE HISTORY OF TROILUS AND CRESSIDA.txt": 0.08886712518507806,
    "The Life and Death of the Lord Cromwell by Shakespeare.txt": 0.08790580656594615,
    "THE LIFE OF TIMON OF ATHENS.txt": 0.07018136624415833,
    "The London Prodigal.txt": 0.08880194755593585,
    "The Merry Devill of Edmonton by Shakespeare.txt": 0.09653545131771468,
    "THE MERRY WIVES OF WINDSOR.txt": -0.07343355980812549,
    "The Puritaine Widdow by Shakespeare.txt": 0.01856927077194631,
    "THE RAPE OF LUCRECE.txt": -0.027571662610146763,
    "THE TAMING OF THE SHREW.txt": 0.08280048833256187,
    "THE TEMPEST.txt": 0.08840494442931007,
    "THE TRAGEDY OF ANTONY AND CLEOPATRA.txt": 0.08671148667102463,
    "THE TRAGEDY OF CORIOLANUS.txt": 0.11281350708555082,
    "THE TRAGEDY OF HAMLET PRINCE OF DENMARK.txt": 0.06703422059989422,
    "THE TRAGEDY OF JULIUS CAESAR.txt": 0.025623098959065504,
    "THE TRAGEDY OF KING LEAR.txt": 0.10540433305963937,
    "THE TRAGEDY OF MACBETH.txt": 0.09196340062288932,
    "THE TRAGEDY OF OTHELLO MOOR OF VENICE.txt": -0.06045199315487115,
    "THE TRAGEDY OF ROMEO AND JULIET.txt": 0.08594140194396838,
    "THE TRAGEDY OF TITUS ANDRONICUS.txt": 0.09827308988907274,
    "THE TWO GENTLEMEN OF VERONA.txt": 0.05818559992661343,
    "The Two Noble Kinsmen by Shakespeare.txt": 0.07459127652837194,
    "THE WINTERS TALE.txt": 0.10182911491164981,
    "Venus and Adonis.txt": 0.06177545948849816
}