{
    "A LOVERS COMPLAINT.txt": -0.037145361738445404,
    "A MIDSUMMER NIGHT_S DREAM.txt": 0.09819098196915615,
    "A Yorkshire Tragedy by Shakespeare.txt": 0.09934938701601981,
    "Arden of Feversham.txt": -0.15376391447634163,
    "AS YOU LIKE IT.txt": 0.11202033197599615,
    "CYMBELINE.txt": 0.11416653294969376,
    "Fair Em by Shakespeare.txt": 0.08806854496267719,
    "KING EDWARD III by Shakespeare.txt": 0.0911502344569482,
    "King Henry IV, Part 1.txt": 0.1264728791466752,
    "KING HENRY V.txt": 0.11188842019385864,
    "KING HENRY VI part I.txt": -0.037145361738445404,
    "KING HENRY VI Part II.txt": 0.1096610998901899,
    "KING HENRY VI Part III.txt": 0.09004442293791687,
    "KING HENRY VIII.txt": 0.13028900634722385,
    "KING JOHN.txt": 0.04553979826815885,
    "KING RICHARD II.txt": 0.09589480991424887,
    "KING RICHARD III.txt": 0.12152073609080144,
    "Locrine Mucedorus by Shakespeare.txt": -0.10446207736685276,
    "Love_s Labour_s Lost.txt": 0.12349794495364103,
    "MEASURE FOR MEASURE.txt": 0.1040463285274143,
    "Merchant of Venice.txt": 0.09464151146118899,
    "MUCH ADO ABOUT NOTHING.txt": -0.008007418321308801,
    "PERICLES PRINCE OF TYRE.txt": 0.11069597202911424,
    "Sir John Oldcastle by Shakespeare.txt": 0.03381338239492876,
    "Sir Thomas More by Shakespeare.txt": 0.11518557788201728,
    "Taming of the Shrew.txt": 0.13431618347904073,
    "The Comedy of Errors.txt": 0.11768749280301072,
    "THE HISTORY OF TROILUS AND CRESSIDA.txt": 0.11671528312049795,
    "The Life and Death of the Lord Cromwell by Shakespeare.txt": 0.1197698275376598,
    "THE LIFE OF TIMON OF ATHENS.txt": 0.09446722920863432,
    "The London Prodigal.txt": 0.11836816319850374,
    "The Merry Devill of Edmonton by Shakespeare.txt": 0.1260554003744847,
    "THE MERRY WIVES OF WINDSOR.txt": 0.00824174989260068,
    "The Puritaine Widdow by Shakespeare.txt": 0.08313833178368063,
    "THE RAPE OF LUCRECE.txt": 0.028374151555163707,
    "THE TAMING OF THE SHREW.txt": 0.11639039285897601,
    "THE TEMPEST.txt": 0.08874033166480555,
    "THE TRAGEDY OF ANTONY AND CLEOPATRA.txt": 0.11596664274625607,
    "THE TRAGEDY OF CORIOLANUS.txt": 0.11363645962157709,
    "THE TRAGEDY OF HAMLET PRINCE OF DENMARK.txt": 0.0038616736683992903,
    "THE TRAGEDY OF JULIUS CAESAR.txt": 0.04680653265188495,
    "THE TRAGEDY OF KING LEAR.txt": 0.12083829004722446,
    "THE TRAGEDY OF MACBETH.txt": 0.13911329695874175,
    "THE TRAGEDY OF OTHELLO MOOR OF VENICE.txt": 0.010118022404785931,
    "THE TRAGEDY OF ROMEO AND JULIET.txt": 0.09182234314698579,
    "THE TRAGEDY OF TITUS ANDRONICUS.txt": 0.12085308063966577,
    "THE TWO GENTLEMEN OF VERONA.txt": 0.12389857060978882,
    "The Two Noble Kinsmen by Shakespeare.txt": 0.10000053014923249,
    "THE WINTERS TALE.txt": 0.15066344494681128,
    "Venus and Adonis.txt": 0.05748423447843487
}