{
    "A MIDSUMMER NIGHT_S DREAM.txt": 0.06852675816585357,
    "A Yorkshire Tragedy by Shakespeare.txt": 0.048179040636099846,
    "Arden of Feversham.txt": -0.2750924810658323,
    "AS YOU LIKE IT.txt": 0.1002053837269194,
    "CYMBELINE.txt": 0.09433621883533105,
    "Fair Em by Shakespeare.txt": 0.08681567054926309,
    "KING EDWARD III by Shakespeare.txt": 0.07283112970369554,
    "King Henry IV, Part 1.txt": 0.09207810869556932,
    "KING HENRY V.txt": 0.10733788911139291,
    "KING HENRY VI part I.txt": -0.06576570843312646,
    "KING HENRY VI Part II.txt": 0.09095845202271413,
    "KING HENRY VI Part III.txt": 0.08728290190596771,
    "KING HENRY VIII.txt": 0.10031568783112332,
    "KING JOHN.txt": 0.09294564031601749,
    "KING RICHARD II.txt": 0.07046811560081073,
    "KING RICHARD III.txt": -0.008632770267168688,
    "Locrine Mucedorus by Shakespeare.txt": -0.12196858533687094,
    "Love_s Labour_s Lost.txt": 0.1011793744336934,
    "MEASURE FOR MEASURE.txt": 0.10051043982242219,
    "Merchant of Venice.txt": 0.09006496757243082,
    "MUCH ADO ABOUT NOTHING.txt": -0.01989667062090794,
    "PERICLES PRINCE OF TYRE.txt": 0.0820937520656676,
    "Sir John Oldcastle by Shakespeare.txt": 0.08500201132572571,
    "Sir Thomas More by Shakespeare.txt": 0.10877519789391493,
    "Taming of the Shrew.txt": 0.10266713796555221,
    "The Comedy of Errors.txt": 0.09766416272817563,
    "THE HISTORY OF TROILUS AND CRESSIDA.txt": 0.10600991776336938,
    "The Life and Death of the Lord Cromwell by Shakespeare.txt": 0.09576343821940642,
    "THE LIFE OF TIMON OF ATHENS.txt": 0.08466774675896915,
    "The London Prodigal.txt": 0.08920674465942047,
    "The Merry Devill of Edmonton by Shakespeare.txt": 0.09296450020552272,
    "THE MERRY WIVES OF WINDSOR.txt": -0.04458815460961829,
    "The Puritaine Widdow by Shakespeare.txt": 0.06055699141612336,
    "THE RAPE OF LUCRECE.txt": 0.01712375972069008,
    "THE TAMING OF THE SHREW.txt": 0.09056670592517996,
    "THE TEMPEST.txt": 0.09104104029480253,
    "THE TRAGEDY OF ANTONY AND CLEOPATRA.txt": 0.11169910663988514,
    "THE TRAGEDY OF CORIOLANUS.txt": 0.11200363136664598,
    "THE TRAGEDY OF HAMLET PRINCE OF DENMARK.txt": 0.07295868602516237,
    "THE TRAGEDY OF JULIUS CAESAR.txt": 0.05178698641414731,
    "THE TRAGEDY OF KING LEAR.txt": 0.1174804926789948,
    "THE TRAGEDY OF MACBETH.txt": 0.09480216026541383,
    "THE TRAGEDY OF OTHELLO MOOR OF VENICE.txt": -0.02894784677350304,
    "THE TRAGEDY OF ROMEO AND JULIET.txt": 0.10147287051851789,
    "THE TRAGEDY OF TITUS ANDRONICUS.txt": 0.10549487500753058,
    "THE TWO GENTLEMEN OF VERONA.txt": 0.0645163668315139,
    "The Two Noble Kinsmen by Shakespeare.txt": 0.09121621179634715,
    "THE WINTERS TALE.txt": 0.11152760543533552,
    "Venus and Adonis.txt": 0.0900113604423155
}