{
    "A LOVERS COMPLAINT.txt": -0.052144824010130986,
    "A MIDSUMMER NIGHT_S DREAM.txt": 0.09617067716635797,
    "A Yorkshire Tragedy by Shakespeare.txt": 0.09445365208013434,
    "Arden of Feversham.txt": -0.1709539901593673,
    "AS YOU LIKE IT.txt": 0.1037101403365897,
    "CYMBELINE.txt": 0.09959165193823555,
    "Fair Em by Shakespeare.txt": 0.09316022529325796,
    "KING EDWARD III by Shakespeare.txt": 0.09351303087573626,
    "King Henry IV, Part 1.txt": 0.10820497348565566,
    "KING HENRY V.txt": 0.12115600620039857,
    "KING HENRY VI part I.txt": -0.052144824010130986,
    "KING HENRY VI Part II.txt": 0.1154783787919928,
    "KING HENRY VI Part III.txt": 0.08806808289038748,
    "KING HENRY VIII.txt": 0.1158863853112394,
    "KING JOHN.txt": 0.033324865812539406,
    "KING RICHARD II.txt": 0.09491405601028596,
    "KING RICHARD III.txt": 0.10180481877625791,
    "Locrine Mucedorus by Shakespeare.txt": -0.1132657009099809,
    "Love_s Labour_s Lost.txt": 0.11359947052329744,
    "MEASURE FOR MEASURE.txt": 0.1034204363103623,
    "Merchant of Venice.txt": 0.08066687054897026,
    "MUCH ADO ABOUT NOTHING.txt": 0.015981522474983856,
    "PERICLES PRINCE OF TYRE.txt": 0.08766364493689333,
    "Sir John Oldcastle by Shakespeare.txt": 0.017318084670044254,
    "Sir Thomas More by Shakespeare.txt": 0.12110281953073887,
    "Taming of the Shrew.txt": 0.11289489974613537,
    "The Comedy of Errors.txt": 0.10594052108909685,
    "THE HISTORY OF TROILUS AND CRESSIDA.txt": 0.1090939111630988,
    "The Life and Death of the Lord Cromwell by Shakespeare.txt": 0.12794026357525173,
    "THE LIFE OF TIMON OF ATHENS.txt": 0.08848606476155191,
    "The London Prodigal.txt": 0.12827139965670892,
    "The Merry Devill of Edmonton by Shakespeare.txt": 0.12163065358865116,
    "THE MERRY WIVES OF WINDSOR.txt": 0.023971342289231035,
    "The Puritaine Widdow by Shakespeare.txt": 0.09976574282000195,
    "THE RAPE OF LUCRECE.txt": 0.02077894997375701,
    "THE TAMING OF THE SHREW.txt": 0.11989939343489148,
    "THE TEMPEST.txt": 0.10157666857850994,
    "THE TRAGEDY OF ANTONY AND CLEOPATRA.txt": 0.10379531172818945,
    "THE TRAGEDY OF CORIOLANUS.txt": 0.11388182600938379,
    "THE TRAGEDY OF HAMLET PRINCE OF DENMARK.txt": 0.02118667696348908,
    "THE TRAGEDY OF JULIUS CAESAR.txt": 0.0735659799310488,
    "THE TRAGEDY OF KING LEAR.txt": 0.10081354556659905,
    "THE TRAGEDY OF MACBETH.txt": 0.12997239563388618,
    "THE TRAGEDY OF OTHELLO MOOR OF VENICE.txt": 0.01251524669045817,
    "THE TRAGEDY OF ROMEO AND JULIET.txt": 0.0808851545628605,
    "THE TRAGEDY OF TITUS ANDRONICUS.txt": 0.13707780236138623,
    "THE TWO GENTLEMEN OF VERONA.txt": 0.1200669843584391,
    "The Two Noble Kinsmen by Shakespeare.txt": 0.09908834675957673,
    "THE WINTERS TALE.txt": 0.13798844139714855,
    "Venus and Adonis.txt": 0.06022633176344905
}