{
    "A MIDSUMMER NIGHT_S DREAM.txt": 0.04113364601167235,
    "A Yorkshire Tragedy by Shakespeare.txt": 0.07829490608418671,
    "Arden of Feversham.txt": 0.08436966694610815,
    "AS YOU LIKE IT.txt": -0.07612068413345097,
    "CYMBELINE.txt": 0.08245817269166966,
    "Fair Em by Shakespeare.txt": 0.09125659901424527,
    "KING EDWARD III by Shakespeare.txt": 0.0689923495454478,
    "King Henry IV, Part 1.txt": 0.08961598410844751,
    "KING HENRY V.txt": 0.09122090420637907,
    "KING HENRY VI part I.txt": -0.17551509422956213,
    "KING HENRY VI Part II.txt": 0.02942912495964467,
    "KING HENRY VI Part III.txt": 0.006926161792649321,
    "KING HENRY VIII.txt": 0.11161877981724372,
    "KING JOHN.txt": 0.06506562446129838,
    "KING RICHARD II.txt": -0.022013205984051876,
    "KING RICHARD III.txt": 0.028607620216670293,
    "Locrine Mucedorus by Shakespeare.txt": 0.10171385476189271,
    "Love_s Labour_s Lost.txt": 0.10390115302225356,
    "MEASURE FOR MEASURE.txt": 0.11040578219057723,
    "Merchant of Venice.txt": 0.09777403132350049,
    "MUCH ADO ABOUT NOTHING.txt": 0.10113961323476789,
    "PERICLES PRINCE OF TYRE.txt": 0.07551063332008284,
    "Sir John Oldcastle by Shakespeare.txt": 0.07969583415699666,
    "Sir Thomas More by Shakespeare.txt": 0.07766406266142012,
    "Taming of the Shrew.txt": 0.09906160823995336,
    "The Comedy of Errors.txt": -0.044552560950718134,
    "THE HISTORY OF TROILUS AND CRESSIDA.txt": 0.05033133114015176,
    "The Life and Death of the Lord Cromwell by Shakespeare.txt": 0.08429783859105289,
    "THE LIFE OF TIMON OF ATHENS.txt": 0.10120577110487289,
    "The London Prodigal.txt": 0.1092861970698672,
    "The Merry Devill of Edmonton by Shakespeare.txt": 0.08756801327157421,
    "THE MERRY WIVES OF WINDSOR.txt": 0.07714385070888297,
    "The Puritaine Widdow by Shakespeare.txt": 0.03379132827697334,
    "THE RAPE OF LUCRECE.txt": 0.07695489661163801,
    "THE TAMING OF THE SHREW.txt": 0.0894396980670103,
    "THE TEMPEST.txt": 0.04989297416173388,
    "THE TRAGEDY OF ANTONY AND CLEOPATRA.txt": 0.010875514419350418,
    "THE TRAGEDY OF CORIOLANUS.txt": 0.09267644271054559,
    "THE TRAGEDY OF HAMLET PRINCE OF DENMARK.txt": 0.055270045255217726,
    "THE TRAGEDY OF JULIUS CAESAR.txt": 0.0752937766891863,
    "THE TRAGEDY OF KING LEAR.txt": 0.047746269916755735,
    "THE TRAGEDY OF MACBETH.txt": 0.09934130967485172,
    "THE TRAGEDY OF OTHELLO MOOR OF VENICE.txt": -0.013715717596650356,
    "THE TRAGEDY OF ROMEO AND JULIET.txt": 0.05540493683037795,
    "THE TRAGEDY OF TITUS ANDRONICUS.txt": 0.07411114784641887,
    "THE TWO GENTLEMEN OF VERONA.txt": 0.10209104712310119,
    "The Two Noble Kinsmen by Shakespeare.txt": 0.08063155530582583,
    "THE WINTERS TALE.txt": 0.05655067883477222,
    "Venus and Adonis.txt": 0.06799133970653937
}