{
    "A LOVERS COMPLAINT.txt": 0.03731615271408584,
    "A MIDSUMMER NIGHT_S DREAM.txt": 0.1035719645468926,
    "A Yorkshire Tragedy by Shakespeare.txt": 0.07139674744747548,
    "Arden of Feversham.txt": 0.1242942482637826,
    "AS YOU LIKE IT.txt": 0.06097249681448563,
    "CYMBELINE.txt": 0.12753389623727185,
    "Fair Em by Shakespeare.txt": 0.04791673164592036,
    "KING EDWARD III by Shakespeare.txt": 0.1275363560693641,
    "King Henry IV, Part 1.txt": 0.11747907461841961,
    "KING HENRY V.txt": 0.14461656550017338,
    "KING HENRY VI part I.txt": 0.06687441019526302,
    "KING HENRY VI Part II.txt": 0.1250626700426381,
    "KING HENRY VI Part III.txt": 0.1332895603158219,
    "KING HENRY VIII.txt": 0.14206328505075694,
    "KING JOHN.txt": 0.05347690421970941,
    "KING RICHARD II.txt": 0.08485530277430003,
    "KING RICHARD III.txt": 0.12750545847268896,
    "Locrine Mucedorus by Shakespeare.txt": 0.13870231955493417,
    "Love_s Labour_s Lost.txt": 0.142065148994579,
    "MEASURE FOR MEASURE.txt": 0.13818854117016233,
    "Merchant of Venice.txt": 0.111354233592029,
    "MUCH ADO ABOUT NOTHING.txt": 0.13214794030804616,
    "PERICLES PRINCE OF TYRE.txt": 0.11136510753429002,
    "Sir John Oldcastle by Shakespeare.txt": 0.12879829505238116,
    "Sir Thomas More by Shakespeare.txt": 0.13088900548338195,
    "Taming of the Shrew.txt": 0.12880500593340022,
    "The Comedy of Errors.txt": 0.08606809225809031,
    "THE HISTORY OF TROILUS AND CRESSIDA.txt": 0.11139267111563605,
    "The Life and Death of the Lord Cromwell by Shakespeare.txt": 0.09927712428658819,
    "THE LIFE OF TIMON OF ATHENS.txt": 0.11161939124307357,
    "The London Prodigal.txt": 0.13404418118018274,
    "The Merry Devill of Edmonton by Shakespeare.txt": 0.05331734036144997,
    "THE MERRY WIVES OF WINDSOR.txt": 0.11809006614782491,
    "The Puritaine Widdow by Shakespeare.txt": 0.08638203317629312,
    "THE RAPE OF LUCRECE.txt": 0.10892390726853801,
    "THE TAMING OF THE SHREW.txt": 0.14431850602640028,
    "THE TEMPEST.txt": 0.13193402012122102,
    "THE TRAGEDY OF ANTONY AND CLEOPATRA.txt": -0.06311691886547699,
    "THE TRAGEDY OF CORIOLANUS.txt": 0.12693133259436662,
    "THE TRAGEDY OF HAMLET PRINCE OF DENMARK.txt": 0.14208326152958456,
    "THE TRAGEDY OF JULIUS CAESAR.txt": 0.10864003936716965,
    "THE TRAGEDY OF KING LEAR.txt": 0.12632387209350848,
    "THE TRAGEDY OF MACBETH.txt": 0.13105145423380893,
    "THE TRAGEDY OF OTHELLO MOOR OF VENICE.txt": 0.061081233540029034,
    "THE TRAGEDY OF ROMEO AND JULIET.txt": 0.11454957517056946,
    "THE TRAGEDY OF TITUS ANDRONICUS.txt": 0.1132207014353106,
    "THE TWO GENTLEMEN OF VERONA.txt": 0.10239863523502124,
    "The Two Noble Kinsmen by Shakespeare.txt": 0.13759417407055302,
    "THE WINTERS TALE.txt": 0.10465217601861826,
    "Venus and Adonis.txt": 0.0744541416546628
}