{
    "A LOVERS COMPLAINT.txt": 0.017318648022041416,
    "A MIDSUMMER NIGHT_S DREAM.txt": 0.07017899929691057,
    "A Yorkshire Tragedy by Shakespeare.txt": 0.0823029811585842,
    "Arden of Feversham.txt": 0.11694240817156643,
    "AS YOU LIKE IT.txt": 0.05183084489687978,
    "CYMBELINE.txt": 0.12256604332090343,
    "Fair Em by Shakespeare.txt": 0.054504572018023,
    "KING EDWARD III by Shakespeare.txt": 0.11385201745287166,
    "King Henry IV, Part 1.txt": 0.13864690341695718,
    "KING HENRY V.txt": 0.145035608877436,
    "KING HENRY VI part I.txt": 0.043803430391491815,
    "KING HENRY VI Part II.txt": 0.1293661610805633,
    "KING HENRY VI Part III.txt": 0.10700493427585456,
    "KING HENRY VIII.txt": 0.10821802507758721,
    "KING JOHN.txt": 0.04033836746736713,
    "KING RICHARD II.txt": 0.08242502896692094,
    "KING RICHARD III.txt": 0.12014355506003971,
    "Locrine Mucedorus by Shakespeare.txt": 0.12195316192370109,
    "Love_s Labour_s Lost.txt": 0.1266816626455577,
    "MEASURE FOR MEASURE.txt": 0.12899431036382525,
    "Merchant of Venice.txt": 0.13848958142199969,
    "MUCH ADO ABOUT NOTHING.txt": 0.1419681008052927,
    "PERICLES PRINCE OF TYRE.txt": 0.09504622510916833,
    "Sir John Oldcastle by Shakespeare.txt": 0.12945194649385505,
    "Sir Thomas More by Shakespeare.txt": 0.15084439962559099,
    "Taming of the Shrew.txt": 0.12003597233779795,
    "The Comedy of Errors.txt": 0.1053321797294447,
    "THE HISTORY OF TROILUS AND CRESSIDA.txt": 0.10934563175718509,
    "The Life and Death of the Lord Cromwell by Shakespeare.txt": 0.10590088396337222,
    "THE LIFE OF TIMON OF ATHENS.txt": 0.09896779956233914,
    "The London Prodigal.txt": 0.13145520735931893,
    "The Merry Devill of Edmonton by Shakespeare.txt": 0.08151732277536566,
    "THE MERRY WIVES OF WINDSOR.txt": 0.0885905102701392,
    "The Puritaine Widdow by Shakespeare.txt": 0.10443527103664074,
    "THE RAPE OF LUCRECE.txt": 0.13564882764295472,
    "THE TAMING OF THE SHREW.txt": 0.14889230126993064,
    "THE TEMPEST.txt": 0.12830988848100466,
    "THE TRAGEDY OF ANTONY AND CLEOPATRA.txt": -0.06381134736118022,
    "THE TRAGEDY OF CORIOLANUS.txt": 0.10938860114535093,
    "THE TRAGEDY OF HAMLET PRINCE OF DENMARK.txt": 0.14252028730458544,
    "THE TRAGEDY OF JULIUS CAESAR.txt": 0.08976364814260224,
    "THE TRAGEDY OF KING LEAR.txt": 0.12616869561249655,
    "THE TRAGEDY OF MACBETH.txt": 0.1197510043151323,
    "THE TRAGEDY OF OTHELLO MOOR OF VENICE.txt": 0.05899826109941786,
    "THE TRAGEDY OF ROMEO AND JULIET.txt": 0.13155779264000678,
    "THE TRAGEDY OF TITUS ANDRONICUS.txt": 0.12216790407162986,
    "THE TWO GENTLEMEN OF VERONA.txt": 0.10970464668475272,
    "The Two Noble Kinsmen by Shakespeare.txt": 0.13047631320552877,
    "THE WINTERS TALE.txt": 0.06008040701504269,
    "Venus and Adonis.txt": 0.07159893629572389
}