{
    "A LOVERS COMPLAINT.txt": 0.015360375701623297,
    "A MIDSUMMER NIGHT_S DREAM.txt": 0.05968549911832277,
    "A Yorkshire Tragedy by Shakespeare.txt": 0.07965339855227821,
    "Arden of Feversham.txt": 0.10247905141401786,
    "AS YOU LIKE IT.txt": 0.06650431677917301,
    "CYMBELINE.txt": 0.13584979217503623,
    "Fair Em by Shakespeare.txt": 0.03441471430915716,
    "KING EDWARD III by Shakespeare.txt": 0.09490495607115895,
    "King Henry IV, Part 1.txt": 0.11748395213812651,
    "KING HENRY V.txt": 0.1256054721308637,
    "KING HENRY VI part I.txt": 0.07300464345750507,
    "KING HENRY VI Part II.txt": 0.10731822352979498,
    "KING HENRY VI Part III.txt": 0.1308509232534013,
    "KING HENRY VIII.txt": 0.12908394290260777,
    "KING JOHN.txt": 0.024708519456089095,
    "KING RICHARD II.txt": 0.10049440837713913,
    "KING RICHARD III.txt": 0.11123361050079644,
    "Locrine Mucedorus by Shakespeare.txt": 0.1195706103919213,
    "Love_s Labour_s Lost.txt": 0.11519156631470318,
    "MEASURE FOR MEASURE.txt": 0.1177372847774607,
    "Merchant of Venice.txt": 0.13268033167650056,
    "MUCH ADO ABOUT NOTHING.txt": 0.11096103775772659,
    "PERICLES PRINCE OF TYRE.txt": 0.10171529569822663,
    "Sir John Oldcastle by Shakespeare.txt": 0.1378596820591218,
    "Sir Thomas More by Shakespeare.txt": 0.12155191002300969,
    "Taming of the Shrew.txt": 0.14669593818333887,
    "The Comedy of Errors.txt": 0.10718732140469245,
    "THE HISTORY OF TROILUS AND CRESSIDA.txt": 0.09994251706783264,
    "The Life and Death of the Lord Cromwell by Shakespeare.txt": 0.08316990478158254,
    "THE LIFE OF TIMON OF ATHENS.txt": 0.12195787503481326,
    "The London Prodigal.txt": 0.12419290170917768,
    "The Merry Devill of Edmonton by Shakespeare.txt": 0.04125800372131955,
    "THE MERRY WIVES OF WINDSOR.txt": 0.113650458475197,
    "The Puritaine Widdow by Shakespeare.txt": 0.11313774357899714,
    "THE RAPE OF LUCRECE.txt": 0.10942788687294258,
    "THE TAMING OF THE SHREW.txt": 0.12979902038867214,
    "THE TEMPEST.txt": 0.12606766635998357,
    "THE TRAGEDY OF ANTONY AND CLEOPATRA.txt": -0.07658380963453304,
    "THE TRAGEDY OF CORIOLANUS.txt": 0.12963905180483726,
    "THE TRAGEDY OF HAMLET PRINCE OF DENMARK.txt": 0.11816403181073598,
    "THE TRAGEDY OF JULIUS CAESAR.txt": 0.10474843243301896,
    "THE TRAGEDY OF KING LEAR.txt": 0.10062945840382781,
    "THE TRAGEDY OF MACBETH.txt": 0.11983641342897006,
    "THE TRAGEDY OF OTHELLO MOOR OF VENICE.txt": 0.05352375497470535,
    "THE TRAGEDY OF ROMEO AND JULIET.txt": 0.12254648919270478,
    "THE TRAGEDY OF TITUS ANDRONICUS.txt": 0.11566738697188045,
    "THE TWO GENTLEMEN OF VERONA.txt": 0.11127348829906808,
    "The Two Noble Kinsmen by Shakespeare.txt": 0.13760793940328225,
    "THE WINTERS TALE.txt": 0.07792226011742037,
    "Venus and Adonis.txt": 0.0756125104572064
}