{
    "A MIDSUMMER NIGHT_S DREAM.txt": 0.08071012735209465,
    "A Yorkshire Tragedy by Shakespeare.txt": 0.09220408148403142,
    "Arden of Feversham.txt": 0.0668629145765271,
    "AS YOU LIKE IT.txt": -0.08693553733599102,
    "CYMBELINE.txt": 0.06151832848650052,
    "Fair Em by Shakespeare.txt": 0.10413408380088202,
    "KING EDWARD III by Shakespeare.txt": 0.08303378674096101,
    "King Henry IV, Part 1.txt": 0.10048767481327275,
    "KING HENRY V.txt": 0.09798756691826782,
    "KING HENRY VI part I.txt": -0.19902274513889084,
    "KING HENRY VI Part II.txt": 0.0501734726948484,
    "KING HENRY VI Part III.txt": 0.03213415388270019,
    "KING HENRY VIII.txt": 0.09939529879522713,
    "KING JOHN.txt": 0.0815690735531221,
    "KING RICHARD II.txt": -0.002942185672930364,
    "KING RICHARD III.txt": 0.033023933570834496,
    "Locrine Mucedorus by Shakespeare.txt": 0.11349083616340971,
    "Love_s Labour_s Lost.txt": 0.09106711793248373,
    "MEASURE FOR MEASURE.txt": 0.11489882159596926,
    "Merchant of Venice.txt": 0.09966032556312016,
    "MUCH ADO ABOUT NOTHING.txt": 0.09086598342945823,
    "PERICLES PRINCE OF TYRE.txt": 0.05479944686605126,
    "Sir John Oldcastle by Shakespeare.txt": 0.11544907017522515,
    "Sir Thomas More by Shakespeare.txt": 0.08460029002579722,
    "Taming of the Shrew.txt": 0.10364507568309633,
    "The Comedy of Errors.txt": -0.032548660869960666,
    "THE HISTORY OF TROILUS AND CRESSIDA.txt": 0.036360341612131475,
    "The Life and Death of the Lord Cromwell by Shakespeare.txt": 0.06990214776111542,
    "THE LIFE OF TIMON OF ATHENS.txt": 0.08997717839841363,
    "The London Prodigal.txt": 0.11573779530678008,
    "The Merry Devill of Edmonton by Shakespeare.txt": 0.08919723255135725,
    "THE MERRY WIVES OF WINDSOR.txt": 0.08475100836896632,
    "The Puritaine Widdow by Shakespeare.txt": 0.04368456495513112,
    "THE RAPE OF LUCRECE.txt": 0.08167356508781043,
    "THE TAMING OF THE SHREW.txt": 0.08255815376773606,
    "THE TEMPEST.txt": 0.049880108154413405,
    "THE TRAGEDY OF ANTONY AND CLEOPATRA.txt": 0.0052364807923664936,
    "THE TRAGEDY OF CORIOLANUS.txt": 0.09113766976926796,
    "THE TRAGEDY OF HAMLET PRINCE OF DENMARK.txt": 0.07269909133728791,
    "THE TRAGEDY OF JULIUS CAESAR.txt": 0.08360027733542258,
    "THE TRAGEDY OF KING LEAR.txt": 0.060345094349711026,
    "THE TRAGEDY OF MACBETH.txt": 0.09554414785659587,
    "THE TRAGEDY OF OTHELLO MOOR OF VENICE.txt": -0.007551455841907084,
    "THE TRAGEDY OF ROMEO AND JULIET.txt": 0.0677118481132501,
    "THE TRAGEDY OF TITUS ANDRONICUS.txt": 0.08930922896589488,
    "THE TWO GENTLEMEN OF VERONA.txt": 0.09990799586389637,
    "The Two Noble Kinsmen by Shakespeare.txt": 0.08919191700000617,
    "THE WINTERS TALE.txt": 0.04677903998130606,
    "Venus and Adonis.txt": 0.0841891766220178
}