{
    "A LOVERS COMPLAINT.txt": 0.030782443273981164,
    "A MIDSUMMER NIGHT_S DREAM.txt": 0.07371876688671192,
    "A Yorkshire Tragedy by Shakespeare.txt": 0.08469578670838729,
    "Arden of Feversham.txt": 0.1106916659946019,
    "AS YOU LIKE IT.txt": 0.06721797333665941,
    "CYMBELINE.txt": 0.12012432211445023,
    "Fair Em by Shakespeare.txt": 0.04176623669141366,
    "KING EDWARD III by Shakespeare.txt": 0.11953583802360801,
    "King Henry IV, Part 1.txt": 0.13084008952284237,
    "KING HENRY V.txt": 0.11143557245771946,
    "KING HENRY VI part I.txt": 0.04349016887143803,
    "KING HENRY VI Part II.txt": 0.10606442680886102,
    "KING HENRY VI Part III.txt": 0.1067703926582963,
    "KING HENRY VIII.txt": 0.13344001577327785,
    "KING JOHN.txt": 0.032511826657419696,
    "KING RICHARD II.txt": 0.07609160302194584,
    "KING RICHARD III.txt": 0.10595201981944058,
    "Locrine Mucedorus by Shakespeare.txt": 0.11692263238701267,
    "Love_s Labour_s Lost.txt": 0.12217096996653265,
    "MEASURE FOR MEASURE.txt": 0.11835111727342179,
    "Merchant of Venice.txt": 0.12910112064855245,
    "MUCH ADO ABOUT NOTHING.txt": 0.11975690141467582,
    "PERICLES PRINCE OF TYRE.txt": 0.10959651833002487,
    "Sir John Oldcastle by Shakespeare.txt": 0.1169435252547752,
    "Sir Thomas More by Shakespeare.txt": 0.12835659096105867,
    "Taming of the Shrew.txt": 0.11110753582464228,
    "The Comedy of Errors.txt": 0.0702310100212532,
    "THE HISTORY OF TROILUS AND CRESSIDA.txt": 0.10979852403154777,
    "The Life and Death of the Lord Cromwell by Shakespeare.txt": 0.1149936263103975,
    "THE LIFE OF TIMON OF ATHENS.txt": 0.1234923157739099,
    "The London Prodigal.txt": 0.11928388783228772,
    "The Merry Devill of Edmonton by Shakespeare.txt": 0.030670694052211178,
    "THE MERRY WIVES OF WINDSOR.txt": 0.11715792277726123,
    "The Puritaine Widdow by Shakespeare.txt": 0.09134823027804695,
    "THE RAPE OF LUCRECE.txt": 0.10181769916090927,
    "THE TAMING OF THE SHREW.txt": 0.1474105290721836,
    "THE TEMPEST.txt": 0.1191432876499508,
    "THE TRAGEDY OF ANTONY AND CLEOPATRA.txt": -0.05769222239125549,
    "THE TRAGEDY OF CORIOLANUS.txt": 0.13591618167327213,
    "THE TRAGEDY OF HAMLET PRINCE OF DENMARK.txt": 0.1345737425124443,
    "THE TRAGEDY OF JULIUS CAESAR.txt": 0.11221409366687368,
    "THE TRAGEDY OF KING LEAR.txt": 0.12044338014958911,
    "THE TRAGEDY OF MACBETH.txt": 0.13185876860181434,
    "THE TRAGEDY OF OTHELLO MOOR OF VENICE.txt": 0.03974155809855778,
    "THE TRAGEDY OF ROMEO AND JULIET.txt": 0.07633074268529472,
    "THE TRAGEDY OF TITUS ANDRONICUS.txt": 0.11450288590205854,
    "THE TWO GENTLEMEN OF VERONA.txt": 0.10778360101961248,
    "The Two Noble Kinsmen by Shakespeare.txt": 0.1377997467881521,
    "THE WINTERS TALE.txt": 0.0805662749676796,
    "Venus and Adonis.txt": 0.08004949091641306
}