{
    "A LOVERS COMPLAINT.txt": -0.12893934133322005,
    "A MIDSUMMER NIGHT_S DREAM.txt": 0.11613159270097262,
    "A Yorkshire Tragedy by Shakespeare.txt": 0.08745967449636888,
    "Arden of Feversham.txt": 0.09480800776685783,
    "AS YOU LIKE IT.txt": 0.10323686071944771,
    "CYMBELINE.txt": 0.06424139632033071,
    "Fair Em by Shakespeare.txt": 0.11180563603295718,
    "KING EDWARD III by Shakespeare.txt": 0.08628476375729816,
    "King Henry IV, Part 1.txt": 0.040028180049088646,
    "KING HENRY V.txt": 0.11957658864894632,
    "KING HENRY VI part I.txt": 0.0754687210240616,
    "KING HENRY VI Part II.txt": 0.08628476375729816,
    "KING HENRY VI Part III.txt": 0.09127638056075771,
    "KING HENRY VIII.txt": 0.06848036455053175,
    "KING JOHN.txt": 0.024385502908646328,
    "KING RICHARD II.txt": 0.09873037478798935,
    "KING RICHARD III.txt": 0.07187844057824044,
    "Locrine Mucedorus by Shakespeare.txt": -0.01069310375222099,
    "Love_s Labour_s Lost.txt": 0.0720031294953351,
    "MEASURE FOR MEASURE.txt": 0.09143876376292376,
    "Merchant of Venice.txt": 0.0920298407757682,
    "MUCH ADO ABOUT NOTHING.txt": 0.08666882013821414,
    "PERICLES PRINCE OF TYRE.txt": 0.1096964015903949,
    "Sir John Oldcastle by Shakespeare.txt": 0.0920298407757682,
    "Sir Thomas More by Shakespeare.txt": 0.06839145916594785,
    "Taming of the Shrew.txt": 0.069433227975496,
    "The Comedy of Errors.txt": 0.10487137489787313,
    "THE HISTORY OF TROILUS AND CRESSIDA.txt": -0.16054401796013484,
    "The Life and Death of the Lord Cromwell by Shakespeare.txt": 0.09143399816462117,
    "THE LIFE OF TIMON OF ATHENS.txt": -0.06630095830087412,
    "The London Prodigal.txt": 0.09782452315277823,
    "The Merry Devill of Edmonton by Shakespeare.txt": 0.08367039022290185,
    "THE MERRY WIVES OF WINDSOR.txt": 0.0950015715826274,
    "The Puritaine Widdow by Shakespeare.txt": 0.10516520331720125,
    "THE RAPE OF LUCRECE.txt": 0.08669327818232292,
    "THE TAMING OF THE SHREW.txt": -0.054562987784646855,
    "THE TEMPEST.txt": 0.031938583684582134,
    "THE TRAGEDY OF ANTONY AND CLEOPATRA.txt": 0.09720395796840275,
    "THE TRAGEDY OF CORIOLANUS.txt": 0.10463748784441734,
    "THE TRAGEDY OF HAMLET PRINCE OF DENMARK.txt": 0.07779511966355196,
    "THE TRAGEDY OF JULIUS CAESAR.txt": -0.03741593363050888,
    "THE TRAGEDY OF KING LEAR.txt": 0.0782251138492559,
    "THE TRAGEDY OF MACBETH.txt": 0.07101742629827218,
    "THE TRAGEDY OF OTHELLO MOOR OF VENICE.txt": 0.07647298094122296,
    "THE TRAGEDY OF ROMEO AND JULIET.txt": 0.09363565412420699,
    "THE TRAGEDY OF TITUS ANDRONICUS.txt": 0.07342688273316733,
    "THE TWO GENTLEMEN OF VERONA.txt": 0.10689503695433034,
    "The Two Noble Kinsmen by Shakespeare.txt": 0.06970407022838321,
    "THE WINTERS TALE.txt": 0.0728056613862344,
    "Venus and Adonis.txt": 0.12051810704038829
}