{
    "A MIDSUMMER NIGHT_S DREAM.txt": 0.05670095052871138,
    "A Yorkshire Tragedy by Shakespeare.txt": 0.05810476445423918,
    "Arden of Feversham.txt": -0.23145375625696163,
    "AS YOU LIKE IT.txt": 0.08264648384859918,
    "CYMBELINE.txt": 0.09998676628904829,
    "Fair Em by Shakespeare.txt": 0.1022120352446102,
    "KING EDWARD III by Shakespeare.txt": 0.05928759464275596,
    "King Henry IV, Part 1.txt": 0.10196379587669191,
    "KING HENRY V.txt": 0.059366277049440475,
    "KING HENRY VI part I.txt": -0.020469517017227545,
    "KING HENRY VI Part II.txt": 0.057483075171250064,
    "KING HENRY VI Part III.txt": 0.017619751592633237,
    "KING HENRY VIII.txt": 0.07054326300749098,
    "KING JOHN.txt": 0.06318861545309368,
    "KING RICHARD II.txt": 0.056867367776713584,
    "KING RICHARD III.txt": 0.07747423881620846,
    "Locrine Mucedorus by Shakespeare.txt": 0.05519747765861821,
    "Love_s Labour_s Lost.txt": 0.09719014583506597,
    "MEASURE FOR MEASURE.txt": 0.08778338429720933,
    "Merchant of Venice.txt": 0.09422756946662458,
    "MUCH ADO ABOUT NOTHING.txt": 0.04047122273329884,
    "PERICLES PRINCE OF TYRE.txt": 0.09284029875843408,
    "Sir John Oldcastle by Shakespeare.txt": 0.09101037513152177,
    "Sir Thomas More by Shakespeare.txt": 0.06644807458505592,
    "Taming of the Shrew.txt": -0.02268196907092246,
    "The Comedy of Errors.txt": -0.24696273717168982,
    "THE HISTORY OF TROILUS AND CRESSIDA.txt": 0.08542488544787691,
    "The Life and Death of the Lord Cromwell by Shakespeare.txt": 0.0689758428059774,
    "THE LIFE OF TIMON OF ATHENS.txt": 0.11218182068713978,
    "The London Prodigal.txt": 0.09257202230392236,
    "The Merry Devill of Edmonton by Shakespeare.txt": 0.07534997749858896,
    "THE MERRY WIVES OF WINDSOR.txt": 0.06404078560835602,
    "The Puritaine Widdow by Shakespeare.txt": 0.06248726926131448,
    "THE RAPE OF LUCRECE.txt": 0.053558658635557366,
    "THE TAMING OF THE SHREW.txt": 0.03668332457070084,
    "THE TEMPEST.txt": 0.09283473270973186,
    "THE TRAGEDY OF ANTONY AND CLEOPATRA.txt": 0.02726303501417976,
    "THE TRAGEDY OF CORIOLANUS.txt": 0.10540495632936014,
    "THE TRAGEDY OF HAMLET PRINCE OF DENMARK.txt": 0.08593877088802043,
    "THE TRAGEDY OF JULIUS CAESAR.txt": 0.06549595328835595,
    "THE TRAGEDY OF KING LEAR.txt": 0.10900790823358453,
    "THE TRAGEDY OF MACBETH.txt": 0.11242920614390206,
    "THE TRAGEDY OF OTHELLO MOOR OF VENICE.txt": -0.15272256093648218,
    "THE TRAGEDY OF ROMEO AND JULIET.txt": 0.07092755507095155,
    "THE TRAGEDY OF TITUS ANDRONICUS.txt": 0.061099768584528535,
    "THE TWO GENTLEMEN OF VERONA.txt": 0.10009176142776716,
    "The Two Noble Kinsmen by Shakespeare.txt": 0.08599956347365695,
    "THE WINTERS TALE.txt": 0.10200305432525208,
    "Venus and Adonis.txt": -0.02033366121178326
}