{
    "A LOVERS COMPLAINT.txt": -0.029778402334566634,
    "A MIDSUMMER NIGHT_S DREAM.txt": 0.11962145620349929,
    "A Yorkshire Tragedy by Shakespeare.txt": 0.1195044805448901,
    "Arden of Feversham.txt": -0.16921972141810382,
    "AS YOU LIKE IT.txt": 0.11454022736106895,
    "CYMBELINE.txt": 0.12284645872573025,
    "Fair Em by Shakespeare.txt": 0.11334169673094657,
    "KING EDWARD III by Shakespeare.txt": 0.05624297241380932,
    "King Henry IV, Part 1.txt": 0.12264316965560573,
    "KING HENRY V.txt": 0.08000909962512931,
    "KING HENRY VI part I.txt": 0.04268218844594668,
    "KING HENRY VI Part II.txt": 0.0735723593826354,
    "KING HENRY VI Part III.txt": 0.07762190032768851,
    "KING HENRY VIII.txt": 0.09654920089227192,
    "KING JOHN.txt": 0.10798903445324598,
    "KING RICHARD II.txt": 0.08150659167971402,
    "KING RICHARD III.txt": 0.10459752435440839,
    "Locrine Mucedorus by Shakespeare.txt": 0.10785769189116906,
    "Love_s Labour_s Lost.txt": 0.11880343593965603,
    "MEASURE FOR MEASURE.txt": 0.13098052206888283,
    "Merchant of Venice.txt": 0.13178668825112744,
    "MUCH ADO ABOUT NOTHING.txt": 0.09119460666600249,
    "PERICLES PRINCE OF TYRE.txt": 0.1299267617013264,
    "Sir John Oldcastle by Shakespeare.txt": 0.1225456778116435,
    "Sir Thomas More by Shakespeare.txt": 0.07685414684036401,
    "Taming of the Shrew.txt": 0.06420544371338122,
    "The Comedy of Errors.txt": -0.22553716570418514,
    "THE HISTORY OF TROILUS AND CRESSIDA.txt": 0.0852819017737656,
    "The Life and Death of the Lord Cromwell by Shakespeare.txt": 0.07593931381034524,
    "THE LIFE OF TIMON OF ATHENS.txt": 0.116064234528651,
    "The London Prodigal.txt": 0.12100708206113586,
    "The Merry Devill of Edmonton by Shakespeare.txt": 0.11770495769989042,
    "THE MERRY WIVES OF WINDSOR.txt": 0.1300152848434062,
    "The Puritaine Widdow by Shakespeare.txt": 0.12674342647961273,
    "THE RAPE OF LUCRECE.txt": 0.038831963229551514,
    "THE TAMING OF THE SHREW.txt": 0.11127410598348902,
    "THE TEMPEST.txt": 0.10341181933010818,
    "THE TRAGEDY OF ANTONY AND CLEOPATRA.txt": 0.04041021220482066,
    "THE TRAGEDY OF CORIOLANUS.txt": 0.12724510561520574,
    "THE TRAGEDY OF HAMLET PRINCE OF DENMARK.txt": 0.12163449718569891,
    "THE TRAGEDY OF JULIUS CAESAR.txt": 0.09363353057687318,
    "THE TRAGEDY OF KING LEAR.txt": 0.11548874300692086,
    "THE TRAGEDY OF MACBETH.txt": 0.120412432245667,
    "THE TRAGEDY OF OTHELLO MOOR OF VENICE.txt": -0.046188127146004954,
    "THE TRAGEDY OF ROMEO AND JULIET.txt": 0.10242413370142178,
    "THE TRAGEDY OF TITUS ANDRONICUS.txt": 0.09262663763053064,
    "THE TWO GENTLEMEN OF VERONA.txt": 0.11876919789279738,
    "The Two Noble Kinsmen by Shakespeare.txt": 0.1353467975902119,
    "THE WINTERS TALE.txt": 0.12693124114698295,
    "Venus and Adonis.txt": -0.029778402334566634
}