{
    "A MIDSUMMER NIGHT_S DREAM.txt": 0.04926240131891735,
    "A Yorkshire Tragedy by Shakespeare.txt": 0.018894324106933258,
    "Arden of Feversham.txt": -0.22635598648784427,
    "AS YOU LIKE IT.txt": 0.09105645441929133,
    "CYMBELINE.txt": 0.09089846272376367,
    "Fair Em by Shakespeare.txt": 0.07303199831784385,
    "KING EDWARD III by Shakespeare.txt": 0.07547078273780411,
    "King Henry IV, Part 1.txt": 0.09319967661844869,
    "KING HENRY V.txt": 0.05905183315156898,
    "KING HENRY VI part I.txt": 0.011025161010833895,
    "KING HENRY VI Part II.txt": 0.06981234183196966,
    "KING HENRY VI Part III.txt": 0.04604709781913169,
    "KING HENRY VIII.txt": 0.08786253922011389,
    "KING JOHN.txt": 0.040897484758633695,
    "KING RICHARD II.txt": 0.07419231711180374,
    "KING RICHARD III.txt": 0.08675585675623754,
    "Locrine Mucedorus by Shakespeare.txt": 0.03993479588842719,
    "Love_s Labour_s Lost.txt": 0.09598890554258854,
    "MEASURE FOR MEASURE.txt": 0.08529537303616547,
    "Merchant of Venice.txt": 0.09446886304046165,
    "MUCH ADO ABOUT NOTHING.txt": -0.014726465097934183,
    "PERICLES PRINCE OF TYRE.txt": 0.0993779547622764,
    "Sir John Oldcastle by Shakespeare.txt": 0.08193674949430213,
    "Sir Thomas More by Shakespeare.txt": 0.07380684240286728,
    "Taming of the Shrew.txt": -0.06439122670025588,
    "The Comedy of Errors.txt": -0.2424983463185274,
    "THE HISTORY OF TROILUS AND CRESSIDA.txt": 0.07046210702793276,
    "The Life and Death of the Lord Cromwell by Shakespeare.txt": 0.08702149889147587,
    "THE LIFE OF TIMON OF ATHENS.txt": 0.10940681170369448,
    "The London Prodigal.txt": 0.09184480283682062,
    "The Merry Devill of Edmonton by Shakespeare.txt": 0.06845281404982584,
    "THE MERRY WIVES OF WINDSOR.txt": 0.030423523993787394,
    "The Puritaine Widdow by Shakespeare.txt": 0.02086064318214398,
    "THE RAPE OF LUCRECE.txt": 0.0698739201467915,
    "THE TAMING OF THE SHREW.txt": 0.003596677981421048,
    "THE TEMPEST.txt": 0.0946436412182387,
    "THE TRAGEDY OF ANTONY AND CLEOPATRA.txt": 0.019992233816623295,
    "THE TRAGEDY OF CORIOLANUS.txt": 0.10077214878391672,
    "THE TRAGEDY OF HAMLET PRINCE OF DENMARK.txt": 0.09390838532234907,
    "THE TRAGEDY OF JULIUS CAESAR.txt": 0.06242153479221202,
    "THE TRAGEDY OF KING LEAR.txt": 0.10345136443184466,
    "THE TRAGEDY OF MACBETH.txt": 0.08418060536528299,
    "THE TRAGEDY OF OTHELLO MOOR OF VENICE.txt": -0.1725247556532603,
    "THE TRAGEDY OF ROMEO AND JULIET.txt": 0.06902853152618266,
    "THE TRAGEDY OF TITUS ANDRONICUS.txt": 0.0735332752775315,
    "THE TWO GENTLEMEN OF VERONA.txt": 0.0842379705830224,
    "The Two Noble Kinsmen by Shakespeare.txt": 0.10060213719544009,
    "THE WINTERS TALE.txt": 0.10809344456449116,
    "Venus and Adonis.txt": 0.011542274201433556
}