{
    "A LOVERS COMPLAINT.txt": -0.06361177696453157,
    "A MIDSUMMER NIGHT_S DREAM.txt": 0.12050702233962701,
    "A Yorkshire Tragedy by Shakespeare.txt": 0.12760229281587637,
    "Arden of Feversham.txt": -0.1689403326046266,
    "AS YOU LIKE IT.txt": 0.1106345841071601,
    "CYMBELINE.txt": 0.11018211457723154,
    "Fair Em by Shakespeare.txt": 0.09755187699835366,
    "KING EDWARD III by Shakespeare.txt": 0.029507501754627463,
    "King Henry IV, Part 1.txt": 0.10538397653572029,
    "KING HENRY V.txt": 0.07246895616417365,
    "KING HENRY VI part I.txt": 0.018794534332171264,
    "KING HENRY VI Part II.txt": 0.07285431455471109,
    "KING HENRY VI Part III.txt": 0.06078190256268162,
    "KING HENRY VIII.txt": 0.07604797588184936,
    "KING JOHN.txt": 0.08509350825960627,
    "KING RICHARD II.txt": 0.04493133659563259,
    "KING RICHARD III.txt": 0.1117788712778251,
    "Locrine Mucedorus by Shakespeare.txt": 0.09943605852102427,
    "Love_s Labour_s Lost.txt": 0.13050072753698322,
    "MEASURE FOR MEASURE.txt": 0.11218046901212458,
    "Merchant of Venice.txt": 0.10786176610539855,
    "MUCH ADO ABOUT NOTHING.txt": 0.0683370079788248,
    "PERICLES PRINCE OF TYRE.txt": 0.12167892821700876,
    "Sir John Oldcastle by Shakespeare.txt": 0.11049564494955111,
    "Sir Thomas More by Shakespeare.txt": 0.08929772115715179,
    "Taming of the Shrew.txt": 0.04889513440771259,
    "The Comedy of Errors.txt": -0.22173022240288276,
    "THE HISTORY OF TROILUS AND CRESSIDA.txt": 0.07704603204493177,
    "The Life and Death of the Lord Cromwell by Shakespeare.txt": 0.05109397734544985,
    "THE LIFE OF TIMON OF ATHENS.txt": 0.12071939321526637,
    "The London Prodigal.txt": 0.1353786833637759,
    "The Merry Devill of Edmonton by Shakespeare.txt": 0.10637267220289548,
    "THE MERRY WIVES OF WINDSOR.txt": 0.10080652030757586,
    "The Puritaine Widdow by Shakespeare.txt": 0.0922973694332489,
    "THE RAPE OF LUCRECE.txt": 0.008882248124097825,
    "THE TAMING OF THE SHREW.txt": 0.07522689781439168,
    "THE TEMPEST.txt": 0.10678357849610776,
    "THE TRAGEDY OF ANTONY AND CLEOPATRA.txt": 0.02135122117176308,
    "THE TRAGEDY OF CORIOLANUS.txt": 0.11473446599092313,
    "THE TRAGEDY OF HAMLET PRINCE OF DENMARK.txt": 0.10823563487384102,
    "THE TRAGEDY OF JULIUS CAESAR.txt": 0.06787693766148578,
    "THE TRAGEDY OF KING LEAR.txt": 0.10929689765874362,
    "THE TRAGEDY OF MACBETH.txt": 0.10640750459488563,
    "THE TRAGEDY OF OTHELLO MOOR OF VENICE.txt": -0.06237634158844485,
    "THE TRAGEDY OF ROMEO AND JULIET.txt": 0.09914798965051363,
    "THE TRAGEDY OF TITUS ANDRONICUS.txt": 0.08446687080597726,
    "THE TWO GENTLEMEN OF VERONA.txt": 0.10213128705146546,
    "The Two Noble Kinsmen by Shakespeare.txt": 0.12758011060268037,
    "THE WINTERS TALE.txt": 0.12629894943090886,
    "Venus and Adonis.txt": -0.06361177696453157
}