{
    "A LOVERS COMPLAINT.txt": 0.07236703157017393,
    "A MIDSUMMER NIGHT_S DREAM.txt": 0.11155976544938301,
    "A Yorkshire Tragedy by Shakespeare.txt": 0.10232737482739251,
    "Arden of Feversham.txt": 0.11143402068925501,
    "AS YOU LIKE IT.txt": 0.1322253407875426,
    "CYMBELINE.txt": 0.10007221932525884,
    "Fair Em by Shakespeare.txt": 0.12140526277229313,
    "KING EDWARD III by Shakespeare.txt": 0.0767402778419865,
    "King Henry IV, Part 1.txt": 0.12334784922955844,
    "KING HENRY V.txt": 0.10931751287084313,
    "KING HENRY VI part I.txt": -0.07110592798422022,
    "KING HENRY VI Part II.txt": 0.13250598669327335,
    "KING HENRY VI Part III.txt": 0.12489618934545438,
    "KING HENRY VIII.txt": 0.04956734093652926,
    "KING JOHN.txt": 0.03956241815665534,
    "KING RICHARD II.txt": 0.11542605078426205,
    "KING RICHARD III.txt": 0.13378280817964833,
    "Locrine Mucedorus by Shakespeare.txt": 0.11105830462060412,
    "Love_s Labour_s Lost.txt": 0.1252502646187968,
    "MEASURE FOR MEASURE.txt": 0.12109599471931148,
    "Merchant of Venice.txt": 0.11276685507399709,
    "MUCH ADO ABOUT NOTHING.txt": 0.13197402349001153,
    "PERICLES PRINCE OF TYRE.txt": 0.1004402524413574,
    "Sir John Oldcastle by Shakespeare.txt": 0.11454389718946956,
    "Sir Thomas More by Shakespeare.txt": 0.12226324725777576,
    "Taming of the Shrew.txt": 0.12783952229411427,
    "The Comedy of Errors.txt": 0.09115233990152727,
    "THE HISTORY OF TROILUS AND CRESSIDA.txt": 0.12256805930208992,
    "The Life and Death of the Lord Cromwell by Shakespeare.txt": 0.12232874742000804,
    "THE LIFE OF TIMON OF ATHENS.txt": 0.08866154166508167,
    "The London Prodigal.txt": 0.10812713002629287,
    "The Merry Devill of Edmonton by Shakespeare.txt": 0.10219015558858857,
    "THE MERRY WIVES OF WINDSOR.txt": -0.2055709168104214,
    "The Puritaine Widdow by Shakespeare.txt": 0.06317265023650087,
    "THE RAPE OF LUCRECE.txt": 0.08770502552529269,
    "THE TAMING OF THE SHREW.txt": 0.13271674675451745,
    "THE TEMPEST.txt": 0.10182245326574557,
    "THE TRAGEDY OF ANTONY AND CLEOPATRA.txt": 0.12502237677251155,
    "THE TRAGEDY OF CORIOLANUS.txt": 0.11764622813146108,
    "THE TRAGEDY OF HAMLET PRINCE OF DENMARK.txt": 0.10939655109120616,
    "THE TRAGEDY OF JULIUS CAESAR.txt": 0.09855297089645171,
    "THE TRAGEDY OF KING LEAR.txt": 0.11814084287846899,
    "THE TRAGEDY OF MACBETH.txt": 0.10881399824130228,
    "THE TRAGEDY OF OTHELLO MOOR OF VENICE.txt": 0.1074071097042717,
    "THE TRAGEDY OF ROMEO AND JULIET.txt": 0.11265572496464155,
    "THE TRAGEDY OF TITUS ANDRONICUS.txt": 0.08843944462863523,
    "THE TWO GENTLEMEN OF VERONA.txt": 0.12218831252074519,
    "The Two Noble Kinsmen by Shakespeare.txt": 0.09594488713078564,
    "THE WINTERS TALE.txt": 0.12213964808503297,
    "Venus and Adonis.txt": 0.07602957730756327
}