{
    "A LOVERS COMPLAINT.txt": 0.044951895811973064,
    "A MIDSUMMER NIGHT_S DREAM.txt": 0.12914499933449458,
    "A Yorkshire Tragedy by Shakespeare.txt": 0.13027149518717063,
    "Arden of Feversham.txt": 0.08065114685756158,
    "AS YOU LIKE IT.txt": 0.12853897361444006,
    "CYMBELINE.txt": 0.14954810072567265,
    "Fair Em by Shakespeare.txt": 0.14494215961425017,
    "KING EDWARD III by Shakespeare.txt": 0.03964249115614865,
    "King Henry IV, Part 1.txt": 0.13326085097997592,
    "KING HENRY V.txt": 0.12986156431129492,
    "KING HENRY VI part I.txt": 0.1126499440486784,
    "KING HENRY VI Part II.txt": 0.05540874670398949,
    "KING HENRY VI Part III.txt": 0.06222096394734006,
    "KING HENRY VIII.txt": 0.10960847982853134,
    "KING JOHN.txt": 0.14467998589661274,
    "KING RICHARD II.txt": 0.05114471933443593,
    "KING RICHARD III.txt": 0.08718918057567043,
    "Locrine Mucedorus by Shakespeare.txt": 0.14380586637280962,
    "Love_s Labour_s Lost.txt": 0.03541880227797073,
    "MEASURE FOR MEASURE.txt": 0.1449630526063619,
    "Merchant of Venice.txt": 0.12990440869399805,
    "MUCH ADO ABOUT NOTHING.txt": 0.13886388441109998,
    "PERICLES PRINCE OF TYRE.txt": 0.1424983860833161,
    "Sir John Oldcastle by Shakespeare.txt": 0.137471021912476,
    "Sir Thomas More by Shakespeare.txt": 0.13983330389847465,
    "Taming of the Shrew.txt": 0.1077794931200729,
    "The Comedy of Errors.txt": 0.13109916536934907,
    "THE HISTORY OF TROILUS AND CRESSIDA.txt": 0.15843061303664463,
    "The Life and Death of the Lord Cromwell by Shakespeare.txt": 0.15620724915102946,
    "THE LIFE OF TIMON OF ATHENS.txt": 0.11863640105838164,
    "The London Prodigal.txt": 0.11254665422259141,
    "The Merry Devill of Edmonton by Shakespeare.txt": 0.14503856176970614,
    "THE MERRY WIVES OF WINDSOR.txt": 0.09914194513658836,
    "The Puritaine Widdow by Shakespeare.txt": 0.15048461894962395,
    "THE RAPE OF LUCRECE.txt": 0.12760120450896517,
    "THE TAMING OF THE SHREW.txt": 0.07466189919861227,
    "THE TEMPEST.txt": 0.1388550375457167,
    "THE TRAGEDY OF ANTONY AND CLEOPATRA.txt": 0.11833805653907292,
    "THE TRAGEDY OF CORIOLANUS.txt": 0.14634777829059215,
    "THE TRAGEDY OF HAMLET PRINCE OF DENMARK.txt": 0.1563805045612811,
    "THE TRAGEDY OF JULIUS CAESAR.txt": 0.14440878527312645,
    "THE TRAGEDY OF KING LEAR.txt": 0.11409238956515722,
    "THE TRAGEDY OF MACBETH.txt": 0.15427658395696692,
    "THE TRAGEDY OF OTHELLO MOOR OF VENICE.txt": 0.12245183398634041,
    "THE TRAGEDY OF ROMEO AND JULIET.txt": 0.1447335375289071,
    "THE TRAGEDY OF TITUS ANDRONICUS.txt": 0.13709831502765452,
    "THE TWO GENTLEMEN OF VERONA.txt": 0.07270968943723444,
    "The Two Noble Kinsmen by Shakespeare.txt": 0.08981894781322142,
    "THE WINTERS TALE.txt": 0.1442797050736685,
    "Venus and Adonis.txt": 0.12087585909768161
}