{
    "A MIDSUMMER NIGHT_S DREAM.txt": 0.015996620374177373,
    "A Yorkshire Tragedy by Shakespeare.txt": 0.055479321195547715,
    "Arden of Feversham.txt": 0.003082973514061116,
    "AS YOU LIKE IT.txt": 0.10244171754473808,
    "CYMBELINE.txt": 0.12740476561233843,
    "Fair Em by Shakespeare.txt": 0.08102269342426627,
    "KING EDWARD III by Shakespeare.txt": 0.003041540329222381,
    "King Henry IV, Part 1.txt": 0.05548502813946482,
    "KING HENRY V.txt": 0.08591030913205344,
    "KING HENRY VI part I.txt": 0.041518647601764824,
    "KING HENRY VI Part II.txt": 0.06824508454406514,
    "KING HENRY VI Part III.txt": 0.043592096759435206,
    "KING HENRY VIII.txt": 0.07082990494119923,
    "KING JOHN.txt": 0.06628077604619242,
    "KING RICHARD II.txt": -0.019799040756633635,
    "KING RICHARD III.txt": 0.07041350903173837,
    "Locrine Mucedorus by Shakespeare.txt": 0.0605065238730233,
    "Love_s Labour_s Lost.txt": 0.05568698991907334,
    "MEASURE FOR MEASURE.txt": 0.08650524068228682,
    "Merchant of Venice.txt": 0.08488475510414717,
    "MUCH ADO ABOUT NOTHING.txt": 0.08075152465236268,
    "PERICLES PRINCE OF TYRE.txt": 0.0953014752232505,
    "Sir John Oldcastle by Shakespeare.txt": 0.071674829014505,
    "Sir Thomas More by Shakespeare.txt": 0.052127340895458174,
    "Taming of the Shrew.txt": 0.027156049088630174,
    "The Comedy of Errors.txt": -0.15757966528571898,
    "THE HISTORY OF TROILUS AND CRESSIDA.txt": 0.02555509104277237,
    "The Life and Death of the Lord Cromwell by Shakespeare.txt": 0.027590727836837248,
    "THE LIFE OF TIMON OF ATHENS.txt": 0.06649855555595263,
    "The London Prodigal.txt": 0.08989693482416322,
    "The Merry Devill of Edmonton by Shakespeare.txt": 0.07339958854173567,
    "THE MERRY WIVES OF WINDSOR.txt": 0.1091075237239072,
    "The Puritaine Widdow by Shakespeare.txt": 0.08284003953923064,
    "THE RAPE OF LUCRECE.txt": 0.007652811485402755,
    "THE TAMING OF THE SHREW.txt": 0.005839965897179333,
    "THE TEMPEST.txt": 0.07512634984554956,
    "THE TRAGEDY OF ANTONY AND CLEOPATRA.txt": -0.0050384299443122504,
    "THE TRAGEDY OF CORIOLANUS.txt": 0.10748069731398785,
    "THE TRAGEDY OF HAMLET PRINCE OF DENMARK.txt": 0.10619087552408113,
    "THE TRAGEDY OF JULIUS CAESAR.txt": 0.10485533097571764,
    "THE TRAGEDY OF KING LEAR.txt": 0.08881976793973628,
    "THE TRAGEDY OF MACBETH.txt": 0.06818314643643258,
    "THE TRAGEDY OF OTHELLO MOOR OF VENICE.txt": -0.009445357620633144,
    "THE TRAGEDY OF ROMEO AND JULIET.txt": 0.12447087977050098,
    "THE TRAGEDY OF TITUS ANDRONICUS.txt": 0.06666182625755401,
    "THE TWO GENTLEMEN OF VERONA.txt": 0.09420930735030852,
    "The Two Noble Kinsmen by Shakespeare.txt": 0.11031938971362842,
    "THE WINTERS TALE.txt": 0.10746664965322322,
    "Venus and Adonis.txt": -0.21993581804401174
}