{
    "A LOVERS COMPLAINT.txt": -0.11954535433391467,
    "A MIDSUMMER NIGHT_S DREAM.txt": 0.10683773383881445,
    "A Yorkshire Tragedy by Shakespeare.txt": 0.08340522586697713,
    "Arden of Feversham.txt": 0.10203609560927979,
    "AS YOU LIKE IT.txt": 0.13138194016460136,
    "CYMBELINE.txt": 0.1410633100640516,
    "Fair Em by Shakespeare.txt": 0.11584163892057003,
    "KING EDWARD III by Shakespeare.txt": 0.06593251305285536,
    "King Henry IV, Part 1.txt": 0.10908926943913272,
    "KING HENRY V.txt": 0.12882443324137038,
    "KING HENRY VI part I.txt": 0.13121400719366705,
    "KING HENRY VI Part II.txt": 0.10519045779270852,
    "KING HENRY VI Part III.txt": 0.09053620666943873,
    "KING HENRY VIII.txt": 0.1310093853435486,
    "KING JOHN.txt": 0.08121088832887902,
    "KING RICHARD II.txt": 0.073024504029091,
    "KING RICHARD III.txt": 0.11347994512092924,
    "Locrine Mucedorus by Shakespeare.txt": 0.13663279527832967,
    "Love_s Labour_s Lost.txt": 0.1282871585639772,
    "MEASURE FOR MEASURE.txt": 0.12021409220236101,
    "Merchant of Venice.txt": 0.11680217314610342,
    "MUCH ADO ABOUT NOTHING.txt": 0.14507023113028167,
    "PERICLES PRINCE OF TYRE.txt": 0.1149085104737288,
    "Sir John Oldcastle by Shakespeare.txt": 0.09177043933973733,
    "Sir Thomas More by Shakespeare.txt": 0.12270911983889965,
    "Taming of the Shrew.txt": 0.07527914775536276,
    "The Comedy of Errors.txt": -0.16550053405145204,
    "THE HISTORY OF TROILUS AND CRESSIDA.txt": 0.049337998690645035,
    "The Life and Death of the Lord Cromwell by Shakespeare.txt": 0.0829245510512856,
    "THE LIFE OF TIMON OF ATHENS.txt": 0.11576894927742842,
    "The London Prodigal.txt": 0.1212275787647209,
    "The Merry Devill of Edmonton by Shakespeare.txt": 0.13152027778788095,
    "THE MERRY WIVES OF WINDSOR.txt": 0.13611966406190135,
    "The Puritaine Widdow by Shakespeare.txt": 0.12824915644451662,
    "THE RAPE OF LUCRECE.txt": 0.08314272304984743,
    "THE TAMING OF THE SHREW.txt": 0.08028083648005319,
    "THE TEMPEST.txt": 0.1259324323873554,
    "THE TRAGEDY OF ANTONY AND CLEOPATRA.txt": 0.0392527066008192,
    "THE TRAGEDY OF CORIOLANUS.txt": 0.1206609990233189,
    "THE TRAGEDY OF HAMLET PRINCE OF DENMARK.txt": 0.13854503772901744,
    "THE TRAGEDY OF JULIUS CAESAR.txt": 0.14131411966741791,
    "THE TRAGEDY OF KING LEAR.txt": 0.14971416613112504,
    "THE TRAGEDY OF MACBETH.txt": 0.09193927187783213,
    "THE TRAGEDY OF OTHELLO MOOR OF VENICE.txt": 0.07050053965103392,
    "THE TRAGEDY OF ROMEO AND JULIET.txt": 0.1273475519785075,
    "THE TRAGEDY OF TITUS ANDRONICUS.txt": 0.09784877414593102,
    "THE TWO GENTLEMEN OF VERONA.txt": 0.1237526441053049,
    "The Two Noble Kinsmen by Shakespeare.txt": 0.1100229481974282,
    "THE WINTERS TALE.txt": 0.13549803159234997,
    "Venus and Adonis.txt": 0.015120519863476511
}