{
    "A LOVERS COMPLAINT.txt": -0.1074852934465742,
    "A MIDSUMMER NIGHT_S DREAM.txt": 0.10185947171032922,
    "A Yorkshire Tragedy by Shakespeare.txt": 0.08290594987181082,
    "Arden of Feversham.txt": 0.09344998185716702,
    "AS YOU LIKE IT.txt": 0.11904053525456199,
    "CYMBELINE.txt": 0.14020204098797634,
    "Fair Em by Shakespeare.txt": 0.09659399337854557,
    "KING EDWARD III by Shakespeare.txt": 0.06080357820583254,
    "King Henry IV, Part 1.txt": 0.09839111395800121,
    "KING HENRY V.txt": 0.10993592392505375,
    "KING HENRY VI part I.txt": 0.13332674712942622,
    "KING HENRY VI Part II.txt": 0.11576869269752921,
    "KING HENRY VI Part III.txt": 0.06530106986557893,
    "KING HENRY VIII.txt": 0.12809191046787294,
    "KING JOHN.txt": 0.08292900775075163,
    "KING RICHARD II.txt": 0.06414696965561134,
    "KING RICHARD III.txt": 0.10623313679201463,
    "Locrine Mucedorus by Shakespeare.txt": 0.12002781461049183,
    "Love_s Labour_s Lost.txt": 0.11008491867816683,
    "MEASURE FOR MEASURE.txt": 0.14194104981425693,
    "Merchant of Venice.txt": 0.11673477413144545,
    "MUCH ADO ABOUT NOTHING.txt": 0.13542763666176832,
    "PERICLES PRINCE OF TYRE.txt": 0.10248375471265997,
    "Sir John Oldcastle by Shakespeare.txt": 0.09042649314584306,
    "Sir Thomas More by Shakespeare.txt": 0.1115213617251935,
    "Taming of the Shrew.txt": 0.07380439211408141,
    "The Comedy of Errors.txt": -0.18165168228887507,
    "THE HISTORY OF TROILUS AND CRESSIDA.txt": 0.06270939719634738,
    "The Life and Death of the Lord Cromwell by Shakespeare.txt": 0.08059042710090764,
    "THE LIFE OF TIMON OF ATHENS.txt": 0.14893323448729884,
    "The London Prodigal.txt": 0.07968932445133692,
    "The Merry Devill of Edmonton by Shakespeare.txt": 0.08729254965835997,
    "THE MERRY WIVES OF WINDSOR.txt": 0.13665251081553526,
    "The Puritaine Widdow by Shakespeare.txt": 0.12508478642474796,
    "THE RAPE OF LUCRECE.txt": 0.08518857411518815,
    "THE TAMING OF THE SHREW.txt": 0.06937696910590985,
    "THE TEMPEST.txt": 0.12812433229948755,
    "THE TRAGEDY OF ANTONY AND CLEOPATRA.txt": 0.04725569418384923,
    "THE TRAGEDY OF CORIOLANUS.txt": 0.12564398312887948,
    "THE TRAGEDY OF HAMLET PRINCE OF DENMARK.txt": 0.11519775676046917,
    "THE TRAGEDY OF JULIUS CAESAR.txt": 0.1370621701371158,
    "THE TRAGEDY OF KING LEAR.txt": 0.14042566029404513,
    "THE TRAGEDY OF MACBETH.txt": 0.08671266912112957,
    "THE TRAGEDY OF OTHELLO MOOR OF VENICE.txt": 0.09506723020023722,
    "THE TRAGEDY OF ROMEO AND JULIET.txt": 0.12885992751692915,
    "THE TRAGEDY OF TITUS ANDRONICUS.txt": 0.08534389645914736,
    "THE TWO GENTLEMEN OF VERONA.txt": 0.11664397908613383,
    "The Two Noble Kinsmen by Shakespeare.txt": 0.11247160910895071,
    "THE WINTERS TALE.txt": 0.13967499027745933,
    "Venus and Adonis.txt": 0.01773284895901278
}