{
    "A MIDSUMMER NIGHT_S DREAM.txt": 0.021726083766056836,
    "A Yorkshire Tragedy by Shakespeare.txt": 0.06854193795759533,
    "Arden of Feversham.txt": 0.030446489640736152,
    "AS YOU LIKE IT.txt": 0.09965270423293704,
    "CYMBELINE.txt": 0.10455600989410452,
    "Fair Em by Shakespeare.txt": 0.08089465571808768,
    "KING EDWARD III by Shakespeare.txt": -0.013647855858603286,
    "King Henry IV, Part 1.txt": 0.06830208364104645,
    "KING HENRY V.txt": 0.07450705468937141,
    "KING HENRY VI part I.txt": 0.03364961367382957,
    "KING HENRY VI Part II.txt": 0.07282832681166068,
    "KING HENRY VI Part III.txt": 0.037786654497059535,
    "KING HENRY VIII.txt": 0.07679638379376258,
    "KING JOHN.txt": 0.06655206546975256,
    "KING RICHARD II.txt": -0.023204027684575856,
    "KING RICHARD III.txt": 0.07045862542593084,
    "Locrine Mucedorus by Shakespeare.txt": 0.07343653566336955,
    "Love_s Labour_s Lost.txt": 0.041528644483972255,
    "MEASURE FOR MEASURE.txt": 0.08364085373203167,
    "Merchant of Venice.txt": 0.08128164572418967,
    "MUCH ADO ABOUT NOTHING.txt": 0.07279420087979793,
    "PERICLES PRINCE OF TYRE.txt": 0.06913298747115881,
    "Sir John Oldcastle by Shakespeare.txt": 0.0723303370282819,
    "Sir Thomas More by Shakespeare.txt": 0.05157266453018772,
    "Taming of the Shrew.txt": 0.011544882577267601,
    "The Comedy of Errors.txt": -0.17796075808888845,
    "THE HISTORY OF TROILUS AND CRESSIDA.txt": 0.023573676518139852,
    "The Life and Death of the Lord Cromwell by Shakespeare.txt": 0.01622211849732319,
    "THE LIFE OF TIMON OF ATHENS.txt": 0.057091728873091,
    "The London Prodigal.txt": 0.07392936443465631,
    "The Merry Devill of Edmonton by Shakespeare.txt": 0.05621952694432386,
    "THE MERRY WIVES OF WINDSOR.txt": 0.08313705841013341,
    "The Puritaine Widdow by Shakespeare.txt": 0.0509468925910227,
    "THE RAPE OF LUCRECE.txt": -0.003119694805618578,
    "THE TAMING OF THE SHREW.txt": 0.005857663333908525,
    "THE TEMPEST.txt": 0.07219005187909427,
    "THE TRAGEDY OF ANTONY AND CLEOPATRA.txt": -0.03822506280805893,
    "THE TRAGEDY OF CORIOLANUS.txt": 0.09584645821511739,
    "THE TRAGEDY OF HAMLET PRINCE OF DENMARK.txt": 0.0903530952553614,
    "THE TRAGEDY OF JULIUS CAESAR.txt": 0.0755585817548981,
    "THE TRAGEDY OF KING LEAR.txt": 0.0776025164214203,
    "THE TRAGEDY OF MACBETH.txt": 0.09204215185380082,
    "THE TRAGEDY OF OTHELLO MOOR OF VENICE.txt": -0.01635803954296411,
    "THE TRAGEDY OF ROMEO AND JULIET.txt": 0.08875200101819142,
    "THE TRAGEDY OF TITUS ANDRONICUS.txt": 0.07515147342130235,
    "THE TWO GENTLEMEN OF VERONA.txt": 0.0762002443384992,
    "The Two Noble Kinsmen by Shakespeare.txt": 0.07589515922533369,
    "THE WINTERS TALE.txt": 0.09214288863289688,
    "Venus and Adonis.txt": -0.2069203667594277
}