{
    "A LOVERS COMPLAINT.txt": 0.031929197677992904,
    "A MIDSUMMER NIGHT_S DREAM.txt": 0.12823769800490187,
    "A Yorkshire Tragedy by Shakespeare.txt": 0.12577032757993956,
    "Arden of Feversham.txt": 0.09730652807737211,
    "AS YOU LIKE IT.txt": 0.12395741970198254,
    "CYMBELINE.txt": 0.13962911626532054,
    "Fair Em by Shakespeare.txt": 0.10332266853432315,
    "KING EDWARD III by Shakespeare.txt": 0.12400087309898211,
    "King Henry IV, Part 1.txt": 0.15240665028180828,
    "KING HENRY V.txt": 0.12447111310812142,
    "KING HENRY VI part I.txt": 0.1353611023184395,
    "KING HENRY VI Part II.txt": 0.09989092870356675,
    "KING HENRY VI Part III.txt": 0.13395729708758697,
    "KING HENRY VIII.txt": 0.13813956444398,
    "KING JOHN.txt": 0.14050146664701074,
    "KING RICHARD II.txt": 0.14845797573037434,
    "KING RICHARD III.txt": 0.13438542396992198,
    "Locrine Mucedorus by Shakespeare.txt": 0.09724548594321414,
    "Love_s Labour_s Lost.txt": 0.0883508408136987,
    "MEASURE FOR MEASURE.txt": 0.13247911762194597,
    "Merchant of Venice.txt": 0.1361567043738693,
    "MUCH ADO ABOUT NOTHING.txt": 0.10312534619845748,
    "PERICLES PRINCE OF TYRE.txt": 0.1392604026158153,
    "Sir John Oldcastle by Shakespeare.txt": 0.12148024643598138,
    "Sir Thomas More by Shakespeare.txt": 0.13204326143677603,
    "Taming of the Shrew.txt": 0.11535603353146251,
    "The Comedy of Errors.txt": 0.09337227299850404,
    "THE HISTORY OF TROILUS AND CRESSIDA.txt": 0.14959574006966897,
    "The Life and Death of the Lord Cromwell by Shakespeare.txt": 0.10063268514149315,
    "THE LIFE OF TIMON OF ATHENS.txt": 0.021085106020055644,
    "The London Prodigal.txt": 0.11301799461526524,
    "The Merry Devill of Edmonton by Shakespeare.txt": 0.14602569091130413,
    "THE MERRY WIVES OF WINDSOR.txt": 0.14206379046329076,
    "The Puritaine Widdow by Shakespeare.txt": 0.08642701445999335,
    "THE RAPE OF LUCRECE.txt": 0.12981596279372776,
    "THE TAMING OF THE SHREW.txt": 0.11403848512164927,
    "THE TEMPEST.txt": 0.0885839391390651,
    "THE TRAGEDY OF ANTONY AND CLEOPATRA.txt": 0.04172245543470038,
    "THE TRAGEDY OF CORIOLANUS.txt": -0.0051518650758241025,
    "THE TRAGEDY OF HAMLET PRINCE OF DENMARK.txt": 0.13546539022788545,
    "THE TRAGEDY OF JULIUS CAESAR.txt": -0.12192325080610722,
    "THE TRAGEDY OF KING LEAR.txt": 0.1175422680923483,
    "THE TRAGEDY OF MACBETH.txt": 0.13460724299534105,
    "THE TRAGEDY OF OTHELLO MOOR OF VENICE.txt": 0.1323959481373534,
    "THE TRAGEDY OF ROMEO AND JULIET.txt": 0.09740622680164163,
    "THE TRAGEDY OF TITUS ANDRONICUS.txt": 0.10703840089030953,
    "THE TWO GENTLEMEN OF VERONA.txt": 0.130942707786804,
    "The Two Noble Kinsmen by Shakespeare.txt": 0.10555516000697829,
    "THE WINTERS TALE.txt": 0.12170605651418331,
    "Venus and Adonis.txt": 0.08925696350950618
}