{
    "A LOVERS COMPLAINT.txt": 0.0891346506526608,
    "A MIDSUMMER NIGHT_S DREAM.txt": 0.04472132878498691,
    "A Yorkshire Tragedy by Shakespeare.txt": 0.0891346506526608,
    "Arden of Feversham.txt": -0.02955209697005834,
    "AS YOU LIKE IT.txt": -0.02593225852914205,
    "CYMBELINE.txt": 0.04472132878498691,
    "Fair Em by Shakespeare.txt": 0.0891346506526608,
    "KING EDWARD III by Shakespeare.txt": 0.0891346506526608,
    "King Henry IV, Part 1.txt": -0.014121162869987103,
    "KING HENRY V.txt": 0.06863445263586104,
    "KING HENRY VI part I.txt": 0.005502490246096725,
    "KING HENRY VI Part II.txt": 0.0891346506526608,
    "KING HENRY VI Part III.txt": 0.0891346506526608,
    "KING HENRY VIII.txt": 0.019579456971273057,
    "KING JOHN.txt": 0.0891346506526608,
    "KING RICHARD II.txt": 0.0891346506526608,
    "KING RICHARD III.txt": 0.0891346506526608,
    "Locrine Mucedorus by Shakespeare.txt": 0.04472132878498691,
    "Love_s Labour_s Lost.txt": 0.021175310159650795,
    "MEASURE FOR MEASURE.txt": -0.07196155598345977,
    "Merchant of Venice.txt": 0.0891346506526608,
    "MUCH ADO ABOUT NOTHING.txt": -0.19461204957983147,
    "PERICLES PRINCE OF TYRE.txt": 0.06863445263586104,
    "Sir John Oldcastle by Shakespeare.txt": 0.0891346506526608,
    "Sir Thomas More by Shakespeare.txt": 0.0891346506526608,
    "Taming of the Shrew.txt": -0.005790129665169008,
    "The Comedy of Errors.txt": 0.04472132878498691,
    "THE HISTORY OF TROILUS AND CRESSIDA.txt": -0.053307907548414524,
    "The Life and Death of the Lord Cromwell by Shakespeare.txt": 0.0891346506526608,
    "THE LIFE OF TIMON OF ATHENS.txt": 0.06863445263586104,
    "The London Prodigal.txt": 0.0891346506526608,
    "The Merry Devill of Edmonton by Shakespeare.txt": 0.0891346506526608,
    "THE MERRY WIVES OF WINDSOR.txt": 0.06863445263586104,
    "The Puritaine Widdow by Shakespeare.txt": -0.02328187016563099,
    "THE RAPE OF LUCRECE.txt": 0.0891346506526608,
    "THE TAMING OF THE SHREW.txt": 0.0891346506526608,
    "THE TEMPEST.txt": 0.019579456971273057,
    "THE TRAGEDY OF ANTONY AND CLEOPATRA.txt": 0.00667562248657233,
    "THE TRAGEDY OF CORIOLANUS.txt": -0.0732618104763092,
    "THE TRAGEDY OF HAMLET PRINCE OF DENMARK.txt": -0.12559360701837663,
    "THE TRAGEDY OF JULIUS CAESAR.txt": 0.011639620629550373,
    "THE TRAGEDY OF KING LEAR.txt": 0.019579456971273057,
    "THE TRAGEDY OF MACBETH.txt": 0.06863445263586104,
    "THE TRAGEDY OF OTHELLO MOOR OF VENICE.txt": -0.13037550463615133,
    "THE TRAGEDY OF ROMEO AND JULIET.txt": 0.06863445263586104,
    "THE TRAGEDY OF TITUS ANDRONICUS.txt": 0.0891346506526608,
    "THE TWO GENTLEMEN OF VERONA.txt": 0.019579456971273057,
    "The Two Noble Kinsmen by Shakespeare.txt": 0.06863445263586104,
    "THE WINTERS TALE.txt": 0.06863445263586104,
    "Venus and Adonis.txt": -0.19461204957983147
}