{
    "A LOVERS COMPLAINT.txt": 0.09573581607052073,
    "A MIDSUMMER NIGHT_S DREAM.txt": 0.039708409132889144,
    "A Yorkshire Tragedy by Shakespeare.txt": 0.09573581607052073,
    "Arden of Feversham.txt": -0.010674858320447567,
    "AS YOU LIKE IT.txt": -0.048981287368879856,
    "CYMBELINE.txt": 0.039708409132889144,
    "Fair Em by Shakespeare.txt": 0.09573581607052073,
    "KING EDWARD III by Shakespeare.txt": 0.09573581607052073,
    "King Henry IV, Part 1.txt": -0.02422208295017747,
    "KING HENRY V.txt": 0.06983810356812264,
    "KING HENRY VI part I.txt": 0.011438222930032438,
    "KING HENRY VI Part II.txt": 0.09573581607052073,
    "KING HENRY VI Part III.txt": 0.09573581607052073,
    "KING HENRY VIII.txt": 0.026541720067857877,
    "KING JOHN.txt": 0.09573581607052073,
    "KING RICHARD II.txt": 0.09573581607052073,
    "KING RICHARD III.txt": 0.09573581607052073,
    "Locrine Mucedorus by Shakespeare.txt": 0.039708409132889144,
    "Love_s Labour_s Lost.txt": 0.017205442371617252,
    "MEASURE FOR MEASURE.txt": -0.05328602282427808,
    "Merchant of Venice.txt": 0.09573581607052073,
    "MUCH ADO ABOUT NOTHING.txt": -0.19313132984338233,
    "PERICLES PRINCE OF TYRE.txt": 0.06983810356812264,
    "Sir John Oldcastle by Shakespeare.txt": 0.09573581607052073,
    "Sir Thomas More by Shakespeare.txt": 0.09573581607052073,
    "Taming of the Shrew.txt": -0.00895061110434947,
    "The Comedy of Errors.txt": 0.039708409132889144,
    "THE HISTORY OF TROILUS AND CRESSIDA.txt": -0.07648191824894912,
    "The Life and Death of the Lord Cromwell by Shakespeare.txt": 0.09573581607052073,
    "THE LIFE OF TIMON OF ATHENS.txt": 0.06983810356812264,
    "The London Prodigal.txt": 0.09573581607052073,
    "The Merry Devill of Edmonton by Shakespeare.txt": 0.09573581607052073,
    "THE MERRY WIVES OF WINDSOR.txt": 0.06983810356812264,
    "The Puritaine Widdow by Shakespeare.txt": -0.0392333425957212,
    "THE RAPE OF LUCRECE.txt": 0.09573581607052073,
    "THE TAMING OF THE SHREW.txt": 0.09573581607052073,
    "THE TEMPEST.txt": 0.026541720067857877,
    "THE TRAGEDY OF ANTONY AND CLEOPATRA.txt": 0.006959447734450119,
    "THE TRAGEDY OF CORIOLANUS.txt": -0.07773935870642645,
    "THE TRAGEDY OF HAMLET PRINCE OF DENMARK.txt": -0.13991804747536452,
    "THE TRAGEDY OF JULIUS CAESAR.txt": 0.005237918838598199,
    "THE TRAGEDY OF KING LEAR.txt": 0.026541720067857877,
    "THE TRAGEDY OF MACBETH.txt": 0.06983810356812264,
    "THE TRAGEDY OF OTHELLO MOOR OF VENICE.txt": -0.12978426970246193,
    "THE TRAGEDY OF ROMEO AND JULIET.txt": 0.06983810356812264,
    "THE TRAGEDY OF TITUS ANDRONICUS.txt": 0.09573581607052073,
    "THE TWO GENTLEMEN OF VERONA.txt": 0.026541720067857877,
    "The Two Noble Kinsmen by Shakespeare.txt": 0.06983810356812264,
    "THE WINTERS TALE.txt": 0.06983810356812264,
    "Venus and Adonis.txt": -0.19866129322694448
}