{
    "A MIDSUMMER NIGHT_S DREAM.txt": 0.004699977568707936,
    "A Yorkshire Tragedy by Shakespeare.txt": 0.09831684624550646,
    "Arden of Feversham.txt": 0.025216039387146283,
    "AS YOU LIKE IT.txt": -0.008265322350839877,
    "CYMBELINE.txt": 0.003462807095460041,
    "Fair Em by Shakespeare.txt": 0.09831684624550646,
    "KING EDWARD III by Shakespeare.txt": 0.09831684624550646,
    "King Henry IV, Part 1.txt": 0.0019695126735804758,
    "KING HENRY V.txt": 0.0937440631217421,
    "KING HENRY VI part I.txt": 0.05683713010729602,
    "KING HENRY VI Part II.txt": 0.09831684624550646,
    "KING HENRY VI Part III.txt": 0.09831684624550646,
    "KING HENRY VIII.txt": 0.04764617638045893,
    "KING JOHN.txt": 0.09831684624550646,
    "KING RICHARD II.txt": 0.09831684624550646,
    "KING RICHARD III.txt": 0.09831684624550646,
    "Locrine Mucedorus by Shakespeare.txt": 0.023001391323688947,
    "Love_s Labour_s Lost.txt": 0.02767980937861375,
    "MEASURE FOR MEASURE.txt": 0.09831684624550646,
    "Merchant of Venice.txt": 0.09831684624550646,
    "MUCH ADO ABOUT NOTHING.txt": -0.25657110176347275,
    "PERICLES PRINCE OF TYRE.txt": 0.0937440631217421,
    "Sir John Oldcastle by Shakespeare.txt": 0.09831684624550646,
    "Sir Thomas More by Shakespeare.txt": 0.09831684624550646,
    "Taming of the Shrew.txt": 0.005492550886837644,
    "The Comedy of Errors.txt": 0.004048286790019229,
    "THE HISTORY OF TROILUS AND CRESSIDA.txt": -0.06394455307320768,
    "The Life and Death of the Lord Cromwell by Shakespeare.txt": 0.09831684624550646,
    "THE LIFE OF TIMON OF ATHENS.txt": 0.022524314375089227,
    "The London Prodigal.txt": 0.09831684624550646,
    "The Merry Devill of Edmonton by Shakespeare.txt": 0.09831684624550646,
    "THE MERRY WIVES OF WINDSOR.txt": 0.0937440631217421,
    "The Puritaine Widdow by Shakespeare.txt": -0.06721004215948545,
    "THE RAPE OF LUCRECE.txt": 0.09831684624550646,
    "THE TAMING OF THE SHREW.txt": 0.09831684624550646,
    "THE TEMPEST.txt": 0.033259418484665126,
    "THE TRAGEDY OF ANTONY AND CLEOPATRA.txt": -0.005639362150914651,
    "THE TRAGEDY OF CORIOLANUS.txt": -0.0779041889660157,
    "THE TRAGEDY OF HAMLET PRINCE OF DENMARK.txt": -0.13863427572277187,
    "THE TRAGEDY OF JULIUS CAESAR.txt": 0.05683713010729602,
    "THE TRAGEDY OF KING LEAR.txt": 0.05060767574612984,
    "THE TRAGEDY OF MACBETH.txt": 0.04932893274872718,
    "THE TRAGEDY OF OTHELLO MOOR OF VENICE.txt": -0.1375909524140747,
    "THE TRAGEDY OF ROMEO AND JULIET.txt": 0.022524314375089227,
    "THE TRAGEDY OF TITUS ANDRONICUS.txt": 0.09831684624550646,
    "THE TWO GENTLEMEN OF VERONA.txt": 0.04405429995413962,
    "The Two Noble Kinsmen by Shakespeare.txt": 0.0937440631217421,
    "THE WINTERS TALE.txt": 0.0937440631217421,
    "Venus and Adonis.txt": 0.03944916316459102
}