{
    "A MIDSUMMER NIGHT_S DREAM.txt": 0.007949338004180795,
    "A Yorkshire Tragedy by Shakespeare.txt": 0.08735765674546309,
    "Arden of Feversham.txt": 0.049137984385117905,
    "AS YOU LIKE IT.txt": -0.0014828518624000475,
    "CYMBELINE.txt": 0.016505190812031,
    "Fair Em by Shakespeare.txt": 0.08735765674546309,
    "KING EDWARD III by Shakespeare.txt": 0.08735765674546309,
    "King Henry IV, Part 1.txt": -0.007511022862616512,
    "KING HENRY V.txt": 0.07919313428664443,
    "KING HENRY VI part I.txt": 0.0432768577592601,
    "KING HENRY VI Part II.txt": 0.08735765674546309,
    "KING HENRY VI Part III.txt": 0.08735765674546309,
    "KING HENRY VIII.txt": 0.027331349250318493,
    "KING JOHN.txt": 0.08735765674546309,
    "KING RICHARD II.txt": 0.08735765674546309,
    "KING RICHARD III.txt": 0.08735765674546309,
    "Locrine Mucedorus by Shakespeare.txt": -0.0009622434264060509,
    "Love_s Labour_s Lost.txt": 0.05069928971707949,
    "MEASURE FOR MEASURE.txt": 0.08735765674546309,
    "Merchant of Venice.txt": 0.08735765674546309,
    "MUCH ADO ABOUT NOTHING.txt": -0.24335071952175968,
    "PERICLES PRINCE OF TYRE.txt": 0.07919313428664443,
    "Sir John Oldcastle by Shakespeare.txt": 0.08735765674546309,
    "Sir Thomas More by Shakespeare.txt": 0.08735765674546309,
    "Taming of the Shrew.txt": -0.017410356157745555,
    "The Comedy of Errors.txt": 0.017273653643218867,
    "THE HISTORY OF TROILUS AND CRESSIDA.txt": -0.04991705415365322,
    "The Life and Death of the Lord Cromwell by Shakespeare.txt": 0.08735765674546309,
    "THE LIFE OF TIMON OF ATHENS.txt": 0.023510180171469997,
    "The London Prodigal.txt": 0.08735765674546309,
    "The Merry Devill of Edmonton by Shakespeare.txt": 0.08735765674546309,
    "THE MERRY WIVES OF WINDSOR.txt": 0.07919313428664443,
    "The Puritaine Widdow by Shakespeare.txt": -0.07133750575137332,
    "THE RAPE OF LUCRECE.txt": 0.08735765674546309,
    "THE TAMING OF THE SHREW.txt": 0.08735765674546309,
    "THE TEMPEST.txt": 0.04071519031841997,
    "THE TRAGEDY OF ANTONY AND CLEOPATRA.txt": 0.0029642447965925744,
    "THE TRAGEDY OF CORIOLANUS.txt": -0.07558250650172094,
    "THE TRAGEDY OF HAMLET PRINCE OF DENMARK.txt": -0.11074472016720005,
    "THE TRAGEDY OF JULIUS CAESAR.txt": 0.0432768577592601,
    "THE TRAGEDY OF KING LEAR.txt": 0.03120487401137989,
    "THE TRAGEDY OF MACBETH.txt": 0.014959671195604707,
    "THE TRAGEDY OF OTHELLO MOOR OF VENICE.txt": -0.12933275207596118,
    "THE TRAGEDY OF ROMEO AND JULIET.txt": 0.023510180171469997,
    "THE TRAGEDY OF TITUS ANDRONICUS.txt": 0.08735765674546309,
    "THE TWO GENTLEMEN OF VERONA.txt": 0.027593469894545752,
    "The Two Noble Kinsmen by Shakespeare.txt": 0.07919313428664443,
    "THE WINTERS TALE.txt": 0.07919313428664443,
    "Venus and Adonis.txt": 0.013975132241978327
}