{
    "A LOVERS COMPLAINT.txt": -0.09108743941533493,
    "A MIDSUMMER NIGHT_S DREAM.txt": 0.05379509101765084,
    "A Yorkshire Tragedy by Shakespeare.txt": 0.08240430521373165,
    "Arden of Feversham.txt": 0.10995754487229314,
    "AS YOU LIKE IT.txt": 0.11799590667967974,
    "CYMBELINE.txt": 0.13528400572790028,
    "Fair Em by Shakespeare.txt": 0.06953175379820375,
    "KING EDWARD III by Shakespeare.txt": 0.11226094574114243,
    "King Henry IV, Part 1.txt": 0.10308979319783784,
    "KING HENRY V.txt": 0.13075992997485958,
    "KING HENRY VI part I.txt": 0.06302027846410602,
    "KING HENRY VI Part II.txt": 0.12843258597000884,
    "KING HENRY VI Part III.txt": -0.03346662607739537,
    "KING HENRY VIII.txt": 0.1396694749179045,
    "KING JOHN.txt": 0.028100797252565923,
    "KING RICHARD II.txt": 0.1415895658959898,
    "KING RICHARD III.txt": 0.10205208805242294,
    "Locrine Mucedorus by Shakespeare.txt": 0.14618519015205528,
    "Love_s Labour_s Lost.txt": 0.12296814427107444,
    "MEASURE FOR MEASURE.txt": 0.13888160702559393,
    "Merchant of Venice.txt": 0.133534162577286,
    "MUCH ADO ABOUT NOTHING.txt": 0.10493819130943183,
    "PERICLES PRINCE OF TYRE.txt": 0.12997785306065363,
    "Sir John Oldcastle by Shakespeare.txt": 0.11872571492543327,
    "Sir Thomas More by Shakespeare.txt": 0.11709121422104973,
    "Taming of the Shrew.txt": 0.08902486290348177,
    "The Comedy of Errors.txt": 0.07197554738551543,
    "THE HISTORY OF TROILUS AND CRESSIDA.txt": 0.10185528316735726,
    "The Life and Death of the Lord Cromwell by Shakespeare.txt": 0.1118893240727693,
    "THE LIFE OF TIMON OF ATHENS.txt": 0.10589418439998716,
    "The London Prodigal.txt": 0.1150375771768486,
    "The Merry Devill of Edmonton by Shakespeare.txt": 0.10668858059291547,
    "THE MERRY WIVES OF WINDSOR.txt": 0.06439912296811207,
    "The Puritaine Widdow by Shakespeare.txt": 0.11914555356774115,
    "THE RAPE OF LUCRECE.txt": 0.05768392139185807,
    "THE TAMING OF THE SHREW.txt": 0.10478239075025292,
    "THE TEMPEST.txt": 0.13443158220970974,
    "THE TRAGEDY OF ANTONY AND CLEOPATRA.txt": 0.10487863623904042,
    "THE TRAGEDY OF CORIOLANUS.txt": 0.12465234070846754,
    "THE TRAGEDY OF HAMLET PRINCE OF DENMARK.txt": 0.134978375599819,
    "THE TRAGEDY OF JULIUS CAESAR.txt": 0.11360528795375968,
    "THE TRAGEDY OF KING LEAR.txt": 0.12075238677391803,
    "THE TRAGEDY OF MACBETH.txt": 0.12631257901245502,
    "THE TRAGEDY OF OTHELLO MOOR OF VENICE.txt": 0.13165126503972552,
    "THE TRAGEDY OF ROMEO AND JULIET.txt": 0.1261255971359907,
    "THE TRAGEDY OF TITUS ANDRONICUS.txt": 0.08198478652988062,
    "THE TWO GENTLEMEN OF VERONA.txt": 0.11303924538907034,
    "The Two Noble Kinsmen by Shakespeare.txt": 0.11370247327312138,
    "THE WINTERS TALE.txt": 0.13809225953642046,
    "Venus and Adonis.txt": 0.07858313714260973
}