{
    "A LOVERS COMPLAINT.txt": -0.05742079425897173,
    "A MIDSUMMER NIGHT_S DREAM.txt": 0.11167109500965522,
    "A Yorkshire Tragedy by Shakespeare.txt": 0.08284588433630102,
    "Arden of Feversham.txt": 0.09595255148488901,
    "AS YOU LIKE IT.txt": 0.0999293178062402,
    "CYMBELINE.txt": 0.08407512472576961,
    "Fair Em by Shakespeare.txt": 0.10939861364563097,
    "KING EDWARD III by Shakespeare.txt": 0.08266270656091579,
    "King Henry IV, Part 1.txt": 0.030420774917567783,
    "KING HENRY V.txt": 0.11699582427745892,
    "KING HENRY VI part I.txt": 0.11625792841154486,
    "KING HENRY VI Part II.txt": 0.10119081888903536,
    "KING HENRY VI Part III.txt": 0.10325989356398318,
    "KING HENRY VIII.txt": 0.11163688421437307,
    "KING JOHN.txt": 0.08150029376453699,
    "KING RICHARD II.txt": 0.11558760271724378,
    "KING RICHARD III.txt": 0.11435845464001015,
    "Locrine Mucedorus by Shakespeare.txt": -0.015768448555365522,
    "Love_s Labour_s Lost.txt": 0.09755930409983221,
    "MEASURE FOR MEASURE.txt": 0.11054819154365436,
    "Merchant of Venice.txt": 0.08711188312005885,
    "MUCH ADO ABOUT NOTHING.txt": 0.10241321062838515,
    "PERICLES PRINCE OF TYRE.txt": 0.08904068485276506,
    "Sir John Oldcastle by Shakespeare.txt": 0.012579452384732848,
    "Sir Thomas More by Shakespeare.txt": 0.10133401386989316,
    "Taming of the Shrew.txt": 0.1064907506759552,
    "The Comedy of Errors.txt": 0.12256768499450205,
    "THE HISTORY OF TROILUS AND CRESSIDA.txt": -0.2435148054882551,
    "The Life and Death of the Lord Cromwell by Shakespeare.txt": 0.11151391098305785,
    "THE LIFE OF TIMON OF ATHENS.txt": 0.03206914224124657,
    "The London Prodigal.txt": 0.08642549591669507,
    "The Merry Devill of Edmonton by Shakespeare.txt": 0.11609395778200488,
    "THE MERRY WIVES OF WINDSOR.txt": 0.1148895536678336,
    "The Puritaine Widdow by Shakespeare.txt": 0.09996549086301199,
    "THE RAPE OF LUCRECE.txt": 0.11191342079413763,
    "THE TAMING OF THE SHREW.txt": 0.03819324517806494,
    "THE TEMPEST.txt": 0.12339809087808701,
    "THE TRAGEDY OF ANTONY AND CLEOPATRA.txt": 0.10437749775754168,
    "THE TRAGEDY OF CORIOLANUS.txt": 0.11295954394297347,
    "THE TRAGEDY OF HAMLET PRINCE OF DENMARK.txt": 0.11023456145184468,
    "THE TRAGEDY OF JULIUS CAESAR.txt": 0.02379176485091672,
    "THE TRAGEDY OF KING LEAR.txt": 0.11227703524249494,
    "THE TRAGEDY OF MACBETH.txt": 0.10404545473990584,
    "THE TRAGEDY OF OTHELLO MOOR OF VENICE.txt": 0.12223085625267915,
    "THE TRAGEDY OF ROMEO AND JULIET.txt": 0.12128115335446116,
    "THE TRAGEDY OF TITUS ANDRONICUS.txt": 0.11009868260611338,
    "THE TWO GENTLEMEN OF VERONA.txt": 0.10454789141280252,
    "The Two Noble Kinsmen by Shakespeare.txt": 0.059298632186983224,
    "THE WINTERS TALE.txt": 0.10339547700421442,
    "Venus and Adonis.txt": 0.11122479337075475
}