{
    "A LOVERS COMPLAINT.txt": 0.026949562788841974,
    "A MIDSUMMER NIGHT_S DREAM.txt": 0.0324684043471154,
    "A Yorkshire Tragedy by Shakespeare.txt": 0.0842105060780779,
    "Arden of Feversham.txt": -0.27469665936550813,
    "AS YOU LIKE IT.txt": 0.11995137379145315,
    "CYMBELINE.txt": 0.10496392866222898,
    "Fair Em by Shakespeare.txt": 0.08613330837081301,
    "KING EDWARD III by Shakespeare.txt": 0.09621906140369207,
    "King Henry IV, Part 1.txt": -0.05299085097632383,
    "KING HENRY V.txt": 0.063246586997525,
    "KING HENRY VI part I.txt": 0.10001952769884653,
    "KING HENRY VI Part II.txt": 0.12048666009816617,
    "KING HENRY VI Part III.txt": 0.1007183405636225,
    "KING HENRY VIII.txt": 0.0773138344906284,
    "KING JOHN.txt": 0.07501545822864913,
    "KING RICHARD II.txt": 0.1055712240890821,
    "KING RICHARD III.txt": 0.10825843533826185,
    "Locrine Mucedorus by Shakespeare.txt": -0.0412855576044413,
    "Love_s Labour_s Lost.txt": 0.13195774768872953,
    "MEASURE FOR MEASURE.txt": 0.0966863481978465,
    "Merchant of Venice.txt": 0.09075335372176452,
    "MUCH ADO ABOUT NOTHING.txt": -0.07555254371380427,
    "PERICLES PRINCE OF TYRE.txt": 0.13514590582810493,
    "Sir John Oldcastle by Shakespeare.txt": -0.04508593269090588,
    "Sir Thomas More by Shakespeare.txt": 0.12726764360698295,
    "Taming of the Shrew.txt": 0.11510575901392328,
    "The Comedy of Errors.txt": 0.09372458074537476,
    "THE HISTORY OF TROILUS AND CRESSIDA.txt": 0.06447396833401337,
    "The Life and Death of the Lord Cromwell by Shakespeare.txt": 0.1077239400474973,
    "THE LIFE OF TIMON OF ATHENS.txt": 0.13249000142017742,
    "The London Prodigal.txt": 0.12668574109704195,
    "The Merry Devill of Edmonton by Shakespeare.txt": 0.10123422940012128,
    "THE MERRY WIVES OF WINDSOR.txt": 0.0314298335987489,
    "The Puritaine Widdow by Shakespeare.txt": 0.08653493231822018,
    "THE RAPE OF LUCRECE.txt": 0.026949562788841974,
    "THE TAMING OF THE SHREW.txt": 0.10894369746616533,
    "THE TEMPEST.txt": 0.10993242704836481,
    "THE TRAGEDY OF ANTONY AND CLEOPATRA.txt": 0.09822500746848573,
    "THE TRAGEDY OF CORIOLANUS.txt": 0.08420719465198795,
    "THE TRAGEDY OF HAMLET PRINCE OF DENMARK.txt": 0.0878634201828879,
    "THE TRAGEDY OF JULIUS CAESAR.txt": -0.0312592221099155,
    "THE TRAGEDY OF KING LEAR.txt": 0.08223899346756891,
    "THE TRAGEDY OF MACBETH.txt": 0.05994302078590086,
    "THE TRAGEDY OF OTHELLO MOOR OF VENICE.txt": 0.05976546510460751,
    "THE TRAGEDY OF ROMEO AND JULIET.txt": 0.076871038198087,
    "THE TRAGEDY OF TITUS ANDRONICUS.txt": 0.06972301410512188,
    "THE TWO GENTLEMEN OF VERONA.txt": 0.09801349755389793,
    "The Two Noble Kinsmen by Shakespeare.txt": 0.08991077002366499,
    "THE WINTERS TALE.txt": 0.10407176321212103,
    "Venus and Adonis.txt": -0.045190530207675494
}