{
    "A LOVERS COMPLAINT.txt": 0.03493029592039948,
    "A MIDSUMMER NIGHT_S DREAM.txt": 0.04712144070805835,
    "A Yorkshire Tragedy by Shakespeare.txt": 0.079518518296676,
    "Arden of Feversham.txt": -0.27085858250307515,
    "AS YOU LIKE IT.txt": 0.09297284531381267,
    "CYMBELINE.txt": 0.10221871667743787,
    "Fair Em by Shakespeare.txt": 0.08604717492181163,
    "KING EDWARD III by Shakespeare.txt": 0.0914552361776454,
    "King Henry IV, Part 1.txt": -0.04103976913458207,
    "KING HENRY V.txt": 0.0789685993328646,
    "KING HENRY VI part I.txt": 0.07887691491233156,
    "KING HENRY VI Part II.txt": 0.1106886700981945,
    "KING HENRY VI Part III.txt": 0.09733210582807267,
    "KING HENRY VIII.txt": 0.0992958671798786,
    "KING JOHN.txt": 0.08328226677465284,
    "KING RICHARD II.txt": 0.09058015182951445,
    "KING RICHARD III.txt": 0.0821522303094776,
    "Locrine Mucedorus by Shakespeare.txt": -0.02259640040689348,
    "Love_s Labour_s Lost.txt": 0.10824213295304458,
    "MEASURE FOR MEASURE.txt": 0.09840627316665951,
    "Merchant of Venice.txt": 0.09188795014281476,
    "MUCH ADO ABOUT NOTHING.txt": -0.05856372116955966,
    "PERICLES PRINCE OF TYRE.txt": 0.0845030105486902,
    "Sir John Oldcastle by Shakespeare.txt": -0.04724838475012738,
    "Sir Thomas More by Shakespeare.txt": 0.10653059394941583,
    "Taming of the Shrew.txt": 0.07586537318141218,
    "The Comedy of Errors.txt": 0.09419751504954638,
    "THE HISTORY OF TROILUS AND CRESSIDA.txt": 0.048071611633957234,
    "The Life and Death of the Lord Cromwell by Shakespeare.txt": 0.08900062461843788,
    "THE LIFE OF TIMON OF ATHENS.txt": 0.08503945727533535,
    "The London Prodigal.txt": 0.1267713221609872,
    "The Merry Devill of Edmonton by Shakespeare.txt": 0.10307572903150214,
    "THE MERRY WIVES OF WINDSOR.txt": 0.06117793013577233,
    "The Puritaine Widdow by Shakespeare.txt": 0.09232176175381596,
    "THE RAPE OF LUCRECE.txt": 0.03493029592039948,
    "THE TAMING OF THE SHREW.txt": 0.07882454674333284,
    "THE TEMPEST.txt": 0.0899321777251052,
    "THE TRAGEDY OF ANTONY AND CLEOPATRA.txt": 0.0941712157147957,
    "THE TRAGEDY OF CORIOLANUS.txt": 0.10428998103623738,
    "THE TRAGEDY OF HAMLET PRINCE OF DENMARK.txt": 0.10463773382444608,
    "THE TRAGEDY OF JULIUS CAESAR.txt": 0.001296456276714264,
    "THE TRAGEDY OF KING LEAR.txt": 0.09661425271558566,
    "THE TRAGEDY OF MACBETH.txt": 0.06955053882876316,
    "THE TRAGEDY OF OTHELLO MOOR OF VENICE.txt": 0.05564468078219503,
    "THE TRAGEDY OF ROMEO AND JULIET.txt": 0.09884544338246859,
    "THE TRAGEDY OF TITUS ANDRONICUS.txt": 0.09598572826691226,
    "THE TWO GENTLEMEN OF VERONA.txt": 0.10153929761569841,
    "The Two Noble Kinsmen by Shakespeare.txt": 0.09096890379619776,
    "THE WINTERS TALE.txt": 0.10385937156944253,
    "Venus and Adonis.txt": -0.03146266387345431
}