{
    "A MIDSUMMER NIGHT_S DREAM.txt": 0.06357915524571,
    "A Yorkshire Tragedy by Shakespeare.txt": 0.039184632733982205,
    "Arden of Feversham.txt": -0.29071760938939295,
    "AS YOU LIKE IT.txt": 0.10436189663815393,
    "CYMBELINE.txt": 0.09165193661189808,
    "Fair Em by Shakespeare.txt": 0.08474163743276669,
    "KING EDWARD III by Shakespeare.txt": 0.1184071620170416,
    "King Henry IV, Part 1.txt": -0.11199051623600509,
    "KING HENRY V.txt": -0.09801217206615276,
    "KING HENRY VI part I.txt": 0.08154436462771197,
    "KING HENRY VI Part II.txt": 0.09413099967929744,
    "KING HENRY VI Part III.txt": 0.10090702840281035,
    "KING HENRY VIII.txt": 0.09186532604283704,
    "KING JOHN.txt": 0.1187656299270069,
    "KING RICHARD II.txt": 0.12590465478902685,
    "KING RICHARD III.txt": 0.11652184993820258,
    "Locrine Mucedorus by Shakespeare.txt": 0.005308995479044953,
    "Love_s Labour_s Lost.txt": 0.09521729929583878,
    "MEASURE FOR MEASURE.txt": 0.09011747224865496,
    "Merchant of Venice.txt": 0.11183436368625055,
    "MUCH ADO ABOUT NOTHING.txt": -0.07387836108810142,
    "PERICLES PRINCE OF TYRE.txt": 0.10757068114800489,
    "Sir John Oldcastle by Shakespeare.txt": -0.05415483724662662,
    "Sir Thomas More by Shakespeare.txt": 0.09954060302120471,
    "Taming of the Shrew.txt": 0.09587735222307925,
    "The Comedy of Errors.txt": 0.050597807788967775,
    "THE HISTORY OF TROILUS AND CRESSIDA.txt": 0.10830301558464683,
    "The Life and Death of the Lord Cromwell by Shakespeare.txt": 0.1028781185148131,
    "THE LIFE OF TIMON OF ATHENS.txt": 0.09465636326318122,
    "The London Prodigal.txt": 0.10624132460206964,
    "The Merry Devill of Edmonton by Shakespeare.txt": 0.11845505673095724,
    "THE MERRY WIVES OF WINDSOR.txt": 0.0061438026707667515,
    "The Puritaine Widdow by Shakespeare.txt": 0.08735220111777059,
    "THE RAPE OF LUCRECE.txt": 0.039184632733982205,
    "THE TAMING OF THE SHREW.txt": 0.10118095622574813,
    "THE TEMPEST.txt": 0.10073268344551112,
    "THE TRAGEDY OF ANTONY AND CLEOPATRA.txt": 0.09550976322656396,
    "THE TRAGEDY OF CORIOLANUS.txt": 0.11102700880600525,
    "THE TRAGEDY OF HAMLET PRINCE OF DENMARK.txt": 0.1175148572618247,
    "THE TRAGEDY OF JULIUS CAESAR.txt": -0.06864216809865298,
    "THE TRAGEDY OF KING LEAR.txt": 0.08052949558019817,
    "THE TRAGEDY OF MACBETH.txt": 0.0027347637916084744,
    "THE TRAGEDY OF OTHELLO MOOR OF VENICE.txt": 0.06281326898583078,
    "THE TRAGEDY OF ROMEO AND JULIET.txt": 0.09675322219436239,
    "THE TRAGEDY OF TITUS ANDRONICUS.txt": 0.06738328990082004,
    "THE TWO GENTLEMEN OF VERONA.txt": 0.0848626737585878,
    "The Two Noble Kinsmen by Shakespeare.txt": 0.09003725852317468,
    "THE WINTERS TALE.txt": 0.10088095668516561,
    "Venus and Adonis.txt": 0.11429143113874796
}