{
    "A MIDSUMMER NIGHT_S DREAM.txt": 0.0592150423763248,
    "A Yorkshire Tragedy by Shakespeare.txt": 0.025642997209025575,
    "Arden of Feversham.txt": -0.29469634881642315,
    "AS YOU LIKE IT.txt": 0.10799356081988404,
    "CYMBELINE.txt": 0.11903595625392271,
    "Fair Em by Shakespeare.txt": 0.07869315244440817,
    "KING EDWARD III by Shakespeare.txt": 0.11410706561003536,
    "King Henry IV, Part 1.txt": -0.11883398835851944,
    "KING HENRY V.txt": -0.079454989399938,
    "KING HENRY VI part I.txt": 0.07571744262333852,
    "KING HENRY VI Part II.txt": 0.1008384777145972,
    "KING HENRY VI Part III.txt": 0.09724447311835899,
    "KING HENRY VIII.txt": 0.08076660540621228,
    "KING JOHN.txt": 0.1340475461770383,
    "KING RICHARD II.txt": 0.10116982074671244,
    "KING RICHARD III.txt": 0.12061124526599643,
    "Locrine Mucedorus by Shakespeare.txt": 0.002784198593622722,
    "Love_s Labour_s Lost.txt": 0.10797027056272135,
    "MEASURE FOR MEASURE.txt": 0.06854499640620809,
    "Merchant of Venice.txt": 0.10203524761001925,
    "MUCH ADO ABOUT NOTHING.txt": -0.054558571188144334,
    "PERICLES PRINCE OF TYRE.txt": 0.11281887837647586,
    "Sir John Oldcastle by Shakespeare.txt": -0.044241479421123664,
    "Sir Thomas More by Shakespeare.txt": 0.1125799199017325,
    "Taming of the Shrew.txt": 0.11090261629775278,
    "The Comedy of Errors.txt": 0.06312975952935762,
    "THE HISTORY OF TROILUS AND CRESSIDA.txt": 0.09826764237831664,
    "The Life and Death of the Lord Cromwell by Shakespeare.txt": 0.1078921124031636,
    "THE LIFE OF TIMON OF ATHENS.txt": 0.09695018450671922,
    "The London Prodigal.txt": 0.09072282743467003,
    "The Merry Devill of Edmonton by Shakespeare.txt": 0.10617997773489224,
    "THE MERRY WIVES OF WINDSOR.txt": 0.02963020045320819,
    "The Puritaine Widdow by Shakespeare.txt": 0.10331611289808773,
    "THE RAPE OF LUCRECE.txt": 0.025642997209025575,
    "THE TAMING OF THE SHREW.txt": 0.10117332995861084,
    "THE TEMPEST.txt": 0.1047676442496685,
    "THE TRAGEDY OF ANTONY AND CLEOPATRA.txt": 0.09681671590507562,
    "THE TRAGEDY OF CORIOLANUS.txt": 0.11933221855547876,
    "THE TRAGEDY OF HAMLET PRINCE OF DENMARK.txt": 0.09831368564393422,
    "THE TRAGEDY OF JULIUS CAESAR.txt": -0.06240224898275171,
    "THE TRAGEDY OF KING LEAR.txt": 0.058872661328855824,
    "THE TRAGEDY OF MACBETH.txt": 0.00773505319776574,
    "THE TRAGEDY OF OTHELLO MOOR OF VENICE.txt": 0.058844154553060746,
    "THE TRAGEDY OF ROMEO AND JULIET.txt": 0.10902906229490028,
    "THE TRAGEDY OF TITUS ANDRONICUS.txt": 0.07061703881877135,
    "THE TWO GENTLEMEN OF VERONA.txt": 0.09258054363411555,
    "The Two Noble Kinsmen by Shakespeare.txt": 0.07997032952712929,
    "THE WINTERS TALE.txt": 0.114104980370978,
    "Venus and Adonis.txt": 0.10739247536460123
}