{
    "A LOVERS COMPLAINT.txt": -0.09421849786883874,
    "A MIDSUMMER NIGHT_S DREAM.txt": 0.10291474583490162,
    "A Yorkshire Tragedy by Shakespeare.txt": 0.08682631343715791,
    "Arden of Feversham.txt": 0.1375478645877552,
    "AS YOU LIKE IT.txt": 0.12832143540966123,
    "CYMBELINE.txt": 0.13695997317219277,
    "Fair Em by Shakespeare.txt": 0.1368538239618694,
    "KING EDWARD III by Shakespeare.txt": 0.132810200188323,
    "King Henry IV, Part 1.txt": 0.15162388408587868,
    "KING HENRY V.txt": 0.13662640225170963,
    "KING HENRY VI part I.txt": -0.05280753763784496,
    "KING HENRY VI Part II.txt": 0.15033799825685773,
    "KING HENRY VI Part III.txt": 0.1457944104716165,
    "KING HENRY VIII.txt": 0.13513018606246824,
    "KING JOHN.txt": 0.0613710396972339,
    "KING RICHARD II.txt": 0.12662762049859316,
    "KING RICHARD III.txt": 0.12526751780495732,
    "Locrine Mucedorus by Shakespeare.txt": 0.1257264781858365,
    "Love_s Labour_s Lost.txt": 0.13545675753585873,
    "MEASURE FOR MEASURE.txt": 0.14679012259483354,
    "Merchant of Venice.txt": 0.1301791041886502,
    "MUCH ADO ABOUT NOTHING.txt": 0.13068768932957464,
    "PERICLES PRINCE OF TYRE.txt": 0.12519020012379534,
    "Sir John Oldcastle by Shakespeare.txt": 0.1591572974095633,
    "Sir Thomas More by Shakespeare.txt": 0.12179883634531302,
    "Taming of the Shrew.txt": 0.14403740687860633,
    "The Comedy of Errors.txt": 0.09513135111149579,
    "THE HISTORY OF TROILUS AND CRESSIDA.txt": 0.14208149597108666,
    "The Life and Death of the Lord Cromwell by Shakespeare.txt": 0.12942983153218574,
    "THE LIFE OF TIMON OF ATHENS.txt": 0.15353513863376483,
    "The London Prodigal.txt": 0.14430831673338562,
    "The Merry Devill of Edmonton by Shakespeare.txt": 0.12271803530292907,
    "THE MERRY WIVES OF WINDSOR.txt": 0.1501671151227275,
    "The Puritaine Widdow by Shakespeare.txt": 0.1281626062394498,
    "THE RAPE OF LUCRECE.txt": 0.1298987709001141,
    "THE TAMING OF THE SHREW.txt": 0.15484134542695005,
    "THE TEMPEST.txt": 0.13223188200391633,
    "THE TRAGEDY OF ANTONY AND CLEOPATRA.txt": 0.13688993538736488,
    "THE TRAGEDY OF CORIOLANUS.txt": 0.13608074294292988,
    "THE TRAGEDY OF HAMLET PRINCE OF DENMARK.txt": 0.15415927315722555,
    "THE TRAGEDY OF JULIUS CAESAR.txt": 0.10327606024145852,
    "THE TRAGEDY OF KING LEAR.txt": 0.10080223348748024,
    "THE TRAGEDY OF MACBETH.txt": 0.10927644734149894,
    "THE TRAGEDY OF OTHELLO MOOR OF VENICE.txt": 0.03990242151009127,
    "THE TRAGEDY OF ROMEO AND JULIET.txt": 0.12675271274177902,
    "THE TRAGEDY OF TITUS ANDRONICUS.txt": 0.10400759428162065,
    "THE TWO GENTLEMEN OF VERONA.txt": 0.14702692454698973,
    "The Two Noble Kinsmen by Shakespeare.txt": 0.08718653300670709,
    "THE WINTERS TALE.txt": 0.13895582784540772,
    "Venus and Adonis.txt": 0.13298216976701133
}