{
    "A LOVERS COMPLAINT.txt": 0.04947192907546383,
    "A MIDSUMMER NIGHT_S DREAM.txt": 0.15313914308047855,
    "A Yorkshire Tragedy by Shakespeare.txt": 0.15838873684421573,
    "Arden of Feversham.txt": 0.11962659027257189,
    "AS YOU LIKE IT.txt": 0.10784206988443096,
    "CYMBELINE.txt": 0.16156481113831894,
    "Fair Em by Shakespeare.txt": 0.15148582232806207,
    "KING EDWARD III by Shakespeare.txt": 0.17149486836378386,
    "King Henry IV, Part 1.txt": 0.16828004961520115,
    "KING HENRY V.txt": 0.10809447454734522,
    "KING HENRY VI part I.txt": -0.09763451486769559,
    "KING HENRY VI Part II.txt": 0.14240264508570616,
    "KING HENRY VI Part III.txt": 0.14722000239320804,
    "KING HENRY VIII.txt": 0.12769147335268005,
    "KING JOHN.txt": 0.14660531712042457,
    "KING RICHARD II.txt": 0.1292833164783223,
    "KING RICHARD III.txt": 0.14337463817067692,
    "Locrine Mucedorus by Shakespeare.txt": 0.1212370632298908,
    "Love_s Labour_s Lost.txt": 0.13629923863281496,
    "MEASURE FOR MEASURE.txt": 0.14818245538534097,
    "Merchant of Venice.txt": 0.09233456976688209,
    "MUCH ADO ABOUT NOTHING.txt": 0.13275220736524346,
    "PERICLES PRINCE OF TYRE.txt": 0.13363526393042124,
    "Sir John Oldcastle by Shakespeare.txt": 0.1379195504396865,
    "Sir Thomas More by Shakespeare.txt": 0.1553020394796396,
    "Taming of the Shrew.txt": 0.15915834736504636,
    "The Comedy of Errors.txt": 0.07630037838220705,
    "THE HISTORY OF TROILUS AND CRESSIDA.txt": 0.13464695430210238,
    "The Life and Death of the Lord Cromwell by Shakespeare.txt": 0.1560470264715938,
    "THE LIFE OF TIMON OF ATHENS.txt": 0.14576467123130138,
    "The London Prodigal.txt": 0.14673208870384152,
    "The Merry Devill of Edmonton by Shakespeare.txt": 0.13703713488671687,
    "THE MERRY WIVES OF WINDSOR.txt": 0.14851340700689258,
    "The Puritaine Widdow by Shakespeare.txt": 0.15516075631032,
    "THE RAPE OF LUCRECE.txt": 0.15983561086526754,
    "THE TAMING OF THE SHREW.txt": 0.14769066155396182,
    "THE TEMPEST.txt": 0.14114211870565818,
    "THE TRAGEDY OF ANTONY AND CLEOPATRA.txt": 0.14104748760551133,
    "THE TRAGEDY OF CORIOLANUS.txt": 0.1480701285338632,
    "THE TRAGEDY OF HAMLET PRINCE OF DENMARK.txt": 0.14448405687512045,
    "THE TRAGEDY OF JULIUS CAESAR.txt": 0.07913669891527114,
    "THE TRAGEDY OF KING LEAR.txt": 0.13780804324581175,
    "THE TRAGEDY OF MACBETH.txt": 0.12457284326758639,
    "THE TRAGEDY OF OTHELLO MOOR OF VENICE.txt": 0.11082936012940603,
    "THE TRAGEDY OF ROMEO AND JULIET.txt": 0.16174623087885232,
    "THE TRAGEDY OF TITUS ANDRONICUS.txt": 0.042564576647171115,
    "THE TWO GENTLEMEN OF VERONA.txt": 0.1530405799500847,
    "The Two Noble Kinsmen by Shakespeare.txt": 0.06487000801877246,
    "THE WINTERS TALE.txt": 0.16663279563556987,
    "Venus and Adonis.txt": 0.15282455131619793
}