{
    "A LOVERS COMPLAINT.txt": 0.0026580223286175597,
    "A MIDSUMMER NIGHT_S DREAM.txt": -0.15725246064784082,
    "A Yorkshire Tragedy by Shakespeare.txt": 0.01875058886360087,
    "Arden of Feversham.txt": 0.046924587013770946,
    "AS YOU LIKE IT.txt": -0.023259762924190963,
    "CYMBELINE.txt": -0.00814089905065496,
    "Fair Em by Shakespeare.txt": 0.05604501371877646,
    "KING EDWARD III by Shakespeare.txt": 0.027502108302215278,
    "King Henry IV, Part 1.txt": 0.05702284308929545,
    "KING HENRY V.txt": 0.02213344425930852,
    "KING HENRY VI part I.txt": -0.027370851906881266,
    "KING HENRY VI Part II.txt": 0.02213344425930852,
    "KING HENRY VI Part III.txt": 0.06312908333308365,
    "KING HENRY VIII.txt": -0.018066528306054153,
    "KING JOHN.txt": -0.11188413639459205,
    "KING RICHARD II.txt": 0.007562231280108578,
    "KING RICHARD III.txt": 0.07968023768573396,
    "Locrine Mucedorus by Shakespeare.txt": 0.07919052439276142,
    "Love_s Labour_s Lost.txt": 0.03961442847924518,
    "MEASURE FOR MEASURE.txt": 0.035957821891432984,
    "Merchant of Venice.txt": 0.0089072117290247,
    "MUCH ADO ABOUT NOTHING.txt": -0.02916938565994953,
    "PERICLES PRINCE OF TYRE.txt": 0.02213344425930852,
    "Sir John Oldcastle by Shakespeare.txt": 0.051070679280604714,
    "Sir Thomas More by Shakespeare.txt": 0.0765469108652338,
    "Taming of the Shrew.txt": 0.0765469108652338,
    "The Comedy of Errors.txt": 0.05092234408804197,
    "THE HISTORY OF TROILUS AND CRESSIDA.txt": 0.07919052439276142,
    "The Life and Death of the Lord Cromwell by Shakespeare.txt": 0.07919052439276142,
    "THE LIFE OF TIMON OF ATHENS.txt": 0.0765469108652338,
    "The London Prodigal.txt": 0.07919052439276142,
    "The Merry Devill of Edmonton by Shakespeare.txt": 0.0765469108652338,
    "THE MERRY WIVES OF WINDSOR.txt": 0.0765469108652338,
    "The Puritaine Widdow by Shakespeare.txt": 0.08058832201691407,
    "THE RAPE OF LUCRECE.txt": 0.03745832367293789,
    "THE TAMING OF THE SHREW.txt": 0.07919052439276142,
    "THE TEMPEST.txt": -0.027370851906881266,
    "THE TRAGEDY OF ANTONY AND CLEOPATRA.txt": 0.01875058886360087,
    "THE TRAGEDY OF CORIOLANUS.txt": 0.034120744465663044,
    "THE TRAGEDY OF HAMLET PRINCE OF DENMARK.txt": 0.007286897700007344,
    "THE TRAGEDY OF JULIUS CAESAR.txt": 0.06811494926817235,
    "THE TRAGEDY OF KING LEAR.txt": 0.033657746473966854,
    "THE TRAGEDY OF MACBETH.txt": 0.07844705441973965,
    "THE TRAGEDY OF OTHELLO MOOR OF VENICE.txt": 0.05092234408804197,
    "THE TRAGEDY OF ROMEO AND JULIET.txt": 0.07263868112883376,
    "THE TRAGEDY OF TITUS ANDRONICUS.txt": 0.0765469108652338,
    "THE TWO GENTLEMEN OF VERONA.txt": 0.044665461099793025,
    "The Two Noble Kinsmen by Shakespeare.txt": 0.01875058886360087,
    "THE WINTERS TALE.txt": -0.12633664530993516,
    "Venus and Adonis.txt": 0.008087686836043051
}