{
    "A MIDSUMMER NIGHT_S DREAM.txt": 0.011443422640949219,
    "A Yorkshire Tragedy by Shakespeare.txt": 0.08887834402023626,
    "Arden of Feversham.txt": 0.08424675030157719,
    "AS YOU LIKE IT.txt": 0.10677491468996192,
    "CYMBELINE.txt": 0.09261745769539054,
    "Fair Em by Shakespeare.txt": 0.08202398492260343,
    "KING EDWARD III by Shakespeare.txt": 0.02851926619483741,
    "King Henry IV, Part 1.txt": 0.09471903380874158,
    "KING HENRY V.txt": 0.0959424938050461,
    "KING HENRY VI part I.txt": -0.10193621173973877,
    "KING HENRY VI Part II.txt": 0.0517835532445548,
    "KING HENRY VI Part III.txt": 0.09627596487673618,
    "KING HENRY VIII.txt": 0.07119380995936697,
    "KING JOHN.txt": 0.06721752364087213,
    "KING RICHARD II.txt": 0.08009045068196652,
    "KING RICHARD III.txt": 0.10172493991486337,
    "Locrine Mucedorus by Shakespeare.txt": -0.03406798631679897,
    "Love_s Labour_s Lost.txt": 0.08997301848745953,
    "MEASURE FOR MEASURE.txt": 0.0972216115808604,
    "Merchant of Venice.txt": 0.07842344526746758,
    "MUCH ADO ABOUT NOTHING.txt": 0.0795411792774402,
    "PERICLES PRINCE OF TYRE.txt": 0.045851565729775945,
    "Sir John Oldcastle by Shakespeare.txt": -0.000709091234955328,
    "Sir Thomas More by Shakespeare.txt": 0.024136077839149783,
    "Taming of the Shrew.txt": 0.06574511354886048,
    "The Comedy of Errors.txt": 0.0886445553276568,
    "THE HISTORY OF TROILUS AND CRESSIDA.txt": 0.10472098650322526,
    "The Life and Death of the Lord Cromwell by Shakespeare.txt": 0.03789172984049061,
    "THE LIFE OF TIMON OF ATHENS.txt": 0.013577039077469821,
    "The London Prodigal.txt": 0.1040507458216231,
    "The Merry Devill of Edmonton by Shakespeare.txt": 0.09655854777129053,
    "THE MERRY WIVES OF WINDSOR.txt": 0.022028927654601183,
    "The Puritaine Widdow by Shakespeare.txt": 0.0851838650531585,
    "THE RAPE OF LUCRECE.txt": -0.1441717741789742,
    "THE TAMING OF THE SHREW.txt": 0.10603016001653492,
    "THE TEMPEST.txt": 0.09621240326499891,
    "THE TRAGEDY OF ANTONY AND CLEOPATRA.txt": 0.09925381204455497,
    "THE TRAGEDY OF CORIOLANUS.txt": 0.1052809060220366,
    "THE TRAGEDY OF HAMLET PRINCE OF DENMARK.txt": 0.10635654295421415,
    "THE TRAGEDY OF JULIUS CAESAR.txt": 0.09426699311058645,
    "THE TRAGEDY OF KING LEAR.txt": 0.04916911714837291,
    "THE TRAGEDY OF MACBETH.txt": 0.07489864271603225,
    "THE TRAGEDY OF OTHELLO MOOR OF VENICE.txt": 0.11581598274554422,
    "THE TRAGEDY OF ROMEO AND JULIET.txt": 0.105149720783827,
    "THE TRAGEDY OF TITUS ANDRONICUS.txt": 0.07477001918199083,
    "THE TWO GENTLEMEN OF VERONA.txt": 0.1080054373188592,
    "The Two Noble Kinsmen by Shakespeare.txt": -0.0618928889290159,
    "THE WINTERS TALE.txt": 0.10480154713303613,
    "Venus and Adonis.txt": -0.035908131383909025
}