{
    "A LOVERS COMPLAINT.txt": -0.03198660661727826,
    "A MIDSUMMER NIGHT_S DREAM.txt": 0.1479429355696662,
    "A Yorkshire Tragedy by Shakespeare.txt": 0.1000950042959502,
    "Arden of Feversham.txt": 0.13720174921359568,
    "AS YOU LIKE IT.txt": 0.0953011133810856,
    "CYMBELINE.txt": 0.16658712670413217,
    "Fair Em by Shakespeare.txt": 0.13949511446657714,
    "KING EDWARD III by Shakespeare.txt": 0.13004012211262322,
    "King Henry IV, Part 1.txt": 0.14486736531784333,
    "KING HENRY V.txt": 0.14827142175832692,
    "KING HENRY VI part I.txt": 0.10176294078086384,
    "KING HENRY VI Part II.txt": 0.13722818378246782,
    "KING HENRY VI Part III.txt": -0.20625293064691197,
    "KING HENRY VIII.txt": 0.15588888021131053,
    "KING JOHN.txt": 0.0742965273279671,
    "KING RICHARD II.txt": 0.09810884510190615,
    "KING RICHARD III.txt": 0.10431692692139066,
    "Locrine Mucedorus by Shakespeare.txt": 0.12873976629234712,
    "Love_s Labour_s Lost.txt": 0.1551599540319057,
    "MEASURE FOR MEASURE.txt": 0.13434641234663258,
    "Merchant of Venice.txt": 0.13787878391727426,
    "MUCH ADO ABOUT NOTHING.txt": 0.12516845280975486,
    "PERICLES PRINCE OF TYRE.txt": 0.1336666917253722,
    "Sir John Oldcastle by Shakespeare.txt": 0.09136443524773868,
    "Sir Thomas More by Shakespeare.txt": 0.12186723723104903,
    "Taming of the Shrew.txt": 0.13676671626382253,
    "The Comedy of Errors.txt": 0.1451667593311703,
    "THE HISTORY OF TROILUS AND CRESSIDA.txt": 0.13468296824779624,
    "The Life and Death of the Lord Cromwell by Shakespeare.txt": 0.12465040237129255,
    "THE LIFE OF TIMON OF ATHENS.txt": 0.13003036648308813,
    "The London Prodigal.txt": 0.1398179743786418,
    "The Merry Devill of Edmonton by Shakespeare.txt": 0.14100801659028073,
    "THE MERRY WIVES OF WINDSOR.txt": 0.11712742969786949,
    "The Puritaine Widdow by Shakespeare.txt": 0.14266760744335588,
    "THE RAPE OF LUCRECE.txt": 0.07426150860897585,
    "THE TAMING OF THE SHREW.txt": 0.1281007106650569,
    "THE TEMPEST.txt": 0.1283320712716805,
    "THE TRAGEDY OF ANTONY AND CLEOPATRA.txt": 0.14385173678716312,
    "THE TRAGEDY OF CORIOLANUS.txt": 0.14813757246653703,
    "THE TRAGEDY OF HAMLET PRINCE OF DENMARK.txt": 0.15954281339764698,
    "THE TRAGEDY OF JULIUS CAESAR.txt": 0.12258093918417684,
    "THE TRAGEDY OF KING LEAR.txt": 0.12732319365608052,
    "THE TRAGEDY OF MACBETH.txt": 0.14036976983936666,
    "THE TRAGEDY OF OTHELLO MOOR OF VENICE.txt": 0.1428519162142729,
    "THE TRAGEDY OF ROMEO AND JULIET.txt": 0.14317804956481084,
    "THE TRAGEDY OF TITUS ANDRONICUS.txt": 0.11917458316895768,
    "THE TWO GENTLEMEN OF VERONA.txt": 0.15227072575985795,
    "The Two Noble Kinsmen by Shakespeare.txt": 0.1205696332637945,
    "THE WINTERS TALE.txt": 0.15395624868525898,
    "Venus and Adonis.txt": 0.0662642691086428
}