{
    "A LOVERS COMPLAINT.txt": -0.034210898981042126,
    "A MIDSUMMER NIGHT_S DREAM.txt": 0.12116504580875798,
    "A Yorkshire Tragedy by Shakespeare.txt": 0.06911245067914373,
    "Arden of Feversham.txt": 0.11371190362717293,
    "AS YOU LIKE IT.txt": 0.11237453735323816,
    "CYMBELINE.txt": 0.13993397795183454,
    "Fair Em by Shakespeare.txt": 0.11924384014490164,
    "KING EDWARD III by Shakespeare.txt": 0.1254208506911621,
    "King Henry IV, Part 1.txt": 0.13219894547759797,
    "KING HENRY V.txt": 0.13917173878784772,
    "KING HENRY VI part I.txt": 0.0923802846949282,
    "KING HENRY VI Part II.txt": 0.11139268614814674,
    "KING HENRY VI Part III.txt": -0.19872757829359922,
    "KING HENRY VIII.txt": 0.1478850988911814,
    "KING JOHN.txt": 0.06082327390554243,
    "KING RICHARD II.txt": 0.09634197291092311,
    "KING RICHARD III.txt": 0.08040687062193808,
    "Locrine Mucedorus by Shakespeare.txt": 0.1310364346549076,
    "Love_s Labour_s Lost.txt": 0.13627392330527155,
    "MEASURE FOR MEASURE.txt": 0.13923624729955447,
    "Merchant of Venice.txt": 0.11739954526109458,
    "MUCH ADO ABOUT NOTHING.txt": 0.08899108190778432,
    "PERICLES PRINCE OF TYRE.txt": 0.11511969335648303,
    "Sir John Oldcastle by Shakespeare.txt": 0.06989995626694079,
    "Sir Thomas More by Shakespeare.txt": 0.12287160424769994,
    "Taming of the Shrew.txt": 0.13162193296494656,
    "The Comedy of Errors.txt": 0.13368108438850984,
    "THE HISTORY OF TROILUS AND CRESSIDA.txt": 0.12990507425714032,
    "The Life and Death of the Lord Cromwell by Shakespeare.txt": 0.11305389522480919,
    "THE LIFE OF TIMON OF ATHENS.txt": 0.11840168650999983,
    "The London Prodigal.txt": 0.1240608313344741,
    "The Merry Devill of Edmonton by Shakespeare.txt": 0.11347235496345259,
    "THE MERRY WIVES OF WINDSOR.txt": 0.08065978080353914,
    "The Puritaine Widdow by Shakespeare.txt": 0.12184183467830251,
    "THE RAPE OF LUCRECE.txt": 0.05711819498530685,
    "THE TAMING OF THE SHREW.txt": 0.11493001639231298,
    "THE TEMPEST.txt": 0.11766751701464467,
    "THE TRAGEDY OF ANTONY AND CLEOPATRA.txt": 0.15363190388545456,
    "THE TRAGEDY OF CORIOLANUS.txt": 0.1360022398548022,
    "THE TRAGEDY OF HAMLET PRINCE OF DENMARK.txt": 0.11942491851764991,
    "THE TRAGEDY OF JULIUS CAESAR.txt": 0.12270677108324202,
    "THE TRAGEDY OF KING LEAR.txt": 0.11506201871231292,
    "THE TRAGEDY OF MACBETH.txt": 0.12190769119154898,
    "THE TRAGEDY OF OTHELLO MOOR OF VENICE.txt": 0.13600630850180717,
    "THE TRAGEDY OF ROMEO AND JULIET.txt": 0.12967332443841173,
    "THE TRAGEDY OF TITUS ANDRONICUS.txt": 0.12109376146769785,
    "THE TWO GENTLEMEN OF VERONA.txt": 0.13619152038820398,
    "The Two Noble Kinsmen by Shakespeare.txt": 0.08990547031821855,
    "THE WINTERS TALE.txt": 0.1355254995228079,
    "Venus and Adonis.txt": 0.07511317326355799
}