{
    "A LOVERS COMPLAINT.txt": -0.028452841907974813,
    "A MIDSUMMER NIGHT_S DREAM.txt": 0.1278709568450378,
    "A Yorkshire Tragedy by Shakespeare.txt": 0.06815182030932682,
    "Arden of Feversham.txt": 0.14216724858801655,
    "AS YOU LIKE IT.txt": 0.13470911217575332,
    "CYMBELINE.txt": 0.14516870058397086,
    "Fair Em by Shakespeare.txt": 0.14153398524319727,
    "KING EDWARD III by Shakespeare.txt": 0.13160659404728903,
    "King Henry IV, Part 1.txt": 0.15280376520496247,
    "KING HENRY V.txt": 0.15387420864241869,
    "KING HENRY VI part I.txt": 0.11651096100595515,
    "KING HENRY VI Part II.txt": 0.14908901534832314,
    "KING HENRY VI Part III.txt": -0.18258887564530757,
    "KING HENRY VIII.txt": 0.15582398909146666,
    "KING JOHN.txt": 0.05472951674611931,
    "KING RICHARD II.txt": 0.11508989551962212,
    "KING RICHARD III.txt": 0.06965422229172247,
    "Locrine Mucedorus by Shakespeare.txt": 0.14714529130197024,
    "Love_s Labour_s Lost.txt": 0.14614698287722488,
    "MEASURE FOR MEASURE.txt": 0.143104459848873,
    "Merchant of Venice.txt": 0.15790547620596734,
    "MUCH ADO ABOUT NOTHING.txt": 0.12680508512508376,
    "PERICLES PRINCE OF TYRE.txt": 0.149857502649981,
    "Sir John Oldcastle by Shakespeare.txt": 0.08663744611490748,
    "Sir Thomas More by Shakespeare.txt": 0.13574206658652993,
    "Taming of the Shrew.txt": 0.1384197903359728,
    "The Comedy of Errors.txt": 0.1428586579684808,
    "THE HISTORY OF TROILUS AND CRESSIDA.txt": 0.1278093389479925,
    "The Life and Death of the Lord Cromwell by Shakespeare.txt": 0.12358134721117131,
    "THE LIFE OF TIMON OF ATHENS.txt": 0.12246151972592584,
    "The London Prodigal.txt": 0.1546916378327905,
    "The Merry Devill of Edmonton by Shakespeare.txt": 0.126852130098568,
    "THE MERRY WIVES OF WINDSOR.txt": 0.11946609562422378,
    "The Puritaine Widdow by Shakespeare.txt": 0.1592294287600261,
    "THE RAPE OF LUCRECE.txt": 0.06676530731155217,
    "THE TAMING OF THE SHREW.txt": 0.12283344165829951,
    "THE TEMPEST.txt": 0.1429985880087734,
    "THE TRAGEDY OF ANTONY AND CLEOPATRA.txt": 0.13619525781827274,
    "THE TRAGEDY OF CORIOLANUS.txt": 0.14283202054957606,
    "THE TRAGEDY OF HAMLET PRINCE OF DENMARK.txt": 0.1425196140962819,
    "THE TRAGEDY OF JULIUS CAESAR.txt": 0.151706874186049,
    "THE TRAGEDY OF KING LEAR.txt": 0.12153703239914271,
    "THE TRAGEDY OF MACBETH.txt": 0.15269130600273423,
    "THE TRAGEDY OF OTHELLO MOOR OF VENICE.txt": 0.1454869640280943,
    "THE TRAGEDY OF ROMEO AND JULIET.txt": 0.12168955783840757,
    "THE TRAGEDY OF TITUS ANDRONICUS.txt": 0.12550845133194494,
    "THE TWO GENTLEMEN OF VERONA.txt": 0.15113079461709222,
    "The Two Noble Kinsmen by Shakespeare.txt": 0.12246228753401434,
    "THE WINTERS TALE.txt": 0.15166000532107982,
    "Venus and Adonis.txt": 0.08394420305372358
}