{
    "A MIDSUMMER NIGHT_S DREAM.txt": 0.016049764873200534,
    "A Yorkshire Tragedy by Shakespeare.txt": 0.101432263427649,
    "Arden of Feversham.txt": 0.06662042979474514,
    "AS YOU LIKE IT.txt": 0.09800201241004813,
    "CYMBELINE.txt": 0.07998187061605322,
    "Fair Em by Shakespeare.txt": 0.09179032961901423,
    "KING EDWARD III by Shakespeare.txt": 0.015248601642479986,
    "King Henry IV, Part 1.txt": 0.11220842494013045,
    "KING HENRY V.txt": 0.10175054486309765,
    "KING HENRY VI part I.txt": -0.12270706531744502,
    "KING HENRY VI Part II.txt": 0.05936990255135738,
    "KING HENRY VI Part III.txt": 0.11450543820091519,
    "KING HENRY VIII.txt": 0.09597339669966753,
    "KING JOHN.txt": 0.04179638579541378,
    "KING RICHARD II.txt": 0.09153622153997776,
    "KING RICHARD III.txt": 0.10582466460716461,
    "Locrine Mucedorus by Shakespeare.txt": -0.01578653758044124,
    "Love_s Labour_s Lost.txt": 0.08261460243702645,
    "MEASURE FOR MEASURE.txt": 0.08723576064810828,
    "Merchant of Venice.txt": 0.10084533704358911,
    "MUCH ADO ABOUT NOTHING.txt": 0.09112137917659702,
    "PERICLES PRINCE OF TYRE.txt": 0.04771178797732056,
    "Sir John Oldcastle by Shakespeare.txt": -0.03898619852380392,
    "Sir Thomas More by Shakespeare.txt": 0.047774317586868564,
    "Taming of the Shrew.txt": 0.08628311161481172,
    "The Comedy of Errors.txt": 0.07944205848925473,
    "THE HISTORY OF TROILUS AND CRESSIDA.txt": 0.11105145116727416,
    "The Life and Death of the Lord Cromwell by Shakespeare.txt": 0.0484309984121174,
    "THE LIFE OF TIMON OF ATHENS.txt": 0.00397851907529817,
    "The London Prodigal.txt": 0.10183989305543295,
    "The Merry Devill of Edmonton by Shakespeare.txt": 0.0984204114334154,
    "THE MERRY WIVES OF WINDSOR.txt": -0.008938774205863087,
    "The Puritaine Widdow by Shakespeare.txt": 0.09576043386740701,
    "THE RAPE OF LUCRECE.txt": -0.15668507855295555,
    "THE TAMING OF THE SHREW.txt": 0.08928402781675238,
    "THE TEMPEST.txt": 0.10766371958844528,
    "THE TRAGEDY OF ANTONY AND CLEOPATRA.txt": 0.08761412402524621,
    "THE TRAGEDY OF CORIOLANUS.txt": 0.09322708450118461,
    "THE TRAGEDY OF HAMLET PRINCE OF DENMARK.txt": 0.11412327378484294,
    "THE TRAGEDY OF JULIUS CAESAR.txt": 0.11104122435039493,
    "THE TRAGEDY OF KING LEAR.txt": 0.045474422094775646,
    "THE TRAGEDY OF MACBETH.txt": 0.09867988874089434,
    "THE TRAGEDY OF OTHELLO MOOR OF VENICE.txt": 0.1147600306188416,
    "THE TRAGEDY OF ROMEO AND JULIET.txt": 0.10773447059162483,
    "THE TRAGEDY OF TITUS ANDRONICUS.txt": 0.06092927491221495,
    "THE TWO GENTLEMEN OF VERONA.txt": 0.09496656121796065,
    "The Two Noble Kinsmen by Shakespeare.txt": -0.06695332242201435,
    "THE WINTERS TALE.txt": 0.08629797991731902,
    "Venus and Adonis.txt": -0.039999402039504806
}