{
    "A LOVERS COMPLAINT.txt": 0.00888188912746618,
    "A MIDSUMMER NIGHT_S DREAM.txt": 0.12018410772638127,
    "A Yorkshire Tragedy by Shakespeare.txt": 0.15082514735228864,
    "Arden of Feversham.txt": 0.1413421313541091,
    "AS YOU LIKE IT.txt": 0.14997221343008493,
    "CYMBELINE.txt": 0.14483796798903942,
    "Fair Em by Shakespeare.txt": 0.15372391882216996,
    "KING EDWARD III by Shakespeare.txt": 0.12463186241662016,
    "King Henry IV, Part 1.txt": 0.15135906345186295,
    "KING HENRY V.txt": 0.1320976274353703,
    "KING HENRY VI part I.txt": 0.10508549627520514,
    "KING HENRY VI Part II.txt": 0.12963540950744085,
    "KING HENRY VI Part III.txt": 0.146407626145871,
    "KING HENRY VIII.txt": 0.15444651467491832,
    "KING JOHN.txt": 0.15652119092610384,
    "KING RICHARD II.txt": 0.14974069449753707,
    "KING RICHARD III.txt": 0.12212400747868979,
    "Locrine Mucedorus by Shakespeare.txt": 0.1223506361557003,
    "Love_s Labour_s Lost.txt": 0.15163727164939522,
    "MEASURE FOR MEASURE.txt": 0.16307156577018805,
    "Merchant of Venice.txt": 0.14346000653647534,
    "MUCH ADO ABOUT NOTHING.txt": 0.15562986413449814,
    "PERICLES PRINCE OF TYRE.txt": 0.1473817325382274,
    "Sir John Oldcastle by Shakespeare.txt": 0.08861858205157197,
    "Sir Thomas More by Shakespeare.txt": 0.13994108963302365,
    "Taming of the Shrew.txt": 0.08621182132882133,
    "The Comedy of Errors.txt": 0.11115376184097076,
    "THE HISTORY OF TROILUS AND CRESSIDA.txt": 0.14882858200817922,
    "The Life and Death of the Lord Cromwell by Shakespeare.txt": 0.07821038917039153,
    "THE LIFE OF TIMON OF ATHENS.txt": 0.07265710261035196,
    "The London Prodigal.txt": 0.10919625966131441,
    "The Merry Devill of Edmonton by Shakespeare.txt": 0.1475384367663532,
    "THE MERRY WIVES OF WINDSOR.txt": 0.13727208959446086,
    "The Puritaine Widdow by Shakespeare.txt": 0.15798475317683985,
    "THE RAPE OF LUCRECE.txt": 0.11151185035765504,
    "THE TAMING OF THE SHREW.txt": 0.1601063170613864,
    "THE TEMPEST.txt": 0.131903440250421,
    "THE TRAGEDY OF ANTONY AND CLEOPATRA.txt": 0.13665620565158426,
    "THE TRAGEDY OF CORIOLANUS.txt": 0.11328019673267792,
    "THE TRAGEDY OF HAMLET PRINCE OF DENMARK.txt": 0.14079702290639667,
    "THE TRAGEDY OF JULIUS CAESAR.txt": 0.12579444019395403,
    "THE TRAGEDY OF KING LEAR.txt": 0.14435127557391175,
    "THE TRAGEDY OF MACBETH.txt": 0.13740939303477295,
    "THE TRAGEDY OF OTHELLO MOOR OF VENICE.txt": 0.15379610308339303,
    "THE TRAGEDY OF ROMEO AND JULIET.txt": -0.0728179374536424,
    "THE TRAGEDY OF TITUS ANDRONICUS.txt": 0.11371351119205775,
    "THE TWO GENTLEMEN OF VERONA.txt": 0.1478923050943327,
    "The Two Noble Kinsmen by Shakespeare.txt": 0.11536815021802238,
    "THE WINTERS TALE.txt": 0.12548871215650786,
    "Venus and Adonis.txt": 0.0754096595425287
}