{
    "A LOVERS COMPLAINT.txt": -0.041549963261076295,
    "A MIDSUMMER NIGHT_S DREAM.txt": 0.1281674862225231,
    "A Yorkshire Tragedy by Shakespeare.txt": 0.07676996744114761,
    "Arden of Feversham.txt": 0.13758741036670874,
    "AS YOU LIKE IT.txt": 0.12951104778793743,
    "CYMBELINE.txt": 0.14326836533378584,
    "Fair Em by Shakespeare.txt": 0.1412987100172468,
    "KING EDWARD III by Shakespeare.txt": 0.11741752870560873,
    "King Henry IV, Part 1.txt": 0.1321623209568935,
    "KING HENRY V.txt": 0.15045532134228418,
    "KING HENRY VI part I.txt": 0.10391208716684153,
    "KING HENRY VI Part II.txt": 0.1435525467487384,
    "KING HENRY VI Part III.txt": -0.17937492846180292,
    "KING HENRY VIII.txt": 0.14082335242195387,
    "KING JOHN.txt": 0.06487516999579618,
    "KING RICHARD II.txt": 0.1263855325760529,
    "KING RICHARD III.txt": 0.08780665653087194,
    "Locrine Mucedorus by Shakespeare.txt": 0.1508010206577015,
    "Love_s Labour_s Lost.txt": 0.14836092794284278,
    "MEASURE FOR MEASURE.txt": 0.13487393838875517,
    "Merchant of Venice.txt": 0.1274074791384831,
    "MUCH ADO ABOUT NOTHING.txt": 0.09509217089270561,
    "PERICLES PRINCE OF TYRE.txt": 0.12344726480245244,
    "Sir John Oldcastle by Shakespeare.txt": 0.08299196520787566,
    "Sir Thomas More by Shakespeare.txt": 0.11272682947763946,
    "Taming of the Shrew.txt": 0.12146819277699794,
    "The Comedy of Errors.txt": 0.135609258364206,
    "THE HISTORY OF TROILUS AND CRESSIDA.txt": 0.12325181287248255,
    "The Life and Death of the Lord Cromwell by Shakespeare.txt": 0.13949505684250968,
    "THE LIFE OF TIMON OF ATHENS.txt": 0.11335688690979473,
    "The London Prodigal.txt": 0.12653363519005395,
    "The Merry Devill of Edmonton by Shakespeare.txt": 0.11460431356141548,
    "THE MERRY WIVES OF WINDSOR.txt": 0.08916019384836288,
    "The Puritaine Widdow by Shakespeare.txt": 0.15918159674511834,
    "THE RAPE OF LUCRECE.txt": 0.056037623027699546,
    "THE TAMING OF THE SHREW.txt": 0.1378823725704701,
    "THE TEMPEST.txt": 0.11649391675311443,
    "THE TRAGEDY OF ANTONY AND CLEOPATRA.txt": 0.13882948546362478,
    "THE TRAGEDY OF CORIOLANUS.txt": 0.12686183677176355,
    "THE TRAGEDY OF HAMLET PRINCE OF DENMARK.txt": 0.14574249582334003,
    "THE TRAGEDY OF JULIUS CAESAR.txt": 0.12341139698536863,
    "THE TRAGEDY OF KING LEAR.txt": 0.12750823160238361,
    "THE TRAGEDY OF MACBETH.txt": 0.14301003231926507,
    "THE TRAGEDY OF OTHELLO MOOR OF VENICE.txt": 0.14075308836489508,
    "THE TRAGEDY OF ROMEO AND JULIET.txt": 0.13673749619125192,
    "THE TRAGEDY OF TITUS ANDRONICUS.txt": 0.12079517226051056,
    "THE TWO GENTLEMEN OF VERONA.txt": 0.1360420303094561,
    "The Two Noble Kinsmen by Shakespeare.txt": 0.11260950472673315,
    "THE WINTERS TALE.txt": 0.14989388035594137,
    "Venus and Adonis.txt": 0.07073416105077163
}