{
    "A LOVERS COMPLAINT.txt": 0.014376441119305361,
    "A MIDSUMMER NIGHT_S DREAM.txt": 0.13520006623722275,
    "A Yorkshire Tragedy by Shakespeare.txt": 0.030641338780504512,
    "Arden of Feversham.txt": 0.02687326456230027,
    "AS YOU LIKE IT.txt": 0.11259749614687653,
    "CYMBELINE.txt": 0.1291436621081271,
    "Fair Em by Shakespeare.txt": 0.13482557384457522,
    "KING EDWARD III by Shakespeare.txt": 0.12899031777337855,
    "King Henry IV, Part 1.txt": 0.1132544855430585,
    "KING HENRY V.txt": 0.11544743093063431,
    "KING HENRY VI part I.txt": -0.1422790931459318,
    "KING HENRY VI Part II.txt": 0.12005294401445232,
    "KING HENRY VI Part III.txt": 0.1176497445895554,
    "KING HENRY VIII.txt": 0.1417236920904219,
    "KING JOHN.txt": 0.11643048856920157,
    "KING RICHARD II.txt": 0.11531255445738386,
    "KING RICHARD III.txt": 0.10050856898987087,
    "Locrine Mucedorus by Shakespeare.txt": 0.0825761555850964,
    "Love_s Labour_s Lost.txt": 0.11946961909904763,
    "MEASURE FOR MEASURE.txt": 0.09826079909383051,
    "Merchant of Venice.txt": 0.11227917862830478,
    "MUCH ADO ABOUT NOTHING.txt": 0.1181369073714964,
    "PERICLES PRINCE OF TYRE.txt": 0.09551704879138811,
    "Sir John Oldcastle by Shakespeare.txt": 0.11612394114590346,
    "Sir Thomas More by Shakespeare.txt": 0.06609214785442308,
    "Taming of the Shrew.txt": 0.12164056609299956,
    "The Comedy of Errors.txt": 0.05431711861931132,
    "THE HISTORY OF TROILUS AND CRESSIDA.txt": 0.08161833754104653,
    "The Life and Death of the Lord Cromwell by Shakespeare.txt": 0.08191794813411823,
    "THE LIFE OF TIMON OF ATHENS.txt": 0.12094332934166124,
    "The London Prodigal.txt": 0.12170304892864553,
    "The Merry Devill of Edmonton by Shakespeare.txt": 0.0926177953691405,
    "THE MERRY WIVES OF WINDSOR.txt": 0.12699444953213435,
    "The Puritaine Widdow by Shakespeare.txt": 0.07686710990689705,
    "THE RAPE OF LUCRECE.txt": 0.06472491039668682,
    "THE TAMING OF THE SHREW.txt": 0.10699058625016433,
    "THE TEMPEST.txt": 0.13834832528175223,
    "THE TRAGEDY OF ANTONY AND CLEOPATRA.txt": 0.12789184990896685,
    "THE TRAGEDY OF CORIOLANUS.txt": 0.028119997875875713,
    "THE TRAGEDY OF HAMLET PRINCE OF DENMARK.txt": 0.14024448353421487,
    "THE TRAGEDY OF JULIUS CAESAR.txt": 0.10791901323777042,
    "THE TRAGEDY OF KING LEAR.txt": 0.13173465396908413,
    "THE TRAGEDY OF MACBETH.txt": 0.12252009579547324,
    "THE TRAGEDY OF OTHELLO MOOR OF VENICE.txt": 0.12598471799165623,
    "THE TRAGEDY OF ROMEO AND JULIET.txt": 0.052000444043009186,
    "THE TRAGEDY OF TITUS ANDRONICUS.txt": 0.1494452906149903,
    "THE TWO GENTLEMEN OF VERONA.txt": 0.08121942965776885,
    "The Two Noble Kinsmen by Shakespeare.txt": 0.06616527498186797,
    "THE WINTERS TALE.txt": 0.1306045220807605,
    "Venus and Adonis.txt": 0.05952109492457763
}