{
    "A LOVERS COMPLAINT.txt": -0.08507301657183064,
    "A MIDSUMMER NIGHT_S DREAM.txt": 0.013365769863679322,
    "A Yorkshire Tragedy by Shakespeare.txt": -0.01313825067626695,
    "Arden of Feversham.txt": 0.04958432723934797,
    "AS YOU LIKE IT.txt": 0.07427757119939343,
    "CYMBELINE.txt": 0.10765662400980391,
    "Fair Em by Shakespeare.txt": 0.10052170493972779,
    "KING EDWARD III by Shakespeare.txt": 0.11877002674350556,
    "King Henry IV, Part 1.txt": 0.09026051649059785,
    "KING HENRY V.txt": 0.06087521333395629,
    "KING HENRY VI part I.txt": 0.024215529258626745,
    "KING HENRY VI Part II.txt": 0.11573348012379842,
    "KING HENRY VI Part III.txt": 0.1073063325040931,
    "KING HENRY VIII.txt": 0.09786359056361826,
    "KING JOHN.txt": 0.054558719052943516,
    "KING RICHARD II.txt": 0.11217301067001034,
    "KING RICHARD III.txt": 0.11933896048135856,
    "Locrine Mucedorus by Shakespeare.txt": 0.11620503565567436,
    "Love_s Labour_s Lost.txt": 0.08963166631066466,
    "MEASURE FOR MEASURE.txt": 0.08769698418794497,
    "Merchant of Venice.txt": 0.09047069828390297,
    "MUCH ADO ABOUT NOTHING.txt": 0.08419699712749812,
    "PERICLES PRINCE OF TYRE.txt": 0.09664589292061077,
    "Sir John Oldcastle by Shakespeare.txt": 0.07317655972934961,
    "Sir Thomas More by Shakespeare.txt": 0.07160421470687844,
    "Taming of the Shrew.txt": 0.1088178835070247,
    "The Comedy of Errors.txt": 0.03347857434953444,
    "THE HISTORY OF TROILUS AND CRESSIDA.txt": -0.003685993979570701,
    "The Life and Death of the Lord Cromwell by Shakespeare.txt": 0.068570251956941,
    "THE LIFE OF TIMON OF ATHENS.txt": 0.1266268560371852,
    "The London Prodigal.txt": 0.11151204654948743,
    "The Merry Devill of Edmonton by Shakespeare.txt": 0.06351738787507483,
    "THE MERRY WIVES OF WINDSOR.txt": 0.07522507880459584,
    "The Puritaine Widdow by Shakespeare.txt": 0.058028571328270384,
    "THE RAPE OF LUCRECE.txt": 0.01731052975501013,
    "THE TAMING OF THE SHREW.txt": 0.11830182520220384,
    "THE TEMPEST.txt": 0.10466356803319782,
    "THE TRAGEDY OF ANTONY AND CLEOPATRA.txt": 0.09415231769724808,
    "THE TRAGEDY OF CORIOLANUS.txt": -0.07063079059966704,
    "THE TRAGEDY OF HAMLET PRINCE OF DENMARK.txt": 0.09287184264177983,
    "THE TRAGEDY OF JULIUS CAESAR.txt": 0.10820877080975172,
    "THE TRAGEDY OF KING LEAR.txt": 0.10365084777922395,
    "THE TRAGEDY OF MACBETH.txt": 0.09351719541592668,
    "THE TRAGEDY OF OTHELLO MOOR OF VENICE.txt": 0.1224934870743738,
    "THE TRAGEDY OF ROMEO AND JULIET.txt": 0.07360124355719605,
    "THE TRAGEDY OF TITUS ANDRONICUS.txt": 0.11443100849993659,
    "THE TWO GENTLEMEN OF VERONA.txt": 0.08476415295837869,
    "The Two Noble Kinsmen by Shakespeare.txt": 0.09972891180187538,
    "THE WINTERS TALE.txt": 0.09992685661515538,
    "Venus and Adonis.txt": 0.0169799974249909
}