{
    "A MIDSUMMER NIGHT_S DREAM.txt": 0.08980458991041568,
    "A Yorkshire Tragedy by Shakespeare.txt": 0.09116596572438707,
    "Arden of Feversham.txt": 0.07101513446812402,
    "AS YOU LIKE IT.txt": -0.034630782848703134,
    "CYMBELINE.txt": 0.07610867169776292,
    "Fair Em by Shakespeare.txt": 0.078925496054855,
    "KING EDWARD III by Shakespeare.txt": 0.09239481776096431,
    "King Henry IV, Part 1.txt": 0.09581993510678638,
    "KING HENRY V.txt": -0.1950196913996779,
    "KING HENRY VI part I.txt": -0.019002955161762092,
    "KING HENRY VI Part II.txt": 0.10382343840599123,
    "KING HENRY VI Part III.txt": 0.08727814407276335,
    "KING HENRY VIII.txt": -0.12299297753667493,
    "KING JOHN.txt": -0.07457423847628042,
    "KING RICHARD II.txt": 0.06027063629986601,
    "KING RICHARD III.txt": 0.09060602421936337,
    "Locrine Mucedorus by Shakespeare.txt": 0.0709864536599854,
    "Love_s Labour_s Lost.txt": 0.09734647528818602,
    "MEASURE FOR MEASURE.txt": 0.08099798368169064,
    "Merchant of Venice.txt": 0.09546538334247517,
    "MUCH ADO ABOUT NOTHING.txt": 0.06545285108515975,
    "PERICLES PRINCE OF TYRE.txt": 0.0881840647867001,
    "Sir John Oldcastle by Shakespeare.txt": 0.10300166316794507,
    "Sir Thomas More by Shakespeare.txt": 0.09151151958039816,
    "Taming of the Shrew.txt": 0.025257912448977238,
    "The Comedy of Errors.txt": -0.016764393344335327,
    "THE HISTORY OF TROILUS AND CRESSIDA.txt": 0.10048275829963521,
    "The Life and Death of the Lord Cromwell by Shakespeare.txt": 0.07313389010201221,
    "THE LIFE OF TIMON OF ATHENS.txt": 0.10859008264289788,
    "The London Prodigal.txt": 0.10081095579229937,
    "The Merry Devill of Edmonton by Shakespeare.txt": 0.0870159975718734,
    "THE MERRY WIVES OF WINDSOR.txt": 0.09712183933958923,
    "The Puritaine Widdow by Shakespeare.txt": 0.08099524316444462,
    "THE RAPE OF LUCRECE.txt": 0.07516656748980294,
    "THE TAMING OF THE SHREW.txt": 0.08951055018998894,
    "THE TEMPEST.txt": 0.08246173991960831,
    "THE TRAGEDY OF ANTONY AND CLEOPATRA.txt": 0.0861274302738897,
    "THE TRAGEDY OF CORIOLANUS.txt": 0.10326907847111078,
    "THE TRAGEDY OF HAMLET PRINCE OF DENMARK.txt": 0.088038840399362,
    "THE TRAGEDY OF JULIUS CAESAR.txt": -0.031608248359219715,
    "THE TRAGEDY OF KING LEAR.txt": 0.08933870999440141,
    "THE TRAGEDY OF MACBETH.txt": 0.08172906949833941,
    "THE TRAGEDY OF OTHELLO MOOR OF VENICE.txt": 0.07474113984855862,
    "THE TRAGEDY OF ROMEO AND JULIET.txt": 0.10668385614401799,
    "THE TRAGEDY OF TITUS ANDRONICUS.txt": 0.09046069869270146,
    "THE TWO GENTLEMEN OF VERONA.txt": 0.066349879228361,
    "The Two Noble Kinsmen by Shakespeare.txt": 0.09999691136055022,
    "THE WINTERS TALE.txt": 0.020541992246854712,
    "Venus and Adonis.txt": -0.12042271147118999
}