{
    "A LOVERS COMPLAINT.txt": 0.009513873501798442,
    "A MIDSUMMER NIGHT_S DREAM.txt": 0.09181058026151506,
    "A Yorkshire Tragedy by Shakespeare.txt": 0.01731934830246845,
    "Arden of Feversham.txt": 0.09456409287540518,
    "AS YOU LIKE IT.txt": 0.07778785238026203,
    "CYMBELINE.txt": 0.07879757625318617,
    "Fair Em by Shakespeare.txt": 0.08569688088321625,
    "KING EDWARD III by Shakespeare.txt": 0.07641060659588467,
    "King Henry IV, Part 1.txt": 0.06778269540225118,
    "KING HENRY V.txt": -0.15073981445228635,
    "KING HENRY VI part I.txt": -0.07411588738129937,
    "KING HENRY VI Part II.txt": 0.10662355559093623,
    "KING HENRY VI Part III.txt": 0.0940118225640435,
    "KING HENRY VIII.txt": -0.11045676534586779,
    "KING JOHN.txt": -0.0990101358089166,
    "KING RICHARD II.txt": 0.12017765729980401,
    "KING RICHARD III.txt": 0.0007906986825739759,
    "Locrine Mucedorus by Shakespeare.txt": 0.09605214977055537,
    "Love_s Labour_s Lost.txt": 0.06933605815571653,
    "MEASURE FOR MEASURE.txt": 0.10142343615175176,
    "Merchant of Venice.txt": -0.016791340167048863,
    "MUCH ADO ABOUT NOTHING.txt": 0.013670669346505904,
    "PERICLES PRINCE OF TYRE.txt": 0.08729690461929135,
    "Sir John Oldcastle by Shakespeare.txt": 0.08237334964571563,
    "Sir Thomas More by Shakespeare.txt": 0.11690834316725329,
    "Taming of the Shrew.txt": 0.10019610184573474,
    "The Comedy of Errors.txt": 0.02078109745669704,
    "THE HISTORY OF TROILUS AND CRESSIDA.txt": 0.07195740404552681,
    "The Life and Death of the Lord Cromwell by Shakespeare.txt": 0.11161755384211763,
    "THE LIFE OF TIMON OF ATHENS.txt": 0.05441058419121708,
    "The London Prodigal.txt": 0.07566022696932073,
    "The Merry Devill of Edmonton by Shakespeare.txt": 0.09186189671186795,
    "THE MERRY WIVES OF WINDSOR.txt": 0.07790843879463605,
    "The Puritaine Widdow by Shakespeare.txt": 0.09779834650451236,
    "THE RAPE OF LUCRECE.txt": 0.09754223529765405,
    "THE TAMING OF THE SHREW.txt": 0.10441141502449458,
    "THE TEMPEST.txt": 0.10672287162681765,
    "THE TRAGEDY OF ANTONY AND CLEOPATRA.txt": 0.08645314928769621,
    "THE TRAGEDY OF CORIOLANUS.txt": 0.07195740404552681,
    "THE TRAGEDY OF HAMLET PRINCE OF DENMARK.txt": 0.08745717302981582,
    "THE TRAGEDY OF JULIUS CAESAR.txt": 0.09080762756907218,
    "THE TRAGEDY OF KING LEAR.txt": 0.057908302253686705,
    "THE TRAGEDY OF MACBETH.txt": 0.08645314928769621,
    "THE TRAGEDY OF OTHELLO MOOR OF VENICE.txt": 0.024316243110584113,
    "THE TRAGEDY OF ROMEO AND JULIET.txt": 0.061848351838668214,
    "THE TRAGEDY OF TITUS ANDRONICUS.txt": 0.0826352728713386,
    "THE TWO GENTLEMEN OF VERONA.txt": 0.08244056198126876,
    "The Two Noble Kinsmen by Shakespeare.txt": 0.05441058419121708,
    "THE WINTERS TALE.txt": 0.08588794377204995,
    "Venus and Adonis.txt": 0.0827167107907959
}