{
    "A LOVERS COMPLAINT.txt": 0.030046563073785892,
    "A MIDSUMMER NIGHT_S DREAM.txt": 0.08042651510261417,
    "A Yorkshire Tragedy by Shakespeare.txt": 0.031048189363932555,
    "Arden of Feversham.txt": 0.09162602903396416,
    "AS YOU LIKE IT.txt": 0.0720962439890509,
    "CYMBELINE.txt": 0.06421933754823833,
    "Fair Em by Shakespeare.txt": 0.10204499722445265,
    "KING EDWARD III by Shakespeare.txt": 0.09870994830077323,
    "King Henry IV, Part 1.txt": 0.05137652830152928,
    "KING HENRY V.txt": -0.1397832973583818,
    "KING HENRY VI part I.txt": -0.0594357775202794,
    "KING HENRY VI Part II.txt": 0.10832066251695949,
    "KING HENRY VI Part III.txt": 0.07154816149842991,
    "KING HENRY VIII.txt": -0.0878506052077046,
    "KING JOHN.txt": -0.06989524753767928,
    "KING RICHARD II.txt": 0.11144780389452597,
    "KING RICHARD III.txt": 0.01304366200972018,
    "Locrine Mucedorus by Shakespeare.txt": 0.09741034148659655,
    "Love_s Labour_s Lost.txt": 0.09804360552685276,
    "MEASURE FOR MEASURE.txt": 0.10034789519990922,
    "Merchant of Venice.txt": 0.003099090324183096,
    "MUCH ADO ABOUT NOTHING.txt": 0.04665392120742251,
    "PERICLES PRINCE OF TYRE.txt": 0.08755285348855757,
    "Sir John Oldcastle by Shakespeare.txt": 0.10424365437570238,
    "Sir Thomas More by Shakespeare.txt": 0.1077272419266797,
    "Taming of the Shrew.txt": 0.1081122345531893,
    "The Comedy of Errors.txt": 0.0421015437447923,
    "THE HISTORY OF TROILUS AND CRESSIDA.txt": 0.09804542641984842,
    "The Life and Death of the Lord Cromwell by Shakespeare.txt": 0.0991684433363258,
    "THE LIFE OF TIMON OF ATHENS.txt": 0.06246786700232626,
    "The London Prodigal.txt": 0.09240843006010796,
    "The Merry Devill of Edmonton by Shakespeare.txt": 0.09491448802696378,
    "THE MERRY WIVES OF WINDSOR.txt": 0.06762913066609505,
    "The Puritaine Widdow by Shakespeare.txt": 0.0979647817139297,
    "THE RAPE OF LUCRECE.txt": 0.09127028517810298,
    "THE TAMING OF THE SHREW.txt": 0.11468650836710559,
    "THE TEMPEST.txt": 0.10893530622092523,
    "THE TRAGEDY OF ANTONY AND CLEOPATRA.txt": 0.09642452207645619,
    "THE TRAGEDY OF CORIOLANUS.txt": 0.09804542641984842,
    "THE TRAGEDY OF HAMLET PRINCE OF DENMARK.txt": 0.0762056242255783,
    "THE TRAGEDY OF JULIUS CAESAR.txt": 0.08789088141723744,
    "THE TRAGEDY OF KING LEAR.txt": 0.05725742644188314,
    "THE TRAGEDY OF MACBETH.txt": 0.09562196440484705,
    "THE TRAGEDY OF OTHELLO MOOR OF VENICE.txt": 0.034645441620218875,
    "THE TRAGEDY OF ROMEO AND JULIET.txt": 0.08288198762280274,
    "THE TRAGEDY OF TITUS ANDRONICUS.txt": 0.10575874550687664,
    "THE TWO GENTLEMEN OF VERONA.txt": 0.07412171972161252,
    "The Two Noble Kinsmen by Shakespeare.txt": 0.06246786700232626,
    "THE WINTERS TALE.txt": 0.08074029439583186,
    "Venus and Adonis.txt": 0.11166654626764383
}