{
    "A MIDSUMMER NIGHT_S DREAM.txt": 0.08958806706570749,
    "A Yorkshire Tragedy by Shakespeare.txt": 0.09348810091002369,
    "Arden of Feversham.txt": 0.101660679739777,
    "AS YOU LIKE IT.txt": -0.02147919721994629,
    "CYMBELINE.txt": 0.09810851542006277,
    "Fair Em by Shakespeare.txt": 0.06653295003587417,
    "KING EDWARD III by Shakespeare.txt": 0.09514926792409478,
    "King Henry IV, Part 1.txt": 0.11640036223527767,
    "KING HENRY V.txt": -0.17142296513691668,
    "KING HENRY VI part I.txt": -0.03232286229385695,
    "KING HENRY VI Part II.txt": 0.09974878917491087,
    "KING HENRY VI Part III.txt": 0.08703407538004515,
    "KING HENRY VIII.txt": -0.09784005913868488,
    "KING JOHN.txt": -0.05933693069467627,
    "KING RICHARD II.txt": 0.07045094548407393,
    "KING RICHARD III.txt": 0.11052938490918374,
    "Locrine Mucedorus by Shakespeare.txt": 0.0736538609189657,
    "Love_s Labour_s Lost.txt": 0.06338287666868536,
    "MEASURE FOR MEASURE.txt": 0.08334762767514475,
    "Merchant of Venice.txt": 0.09265622981400062,
    "MUCH ADO ABOUT NOTHING.txt": 0.07081958359991292,
    "PERICLES PRINCE OF TYRE.txt": 0.1054304073168636,
    "Sir John Oldcastle by Shakespeare.txt": 0.11747296680532932,
    "Sir Thomas More by Shakespeare.txt": 0.10798917557275861,
    "Taming of the Shrew.txt": 0.0212109250839006,
    "The Comedy of Errors.txt": 0.007169046361422737,
    "THE HISTORY OF TROILUS AND CRESSIDA.txt": 0.10480327784314736,
    "The Life and Death of the Lord Cromwell by Shakespeare.txt": 0.09226870651018237,
    "THE LIFE OF TIMON OF ATHENS.txt": 0.10649728226180183,
    "The London Prodigal.txt": 0.0947980935769806,
    "The Merry Devill of Edmonton by Shakespeare.txt": 0.07557977964690976,
    "THE MERRY WIVES OF WINDSOR.txt": 0.09044952746669083,
    "The Puritaine Widdow by Shakespeare.txt": 0.10276645831605241,
    "THE RAPE OF LUCRECE.txt": 0.07611524057018948,
    "THE TAMING OF THE SHREW.txt": 0.0960491007445573,
    "THE TEMPEST.txt": 0.07854086270870125,
    "THE TRAGEDY OF ANTONY AND CLEOPATRA.txt": 0.09443871529307696,
    "THE TRAGEDY OF CORIOLANUS.txt": 0.10330583135725352,
    "THE TRAGEDY OF HAMLET PRINCE OF DENMARK.txt": 0.09621335358291494,
    "THE TRAGEDY OF JULIUS CAESAR.txt": -0.0114738531785048,
    "THE TRAGEDY OF KING LEAR.txt": 0.1067842920056401,
    "THE TRAGEDY OF MACBETH.txt": 0.07508112384620813,
    "THE TRAGEDY OF OTHELLO MOOR OF VENICE.txt": 0.09239627758844066,
    "THE TRAGEDY OF ROMEO AND JULIET.txt": 0.10486415465401822,
    "THE TRAGEDY OF TITUS ANDRONICUS.txt": 0.09856488732048502,
    "THE TWO GENTLEMEN OF VERONA.txt": 0.07300571675687945,
    "The Two Noble Kinsmen by Shakespeare.txt": 0.09871036188102078,
    "THE WINTERS TALE.txt": 0.013503852883573253,
    "Venus and Adonis.txt": -0.13966124079522024
}