{
    "A LOVERS COMPLAINT.txt": 0.046363758926366794,
    "A MIDSUMMER NIGHT_S DREAM.txt": 0.11848753769335574,
    "A Yorkshire Tragedy by Shakespeare.txt": 0.08403411193080135,
    "Arden of Feversham.txt": 0.10446185314761003,
    "AS YOU LIKE IT.txt": 0.09318126061028087,
    "CYMBELINE.txt": 0.1168696616087278,
    "Fair Em by Shakespeare.txt": 0.0874308244164212,
    "KING EDWARD III by Shakespeare.txt": 0.10159680808100507,
    "King Henry IV, Part 1.txt": 0.13168552388296262,
    "KING HENRY V.txt": 0.11033713410081492,
    "KING HENRY VI part I.txt": 0.05211297376105162,
    "KING HENRY VI Part II.txt": 0.12215445519303458,
    "KING HENRY VI Part III.txt": 0.09830336168236165,
    "KING HENRY VIII.txt": -0.015204355426764016,
    "KING JOHN.txt": -0.0396910974472896,
    "KING RICHARD II.txt": 0.11608443165031362,
    "KING RICHARD III.txt": 0.12446490658984544,
    "Locrine Mucedorus by Shakespeare.txt": 0.0891503746852137,
    "Love_s Labour_s Lost.txt": 0.09461513004754069,
    "MEASURE FOR MEASURE.txt": 0.10260935188929077,
    "Merchant of Venice.txt": 0.10760110114372984,
    "MUCH ADO ABOUT NOTHING.txt": 0.09970703197250963,
    "PERICLES PRINCE OF TYRE.txt": 0.10609931141259993,
    "Sir John Oldcastle by Shakespeare.txt": 0.08164343708324223,
    "Sir Thomas More by Shakespeare.txt": 0.09722192478671204,
    "Taming of the Shrew.txt": 0.10158497154743429,
    "The Comedy of Errors.txt": 0.1152280892596026,
    "THE HISTORY OF TROILUS AND CRESSIDA.txt": 0.06641296706432148,
    "The Life and Death of the Lord Cromwell by Shakespeare.txt": 0.08016233268290712,
    "THE LIFE OF TIMON OF ATHENS.txt": 0.10077767837423363,
    "The London Prodigal.txt": 0.068053893066988,
    "The Merry Devill of Edmonton by Shakespeare.txt": 0.10668944767482891,
    "THE MERRY WIVES OF WINDSOR.txt": -0.08150327501152,
    "The Puritaine Widdow by Shakespeare.txt": 0.07549220378851584,
    "THE RAPE OF LUCRECE.txt": 0.0920119342664355,
    "THE TAMING OF THE SHREW.txt": 0.09835112832712029,
    "THE TEMPEST.txt": 0.10988780131865278,
    "THE TRAGEDY OF ANTONY AND CLEOPATRA.txt": 0.0318799530497616,
    "THE TRAGEDY OF CORIOLANUS.txt": 0.1264751513695901,
    "THE TRAGEDY OF HAMLET PRINCE OF DENMARK.txt": 0.10081823750397151,
    "THE TRAGEDY OF JULIUS CAESAR.txt": 0.10526403063775502,
    "THE TRAGEDY OF KING LEAR.txt": 0.1205176652140435,
    "THE TRAGEDY OF MACBETH.txt": 0.12259672120862775,
    "THE TRAGEDY OF OTHELLO MOOR OF VENICE.txt": 0.09612304398367716,
    "THE TRAGEDY OF ROMEO AND JULIET.txt": 0.12056651418747022,
    "THE TRAGEDY OF TITUS ANDRONICUS.txt": 0.11041457476398381,
    "THE TWO GENTLEMEN OF VERONA.txt": 0.11243682021446083,
    "The Two Noble Kinsmen by Shakespeare.txt": 0.06635168295088906,
    "THE WINTERS TALE.txt": 0.10323775904168575,
    "Venus and Adonis.txt": 0.09363967802404233
}