{
    "A MIDSUMMER NIGHT_S DREAM.txt": 0.06704807074351521,
    "A Yorkshire Tragedy by Shakespeare.txt": 0.12106400180564869,
    "Arden of Feversham.txt": -0.37294834532750487,
    "AS YOU LIKE IT.txt": 0.12258353378817971,
    "CYMBELINE.txt": 0.12543851466661798,
    "Fair Em by Shakespeare.txt": 0.09734760681058857,
    "KING EDWARD III by Shakespeare.txt": 0.1240593281800002,
    "King Henry IV, Part 1.txt": 0.10303152699240747,
    "KING HENRY V.txt": 0.1290697802847221,
    "KING HENRY VI part I.txt": 0.08638901726542658,
    "KING HENRY VI Part II.txt": 0.12452318528648926,
    "KING HENRY VI Part III.txt": 0.1307290436242382,
    "KING HENRY VIII.txt": 0.12308957449340285,
    "KING JOHN.txt": 0.10611470395267064,
    "KING RICHARD II.txt": 0.12068462821531228,
    "KING RICHARD III.txt": 0.12477941335383075,
    "Locrine Mucedorus by Shakespeare.txt": 0.020018292398577886,
    "Love_s Labour_s Lost.txt": 0.14187968279833757,
    "MEASURE FOR MEASURE.txt": 0.13146243474164454,
    "Merchant of Venice.txt": 0.11839405332497221,
    "MUCH ADO ABOUT NOTHING.txt": 0.13032524074022256,
    "PERICLES PRINCE OF TYRE.txt": 0.10777623340616477,
    "Sir John Oldcastle by Shakespeare.txt": 0.019529904461515646,
    "Sir Thomas More by Shakespeare.txt": 0.12296273341358216,
    "Taming of the Shrew.txt": 0.11425698600824175,
    "The Comedy of Errors.txt": 0.09886851329404711,
    "THE HISTORY OF TROILUS AND CRESSIDA.txt": 0.022767349945946536,
    "The Life and Death of the Lord Cromwell by Shakespeare.txt": 0.09486359587643145,
    "THE LIFE OF TIMON OF ATHENS.txt": 0.08953370562968382,
    "The London Prodigal.txt": 0.09659066764990121,
    "The Merry Devill of Edmonton by Shakespeare.txt": 0.11560848973288446,
    "THE MERRY WIVES OF WINDSOR.txt": 0.0194162877876769,
    "The Puritaine Widdow by Shakespeare.txt": 0.11305666257417052,
    "THE RAPE OF LUCRECE.txt": -0.0014823323189809834,
    "THE TAMING OF THE SHREW.txt": 0.11387325231566031,
    "THE TEMPEST.txt": 0.11931487228543947,
    "THE TRAGEDY OF ANTONY AND CLEOPATRA.txt": 0.10717032165730395,
    "THE TRAGEDY OF CORIOLANUS.txt": 0.12583613393262666,
    "THE TRAGEDY OF HAMLET PRINCE OF DENMARK.txt": 0.1272282990558855,
    "THE TRAGEDY OF JULIUS CAESAR.txt": -0.12065266492516047,
    "THE TRAGEDY OF KING LEAR.txt": 0.10615429110753694,
    "THE TRAGEDY OF MACBETH.txt": 0.10752730126572041,
    "THE TRAGEDY OF OTHELLO MOOR OF VENICE.txt": 0.11174395564969908,
    "THE TRAGEDY OF ROMEO AND JULIET.txt": 0.09689348693254302,
    "THE TRAGEDY OF TITUS ANDRONICUS.txt": 0.12381170030181415,
    "THE TWO GENTLEMEN OF VERONA.txt": 0.10917498958428407,
    "The Two Noble Kinsmen by Shakespeare.txt": 0.06047048599149707,
    "THE WINTERS TALE.txt": 0.08397659406123476,
    "Venus and Adonis.txt": 0.09515818802853127
}