{
    "A MIDSUMMER NIGHT_S DREAM.txt": 0.07869674523117315,
    "A Yorkshire Tragedy by Shakespeare.txt": 0.12686709325194745,
    "Arden of Feversham.txt": -0.3843605209524046,
    "AS YOU LIKE IT.txt": 0.10371529104360322,
    "CYMBELINE.txt": 0.11561755621667208,
    "Fair Em by Shakespeare.txt": 0.09622798113255787,
    "KING EDWARD III by Shakespeare.txt": 0.1165249443235698,
    "King Henry IV, Part 1.txt": 0.10652745065225533,
    "KING HENRY V.txt": 0.1360483156049831,
    "KING HENRY VI part I.txt": 0.07563512813308648,
    "KING HENRY VI Part II.txt": 0.11071817399307443,
    "KING HENRY VI Part III.txt": 0.1380923407403188,
    "KING HENRY VIII.txt": 0.12496315915608647,
    "KING JOHN.txt": 0.10455396880539652,
    "KING RICHARD II.txt": 0.11421031212294996,
    "KING RICHARD III.txt": 0.11397464602499457,
    "Locrine Mucedorus by Shakespeare.txt": 0.045185581707036904,
    "Love_s Labour_s Lost.txt": 0.12844533780702788,
    "MEASURE FOR MEASURE.txt": 0.12709055387573442,
    "Merchant of Venice.txt": 0.12355970220955598,
    "MUCH ADO ABOUT NOTHING.txt": 0.135128946707069,
    "PERICLES PRINCE OF TYRE.txt": 0.0985697026065987,
    "Sir John Oldcastle by Shakespeare.txt": 0.03460182919096283,
    "Sir Thomas More by Shakespeare.txt": 0.11176035315930222,
    "Taming of the Shrew.txt": 0.10473747478824907,
    "The Comedy of Errors.txt": 0.10009019342784348,
    "THE HISTORY OF TROILUS AND CRESSIDA.txt": 0.027403152042502377,
    "The Life and Death of the Lord Cromwell by Shakespeare.txt": 0.09980607590265511,
    "THE LIFE OF TIMON OF ATHENS.txt": 0.0672027339961101,
    "The London Prodigal.txt": 0.11325357762246702,
    "The Merry Devill of Edmonton by Shakespeare.txt": 0.10518743351864857,
    "THE MERRY WIVES OF WINDSOR.txt": 0.04255023284012227,
    "The Puritaine Widdow by Shakespeare.txt": 0.10799275458835134,
    "THE RAPE OF LUCRECE.txt": -0.03832004666268629,
    "THE TAMING OF THE SHREW.txt": 0.09250611857329899,
    "THE TEMPEST.txt": 0.09673450555862018,
    "THE TRAGEDY OF ANTONY AND CLEOPATRA.txt": 0.10292481279362659,
    "THE TRAGEDY OF CORIOLANUS.txt": 0.12370226465908651,
    "THE TRAGEDY OF HAMLET PRINCE OF DENMARK.txt": 0.13335580002697117,
    "THE TRAGEDY OF JULIUS CAESAR.txt": -0.08247550985498964,
    "THE TRAGEDY OF KING LEAR.txt": 0.10100816252729827,
    "THE TRAGEDY OF MACBETH.txt": 0.100528570461061,
    "THE TRAGEDY OF OTHELLO MOOR OF VENICE.txt": 0.1233184998003437,
    "THE TRAGEDY OF ROMEO AND JULIET.txt": 0.08617944825771406,
    "THE TRAGEDY OF TITUS ANDRONICUS.txt": 0.10625157034155969,
    "THE TWO GENTLEMEN OF VERONA.txt": 0.0979897438198189,
    "The Two Noble Kinsmen by Shakespeare.txt": 0.028892707873640566,
    "THE WINTERS TALE.txt": 0.05638628717941713,
    "Venus and Adonis.txt": 0.0759127930227459
}