{
    "A LOVERS COMPLAINT.txt": 0.04828154257724848,
    "A MIDSUMMER NIGHT_S DREAM.txt": 0.019926975475945075,
    "A Yorkshire Tragedy by Shakespeare.txt": 0.10526884390172514,
    "Arden of Feversham.txt": -0.31252850579021396,
    "AS YOU LIKE IT.txt": 0.1222131727019195,
    "CYMBELINE.txt": 0.10731397803757942,
    "Fair Em by Shakespeare.txt": 0.07847342943750418,
    "KING EDWARD III by Shakespeare.txt": 0.12670436326532802,
    "King Henry IV, Part 1.txt": 0.0750149415667366,
    "KING HENRY V.txt": 0.09287519318042636,
    "KING HENRY VI part I.txt": 0.07711255956403607,
    "KING HENRY VI Part II.txt": 0.07896142715230703,
    "KING HENRY VI Part III.txt": 0.10640710328779246,
    "KING HENRY VIII.txt": 0.12704748819613565,
    "KING JOHN.txt": 0.07114380313037244,
    "KING RICHARD II.txt": 0.11196023293089724,
    "KING RICHARD III.txt": 0.11667863938258194,
    "Locrine Mucedorus by Shakespeare.txt": 0.07112917203690877,
    "Love_s Labour_s Lost.txt": 0.10646250219188907,
    "MEASURE FOR MEASURE.txt": 0.11061124657733423,
    "Merchant of Venice.txt": 0.12705071643366334,
    "MUCH ADO ABOUT NOTHING.txt": 0.10254926699891437,
    "PERICLES PRINCE OF TYRE.txt": 0.12146308683764961,
    "Sir John Oldcastle by Shakespeare.txt": 0.018261781186710402,
    "Sir Thomas More by Shakespeare.txt": 0.10065258638879471,
    "Taming of the Shrew.txt": 0.0978235238530159,
    "The Comedy of Errors.txt": 0.10898528891421388,
    "THE HISTORY OF TROILUS AND CRESSIDA.txt": 0.07097880208935253,
    "The Life and Death of the Lord Cromwell by Shakespeare.txt": 0.1280980703647826,
    "THE LIFE OF TIMON OF ATHENS.txt": 0.13238359384370885,
    "The London Prodigal.txt": 0.118061748861709,
    "The Merry Devill of Edmonton by Shakespeare.txt": 0.10833566393544258,
    "THE MERRY WIVES OF WINDSOR.txt": 0.09645803219001353,
    "The Puritaine Widdow by Shakespeare.txt": 0.101854715908336,
    "THE RAPE OF LUCRECE.txt": 0.05538515590020732,
    "THE TAMING OF THE SHREW.txt": 0.09820016157298672,
    "THE TEMPEST.txt": 0.11262932482702087,
    "THE TRAGEDY OF ANTONY AND CLEOPATRA.txt": -0.0774015773659833,
    "THE TRAGEDY OF CORIOLANUS.txt": 0.09051896005611504,
    "THE TRAGEDY OF HAMLET PRINCE OF DENMARK.txt": 0.09957093740806444,
    "THE TRAGEDY OF JULIUS CAESAR.txt": -0.010389727702614593,
    "THE TRAGEDY OF KING LEAR.txt": 0.0931020134671472,
    "THE TRAGEDY OF MACBETH.txt": 0.11209134030440504,
    "THE TRAGEDY OF OTHELLO MOOR OF VENICE.txt": 0.10462687620707256,
    "THE TRAGEDY OF ROMEO AND JULIET.txt": 0.10212338692406064,
    "THE TRAGEDY OF TITUS ANDRONICUS.txt": 0.1204350088546472,
    "THE TWO GENTLEMEN OF VERONA.txt": 0.117730510126492,
    "The Two Noble Kinsmen by Shakespeare.txt": 0.04767346274092704,
    "THE WINTERS TALE.txt": 0.08717071437060431,
    "Venus and Adonis.txt": 0.04741362955798534
}