{
    "A LOVERS COMPLAINT.txt": 0.02677394451825149,
    "A MIDSUMMER NIGHT_S DREAM.txt": 0.023016391320088925,
    "A Yorkshire Tragedy by Shakespeare.txt": 0.09124013230849137,
    "Arden of Feversham.txt": -0.2962870393533533,
    "AS YOU LIKE IT.txt": 0.09997681675836184,
    "CYMBELINE.txt": 0.11477904107449255,
    "Fair Em by Shakespeare.txt": 0.0814464808819394,
    "KING EDWARD III by Shakespeare.txt": 0.10116507372575223,
    "King Henry IV, Part 1.txt": 0.05808623102734084,
    "KING HENRY V.txt": 0.11364266862090311,
    "KING HENRY VI part I.txt": 0.065248979607688,
    "KING HENRY VI Part II.txt": 0.0715328099430958,
    "KING HENRY VI Part III.txt": 0.0992819433330483,
    "KING HENRY VIII.txt": 0.11311798678137386,
    "KING JOHN.txt": 0.07627021907630421,
    "KING RICHARD II.txt": 0.11989804358528594,
    "KING RICHARD III.txt": 0.1014358283261132,
    "Locrine Mucedorus by Shakespeare.txt": 0.07546437788075755,
    "Love_s Labour_s Lost.txt": 0.12265325074457256,
    "MEASURE FOR MEASURE.txt": 0.10394069705637243,
    "Merchant of Venice.txt": 0.10720861454174702,
    "MUCH ADO ABOUT NOTHING.txt": 0.08933745231185214,
    "PERICLES PRINCE OF TYRE.txt": 0.11610444960442762,
    "Sir John Oldcastle by Shakespeare.txt": 0.036203559125774054,
    "Sir Thomas More by Shakespeare.txt": 0.1022240130252971,
    "Taming of the Shrew.txt": 0.0946582371455667,
    "The Comedy of Errors.txt": 0.11588639938257761,
    "THE HISTORY OF TROILUS AND CRESSIDA.txt": 0.05613613096877651,
    "The Life and Death of the Lord Cromwell by Shakespeare.txt": 0.09929352893782878,
    "THE LIFE OF TIMON OF ATHENS.txt": 0.12169183688256607,
    "The London Prodigal.txt": 0.10728553954461661,
    "The Merry Devill of Edmonton by Shakespeare.txt": 0.0993817932969101,
    "THE MERRY WIVES OF WINDSOR.txt": 0.0930806236010488,
    "The Puritaine Widdow by Shakespeare.txt": 0.0945565211346221,
    "THE RAPE OF LUCRECE.txt": 0.02935055349016824,
    "THE TAMING OF THE SHREW.txt": 0.09810044627496095,
    "THE TEMPEST.txt": 0.11439955867393276,
    "THE TRAGEDY OF ANTONY AND CLEOPATRA.txt": -0.11000209272697614,
    "THE TRAGEDY OF CORIOLANUS.txt": 0.10492911446693443,
    "THE TRAGEDY OF HAMLET PRINCE OF DENMARK.txt": 0.09755761827184267,
    "THE TRAGEDY OF JULIUS CAESAR.txt": -0.01557582717748196,
    "THE TRAGEDY OF KING LEAR.txt": 0.0962080609977563,
    "THE TRAGEDY OF MACBETH.txt": 0.10901166128726608,
    "THE TRAGEDY OF OTHELLO MOOR OF VENICE.txt": 0.11797045182000282,
    "THE TRAGEDY OF ROMEO AND JULIET.txt": 0.10347598899424842,
    "THE TRAGEDY OF TITUS ANDRONICUS.txt": 0.1304069068528984,
    "THE TWO GENTLEMEN OF VERONA.txt": 0.10744237039640142,
    "The Two Noble Kinsmen by Shakespeare.txt": 0.02094165546533966,
    "THE WINTERS TALE.txt": 0.08420911271451409,
    "Venus and Adonis.txt": 0.032198578931797506
}