{
    "A LOVERS COMPLAINT.txt": 3.880055743576971e-05,
    "A MIDSUMMER NIGHT_S DREAM.txt": 0.07300740074097073,
    "A Yorkshire Tragedy by Shakespeare.txt": 0.08403239288860032,
    "Arden of Feversham.txt": 0.04278118924434576,
    "AS YOU LIKE IT.txt": 0.06113012022267711,
    "CYMBELINE.txt": 0.0013205778583061378,
    "Fair Em by Shakespeare.txt": 0.08403239288860032,
    "KING EDWARD III by Shakespeare.txt": 0.08403239288860032,
    "King Henry IV, Part 1.txt": 0.08657749405944853,
    "KING HENRY V.txt": 0.08897386732936258,
    "KING HENRY VI part I.txt": 0.08571107348848855,
    "KING HENRY VI Part II.txt": 0.08556594267777573,
    "KING HENRY VI Part III.txt": 0.08556594267777573,
    "KING HENRY VIII.txt": 0.08699982492304176,
    "KING JOHN.txt": -0.18440707202663165,
    "KING RICHARD II.txt": 0.08556594267777573,
    "KING RICHARD III.txt": 0.07271247807746783,
    "Locrine Mucedorus by Shakespeare.txt": 0.08571107348848855,
    "Love_s Labour_s Lost.txt": 0.08657749405944853,
    "MEASURE FOR MEASURE.txt": 0.08180078828986076,
    "Merchant of Venice.txt": 0.06931753710414662,
    "MUCH ADO ABOUT NOTHING.txt": 0.0723965151540461,
    "PERICLES PRINCE OF TYRE.txt": 0.0778903453250348,
    "Sir John Oldcastle by Shakespeare.txt": 0.08571107348848855,
    "Sir Thomas More by Shakespeare.txt": 0.08403239288860032,
    "Taming of the Shrew.txt": 0.004360218644337721,
    "The Comedy of Errors.txt": -0.33461512419804706,
    "THE HISTORY OF TROILUS AND CRESSIDA.txt": 0.019913759257200347,
    "The Life and Death of the Lord Cromwell by Shakespeare.txt": 0.08403239288860032,
    "THE LIFE OF TIMON OF ATHENS.txt": 0.07521282332136608,
    "The London Prodigal.txt": 0.08571107348848855,
    "The Merry Devill of Edmonton by Shakespeare.txt": 0.08571107348848855,
    "THE MERRY WIVES OF WINDSOR.txt": 0.08556594267777573,
    "The Puritaine Widdow by Shakespeare.txt": 0.08823905852753389,
    "THE RAPE OF LUCRECE.txt": 0.08403239288860032,
    "THE TAMING OF THE SHREW.txt": 0.07717154514824698,
    "THE TEMPEST.txt": 0.017651574284536953,
    "THE TRAGEDY OF ANTONY AND CLEOPATRA.txt": 0.02590236958341835,
    "THE TRAGEDY OF CORIOLANUS.txt": 0.021417728428108185,
    "THE TRAGEDY OF HAMLET PRINCE OF DENMARK.txt": 0.013990227031851099,
    "THE TRAGEDY OF JULIUS CAESAR.txt": 0.07924889006022628,
    "THE TRAGEDY OF KING LEAR.txt": 0.086813254745646,
    "THE TRAGEDY OF MACBETH.txt": 0.07419268091337583,
    "THE TRAGEDY OF OTHELLO MOOR OF VENICE.txt": 0.01750650939063575,
    "THE TRAGEDY OF ROMEO AND JULIET.txt": 0.0830430673473539,
    "THE TRAGEDY OF TITUS ANDRONICUS.txt": 0.08657749405944853,
    "THE TWO GENTLEMEN OF VERONA.txt": 0.0820944177127122,
    "The Two Noble Kinsmen by Shakespeare.txt": 0.08571107348848855,
    "THE WINTERS TALE.txt": 0.0069293540173198664,
    "Venus and Adonis.txt": 0.08403239288860032
}