{
    "A LOVERS COMPLAINT.txt": 0.019392984624764853,
    "A MIDSUMMER NIGHT_S DREAM.txt": 0.1049323596447938,
    "A Yorkshire Tragedy by Shakespeare.txt": 0.06155983580059676,
    "Arden of Feversham.txt": 0.09838379737363168,
    "AS YOU LIKE IT.txt": 0.10846171531904847,
    "CYMBELINE.txt": 0.02824278358597937,
    "Fair Em by Shakespeare.txt": 0.06155983580059676,
    "KING EDWARD III by Shakespeare.txt": 0.06155983580059676,
    "King Henry IV, Part 1.txt": 0.07807544698789215,
    "KING HENRY V.txt": 0.08770916829798087,
    "KING HENRY VI part I.txt": 0.0901901627047717,
    "KING HENRY VI Part II.txt": 0.05378522791640633,
    "KING HENRY VI Part III.txt": 0.10846171531904847,
    "KING HENRY VIII.txt": 0.09637970572159166,
    "KING JOHN.txt": -0.11707263184356942,
    "KING RICHARD II.txt": 0.0901901627047717,
    "KING RICHARD III.txt": 0.07392424288679644,
    "Locrine Mucedorus by Shakespeare.txt": 0.0515441231527789,
    "Love_s Labour_s Lost.txt": 0.07409850049669059,
    "MEASURE FOR MEASURE.txt": 0.08588069176274171,
    "Merchant of Venice.txt": 0.09876390016907483,
    "MUCH ADO ABOUT NOTHING.txt": 0.08632138239284726,
    "PERICLES PRINCE OF TYRE.txt": 0.07105764592389874,
    "Sir John Oldcastle by Shakespeare.txt": 0.0901901627047717,
    "Sir Thomas More by Shakespeare.txt": 0.06155983580059676,
    "Taming of the Shrew.txt": 0.07285267404062051,
    "The Comedy of Errors.txt": -0.3530547850370942,
    "THE HISTORY OF TROILUS AND CRESSIDA.txt": 0.010788816848424532,
    "The Life and Death of the Lord Cromwell by Shakespeare.txt": 0.06155983580059676,
    "THE LIFE OF TIMON OF ATHENS.txt": 0.08392807466175484,
    "The London Prodigal.txt": 0.0901901627047717,
    "The Merry Devill of Edmonton by Shakespeare.txt": 0.10846171531904847,
    "THE MERRY WIVES OF WINDSOR.txt": 0.10846171531904847,
    "The Puritaine Widdow by Shakespeare.txt": 0.09313074966579293,
    "THE RAPE OF LUCRECE.txt": 0.06155983580059676,
    "THE TAMING OF THE SHREW.txt": 0.09419054860536358,
    "THE TEMPEST.txt": -0.04698178643417472,
    "THE TRAGEDY OF ANTONY AND CLEOPATRA.txt": 0.002536605044825002,
    "THE TRAGEDY OF CORIOLANUS.txt": 0.015663003837253497,
    "THE TRAGEDY OF HAMLET PRINCE OF DENMARK.txt": 0.0669671399187377,
    "THE TRAGEDY OF JULIUS CAESAR.txt": 0.074003088117777,
    "THE TRAGEDY OF KING LEAR.txt": 0.09094288371034209,
    "THE TRAGEDY OF MACBETH.txt": 0.08392807466175484,
    "THE TRAGEDY OF OTHELLO MOOR OF VENICE.txt": 0.0687033516828055,
    "THE TRAGEDY OF ROMEO AND JULIET.txt": 0.06400128395165583,
    "THE TRAGEDY OF TITUS ANDRONICUS.txt": 0.08348880968178274,
    "THE TWO GENTLEMEN OF VERONA.txt": 0.10054460219248157,
    "The Two Noble Kinsmen by Shakespeare.txt": 0.0515441231527789,
    "THE WINTERS TALE.txt": 0.0332335447630569,
    "Venus and Adonis.txt": 0.06155983580059676
}