{
    "A LOVERS COMPLAINT.txt": -0.2580962365368703,
    "A MIDSUMMER NIGHT_S DREAM.txt": 0.14238532139093896,
    "A Yorkshire Tragedy by Shakespeare.txt": 0.12626060446800474,
    "Arden of Feversham.txt": 0.14881563958761274,
    "AS YOU LIKE IT.txt": 0.15254307976149356,
    "CYMBELINE.txt": 0.13498907944709793,
    "Fair Em by Shakespeare.txt": 0.15896874762855312,
    "KING EDWARD III by Shakespeare.txt": 0.12595234565368235,
    "King Henry IV, Part 1.txt": 0.09526478620983692,
    "KING HENRY V.txt": 0.13685574098850384,
    "KING HENRY VI part I.txt": 0.13301360716928434,
    "KING HENRY VI Part II.txt": 0.10582854426097688,
    "KING HENRY VI Part III.txt": 0.12436685160092126,
    "KING HENRY VIII.txt": 0.12016611144469863,
    "KING JOHN.txt": 0.14349326130214723,
    "KING RICHARD II.txt": 0.15080348022453383,
    "KING RICHARD III.txt": 0.1362886313686948,
    "Locrine Mucedorus by Shakespeare.txt": 0.08482357953450703,
    "Love_s Labour_s Lost.txt": 0.1438993977903854,
    "MEASURE FOR MEASURE.txt": 0.12348733291568154,
    "Merchant of Venice.txt": 0.016486750096507685,
    "MUCH ADO ABOUT NOTHING.txt": 0.1496097947200164,
    "PERICLES PRINCE OF TYRE.txt": 0.12909411217289513,
    "Sir John Oldcastle by Shakespeare.txt": 0.13300532811646026,
    "Sir Thomas More by Shakespeare.txt": 0.13286516670733545,
    "Taming of the Shrew.txt": 0.15394831991948577,
    "The Comedy of Errors.txt": 0.13252353928813854,
    "THE HISTORY OF TROILUS AND CRESSIDA.txt": 0.15514741488892236,
    "The Life and Death of the Lord Cromwell by Shakespeare.txt": 0.14798253610976947,
    "THE LIFE OF TIMON OF ATHENS.txt": 0.15625322383086898,
    "The London Prodigal.txt": 0.03116812418100462,
    "The Merry Devill of Edmonton by Shakespeare.txt": 0.12413209886126486,
    "THE MERRY WIVES OF WINDSOR.txt": 0.13715900279269477,
    "The Puritaine Widdow by Shakespeare.txt": 0.13302283764013362,
    "THE RAPE OF LUCRECE.txt": 0.028259867776972925,
    "THE TAMING OF THE SHREW.txt": 0.1489294529571472,
    "THE TEMPEST.txt": 0.13018821292313298,
    "THE TRAGEDY OF ANTONY AND CLEOPATRA.txt": 0.14654396117718355,
    "THE TRAGEDY OF CORIOLANUS.txt": 0.16432769114550483,
    "THE TRAGEDY OF HAMLET PRINCE OF DENMARK.txt": 0.1558341573283305,
    "THE TRAGEDY OF JULIUS CAESAR.txt": 0.041293019931715025,
    "THE TRAGEDY OF KING LEAR.txt": 0.14081950017682882,
    "THE TRAGEDY OF MACBETH.txt": 0.12756471557810278,
    "THE TRAGEDY OF OTHELLO MOOR OF VENICE.txt": 0.08281238796980117,
    "THE TRAGEDY OF ROMEO AND JULIET.txt": 0.1445649476179458,
    "THE TRAGEDY OF TITUS ANDRONICUS.txt": 0.15880974840683904,
    "THE TWO GENTLEMEN OF VERONA.txt": 0.15103740771687635,
    "The Two Noble Kinsmen by Shakespeare.txt": 0.13198442144873707,
    "THE WINTERS TALE.txt": 0.14017415838141445,
    "Venus and Adonis.txt": 0.10192129834399521
}