{
    "A LOVERS COMPLAINT.txt": 0.02429432072411014,
    "A MIDSUMMER NIGHT_S DREAM.txt": 0.09416916113732166,
    "A Yorkshire Tragedy by Shakespeare.txt": 0.08330284895717416,
    "Arden of Feversham.txt": 0.06357370431983811,
    "AS YOU LIKE IT.txt": 0.05974318210917107,
    "CYMBELINE.txt": -0.010973242269567751,
    "Fair Em by Shakespeare.txt": 0.08330284895717416,
    "KING EDWARD III by Shakespeare.txt": 0.08330284895717416,
    "King Henry IV, Part 1.txt": 0.07750267115848597,
    "KING HENRY V.txt": 0.10221866327686929,
    "KING HENRY VI part I.txt": 0.08400717810855313,
    "KING HENRY VI Part II.txt": 0.07219064090412713,
    "KING HENRY VI Part III.txt": 0.07219064090412713,
    "KING HENRY VIII.txt": 0.10492400379113448,
    "KING JOHN.txt": -0.1807503018672375,
    "KING RICHARD II.txt": 0.07219064090412713,
    "KING RICHARD III.txt": 0.0615892197643344,
    "Locrine Mucedorus by Shakespeare.txt": 0.08400717810855313,
    "Love_s Labour_s Lost.txt": 0.07750267115848597,
    "MEASURE FOR MEASURE.txt": 0.0750383858311427,
    "Merchant of Venice.txt": 0.06655157497092479,
    "MUCH ADO ABOUT NOTHING.txt": 0.07956593113652205,
    "PERICLES PRINCE OF TYRE.txt": 0.09083991259241753,
    "Sir John Oldcastle by Shakespeare.txt": 0.08400717810855313,
    "Sir Thomas More by Shakespeare.txt": 0.08330284895717416,
    "Taming of the Shrew.txt": 0.0017798773440604876,
    "The Comedy of Errors.txt": -0.3280090747132316,
    "THE HISTORY OF TROILUS AND CRESSIDA.txt": 0.025386874284278327,
    "The Life and Death of the Lord Cromwell by Shakespeare.txt": 0.08330284895717416,
    "THE LIFE OF TIMON OF ATHENS.txt": 0.0879462945474282,
    "The London Prodigal.txt": 0.08400717810855313,
    "The Merry Devill of Edmonton by Shakespeare.txt": 0.08400717810855313,
    "THE MERRY WIVES OF WINDSOR.txt": 0.07219064090412713,
    "The Puritaine Widdow by Shakespeare.txt": 0.0981798780787877,
    "THE RAPE OF LUCRECE.txt": 0.08330284895717416,
    "THE TAMING OF THE SHREW.txt": 0.09756974156897746,
    "THE TEMPEST.txt": 0.024995734767272015,
    "THE TRAGEDY OF ANTONY AND CLEOPATRA.txt": 0.03999077057211664,
    "THE TRAGEDY OF CORIOLANUS.txt": 0.013199458091386451,
    "THE TRAGEDY OF HAMLET PRINCE OF DENMARK.txt": 0.010285363883283938,
    "THE TRAGEDY OF JULIUS CAESAR.txt": 0.09662383769963634,
    "THE TRAGEDY OF KING LEAR.txt": 0.09716111104624742,
    "THE TRAGEDY OF MACBETH.txt": 0.08701945195762772,
    "THE TRAGEDY OF OTHELLO MOOR OF VENICE.txt": 0.016317364720875693,
    "THE TRAGEDY OF ROMEO AND JULIET.txt": 0.07653058192229112,
    "THE TRAGEDY OF TITUS ANDRONICUS.txt": 0.07750267115848597,
    "THE TWO GENTLEMEN OF VERONA.txt": 0.09017457294906911,
    "The Two Noble Kinsmen by Shakespeare.txt": 0.08400717810855313,
    "THE WINTERS TALE.txt": 0.0035655767452468234,
    "Venus and Adonis.txt": 0.08330284895717416
}