{
    "A MIDSUMMER NIGHT_S DREAM.txt": 0.09838394359903252,
    "A Yorkshire Tragedy by Shakespeare.txt": 0.07371106696186852,
    "Arden of Feversham.txt": -0.06998273453159753,
    "AS YOU LIKE IT.txt": 0.049335935674260145,
    "CYMBELINE.txt": 0.11276016591076621,
    "Fair Em by Shakespeare.txt": 0.10523231748113193,
    "KING EDWARD III by Shakespeare.txt": 0.10666026530092337,
    "King Henry IV, Part 1.txt": 0.10412544146851965,
    "KING HENRY V.txt": 0.11237128099923349,
    "KING HENRY VI part I.txt": -0.07210232982055542,
    "KING HENRY VI Part II.txt": 0.12594096222704504,
    "KING HENRY VI Part III.txt": 0.12880488456302286,
    "KING HENRY VIII.txt": 0.12607713803740878,
    "KING JOHN.txt": 0.0994440216421647,
    "KING RICHARD II.txt": 0.09621862599123054,
    "KING RICHARD III.txt": 0.07350423189278266,
    "Locrine Mucedorus by Shakespeare.txt": 0.12733708891941758,
    "Love_s Labour_s Lost.txt": 0.08316783416893814,
    "MEASURE FOR MEASURE.txt": 0.10962187988692984,
    "Merchant of Venice.txt": 0.11447305355923781,
    "MUCH ADO ABOUT NOTHING.txt": 0.060043118638922366,
    "PERICLES PRINCE OF TYRE.txt": 0.11730711551266398,
    "Sir John Oldcastle by Shakespeare.txt": 0.09432191709763271,
    "Sir Thomas More by Shakespeare.txt": 0.09367240330976495,
    "Taming of the Shrew.txt": 0.08272061177572654,
    "The Comedy of Errors.txt": -0.28758248248821194,
    "THE HISTORY OF TROILUS AND CRESSIDA.txt": 0.09237379395808593,
    "The Life and Death of the Lord Cromwell by Shakespeare.txt": 0.09606806378756139,
    "THE LIFE OF TIMON OF ATHENS.txt": 0.11726864762539924,
    "The London Prodigal.txt": 0.08127549097603343,
    "The Merry Devill of Edmonton by Shakespeare.txt": 0.08066525821053727,
    "THE MERRY WIVES OF WINDSOR.txt": 0.11805636799485503,
    "The Puritaine Widdow by Shakespeare.txt": 0.0742114691412179,
    "THE RAPE OF LUCRECE.txt": -0.10628627554771608,
    "THE TAMING OF THE SHREW.txt": 0.07553852722844812,
    "THE TEMPEST.txt": 0.12132644900552969,
    "THE TRAGEDY OF ANTONY AND CLEOPATRA.txt": -0.029377448514455562,
    "THE TRAGEDY OF CORIOLANUS.txt": 0.13431300925896966,
    "THE TRAGEDY OF HAMLET PRINCE OF DENMARK.txt": 0.08330193346437786,
    "THE TRAGEDY OF JULIUS CAESAR.txt": -0.06917977796006136,
    "THE TRAGEDY OF KING LEAR.txt": 0.09641088221171601,
    "THE TRAGEDY OF MACBETH.txt": 0.10999292964283736,
    "THE TRAGEDY OF OTHELLO MOOR OF VENICE.txt": -0.04277056457324668,
    "THE TRAGEDY OF ROMEO AND JULIET.txt": 0.12118210647251809,
    "THE TRAGEDY OF TITUS ANDRONICUS.txt": 0.11282911721900035,
    "THE TWO GENTLEMEN OF VERONA.txt": 0.12059190481699678,
    "The Two Noble Kinsmen by Shakespeare.txt": -0.06811513864564767,
    "THE WINTERS TALE.txt": 0.09699975283849838,
    "Venus and Adonis.txt": -0.1343357624079059
}