{
    "A LOVERS COMPLAINT.txt": -0.00886072527320303,
    "A MIDSUMMER NIGHT_S DREAM.txt": 0.11782062269400251,
    "A Yorkshire Tragedy by Shakespeare.txt": 0.05653875731640873,
    "Arden of Feversham.txt": 0.08828568597639286,
    "AS YOU LIKE IT.txt": 0.10272536489888162,
    "CYMBELINE.txt": 0.11643188270034183,
    "Fair Em by Shakespeare.txt": 0.11523497905473701,
    "KING EDWARD III by Shakespeare.txt": 0.09697026925128865,
    "King Henry IV, Part 1.txt": 0.1328762118694966,
    "KING HENRY V.txt": 0.13888702930149394,
    "KING HENRY VI part I.txt": 0.05036907768609211,
    "KING HENRY VI Part II.txt": 0.13489648354347455,
    "KING HENRY VI Part III.txt": 0.14247687903877637,
    "KING HENRY VIII.txt": 0.11786835336690982,
    "KING JOHN.txt": 0.06547382559822618,
    "KING RICHARD II.txt": 0.1320117126687706,
    "KING RICHARD III.txt": 0.04010032267310415,
    "Locrine Mucedorus by Shakespeare.txt": 0.14635347625703377,
    "Love_s Labour_s Lost.txt": 0.13675777744553647,
    "MEASURE FOR MEASURE.txt": 0.14385235611854347,
    "Merchant of Venice.txt": 0.11023937187764632,
    "MUCH ADO ABOUT NOTHING.txt": 0.09440770453266456,
    "PERICLES PRINCE OF TYRE.txt": 0.12862250279125081,
    "Sir John Oldcastle by Shakespeare.txt": 0.1283428616128729,
    "Sir Thomas More by Shakespeare.txt": 0.13122412515473253,
    "Taming of the Shrew.txt": 0.15177216331994497,
    "The Comedy of Errors.txt": -0.17126285707244537,
    "THE HISTORY OF TROILUS AND CRESSIDA.txt": 0.09916628074459177,
    "The Life and Death of the Lord Cromwell by Shakespeare.txt": 0.13384521866308735,
    "THE LIFE OF TIMON OF ATHENS.txt": 0.1397488029401181,
    "The London Prodigal.txt": 0.10704737377928158,
    "The Merry Devill of Edmonton by Shakespeare.txt": 0.07738702174577283,
    "THE MERRY WIVES OF WINDSOR.txt": 0.13874735805817778,
    "The Puritaine Widdow by Shakespeare.txt": 0.11925821921829421,
    "THE RAPE OF LUCRECE.txt": 0.002078769033057204,
    "THE TAMING OF THE SHREW.txt": 0.12768695065145902,
    "THE TEMPEST.txt": 0.11394587404601747,
    "THE TRAGEDY OF ANTONY AND CLEOPATRA.txt": 0.0557615592749553,
    "THE TRAGEDY OF CORIOLANUS.txt": 0.14268517652412677,
    "THE TRAGEDY OF HAMLET PRINCE OF DENMARK.txt": 0.08135541273752017,
    "THE TRAGEDY OF JULIUS CAESAR.txt": 0.08925590281865742,
    "THE TRAGEDY OF KING LEAR.txt": 0.1368191271195877,
    "THE TRAGEDY OF MACBETH.txt": 0.12820043430748146,
    "THE TRAGEDY OF OTHELLO MOOR OF VENICE.txt": -0.04439438180445554,
    "THE TRAGEDY OF ROMEO AND JULIET.txt": 0.1431661525798389,
    "THE TRAGEDY OF TITUS ANDRONICUS.txt": 0.11049349025672411,
    "THE TWO GENTLEMEN OF VERONA.txt": 0.12431355498458013,
    "The Two Noble Kinsmen by Shakespeare.txt": 0.05319202562692915,
    "THE WINTERS TALE.txt": 0.11673658817118027,
    "Venus and Adonis.txt": -0.1734438232837613
}