{
    "A LOVERS COMPLAINT.txt": 0.018576465867642444,
    "A MIDSUMMER NIGHT_S DREAM.txt": 0.10376087483239443,
    "A Yorkshire Tragedy by Shakespeare.txt": 0.08900130700319514,
    "Arden of Feversham.txt": 0.10417445297825834,
    "AS YOU LIKE IT.txt": 0.11110604809629326,
    "CYMBELINE.txt": 0.11454870793389044,
    "Fair Em by Shakespeare.txt": 0.1257849011662177,
    "KING EDWARD III by Shakespeare.txt": 0.08800320464844202,
    "King Henry IV, Part 1.txt": 0.13677215702748668,
    "KING HENRY V.txt": 0.13048864789478687,
    "KING HENRY VI part I.txt": 0.07809173409994291,
    "KING HENRY VI Part II.txt": 0.1288093537130678,
    "KING HENRY VI Part III.txt": 0.14830984984498746,
    "KING HENRY VIII.txt": 0.13343295659573434,
    "KING JOHN.txt": 0.0743733222174075,
    "KING RICHARD II.txt": 0.12159813946159259,
    "KING RICHARD III.txt": 0.05505409759749924,
    "Locrine Mucedorus by Shakespeare.txt": 0.14095176333769255,
    "Love_s Labour_s Lost.txt": 0.13000996475912713,
    "MEASURE FOR MEASURE.txt": 0.11931165607334243,
    "Merchant of Venice.txt": 0.13264027356475433,
    "MUCH ADO ABOUT NOTHING.txt": 0.08986756132806284,
    "PERICLES PRINCE OF TYRE.txt": 0.11563247921637798,
    "Sir John Oldcastle by Shakespeare.txt": 0.12391157553258875,
    "Sir Thomas More by Shakespeare.txt": 0.12214567950131922,
    "Taming of the Shrew.txt": 0.13060568333884492,
    "The Comedy of Errors.txt": -0.17040188744345475,
    "THE HISTORY OF TROILUS AND CRESSIDA.txt": 0.10761970926587339,
    "The Life and Death of the Lord Cromwell by Shakespeare.txt": 0.11526666171806743,
    "THE LIFE OF TIMON OF ATHENS.txt": 0.12520796395442235,
    "The London Prodigal.txt": 0.10248594288713275,
    "The Merry Devill of Edmonton by Shakespeare.txt": 0.10102092816030434,
    "THE MERRY WIVES OF WINDSOR.txt": 0.10876694457534108,
    "The Puritaine Widdow by Shakespeare.txt": 0.12029243062521777,
    "THE RAPE OF LUCRECE.txt": 0.008796960059602232,
    "THE TAMING OF THE SHREW.txt": 0.1379972949142959,
    "THE TEMPEST.txt": 0.11916114167395142,
    "THE TRAGEDY OF ANTONY AND CLEOPATRA.txt": 0.06542921793069395,
    "THE TRAGEDY OF CORIOLANUS.txt": 0.13076650029340525,
    "THE TRAGEDY OF HAMLET PRINCE OF DENMARK.txt": 0.09793156781052281,
    "THE TRAGEDY OF JULIUS CAESAR.txt": 0.11742666100997373,
    "THE TRAGEDY OF KING LEAR.txt": 0.12129208680181935,
    "THE TRAGEDY OF MACBETH.txt": 0.1481305350350554,
    "THE TRAGEDY OF OTHELLO MOOR OF VENICE.txt": -0.013626243466990817,
    "THE TRAGEDY OF ROMEO AND JULIET.txt": 0.15020871125529084,
    "THE TRAGEDY OF TITUS ANDRONICUS.txt": 0.11639440582323257,
    "THE TWO GENTLEMEN OF VERONA.txt": 0.12862017334745268,
    "The Two Noble Kinsmen by Shakespeare.txt": 0.06228974457337544,
    "THE WINTERS TALE.txt": 0.12706757128938762,
    "Venus and Adonis.txt": -0.14943921766400192
}