{
    "A LOVERS COMPLAINT.txt": -0.00024076783884541264,
    "A MIDSUMMER NIGHT_S DREAM.txt": 0.13959722230444022,
    "A Yorkshire Tragedy by Shakespeare.txt": 0.08189872286740751,
    "Arden of Feversham.txt": 0.09809576404568032,
    "AS YOU LIKE IT.txt": 0.12889898567238128,
    "CYMBELINE.txt": 0.15044031696125176,
    "Fair Em by Shakespeare.txt": 0.12975684246693597,
    "KING EDWARD III by Shakespeare.txt": 0.11433243151524691,
    "King Henry IV, Part 1.txt": 0.1529215801766981,
    "KING HENRY V.txt": 0.1482461637572277,
    "KING HENRY VI part I.txt": 0.08413444652925395,
    "KING HENRY VI Part II.txt": 0.14806317858387313,
    "KING HENRY VI Part III.txt": 0.1439769959697797,
    "KING HENRY VIII.txt": 0.14068090532852262,
    "KING JOHN.txt": 0.048804355539070254,
    "KING RICHARD II.txt": 0.13194401776426296,
    "KING RICHARD III.txt": 0.05925769552843679,
    "Locrine Mucedorus by Shakespeare.txt": 0.1511962063328937,
    "Love_s Labour_s Lost.txt": 0.1380027744873411,
    "MEASURE FOR MEASURE.txt": 0.13269292641410108,
    "Merchant of Venice.txt": 0.11569782853142524,
    "MUCH ADO ABOUT NOTHING.txt": 0.10897298932796284,
    "PERICLES PRINCE OF TYRE.txt": 0.12956766545949655,
    "Sir John Oldcastle by Shakespeare.txt": 0.13414707315203234,
    "Sir Thomas More by Shakespeare.txt": 0.13185900931240763,
    "Taming of the Shrew.txt": 0.13722465381164733,
    "The Comedy of Errors.txt": -0.19183782319219034,
    "THE HISTORY OF TROILUS AND CRESSIDA.txt": 0.11519130764915875,
    "The Life and Death of the Lord Cromwell by Shakespeare.txt": 0.13014224091828075,
    "THE LIFE OF TIMON OF ATHENS.txt": 0.14773488694684356,
    "The London Prodigal.txt": 0.12091053435401222,
    "The Merry Devill of Edmonton by Shakespeare.txt": 0.07508418867235755,
    "THE MERRY WIVES OF WINDSOR.txt": 0.14109755414492947,
    "The Puritaine Widdow by Shakespeare.txt": 0.1222623407846622,
    "THE RAPE OF LUCRECE.txt": 0.009042217360589688,
    "THE TAMING OF THE SHREW.txt": 0.14322368303417576,
    "THE TEMPEST.txt": 0.11762710958460804,
    "THE TRAGEDY OF ANTONY AND CLEOPATRA.txt": 0.08626817536061604,
    "THE TRAGEDY OF CORIOLANUS.txt": 0.1511318725273635,
    "THE TRAGEDY OF HAMLET PRINCE OF DENMARK.txt": 0.0863348744051286,
    "THE TRAGEDY OF JULIUS CAESAR.txt": 0.11576051101647933,
    "THE TRAGEDY OF KING LEAR.txt": 0.1370338889378369,
    "THE TRAGEDY OF MACBETH.txt": 0.12184660974145506,
    "THE TRAGEDY OF OTHELLO MOOR OF VENICE.txt": -0.04973422161269758,
    "THE TRAGEDY OF ROMEO AND JULIET.txt": 0.14430305937825172,
    "THE TRAGEDY OF TITUS ANDRONICUS.txt": 0.13709809744796375,
    "THE TWO GENTLEMEN OF VERONA.txt": 0.13014203097724475,
    "The Two Noble Kinsmen by Shakespeare.txt": 0.07497803265525232,
    "THE WINTERS TALE.txt": 0.1392360049071421,
    "Venus and Adonis.txt": -0.1885408930465493
}