{
    "A LOVERS COMPLAINT.txt": -0.004540225628920869,
    "A MIDSUMMER NIGHT_S DREAM.txt": 0.10687902031686669,
    "A Yorkshire Tragedy by Shakespeare.txt": 0.05890756103847,
    "Arden of Feversham.txt": 0.09653792399720718,
    "AS YOU LIKE IT.txt": 0.12166092954756091,
    "CYMBELINE.txt": 0.12382948128762633,
    "Fair Em by Shakespeare.txt": 0.12698606498789805,
    "KING EDWARD III by Shakespeare.txt": 0.10175725869747071,
    "King Henry IV, Part 1.txt": 0.1362853437844067,
    "KING HENRY V.txt": 0.13829730261095452,
    "KING HENRY VI part I.txt": 0.05252840452047308,
    "KING HENRY VI Part II.txt": 0.1440566539121677,
    "KING HENRY VI Part III.txt": 0.13985484703305268,
    "KING HENRY VIII.txt": 0.1442378632013126,
    "KING JOHN.txt": 0.06781011020068273,
    "KING RICHARD II.txt": 0.12490345985225876,
    "KING RICHARD III.txt": 0.05284114573348392,
    "Locrine Mucedorus by Shakespeare.txt": 0.13865241706309328,
    "Love_s Labour_s Lost.txt": 0.1425133256172778,
    "MEASURE FOR MEASURE.txt": 0.1423984395026473,
    "Merchant of Venice.txt": 0.09936432292327063,
    "MUCH ADO ABOUT NOTHING.txt": 0.1018192758272915,
    "PERICLES PRINCE OF TYRE.txt": 0.12927458287469662,
    "Sir John Oldcastle by Shakespeare.txt": 0.10836692490782496,
    "Sir Thomas More by Shakespeare.txt": 0.11995823883697909,
    "Taming of the Shrew.txt": 0.1379524625655334,
    "The Comedy of Errors.txt": -0.1779713786140158,
    "THE HISTORY OF TROILUS AND CRESSIDA.txt": 0.0953940758139446,
    "The Life and Death of the Lord Cromwell by Shakespeare.txt": 0.1241994609717108,
    "THE LIFE OF TIMON OF ATHENS.txt": 0.13034162117821418,
    "The London Prodigal.txt": 0.1046378175041629,
    "The Merry Devill of Edmonton by Shakespeare.txt": 0.07496111275530226,
    "THE MERRY WIVES OF WINDSOR.txt": 0.1343712839290095,
    "The Puritaine Widdow by Shakespeare.txt": 0.11485462641164979,
    "THE RAPE OF LUCRECE.txt": -0.015099770316477579,
    "THE TAMING OF THE SHREW.txt": 0.1380742039210479,
    "THE TEMPEST.txt": 0.1259024938863454,
    "THE TRAGEDY OF ANTONY AND CLEOPATRA.txt": 0.051922474719914236,
    "THE TRAGEDY OF CORIOLANUS.txt": 0.11968597851266743,
    "THE TRAGEDY OF HAMLET PRINCE OF DENMARK.txt": 0.08307422315732471,
    "THE TRAGEDY OF JULIUS CAESAR.txt": 0.09803307826243396,
    "THE TRAGEDY OF KING LEAR.txt": 0.12096121476026445,
    "THE TRAGEDY OF MACBETH.txt": 0.12385453294713578,
    "THE TRAGEDY OF OTHELLO MOOR OF VENICE.txt": -0.04251948197585653,
    "THE TRAGEDY OF ROMEO AND JULIET.txt": 0.12836435312884514,
    "THE TRAGEDY OF TITUS ANDRONICUS.txt": 0.12543845699083678,
    "THE TWO GENTLEMEN OF VERONA.txt": 0.15207988863415178,
    "The Two Noble Kinsmen by Shakespeare.txt": 0.0705713162187322,
    "THE WINTERS TALE.txt": 0.1386848766545548,
    "Venus and Adonis.txt": -0.17271086574913863
}