{
    "A MIDSUMMER NIGHT_S DREAM.txt": 0.10675993776584608,
    "A Yorkshire Tragedy by Shakespeare.txt": 0.06479134313018842,
    "Arden of Feversham.txt": -0.07829533454225268,
    "AS YOU LIKE IT.txt": 0.09421677085551988,
    "CYMBELINE.txt": 0.12855471168685,
    "Fair Em by Shakespeare.txt": 0.08721994632551838,
    "KING EDWARD III by Shakespeare.txt": 0.10968243550886353,
    "King Henry IV, Part 1.txt": 0.10135266042601487,
    "KING HENRY V.txt": 0.09828106869682157,
    "KING HENRY VI part I.txt": -0.04067357948256067,
    "KING HENRY VI Part II.txt": 0.11391901464304727,
    "KING HENRY VI Part III.txt": 0.1312104810931935,
    "KING HENRY VIII.txt": 0.11704880905504034,
    "KING JOHN.txt": 0.10595555153636882,
    "KING RICHARD II.txt": 0.11133613170069612,
    "KING RICHARD III.txt": 0.07531915467818501,
    "Locrine Mucedorus by Shakespeare.txt": 0.12035616969733642,
    "Love_s Labour_s Lost.txt": 0.1067320700431959,
    "MEASURE FOR MEASURE.txt": 0.12001384704931628,
    "Merchant of Venice.txt": 0.12573316284518427,
    "MUCH ADO ABOUT NOTHING.txt": 0.07524746217639222,
    "PERICLES PRINCE OF TYRE.txt": 0.1296499999672316,
    "Sir John Oldcastle by Shakespeare.txt": 0.10225050320573309,
    "Sir Thomas More by Shakespeare.txt": 0.1166288651729635,
    "Taming of the Shrew.txt": 0.08565071066186103,
    "The Comedy of Errors.txt": -0.280532297205234,
    "THE HISTORY OF TROILUS AND CRESSIDA.txt": 0.08241298202275743,
    "The Life and Death of the Lord Cromwell by Shakespeare.txt": 0.09550890492562053,
    "THE LIFE OF TIMON OF ATHENS.txt": 0.10604566006598337,
    "The London Prodigal.txt": 0.09078466951180525,
    "The Merry Devill of Edmonton by Shakespeare.txt": 0.10036856225246904,
    "THE MERRY WIVES OF WINDSOR.txt": 0.1180023438714416,
    "The Puritaine Widdow by Shakespeare.txt": 0.06809097377971518,
    "THE RAPE OF LUCRECE.txt": -0.07778213400137712,
    "THE TAMING OF THE SHREW.txt": 0.07120704802433708,
    "THE TEMPEST.txt": 0.12826664454593634,
    "THE TRAGEDY OF ANTONY AND CLEOPATRA.txt": -0.006957862739526921,
    "THE TRAGEDY OF CORIOLANUS.txt": 0.12081233095723559,
    "THE TRAGEDY OF HAMLET PRINCE OF DENMARK.txt": 0.09480716748896745,
    "THE TRAGEDY OF JULIUS CAESAR.txt": -0.05443668777029287,
    "THE TRAGEDY OF KING LEAR.txt": 0.1115278800624997,
    "THE TRAGEDY OF MACBETH.txt": 0.11407625024993046,
    "THE TRAGEDY OF OTHELLO MOOR OF VENICE.txt": -0.020109870019984655,
    "THE TRAGEDY OF ROMEO AND JULIET.txt": 0.10789448749412645,
    "THE TRAGEDY OF TITUS ANDRONICUS.txt": 0.09832271769612272,
    "THE TWO GENTLEMEN OF VERONA.txt": 0.12574406400967725,
    "The Two Noble Kinsmen by Shakespeare.txt": -0.040021748884169206,
    "THE WINTERS TALE.txt": 0.09468161479425463,
    "Venus and Adonis.txt": -0.1263029358219382
}