{
    "A MIDSUMMER NIGHT_S DREAM.txt": 0.049299976035391935,
    "A Yorkshire Tragedy by Shakespeare.txt": 0.11178172137012915,
    "Arden of Feversham.txt": 0.06364854574969925,
    "AS YOU LIKE IT.txt": 0.10332552026770087,
    "CYMBELINE.txt": 0.10534402807375665,
    "Fair Em by Shakespeare.txt": 0.10062983354466021,
    "KING EDWARD III by Shakespeare.txt": 0.021910787661040265,
    "King Henry IV, Part 1.txt": 0.10844679932046047,
    "KING HENRY V.txt": 0.05209384961691288,
    "KING HENRY VI part I.txt": -0.251964741004408,
    "KING HENRY VI Part II.txt": 0.10045702495062198,
    "KING HENRY VI Part III.txt": 0.11571062218673006,
    "KING HENRY VIII.txt": 0.10509815634101671,
    "KING JOHN.txt": 0.08850327318751305,
    "KING RICHARD II.txt": 0.08671648701430057,
    "KING RICHARD III.txt": 0.09589849403390283,
    "Locrine Mucedorus by Shakespeare.txt": 0.08694808330673881,
    "Love_s Labour_s Lost.txt": 0.11138926824399314,
    "MEASURE FOR MEASURE.txt": 0.08442699135082021,
    "Merchant of Venice.txt": 0.11362746940719975,
    "MUCH ADO ABOUT NOTHING.txt": 0.05955949115226711,
    "PERICLES PRINCE OF TYRE.txt": 0.07199114272462603,
    "Sir John Oldcastle by Shakespeare.txt": 0.10361200227264672,
    "Sir Thomas More by Shakespeare.txt": 0.10284171712592188,
    "Taming of the Shrew.txt": 0.08478314009983201,
    "The Comedy of Errors.txt": 0.10900490033980864,
    "THE HISTORY OF TROILUS AND CRESSIDA.txt": 0.018541906549169873,
    "The Life and Death of the Lord Cromwell by Shakespeare.txt": 0.10706634410793797,
    "THE LIFE OF TIMON OF ATHENS.txt": 0.07625171128527847,
    "The London Prodigal.txt": 0.08576762306828756,
    "The Merry Devill of Edmonton by Shakespeare.txt": 0.1003264533871594,
    "THE MERRY WIVES OF WINDSOR.txt": 0.07414448360151299,
    "The Puritaine Widdow by Shakespeare.txt": 0.10858289862559473,
    "THE RAPE OF LUCRECE.txt": -0.11728857844431795,
    "THE TAMING OF THE SHREW.txt": 0.045285428755843904,
    "THE TEMPEST.txt": 0.09097469680445186,
    "THE TRAGEDY OF ANTONY AND CLEOPATRA.txt": 0.05060412513630441,
    "THE TRAGEDY OF CORIOLANUS.txt": -0.007735666723426737,
    "THE TRAGEDY OF HAMLET PRINCE OF DENMARK.txt": 0.0954706137865931,
    "THE TRAGEDY OF JULIUS CAESAR.txt": 0.08456318246790656,
    "THE TRAGEDY OF KING LEAR.txt": 0.07730695785037273,
    "THE TRAGEDY OF MACBETH.txt": 0.11239904130661416,
    "THE TRAGEDY OF OTHELLO MOOR OF VENICE.txt": 0.08778237869843558,
    "THE TRAGEDY OF ROMEO AND JULIET.txt": 0.0886831932551973,
    "THE TRAGEDY OF TITUS ANDRONICUS.txt": 0.09353833783960053,
    "THE TWO GENTLEMEN OF VERONA.txt": 0.0702996965739065,
    "The Two Noble Kinsmen by Shakespeare.txt": 0.08472572708799025,
    "THE WINTERS TALE.txt": 0.09884225489752035,
    "Venus and Adonis.txt": -0.041964033323172334
}