{
    "A LOVERS COMPLAINT.txt": -0.0629944376693834,
    "A MIDSUMMER NIGHT_S DREAM.txt": 0.07998815820260058,
    "A Yorkshire Tragedy by Shakespeare.txt": 0.1092656632987637,
    "Arden of Feversham.txt": 0.12047375718191022,
    "AS YOU LIKE IT.txt": 0.14588616560429535,
    "CYMBELINE.txt": 0.13257450447409674,
    "Fair Em by Shakespeare.txt": 0.11878748858945354,
    "KING EDWARD III by Shakespeare.txt": 0.1321476986611354,
    "King Henry IV, Part 1.txt": 0.1553428432390891,
    "KING HENRY V.txt": 0.13523992135251922,
    "KING HENRY VI part I.txt": 0.02303846870290399,
    "KING HENRY VI Part II.txt": 0.13929531526007993,
    "KING HENRY VI Part III.txt": 0.14236505692147988,
    "KING HENRY VIII.txt": 0.1483880628133476,
    "KING JOHN.txt": -0.11145729419025996,
    "KING RICHARD II.txt": 0.1509678328932727,
    "KING RICHARD III.txt": 0.16426373139318073,
    "Locrine Mucedorus by Shakespeare.txt": 0.08858705429130076,
    "Love_s Labour_s Lost.txt": 0.12737958908185582,
    "MEASURE FOR MEASURE.txt": 0.14980194733292557,
    "Merchant of Venice.txt": 0.13003763848782718,
    "MUCH ADO ABOUT NOTHING.txt": 0.10553068828655121,
    "PERICLES PRINCE OF TYRE.txt": 0.13783819109424222,
    "Sir John Oldcastle by Shakespeare.txt": 0.1548221857036845,
    "Sir Thomas More by Shakespeare.txt": 0.13585032494227312,
    "Taming of the Shrew.txt": 0.13712334073991367,
    "The Comedy of Errors.txt": 0.15218013654294438,
    "THE HISTORY OF TROILUS AND CRESSIDA.txt": 0.11970353600522743,
    "The Life and Death of the Lord Cromwell by Shakespeare.txt": 0.10728162229472199,
    "THE LIFE OF TIMON OF ATHENS.txt": 0.14260659159712125,
    "The London Prodigal.txt": 0.06416455400585325,
    "The Merry Devill of Edmonton by Shakespeare.txt": 0.12192130200898077,
    "THE MERRY WIVES OF WINDSOR.txt": 0.14590959031104667,
    "The Puritaine Widdow by Shakespeare.txt": 0.12271720460999636,
    "THE RAPE OF LUCRECE.txt": 0.11284937562759068,
    "THE TAMING OF THE SHREW.txt": 0.1455531409577015,
    "THE TEMPEST.txt": 0.1308291213207804,
    "THE TRAGEDY OF ANTONY AND CLEOPATRA.txt": 0.1141806099890409,
    "THE TRAGEDY OF CORIOLANUS.txt": 0.10549120875208928,
    "THE TRAGEDY OF HAMLET PRINCE OF DENMARK.txt": 0.12297831656010794,
    "THE TRAGEDY OF JULIUS CAESAR.txt": 0.15080754244893863,
    "THE TRAGEDY OF KING LEAR.txt": 0.09530693968716908,
    "THE TRAGEDY OF MACBETH.txt": 0.12678230455863998,
    "THE TRAGEDY OF OTHELLO MOOR OF VENICE.txt": 0.14842948283762858,
    "THE TRAGEDY OF ROMEO AND JULIET.txt": 0.13147217855831317,
    "THE TRAGEDY OF TITUS ANDRONICUS.txt": 0.15120874269454165,
    "THE TWO GENTLEMEN OF VERONA.txt": 0.1425939640847365,
    "The Two Noble Kinsmen by Shakespeare.txt": 0.13409206560841497,
    "THE WINTERS TALE.txt": 0.14245545816947458,
    "Venus and Adonis.txt": 0.09016974279746925
}