{
    "A MIDSUMMER NIGHT_S DREAM.txt": 0.04096094668799066,
    "A Yorkshire Tragedy by Shakespeare.txt": 0.0774292496135266,
    "Arden of Feversham.txt": 0.04236429233317612,
    "AS YOU LIKE IT.txt": 0.09387681985797747,
    "CYMBELINE.txt": 0.09638681133984839,
    "Fair Em by Shakespeare.txt": 0.08870952898491363,
    "KING EDWARD III by Shakespeare.txt": 0.021394614706592374,
    "King Henry IV, Part 1.txt": 0.10703798553276628,
    "KING HENRY V.txt": 0.013639504338063657,
    "KING HENRY VI part I.txt": -0.24112598898080984,
    "KING HENRY VI Part II.txt": 0.07281475674440685,
    "KING HENRY VI Part III.txt": 0.1013330262976736,
    "KING HENRY VIII.txt": 0.09992884999532087,
    "KING JOHN.txt": 0.06878180791387928,
    "KING RICHARD II.txt": 0.08927328979657989,
    "KING RICHARD III.txt": 0.07844872489107363,
    "Locrine Mucedorus by Shakespeare.txt": 0.08094937444182876,
    "Love_s Labour_s Lost.txt": 0.10242129236692454,
    "MEASURE FOR MEASURE.txt": 0.07934469014784157,
    "Merchant of Venice.txt": 0.11142749543992353,
    "MUCH ADO ABOUT NOTHING.txt": 0.03732093807351666,
    "PERICLES PRINCE OF TYRE.txt": 0.0879175444963134,
    "Sir John Oldcastle by Shakespeare.txt": 0.09364877146529765,
    "Sir Thomas More by Shakespeare.txt": 0.09393240919151596,
    "Taming of the Shrew.txt": 0.08514088319208768,
    "The Comedy of Errors.txt": 0.0992907655044521,
    "THE HISTORY OF TROILUS AND CRESSIDA.txt": 0.015296547325227006,
    "The Life and Death of the Lord Cromwell by Shakespeare.txt": 0.09113423644400087,
    "THE LIFE OF TIMON OF ATHENS.txt": 0.106709965067952,
    "The London Prodigal.txt": 0.07059598694801522,
    "The Merry Devill of Edmonton by Shakespeare.txt": 0.09811727836277268,
    "THE MERRY WIVES OF WINDSOR.txt": 0.09054137548003549,
    "The Puritaine Widdow by Shakespeare.txt": 0.07297550068652509,
    "THE RAPE OF LUCRECE.txt": -0.10667123190096883,
    "THE TAMING OF THE SHREW.txt": 0.03682636040526782,
    "THE TEMPEST.txt": 0.10615966840635083,
    "THE TRAGEDY OF ANTONY AND CLEOPATRA.txt": 0.027980799018010705,
    "THE TRAGEDY OF CORIOLANUS.txt": -0.031110895350357604,
    "THE TRAGEDY OF HAMLET PRINCE OF DENMARK.txt": 0.10093169317154438,
    "THE TRAGEDY OF JULIUS CAESAR.txt": 0.07183693290367266,
    "THE TRAGEDY OF KING LEAR.txt": 0.06573446539933486,
    "THE TRAGEDY OF MACBETH.txt": 0.08850914770710433,
    "THE TRAGEDY OF OTHELLO MOOR OF VENICE.txt": 0.09620118490894075,
    "THE TRAGEDY OF ROMEO AND JULIET.txt": 0.10213306595717264,
    "THE TRAGEDY OF TITUS ANDRONICUS.txt": 0.09311704107272967,
    "THE TWO GENTLEMEN OF VERONA.txt": 0.06957472011097743,
    "The Two Noble Kinsmen by Shakespeare.txt": 0.08596210096739176,
    "THE WINTERS TALE.txt": 0.09633117150027615,
    "Venus and Adonis.txt": -0.035093995540608436
}