{
    "A LOVERS COMPLAINT.txt": -0.03552599931360134,
    "A MIDSUMMER NIGHT_S DREAM.txt": 0.09033397954361189,
    "A Yorkshire Tragedy by Shakespeare.txt": 0.11895429794556961,
    "Arden of Feversham.txt": 0.15392154820880927,
    "AS YOU LIKE IT.txt": 0.1468901576921931,
    "CYMBELINE.txt": 0.15483211281457449,
    "Fair Em by Shakespeare.txt": 0.12518030514050688,
    "KING EDWARD III by Shakespeare.txt": 0.13335070639990554,
    "King Henry IV, Part 1.txt": 0.15407733710424049,
    "KING HENRY V.txt": 0.13974261396024196,
    "KING HENRY VI part I.txt": 0.06107671238850132,
    "KING HENRY VI Part II.txt": 0.14774931815054632,
    "KING HENRY VI Part III.txt": 0.14985872857812554,
    "KING HENRY VIII.txt": 0.160332603506181,
    "KING JOHN.txt": -0.10942033536764051,
    "KING RICHARD II.txt": 0.13662403339545287,
    "KING RICHARD III.txt": 0.1606388204170356,
    "Locrine Mucedorus by Shakespeare.txt": 0.11844025278680687,
    "Love_s Labour_s Lost.txt": 0.14314942170613526,
    "MEASURE FOR MEASURE.txt": 0.14879294242754876,
    "Merchant of Venice.txt": 0.1520839421608136,
    "MUCH ADO ABOUT NOTHING.txt": 0.11791540205228762,
    "PERICLES PRINCE OF TYRE.txt": 0.12002670371803442,
    "Sir John Oldcastle by Shakespeare.txt": 0.1639710844344895,
    "Sir Thomas More by Shakespeare.txt": 0.13499901929123137,
    "Taming of the Shrew.txt": 0.1525039457382218,
    "The Comedy of Errors.txt": 0.15819914219364362,
    "THE HISTORY OF TROILUS AND CRESSIDA.txt": 0.12530022708537952,
    "The Life and Death of the Lord Cromwell by Shakespeare.txt": 0.1347077368213584,
    "THE LIFE OF TIMON OF ATHENS.txt": 0.14358684422584378,
    "The London Prodigal.txt": 0.0956567026543112,
    "The Merry Devill of Edmonton by Shakespeare.txt": 0.11787428345635853,
    "THE MERRY WIVES OF WINDSOR.txt": 0.15036893622851677,
    "The Puritaine Widdow by Shakespeare.txt": 0.13039764598110432,
    "THE RAPE OF LUCRECE.txt": 0.13284879724842058,
    "THE TAMING OF THE SHREW.txt": 0.14138377020814413,
    "THE TEMPEST.txt": 0.1576991076331457,
    "THE TRAGEDY OF ANTONY AND CLEOPATRA.txt": 0.11836537008814457,
    "THE TRAGEDY OF CORIOLANUS.txt": 0.11926178986418196,
    "THE TRAGEDY OF HAMLET PRINCE OF DENMARK.txt": 0.11884179761086117,
    "THE TRAGEDY OF JULIUS CAESAR.txt": 0.13333127878558232,
    "THE TRAGEDY OF KING LEAR.txt": 0.14104014217227734,
    "THE TRAGEDY OF MACBETH.txt": 0.1417819052477846,
    "THE TRAGEDY OF OTHELLO MOOR OF VENICE.txt": 0.16184522015693942,
    "THE TRAGEDY OF ROMEO AND JULIET.txt": 0.1309380016755794,
    "THE TRAGEDY OF TITUS ANDRONICUS.txt": 0.14712166321942122,
    "THE TWO GENTLEMEN OF VERONA.txt": 0.12829764387178677,
    "The Two Noble Kinsmen by Shakespeare.txt": 0.15113728243847968,
    "THE WINTERS TALE.txt": 0.15105113276019422,
    "Venus and Adonis.txt": 0.11573843465037198
}