{
    "A LOVERS COMPLAINT.txt": -0.08915100845038049,
    "A MIDSUMMER NIGHT_S DREAM.txt": 0.07017927377248406,
    "A Yorkshire Tragedy by Shakespeare.txt": 0.09543013749941937,
    "Arden of Feversham.txt": 0.14169416548831348,
    "AS YOU LIKE IT.txt": 0.12712586728092368,
    "CYMBELINE.txt": 0.14547176365765396,
    "Fair Em by Shakespeare.txt": 0.11402751388882537,
    "KING EDWARD III by Shakespeare.txt": 0.12752466452393002,
    "King Henry IV, Part 1.txt": 0.15272421710522194,
    "KING HENRY V.txt": 0.1445862440363611,
    "KING HENRY VI part I.txt": 0.05294654809141491,
    "KING HENRY VI Part II.txt": 0.13106946493158939,
    "KING HENRY VI Part III.txt": 0.1488881287379331,
    "KING HENRY VIII.txt": 0.1599064139346465,
    "KING JOHN.txt": -0.11223167569366987,
    "KING RICHARD II.txt": 0.1575245485491164,
    "KING RICHARD III.txt": 0.13911015883383243,
    "Locrine Mucedorus by Shakespeare.txt": 0.09478477151795889,
    "Love_s Labour_s Lost.txt": 0.11231288681274088,
    "MEASURE FOR MEASURE.txt": 0.15529063826154477,
    "Merchant of Venice.txt": 0.14051631425678995,
    "MUCH ADO ABOUT NOTHING.txt": 0.09344601566962296,
    "PERICLES PRINCE OF TYRE.txt": 0.13105536048179778,
    "Sir John Oldcastle by Shakespeare.txt": 0.15556577814042327,
    "Sir Thomas More by Shakespeare.txt": 0.1105758631695773,
    "Taming of the Shrew.txt": 0.15718685538194832,
    "The Comedy of Errors.txt": 0.15922627471569784,
    "THE HISTORY OF TROILUS AND CRESSIDA.txt": 0.13899065586842868,
    "The Life and Death of the Lord Cromwell by Shakespeare.txt": 0.130144700545413,
    "THE LIFE OF TIMON OF ATHENS.txt": 0.15039183167843811,
    "The London Prodigal.txt": 0.07171984783177388,
    "The Merry Devill of Edmonton by Shakespeare.txt": 0.12150280217533099,
    "THE MERRY WIVES OF WINDSOR.txt": 0.14208402311153107,
    "The Puritaine Widdow by Shakespeare.txt": 0.13880636474143243,
    "THE RAPE OF LUCRECE.txt": 0.11942052574034828,
    "THE TAMING OF THE SHREW.txt": 0.14203298361238753,
    "THE TEMPEST.txt": 0.11917760645521824,
    "THE TRAGEDY OF ANTONY AND CLEOPATRA.txt": 0.10655022218825116,
    "THE TRAGEDY OF CORIOLANUS.txt": 0.09630741693676598,
    "THE TRAGEDY OF HAMLET PRINCE OF DENMARK.txt": 0.10348353661062909,
    "THE TRAGEDY OF JULIUS CAESAR.txt": 0.14889134239998203,
    "THE TRAGEDY OF KING LEAR.txt": 0.13000073949477997,
    "THE TRAGEDY OF MACBETH.txt": 0.10964026513292824,
    "THE TRAGEDY OF OTHELLO MOOR OF VENICE.txt": 0.15131716618828928,
    "THE TRAGEDY OF ROMEO AND JULIET.txt": 0.13147283933127318,
    "THE TRAGEDY OF TITUS ANDRONICUS.txt": 0.1316217976168681,
    "THE TWO GENTLEMEN OF VERONA.txt": 0.1390532634357325,
    "The Two Noble Kinsmen by Shakespeare.txt": 0.1294770069030205,
    "THE WINTERS TALE.txt": 0.13234549654309935,
    "Venus and Adonis.txt": 0.09400810980794683
}