{
    "A LOVERS COMPLAINT.txt": -0.07520029641860282,
    "A MIDSUMMER NIGHT_S DREAM.txt": 0.09914099536621995,
    "A Yorkshire Tragedy by Shakespeare.txt": 0.11607142508977103,
    "Arden of Feversham.txt": 0.1360046999067423,
    "AS YOU LIKE IT.txt": 0.1342775652886809,
    "CYMBELINE.txt": 0.15571770070527258,
    "Fair Em by Shakespeare.txt": 0.1097370961915502,
    "KING EDWARD III by Shakespeare.txt": 0.1384559049063619,
    "King Henry IV, Part 1.txt": 0.14504510708109725,
    "KING HENRY V.txt": 0.1510376794564955,
    "KING HENRY VI part I.txt": 0.06068191374997495,
    "KING HENRY VI Part II.txt": 0.13276512708511373,
    "KING HENRY VI Part III.txt": 0.12242977436098768,
    "KING HENRY VIII.txt": 0.15564666462880877,
    "KING JOHN.txt": -0.1143252827944371,
    "KING RICHARD II.txt": 0.14968811325469566,
    "KING RICHARD III.txt": 0.13692789394048382,
    "Locrine Mucedorus by Shakespeare.txt": 0.10714191287355318,
    "Love_s Labour_s Lost.txt": 0.13612274067918279,
    "MEASURE FOR MEASURE.txt": 0.14616982422429048,
    "Merchant of Venice.txt": 0.11107130013356337,
    "MUCH ADO ABOUT NOTHING.txt": 0.12308313618174005,
    "PERICLES PRINCE OF TYRE.txt": 0.13165130631656763,
    "Sir John Oldcastle by Shakespeare.txt": 0.14424329150972648,
    "Sir Thomas More by Shakespeare.txt": 0.12497559296011795,
    "Taming of the Shrew.txt": 0.15746141322972668,
    "The Comedy of Errors.txt": 0.14792062873936418,
    "THE HISTORY OF TROILUS AND CRESSIDA.txt": 0.14734310238870785,
    "The Life and Death of the Lord Cromwell by Shakespeare.txt": 0.13128387830092636,
    "THE LIFE OF TIMON OF ATHENS.txt": 0.17002206085692972,
    "The London Prodigal.txt": 0.07265317283086392,
    "The Merry Devill of Edmonton by Shakespeare.txt": 0.13763100253284832,
    "THE MERRY WIVES OF WINDSOR.txt": 0.13027624261381066,
    "The Puritaine Widdow by Shakespeare.txt": 0.1442346480245993,
    "THE RAPE OF LUCRECE.txt": 0.14862486598599123,
    "THE TAMING OF THE SHREW.txt": 0.16362580410136796,
    "THE TEMPEST.txt": 0.13536374352362868,
    "THE TRAGEDY OF ANTONY AND CLEOPATRA.txt": 0.1366702467340612,
    "THE TRAGEDY OF CORIOLANUS.txt": 0.12512481532516057,
    "THE TRAGEDY OF HAMLET PRINCE OF DENMARK.txt": 0.12427678282816623,
    "THE TRAGEDY OF JULIUS CAESAR.txt": 0.1658567513570291,
    "THE TRAGEDY OF KING LEAR.txt": 0.13289210187249523,
    "THE TRAGEDY OF MACBETH.txt": 0.1355401150374294,
    "THE TRAGEDY OF OTHELLO MOOR OF VENICE.txt": 0.16322985347955338,
    "THE TRAGEDY OF ROMEO AND JULIET.txt": 0.1312972573763454,
    "THE TRAGEDY OF TITUS ANDRONICUS.txt": 0.11911205912185735,
    "THE TWO GENTLEMEN OF VERONA.txt": 0.14803559966231455,
    "The Two Noble Kinsmen by Shakespeare.txt": 0.1502419263181196,
    "THE WINTERS TALE.txt": 0.13129481387918984,
    "Venus and Adonis.txt": 0.11328701551436782
}