{
    "A LOVERS COMPLAINT.txt": -0.1389275238190345,
    "A MIDSUMMER NIGHT_S DREAM.txt": 0.11380025617850176,
    "A Yorkshire Tragedy by Shakespeare.txt": 0.15633853697546352,
    "Arden of Feversham.txt": 0.1508394034772773,
    "AS YOU LIKE IT.txt": 0.13733165947484288,
    "CYMBELINE.txt": 0.15353421951287016,
    "Fair Em by Shakespeare.txt": 0.15466398781858742,
    "KING EDWARD III by Shakespeare.txt": 0.10217916594016796,
    "King Henry IV, Part 1.txt": 0.1623106701004322,
    "KING HENRY V.txt": 0.12987167134733957,
    "KING HENRY VI part I.txt": -0.021501385006591933,
    "KING HENRY VI Part II.txt": 0.13559318925169395,
    "KING HENRY VI Part III.txt": 0.12393028392811711,
    "KING HENRY VIII.txt": 0.13169816296214726,
    "KING JOHN.txt": 0.09817102905988756,
    "KING RICHARD II.txt": 0.13370031358524104,
    "KING RICHARD III.txt": 0.14684191790611878,
    "Locrine Mucedorus by Shakespeare.txt": 0.14224480606092632,
    "Love_s Labour_s Lost.txt": 0.13159970685707317,
    "MEASURE FOR MEASURE.txt": 0.14662353989573157,
    "Merchant of Venice.txt": 0.15190348465428627,
    "MUCH ADO ABOUT NOTHING.txt": 0.1480507470786756,
    "PERICLES PRINCE OF TYRE.txt": 0.15347823086221607,
    "Sir John Oldcastle by Shakespeare.txt": 0.1485708485944423,
    "Sir Thomas More by Shakespeare.txt": 0.1487432362258712,
    "Taming of the Shrew.txt": 0.1475666260502424,
    "The Comedy of Errors.txt": 0.1601144923880915,
    "THE HISTORY OF TROILUS AND CRESSIDA.txt": 0.16176935888982508,
    "The Life and Death of the Lord Cromwell by Shakespeare.txt": 0.14743119325885284,
    "THE LIFE OF TIMON OF ATHENS.txt": 0.15625114098327936,
    "The London Prodigal.txt": 0.1574192379586386,
    "The Merry Devill of Edmonton by Shakespeare.txt": 0.12196177818378395,
    "THE MERRY WIVES OF WINDSOR.txt": 0.1392818948662174,
    "The Puritaine Widdow by Shakespeare.txt": 0.16346582367301454,
    "THE RAPE OF LUCRECE.txt": 0.07272996606700971,
    "THE TAMING OF THE SHREW.txt": 0.11878647009016147,
    "THE TEMPEST.txt": 0.1471156136616658,
    "THE TRAGEDY OF ANTONY AND CLEOPATRA.txt": 0.10254047647664039,
    "THE TRAGEDY OF CORIOLANUS.txt": 0.07065495089231666,
    "THE TRAGEDY OF HAMLET PRINCE OF DENMARK.txt": 0.1464369864738198,
    "THE TRAGEDY OF JULIUS CAESAR.txt": 0.11053614143727303,
    "THE TRAGEDY OF KING LEAR.txt": 0.14162032594128438,
    "THE TRAGEDY OF MACBETH.txt": 0.14187142648822448,
    "THE TRAGEDY OF OTHELLO MOOR OF VENICE.txt": 0.13020526751905986,
    "THE TRAGEDY OF ROMEO AND JULIET.txt": 0.1666083571135925,
    "THE TRAGEDY OF TITUS ANDRONICUS.txt": 0.14866407738498688,
    "THE TWO GENTLEMEN OF VERONA.txt": 0.10423809661386363,
    "The Two Noble Kinsmen by Shakespeare.txt": 0.13691220853504216,
    "THE WINTERS TALE.txt": 0.1587234201987457,
    "Venus and Adonis.txt": 0.07037985666998098
}