{
    "A LOVERS COMPLAINT.txt": 0.013257599837018574,
    "A MIDSUMMER NIGHT_S DREAM.txt": 0.010221476152486031,
    "A Yorkshire Tragedy by Shakespeare.txt": 0.0708959776530731,
    "Arden of Feversham.txt": 0.13965449130380458,
    "AS YOU LIKE IT.txt": 0.12333967253188594,
    "CYMBELINE.txt": 0.129287528772224,
    "Fair Em by Shakespeare.txt": 0.1257398724536446,
    "KING EDWARD III by Shakespeare.txt": 0.11209210123719865,
    "King Henry IV, Part 1.txt": 0.09898238515650121,
    "KING HENRY V.txt": 0.1359531508482515,
    "KING HENRY VI part I.txt": -0.024017215424630645,
    "KING HENRY VI Part II.txt": 0.0979548946179446,
    "KING HENRY VI Part III.txt": 0.14063988625055146,
    "KING HENRY VIII.txt": 0.11871026683744662,
    "KING JOHN.txt": -0.00035158715269512086,
    "KING RICHARD II.txt": 0.11824989255214585,
    "KING RICHARD III.txt": 0.05083318147732652,
    "Locrine Mucedorus by Shakespeare.txt": 0.11569270717679403,
    "Love_s Labour_s Lost.txt": 0.13823144544925303,
    "MEASURE FOR MEASURE.txt": 0.1254163480868971,
    "Merchant of Venice.txt": 0.13453822994000425,
    "MUCH ADO ABOUT NOTHING.txt": 0.1303512336176158,
    "PERICLES PRINCE OF TYRE.txt": 0.09357333510575971,
    "Sir John Oldcastle by Shakespeare.txt": 0.11370946282157174,
    "Sir Thomas More by Shakespeare.txt": 0.13583768514515115,
    "Taming of the Shrew.txt": 0.1238020982576285,
    "The Comedy of Errors.txt": 0.0939920997316937,
    "THE HISTORY OF TROILUS AND CRESSIDA.txt": 0.11060143911170262,
    "The Life and Death of the Lord Cromwell by Shakespeare.txt": 0.14392012446925168,
    "THE LIFE OF TIMON OF ATHENS.txt": 0.14291616555269865,
    "The London Prodigal.txt": 0.13052445073335955,
    "The Merry Devill of Edmonton by Shakespeare.txt": 0.11373574399481684,
    "THE MERRY WIVES OF WINDSOR.txt": 0.14768015205121354,
    "The Puritaine Widdow by Shakespeare.txt": 0.10749119890523884,
    "THE RAPE OF LUCRECE.txt": 0.08806516605520281,
    "THE TAMING OF THE SHREW.txt": 0.1402362526128692,
    "THE TEMPEST.txt": 0.13072794946167327,
    "THE TRAGEDY OF ANTONY AND CLEOPATRA.txt": 0.12237393593314888,
    "THE TRAGEDY OF CORIOLANUS.txt": 0.13248898435710893,
    "THE TRAGEDY OF HAMLET PRINCE OF DENMARK.txt": 0.12465134481877926,
    "THE TRAGEDY OF JULIUS CAESAR.txt": 0.14050763012425282,
    "THE TRAGEDY OF KING LEAR.txt": 0.11183893024357949,
    "THE TRAGEDY OF MACBETH.txt": 0.126158186392809,
    "THE TRAGEDY OF OTHELLO MOOR OF VENICE.txt": 0.1289615059074798,
    "THE TRAGEDY OF ROMEO AND JULIET.txt": 0.08785410282356099,
    "THE TRAGEDY OF TITUS ANDRONICUS.txt": 0.10508244019275964,
    "THE TWO GENTLEMEN OF VERONA.txt": 0.09704201418506742,
    "The Two Noble Kinsmen by Shakespeare.txt": 0.0719719167004566,
    "THE WINTERS TALE.txt": 0.0961838945368309,
    "Venus and Adonis.txt": 0.09719642929541605
}