{
    "A LOVERS COMPLAINT.txt": 0.05249335999206922,
    "A MIDSUMMER NIGHT_S DREAM.txt": 0.05094405510100797,
    "A Yorkshire Tragedy by Shakespeare.txt": 0.09606576130050465,
    "Arden of Feversham.txt": 0.08536197351586516,
    "AS YOU LIKE IT.txt": 0.09582338711301286,
    "CYMBELINE.txt": 0.08639866031362808,
    "Fair Em by Shakespeare.txt": 0.06719951580565325,
    "KING EDWARD III by Shakespeare.txt": -0.08754312256967312,
    "King Henry IV, Part 1.txt": 0.12257357754880899,
    "KING HENRY V.txt": -0.016736222232543785,
    "KING HENRY VI part I.txt": 0.09578200323365826,
    "KING HENRY VI Part II.txt": 0.10781153386982562,
    "KING HENRY VI Part III.txt": 0.020643095854012694,
    "KING HENRY VIII.txt": -0.17482694177775615,
    "KING JOHN.txt": 0.07134264508589222,
    "KING RICHARD II.txt": 0.10930971116841404,
    "KING RICHARD III.txt": 0.014879541686308173,
    "Locrine Mucedorus by Shakespeare.txt": 0.08635045582680795,
    "Love_s Labour_s Lost.txt": 0.04606192946492493,
    "MEASURE FOR MEASURE.txt": 0.10654101190789045,
    "Merchant of Venice.txt": 0.09004526632255361,
    "MUCH ADO ABOUT NOTHING.txt": 0.02875368712585663,
    "PERICLES PRINCE OF TYRE.txt": 0.09271022539862467,
    "Sir John Oldcastle by Shakespeare.txt": 0.05665266581580608,
    "Sir Thomas More by Shakespeare.txt": 0.10243793742541091,
    "Taming of the Shrew.txt": 0.09892325620342124,
    "The Comedy of Errors.txt": 0.08577363806500582,
    "THE HISTORY OF TROILUS AND CRESSIDA.txt": 0.058947855342984634,
    "The Life and Death of the Lord Cromwell by Shakespeare.txt": 0.10654785311005438,
    "THE LIFE OF TIMON OF ATHENS.txt": 0.007925263026156093,
    "The London Prodigal.txt": 0.09533908074167896,
    "The Merry Devill of Edmonton by Shakespeare.txt": 0.08282479826131078,
    "THE MERRY WIVES OF WINDSOR.txt": -0.058439778501519046,
    "The Puritaine Widdow by Shakespeare.txt": 0.11034365328106466,
    "THE RAPE OF LUCRECE.txt": 0.021230686299435697,
    "THE TAMING OF THE SHREW.txt": 0.10464693161858518,
    "THE TEMPEST.txt": 0.09533908074167896,
    "THE TRAGEDY OF ANTONY AND CLEOPATRA.txt": 0.09847777416265685,
    "THE TRAGEDY OF CORIOLANUS.txt": 0.1030706326830153,
    "THE TRAGEDY OF HAMLET PRINCE OF DENMARK.txt": 0.051484570319455636,
    "THE TRAGEDY OF JULIUS CAESAR.txt": 0.09732471996058495,
    "THE TRAGEDY OF KING LEAR.txt": 0.10477075414450948,
    "THE TRAGEDY OF MACBETH.txt": 0.08556119700983378,
    "THE TRAGEDY OF OTHELLO MOOR OF VENICE.txt": 0.09680057700017025,
    "THE TRAGEDY OF ROMEO AND JULIET.txt": 0.10777975252495009,
    "THE TRAGEDY OF TITUS ANDRONICUS.txt": 0.06693220481984435,
    "THE TWO GENTLEMEN OF VERONA.txt": 0.0988304367589739,
    "The Two Noble Kinsmen by Shakespeare.txt": 0.11822739630840234,
    "THE WINTERS TALE.txt": 0.08373540775892457,
    "Venus and Adonis.txt": -0.07610680416890836
}