{
    "A MIDSUMMER NIGHT_S DREAM.txt": 0.08137804421570094,
    "A Yorkshire Tragedy by Shakespeare.txt": 0.09352613729809311,
    "Arden of Feversham.txt": 0.04562574234682065,
    "AS YOU LIKE IT.txt": 0.10385826583212243,
    "CYMBELINE.txt": 0.10847368230752841,
    "Fair Em by Shakespeare.txt": 0.04770757500961359,
    "KING EDWARD III by Shakespeare.txt": 0.07006287311121123,
    "King Henry IV, Part 1.txt": 0.09301481166359266,
    "KING HENRY V.txt": 0.07461595353038103,
    "KING HENRY VI part I.txt": 0.09601070134073325,
    "KING HENRY VI Part II.txt": 0.11084958332166889,
    "KING HENRY VI Part III.txt": -0.06556327595255573,
    "KING HENRY VIII.txt": -0.0007928523467053417,
    "KING JOHN.txt": 0.08946106975603862,
    "KING RICHARD II.txt": 0.09577708661105938,
    "KING RICHARD III.txt": 0.06364666713389827,
    "Locrine Mucedorus by Shakespeare.txt": -0.022861597379272958,
    "Love_s Labour_s Lost.txt": 0.07087445696928302,
    "MEASURE FOR MEASURE.txt": 0.10459109789004056,
    "Merchant of Venice.txt": 0.09143840550213594,
    "MUCH ADO ABOUT NOTHING.txt": 0.1092592259758865,
    "PERICLES PRINCE OF TYRE.txt": 0.0712891472307216,
    "Sir John Oldcastle by Shakespeare.txt": 0.1001214582113929,
    "Sir Thomas More by Shakespeare.txt": 0.10737820997501224,
    "Taming of the Shrew.txt": 0.07503409268763328,
    "The Comedy of Errors.txt": -0.19554737943775302,
    "THE HISTORY OF TROILUS AND CRESSIDA.txt": -0.026875547584237935,
    "The Life and Death of the Lord Cromwell by Shakespeare.txt": 0.09022374822658552,
    "THE LIFE OF TIMON OF ATHENS.txt": 0.07752553485998093,
    "The London Prodigal.txt": 0.07099769511267928,
    "The Merry Devill of Edmonton by Shakespeare.txt": 0.0731512991865666,
    "THE MERRY WIVES OF WINDSOR.txt": 0.09409989411453606,
    "The Puritaine Widdow by Shakespeare.txt": 0.08812274657929647,
    "THE RAPE OF LUCRECE.txt": -0.06815989033473535,
    "THE TAMING OF THE SHREW.txt": 0.07363069827037871,
    "THE TEMPEST.txt": 0.08438364141545618,
    "THE TRAGEDY OF ANTONY AND CLEOPATRA.txt": 0.09236835366564639,
    "THE TRAGEDY OF CORIOLANUS.txt": 0.12003317639031441,
    "THE TRAGEDY OF HAMLET PRINCE OF DENMARK.txt": 0.010958358222810827,
    "THE TRAGEDY OF JULIUS CAESAR.txt": 0.024258641996153574,
    "THE TRAGEDY OF KING LEAR.txt": 0.10585740552981543,
    "THE TRAGEDY OF MACBETH.txt": 0.06954154534844181,
    "THE TRAGEDY OF OTHELLO MOOR OF VENICE.txt": 0.09100726260659553,
    "THE TRAGEDY OF ROMEO AND JULIET.txt": 0.11012683319132227,
    "THE TRAGEDY OF TITUS ANDRONICUS.txt": 0.05281913966705831,
    "THE TWO GENTLEMEN OF VERONA.txt": 0.09151658095288023,
    "The Two Noble Kinsmen by Shakespeare.txt": 0.05921847579313971,
    "THE WINTERS TALE.txt": 0.10145432468585242,
    "Venus and Adonis.txt": 0.016333950915920326
}