{
    "A LOVERS COMPLAINT.txt": 0.011603257249592713,
    "A MIDSUMMER NIGHT_S DREAM.txt": 0.07615753605913778,
    "A Yorkshire Tragedy by Shakespeare.txt": 0.10098090283187594,
    "Arden of Feversham.txt": 0.08680664774262731,
    "AS YOU LIKE IT.txt": 0.14539709225045028,
    "CYMBELINE.txt": 0.1465969097790784,
    "Fair Em by Shakespeare.txt": 0.03113110945049341,
    "KING EDWARD III by Shakespeare.txt": 0.0867418073748229,
    "King Henry IV, Part 1.txt": 0.115447057663492,
    "KING HENRY V.txt": 0.1204526363336903,
    "KING HENRY VI part I.txt": 0.13574033765373528,
    "KING HENRY VI Part II.txt": 0.13928021050922024,
    "KING HENRY VI Part III.txt": 0.07875094270489319,
    "KING HENRY VIII.txt": 0.08682910019036694,
    "KING JOHN.txt": -0.037173638531488806,
    "KING RICHARD II.txt": 0.12523158716784605,
    "KING RICHARD III.txt": 0.13632370269621902,
    "Locrine Mucedorus by Shakespeare.txt": -0.0013690791162498384,
    "Love_s Labour_s Lost.txt": 0.12350577487462255,
    "MEASURE FOR MEASURE.txt": 0.13193266201422815,
    "Merchant of Venice.txt": 0.1291813633534532,
    "MUCH ADO ABOUT NOTHING.txt": 0.11802972428805608,
    "PERICLES PRINCE OF TYRE.txt": 0.12871478872607256,
    "Sir John Oldcastle by Shakespeare.txt": 0.13716113502131233,
    "Sir Thomas More by Shakespeare.txt": 0.13925625055960356,
    "Taming of the Shrew.txt": 0.13492518129257813,
    "The Comedy of Errors.txt": 0.000868073736752073,
    "THE HISTORY OF TROILUS AND CRESSIDA.txt": 0.10847537093391496,
    "The Life and Death of the Lord Cromwell by Shakespeare.txt": 0.09936029471801383,
    "THE LIFE OF TIMON OF ATHENS.txt": 0.1338812119844534,
    "The London Prodigal.txt": 0.10779101053085549,
    "The Merry Devill of Edmonton by Shakespeare.txt": 0.11471893909005804,
    "THE MERRY WIVES OF WINDSOR.txt": 0.11688754443847993,
    "The Puritaine Widdow by Shakespeare.txt": 0.12182300025514065,
    "THE RAPE OF LUCRECE.txt": 0.11733210122395671,
    "THE TAMING OF THE SHREW.txt": 0.09455122503393198,
    "THE TEMPEST.txt": 0.0866740074491073,
    "THE TRAGEDY OF ANTONY AND CLEOPATRA.txt": 0.09794240713131669,
    "THE TRAGEDY OF CORIOLANUS.txt": 0.13527697862822247,
    "THE TRAGEDY OF HAMLET PRINCE OF DENMARK.txt": -0.00768796518078807,
    "THE TRAGEDY OF JULIUS CAESAR.txt": 0.12052461426193717,
    "THE TRAGEDY OF KING LEAR.txt": 0.10411422236211171,
    "THE TRAGEDY OF MACBETH.txt": 0.08698001862088545,
    "THE TRAGEDY OF OTHELLO MOOR OF VENICE.txt": 0.14069137033490126,
    "THE TRAGEDY OF ROMEO AND JULIET.txt": 0.10185364104886069,
    "THE TRAGEDY OF TITUS ANDRONICUS.txt": 0.142485205405242,
    "THE TWO GENTLEMEN OF VERONA.txt": 0.12228879507700241,
    "The Two Noble Kinsmen by Shakespeare.txt": 0.12025970188664553,
    "THE WINTERS TALE.txt": 0.1287838187993765,
    "Venus and Adonis.txt": 0.07839195277814037
}