{
    "A LOVERS COMPLAINT.txt": 0.01964689968520239,
    "A MIDSUMMER NIGHT_S DREAM.txt": 0.06434576818901211,
    "A Yorkshire Tragedy by Shakespeare.txt": 0.07640949765337446,
    "Arden of Feversham.txt": 0.099238810540979,
    "AS YOU LIKE IT.txt": 0.11625337675651398,
    "CYMBELINE.txt": 0.11738131714363476,
    "Fair Em by Shakespeare.txt": 0.045537089574752776,
    "KING EDWARD III by Shakespeare.txt": 0.09440823478363847,
    "King Henry IV, Part 1.txt": 0.12200960937382344,
    "KING HENRY V.txt": 0.1246689418167155,
    "KING HENRY VI part I.txt": 0.12328459892871929,
    "KING HENRY VI Part II.txt": 0.13639212555110247,
    "KING HENRY VI Part III.txt": 0.07184075137076723,
    "KING HENRY VIII.txt": 0.09463670618794146,
    "KING JOHN.txt": -0.045916585207799065,
    "KING RICHARD II.txt": 0.12595730534229022,
    "KING RICHARD III.txt": 0.15448321684721894,
    "Locrine Mucedorus by Shakespeare.txt": 0.043056368082758034,
    "Love_s Labour_s Lost.txt": 0.1318786230455819,
    "MEASURE FOR MEASURE.txt": 0.13731992060007808,
    "Merchant of Venice.txt": 0.11691149673262452,
    "MUCH ADO ABOUT NOTHING.txt": 0.12462602124058264,
    "PERICLES PRINCE OF TYRE.txt": 0.10822057405726909,
    "Sir John Oldcastle by Shakespeare.txt": 0.13614693810604922,
    "Sir Thomas More by Shakespeare.txt": 0.12350223816049238,
    "Taming of the Shrew.txt": 0.12887709030956068,
    "The Comedy of Errors.txt": 0.008517741788322986,
    "THE HISTORY OF TROILUS AND CRESSIDA.txt": 0.09653630072995362,
    "The Life and Death of the Lord Cromwell by Shakespeare.txt": 0.11888633641048041,
    "THE LIFE OF TIMON OF ATHENS.txt": 0.1307441520319657,
    "The London Prodigal.txt": 0.09456273405128146,
    "The Merry Devill of Edmonton by Shakespeare.txt": 0.10692107280817342,
    "THE MERRY WIVES OF WINDSOR.txt": 0.10980235744090155,
    "The Puritaine Widdow by Shakespeare.txt": 0.11804910776296451,
    "THE RAPE OF LUCRECE.txt": 0.10500668226122628,
    "THE TAMING OF THE SHREW.txt": 0.12009226728202677,
    "THE TEMPEST.txt": 0.12260852170347825,
    "THE TRAGEDY OF ANTONY AND CLEOPATRA.txt": 0.09288901589862203,
    "THE TRAGEDY OF CORIOLANUS.txt": 0.12163591578462174,
    "THE TRAGEDY OF HAMLET PRINCE OF DENMARK.txt": 0.017945069991400442,
    "THE TRAGEDY OF JULIUS CAESAR.txt": 0.1318672751909027,
    "THE TRAGEDY OF KING LEAR.txt": 0.12412452161698717,
    "THE TRAGEDY OF MACBETH.txt": 0.10371455628054321,
    "THE TRAGEDY OF OTHELLO MOOR OF VENICE.txt": 0.13024052478286663,
    "THE TRAGEDY OF ROMEO AND JULIET.txt": 0.12767854828688574,
    "THE TRAGEDY OF TITUS ANDRONICUS.txt": 0.1348236541050029,
    "THE TWO GENTLEMEN OF VERONA.txt": 0.12919635754788394,
    "The Two Noble Kinsmen by Shakespeare.txt": 0.14007784501596188,
    "THE WINTERS TALE.txt": 0.13278084644304328,
    "Venus and Adonis.txt": 0.09522995016360786
}