{
    "A MIDSUMMER NIGHT_S DREAM.txt": 0.07640853206348186,
    "A Yorkshire Tragedy by Shakespeare.txt": 0.08424410399930288,
    "Arden of Feversham.txt": 0.034424014962177285,
    "AS YOU LIKE IT.txt": 0.11646421127021073,
    "CYMBELINE.txt": 0.11554413814281211,
    "Fair Em by Shakespeare.txt": 0.04636073432783211,
    "KING EDWARD III by Shakespeare.txt": 0.05870790719124186,
    "King Henry IV, Part 1.txt": 0.1060566927268779,
    "KING HENRY V.txt": 0.07674412824918131,
    "KING HENRY VI part I.txt": 0.12048741314728373,
    "KING HENRY VI Part II.txt": 0.1134519286125909,
    "KING HENRY VI Part III.txt": -0.043161047622899296,
    "KING HENRY VIII.txt": 0.02476798091753374,
    "KING JOHN.txt": 0.09715508475144174,
    "KING RICHARD II.txt": 0.11038168613121607,
    "KING RICHARD III.txt": 0.07821256954813027,
    "Locrine Mucedorus by Shakespeare.txt": 0.0012977749065882782,
    "Love_s Labour_s Lost.txt": 0.060979536947341595,
    "MEASURE FOR MEASURE.txt": 0.13055607730841157,
    "Merchant of Venice.txt": 0.10476598099115392,
    "MUCH ADO ABOUT NOTHING.txt": 0.11359705504186934,
    "PERICLES PRINCE OF TYRE.txt": 0.09281513222356796,
    "Sir John Oldcastle by Shakespeare.txt": 0.10229119425784561,
    "Sir Thomas More by Shakespeare.txt": 0.12097118321786171,
    "Taming of the Shrew.txt": 0.05090099645480484,
    "The Comedy of Errors.txt": -0.1917048262014971,
    "THE HISTORY OF TROILUS AND CRESSIDA.txt": -0.01970134813352642,
    "The Life and Death of the Lord Cromwell by Shakespeare.txt": 0.10058194973117257,
    "THE LIFE OF TIMON OF ATHENS.txt": 0.06756390269272755,
    "The London Prodigal.txt": 0.09244853923650109,
    "The Merry Devill of Edmonton by Shakespeare.txt": 0.07999567827100712,
    "THE MERRY WIVES OF WINDSOR.txt": 0.11429552286891997,
    "The Puritaine Widdow by Shakespeare.txt": 0.06090746216307563,
    "THE RAPE OF LUCRECE.txt": -0.03671736429083883,
    "THE TAMING OF THE SHREW.txt": 0.05727152327941237,
    "THE TEMPEST.txt": 0.050812685176388206,
    "THE TRAGEDY OF ANTONY AND CLEOPATRA.txt": 0.08908317473345984,
    "THE TRAGEDY OF CORIOLANUS.txt": 0.12381088063420836,
    "THE TRAGEDY OF HAMLET PRINCE OF DENMARK.txt": 0.004273053858930842,
    "THE TRAGEDY OF JULIUS CAESAR.txt": 0.03396021618064177,
    "THE TRAGEDY OF KING LEAR.txt": 0.11839962670665538,
    "THE TRAGEDY OF MACBETH.txt": 0.07372458368372731,
    "THE TRAGEDY OF OTHELLO MOOR OF VENICE.txt": 0.08201959794718061,
    "THE TRAGEDY OF ROMEO AND JULIET.txt": 0.10208223592017368,
    "THE TRAGEDY OF TITUS ANDRONICUS.txt": 0.06791020771946343,
    "THE TWO GENTLEMEN OF VERONA.txt": 0.10704645122507067,
    "The Two Noble Kinsmen by Shakespeare.txt": 0.06409850601480394,
    "THE WINTERS TALE.txt": 0.11469374098551915,
    "Venus and Adonis.txt": 0.017200721720083356
}