{
    "A LOVERS COMPLAINT.txt": 0.00021479228849152765,
    "A MIDSUMMER NIGHT_S DREAM.txt": 0.06103516894300032,
    "A Yorkshire Tragedy by Shakespeare.txt": 0.08126240867300633,
    "Arden of Feversham.txt": 0.1164472414417842,
    "AS YOU LIKE IT.txt": 0.13944386709368306,
    "CYMBELINE.txt": 0.13262748040595768,
    "Fair Em by Shakespeare.txt": 0.11953231674232251,
    "KING EDWARD III by Shakespeare.txt": 0.14221582068141436,
    "King Henry IV, Part 1.txt": 0.12091381078718122,
    "KING HENRY V.txt": 0.14573493042027652,
    "KING HENRY VI part I.txt": -0.0866828664880257,
    "KING HENRY VI Part II.txt": 0.12099610799435256,
    "KING HENRY VI Part III.txt": 0.14552781635532225,
    "KING HENRY VIII.txt": 0.08806272106391183,
    "KING JOHN.txt": -0.01465406139086134,
    "KING RICHARD II.txt": 0.13341939031022226,
    "KING RICHARD III.txt": 0.14573467854269018,
    "Locrine Mucedorus by Shakespeare.txt": 0.12656882590969343,
    "Love_s Labour_s Lost.txt": 0.14952693201901224,
    "MEASURE FOR MEASURE.txt": 0.13391973078525116,
    "Merchant of Venice.txt": 0.10465673805504822,
    "MUCH ADO ABOUT NOTHING.txt": 0.1420784661739402,
    "PERICLES PRINCE OF TYRE.txt": 0.12727200351909257,
    "Sir John Oldcastle by Shakespeare.txt": 0.12689278441994611,
    "Sir Thomas More by Shakespeare.txt": 0.12925951091660404,
    "Taming of the Shrew.txt": 0.13949011463224642,
    "The Comedy of Errors.txt": 0.03474878332451414,
    "THE HISTORY OF TROILUS AND CRESSIDA.txt": 0.11645500213153381,
    "The Life and Death of the Lord Cromwell by Shakespeare.txt": 0.11643723265232941,
    "THE LIFE OF TIMON OF ATHENS.txt": 0.12867315559502557,
    "The London Prodigal.txt": 0.1246358502250684,
    "The Merry Devill of Edmonton by Shakespeare.txt": 0.1297776072228154,
    "THE MERRY WIVES OF WINDSOR.txt": 0.11914199122791325,
    "The Puritaine Widdow by Shakespeare.txt": 0.14309805203674913,
    "THE RAPE OF LUCRECE.txt": 0.06728729308817671,
    "THE TAMING OF THE SHREW.txt": 0.14458175499651654,
    "THE TEMPEST.txt": 0.12492312494549357,
    "THE TRAGEDY OF ANTONY AND CLEOPATRA.txt": 0.12436746520405662,
    "THE TRAGEDY OF CORIOLANUS.txt": 0.1295270648324784,
    "THE TRAGEDY OF HAMLET PRINCE OF DENMARK.txt": 0.10117985255334194,
    "THE TRAGEDY OF JULIUS CAESAR.txt": 0.14206370438611815,
    "THE TRAGEDY OF KING LEAR.txt": 0.14705035691350204,
    "THE TRAGEDY OF MACBETH.txt": 0.11930326426487181,
    "THE TRAGEDY OF OTHELLO MOOR OF VENICE.txt": 0.12112580849397803,
    "THE TRAGEDY OF ROMEO AND JULIET.txt": 0.1453928693248947,
    "THE TRAGEDY OF TITUS ANDRONICUS.txt": 0.11846200715360866,
    "THE TWO GENTLEMEN OF VERONA.txt": 0.12352998574971358,
    "The Two Noble Kinsmen by Shakespeare.txt": 0.054180938335818385,
    "THE WINTERS TALE.txt": 0.1281262377091087,
    "Venus and Adonis.txt": 0.08704559217305607
}