{
    "A MIDSUMMER NIGHT_S DREAM.txt": 0.05444041994897503,
    "A Yorkshire Tragedy by Shakespeare.txt": 0.08917293089133571,
    "Arden of Feversham.txt": -0.1505720848309985,
    "AS YOU LIKE IT.txt": 0.09823570485764643,
    "CYMBELINE.txt": 0.05215663177537866,
    "Fair Em by Shakespeare.txt": 0.03744651920503639,
    "KING EDWARD III by Shakespeare.txt": 0.08260748861598122,
    "King Henry IV, Part 1.txt": 0.07168034904088355,
    "KING HENRY V.txt": 0.07779891226396873,
    "KING HENRY VI part I.txt": 0.06201798691759802,
    "KING HENRY VI Part II.txt": 0.05492745793113907,
    "KING HENRY VI Part III.txt": 0.04715742031956954,
    "KING HENRY VIII.txt": 0.07288199113017879,
    "KING JOHN.txt": 0.10164284939576496,
    "KING RICHARD II.txt": 0.08968140117987933,
    "KING RICHARD III.txt": 0.05789229031632481,
    "Locrine Mucedorus by Shakespeare.txt": 0.0791012859746843,
    "Love_s Labour_s Lost.txt": 0.05481192369002591,
    "MEASURE FOR MEASURE.txt": 0.08188356139033615,
    "Merchant of Venice.txt": 0.07350288866674048,
    "MUCH ADO ABOUT NOTHING.txt": 0.0785839801150684,
    "PERICLES PRINCE OF TYRE.txt": -0.015440570880586257,
    "Sir John Oldcastle by Shakespeare.txt": 0.018589911499944156,
    "Sir Thomas More by Shakespeare.txt": 0.08041871271588874,
    "Taming of the Shrew.txt": 0.0751895108248225,
    "The Comedy of Errors.txt": -0.10033872830490242,
    "THE HISTORY OF TROILUS AND CRESSIDA.txt": -0.06586788485447603,
    "The Life and Death of the Lord Cromwell by Shakespeare.txt": -0.047607111593592766,
    "THE LIFE OF TIMON OF ATHENS.txt": 0.060135367741121715,
    "The London Prodigal.txt": 0.04985108053195619,
    "The Merry Devill of Edmonton by Shakespeare.txt": 0.05334951767731266,
    "THE MERRY WIVES OF WINDSOR.txt": 0.08389538201170899,
    "The Puritaine Widdow by Shakespeare.txt": 0.09208830363998943,
    "THE RAPE OF LUCRECE.txt": 0.05606123858462997,
    "THE TAMING OF THE SHREW.txt": 0.09145479887450686,
    "THE TEMPEST.txt": 0.04105566327824656,
    "THE TRAGEDY OF ANTONY AND CLEOPATRA.txt": 0.022755686969809175,
    "THE TRAGEDY OF CORIOLANUS.txt": -0.18279330930519877,
    "THE TRAGEDY OF HAMLET PRINCE OF DENMARK.txt": 0.06621119979445489,
    "THE TRAGEDY OF JULIUS CAESAR.txt": 0.0631429240405218,
    "THE TRAGEDY OF KING LEAR.txt": 0.09000177706576284,
    "THE TRAGEDY OF MACBETH.txt": 0.06172935456412193,
    "THE TRAGEDY OF OTHELLO MOOR OF VENICE.txt": 0.08016627355189099,
    "THE TRAGEDY OF ROMEO AND JULIET.txt": 0.08144483904178096,
    "THE TRAGEDY OF TITUS ANDRONICUS.txt": 0.09123440227030799,
    "THE TWO GENTLEMEN OF VERONA.txt": 0.07815753103061746,
    "The Two Noble Kinsmen by Shakespeare.txt": 0.07567431952217518,
    "THE WINTERS TALE.txt": 0.07662055630231573,
    "Venus and Adonis.txt": 0.026796106094238104
}