{
    "A LOVERS COMPLAINT.txt": 0.02663413538656706,
    "A MIDSUMMER NIGHT_S DREAM.txt": 0.08267174743047001,
    "A Yorkshire Tragedy by Shakespeare.txt": 0.08315165803259189,
    "Arden of Feversham.txt": -0.06950202615313084,
    "AS YOU LIKE IT.txt": 0.13089915349332482,
    "CYMBELINE.txt": 0.10609397157220796,
    "Fair Em by Shakespeare.txt": 0.06414662816524791,
    "KING EDWARD III by Shakespeare.txt": 0.11642684876042664,
    "King Henry IV, Part 1.txt": 0.1350525974629307,
    "KING HENRY V.txt": 0.1054482054834226,
    "KING HENRY VI part I.txt": 0.11232572143944425,
    "KING HENRY VI Part II.txt": 0.10122171113459866,
    "KING HENRY VI Part III.txt": 0.04771511558616848,
    "KING HENRY VIII.txt": 0.11476899721198058,
    "KING JOHN.txt": 0.03410464738310931,
    "KING RICHARD II.txt": 0.1066166955951332,
    "KING RICHARD III.txt": 0.12746962406972762,
    "Locrine Mucedorus by Shakespeare.txt": 0.10022834684361054,
    "Love_s Labour_s Lost.txt": 0.11577015659100148,
    "MEASURE FOR MEASURE.txt": 0.11559407788518317,
    "Merchant of Venice.txt": 0.09022391172567934,
    "MUCH ADO ABOUT NOTHING.txt": 0.10016053103516814,
    "PERICLES PRINCE OF TYRE.txt": 0.10341014122764547,
    "Sir John Oldcastle by Shakespeare.txt": 0.09691915346989871,
    "Sir Thomas More by Shakespeare.txt": 0.11262973385991609,
    "Taming of the Shrew.txt": 0.11458988205408943,
    "The Comedy of Errors.txt": -0.031068822030924204,
    "THE HISTORY OF TROILUS AND CRESSIDA.txt": -0.04814341183395332,
    "The Life and Death of the Lord Cromwell by Shakespeare.txt": 0.05755216534401747,
    "THE LIFE OF TIMON OF ATHENS.txt": 0.11826498799479462,
    "The London Prodigal.txt": 0.08423850495956747,
    "The Merry Devill of Edmonton by Shakespeare.txt": 0.10053971398071909,
    "THE MERRY WIVES OF WINDSOR.txt": 0.11323130597906172,
    "The Puritaine Widdow by Shakespeare.txt": 0.12089241495068315,
    "THE RAPE OF LUCRECE.txt": 0.1362852397228015,
    "THE TAMING OF THE SHREW.txt": 0.1221476391262602,
    "THE TEMPEST.txt": 0.1286091970788426,
    "THE TRAGEDY OF ANTONY AND CLEOPATRA.txt": -0.00836047098331727,
    "THE TRAGEDY OF CORIOLANUS.txt": 0.0013809371198733045,
    "THE TRAGEDY OF HAMLET PRINCE OF DENMARK.txt": 0.13640033148029096,
    "THE TRAGEDY OF JULIUS CAESAR.txt": 0.1195200395194535,
    "THE TRAGEDY OF KING LEAR.txt": 0.12677453984281478,
    "THE TRAGEDY OF MACBETH.txt": 0.11601500670651088,
    "THE TRAGEDY OF OTHELLO MOOR OF VENICE.txt": 0.13696198306804108,
    "THE TRAGEDY OF ROMEO AND JULIET.txt": 0.12249149176332969,
    "THE TRAGEDY OF TITUS ANDRONICUS.txt": 0.13282825536244275,
    "THE TWO GENTLEMEN OF VERONA.txt": 0.12269246894055047,
    "The Two Noble Kinsmen by Shakespeare.txt": 0.1164341529617346,
    "THE WINTERS TALE.txt": 0.11373669148692817,
    "Venus and Adonis.txt": 0.10907259736910674
}