{
    "A LOVERS COMPLAINT.txt": -0.007285166705505275,
    "A MIDSUMMER NIGHT_S DREAM.txt": 0.0621964698095257,
    "A Yorkshire Tragedy by Shakespeare.txt": 0.09763391361147,
    "Arden of Feversham.txt": -0.1000165764072608,
    "AS YOU LIKE IT.txt": 0.11736983508761217,
    "CYMBELINE.txt": 0.06199622482265443,
    "Fair Em by Shakespeare.txt": 0.08947829588998002,
    "KING EDWARD III by Shakespeare.txt": 0.11380221102016708,
    "King Henry IV, Part 1.txt": 0.11762366394391105,
    "KING HENRY V.txt": 0.12260623921633268,
    "KING HENRY VI part I.txt": 0.11123611002831468,
    "KING HENRY VI Part II.txt": 0.12006003009269578,
    "KING HENRY VI Part III.txt": 0.03886340357835144,
    "KING HENRY VIII.txt": 0.11544712264908097,
    "KING JOHN.txt": 0.04067389045525743,
    "KING RICHARD II.txt": 0.12275332609066053,
    "KING RICHARD III.txt": 0.11983442203642053,
    "Locrine Mucedorus by Shakespeare.txt": 0.08248802812669254,
    "Love_s Labour_s Lost.txt": 0.10504765152242435,
    "MEASURE FOR MEASURE.txt": 0.09397294558728575,
    "Merchant of Venice.txt": 0.05723733473175424,
    "MUCH ADO ABOUT NOTHING.txt": 0.10576151607836143,
    "PERICLES PRINCE OF TYRE.txt": 0.07249559041996989,
    "Sir John Oldcastle by Shakespeare.txt": 0.10568248981247746,
    "Sir Thomas More by Shakespeare.txt": 0.11062377005382118,
    "Taming of the Shrew.txt": 0.09712935892870161,
    "The Comedy of Errors.txt": -0.054202240758616016,
    "THE HISTORY OF TROILUS AND CRESSIDA.txt": -0.062461248656782264,
    "The Life and Death of the Lord Cromwell by Shakespeare.txt": 0.04356874325700394,
    "THE LIFE OF TIMON OF ATHENS.txt": 0.10473905076188228,
    "The London Prodigal.txt": 0.10065965307521363,
    "The Merry Devill of Edmonton by Shakespeare.txt": 0.09877642657016822,
    "THE MERRY WIVES OF WINDSOR.txt": 0.11056626962497773,
    "The Puritaine Widdow by Shakespeare.txt": 0.1100955069909344,
    "THE RAPE OF LUCRECE.txt": 0.11009679604483558,
    "THE TAMING OF THE SHREW.txt": 0.0919815442526446,
    "THE TEMPEST.txt": 0.10852521287979244,
    "THE TRAGEDY OF ANTONY AND CLEOPATRA.txt": -0.0018986945231292962,
    "THE TRAGEDY OF CORIOLANUS.txt": -0.03484363413851921,
    "THE TRAGEDY OF HAMLET PRINCE OF DENMARK.txt": 0.11471639414898299,
    "THE TRAGEDY OF JULIUS CAESAR.txt": 0.12148872687702356,
    "THE TRAGEDY OF KING LEAR.txt": 0.11413251449818729,
    "THE TRAGEDY OF MACBETH.txt": 0.10285067744274762,
    "THE TRAGEDY OF OTHELLO MOOR OF VENICE.txt": 0.12480502954796457,
    "THE TRAGEDY OF ROMEO AND JULIET.txt": 0.11575950373406524,
    "THE TRAGEDY OF TITUS ANDRONICUS.txt": 0.08646845786196306,
    "THE TWO GENTLEMEN OF VERONA.txt": 0.1230651095951465,
    "The Two Noble Kinsmen by Shakespeare.txt": 0.12534030584672262,
    "THE WINTERS TALE.txt": 0.10994054072786758,
    "Venus and Adonis.txt": 0.10188193932515127
}