{
    "A LOVERS COMPLAINT.txt": 0.019457376658254533,
    "A MIDSUMMER NIGHT_S DREAM.txt": 0.08567339635548604,
    "A Yorkshire Tragedy by Shakespeare.txt": 0.10139897008423976,
    "Arden of Feversham.txt": -0.06612758772709249,
    "AS YOU LIKE IT.txt": 0.1322778165252026,
    "CYMBELINE.txt": 0.08697388066015721,
    "Fair Em by Shakespeare.txt": 0.0786457275903455,
    "KING EDWARD III by Shakespeare.txt": 0.10873676640486063,
    "King Henry IV, Part 1.txt": 0.13088004732243635,
    "KING HENRY V.txt": 0.11162048599834357,
    "KING HENRY VI part I.txt": 0.1126644548929121,
    "KING HENRY VI Part II.txt": 0.09950299176805072,
    "KING HENRY VI Part III.txt": 0.07819649859514272,
    "KING HENRY VIII.txt": 0.1342574461197666,
    "KING JOHN.txt": 0.04048753908228658,
    "KING RICHARD II.txt": 0.13004368041820696,
    "KING RICHARD III.txt": 0.13581486715123187,
    "Locrine Mucedorus by Shakespeare.txt": 0.07061583915341413,
    "Love_s Labour_s Lost.txt": 0.10052530859993863,
    "MEASURE FOR MEASURE.txt": 0.1262987441318204,
    "Merchant of Venice.txt": 0.09346251156797308,
    "MUCH ADO ABOUT NOTHING.txt": 0.11693465877503456,
    "PERICLES PRINCE OF TYRE.txt": 0.08933667813578222,
    "Sir John Oldcastle by Shakespeare.txt": 0.08151136905041007,
    "Sir Thomas More by Shakespeare.txt": 0.11603643648157852,
    "Taming of the Shrew.txt": 0.12226389986721597,
    "The Comedy of Errors.txt": -0.010931629336253912,
    "THE HISTORY OF TROILUS AND CRESSIDA.txt": -0.0536731454391719,
    "The Life and Death of the Lord Cromwell by Shakespeare.txt": 0.05373133823295312,
    "THE LIFE OF TIMON OF ATHENS.txt": 0.12052473619764742,
    "The London Prodigal.txt": 0.09603982613973966,
    "The Merry Devill of Edmonton by Shakespeare.txt": 0.1295185257464438,
    "THE MERRY WIVES OF WINDSOR.txt": 0.131904465394786,
    "The Puritaine Widdow by Shakespeare.txt": 0.12573458347888083,
    "THE RAPE OF LUCRECE.txt": 0.11766503290116292,
    "THE TAMING OF THE SHREW.txt": 0.12713196800987614,
    "THE TEMPEST.txt": 0.13389222730247546,
    "THE TRAGEDY OF ANTONY AND CLEOPATRA.txt": 0.03427237752743467,
    "THE TRAGEDY OF CORIOLANUS.txt": -0.025158827642931092,
    "THE TRAGEDY OF HAMLET PRINCE OF DENMARK.txt": 0.10657990209913865,
    "THE TRAGEDY OF JULIUS CAESAR.txt": 0.12854204327974128,
    "THE TRAGEDY OF KING LEAR.txt": 0.127053633053414,
    "THE TRAGEDY OF MACBETH.txt": 0.1075645963930193,
    "THE TRAGEDY OF OTHELLO MOOR OF VENICE.txt": 0.13647456040529676,
    "THE TRAGEDY OF ROMEO AND JULIET.txt": 0.11538422529452125,
    "THE TRAGEDY OF TITUS ANDRONICUS.txt": 0.10783746576018466,
    "THE TWO GENTLEMEN OF VERONA.txt": 0.13450130826073803,
    "The Two Noble Kinsmen by Shakespeare.txt": 0.11388308744123216,
    "THE WINTERS TALE.txt": 0.11096303300976307,
    "Venus and Adonis.txt": 0.0977686434140086
}