{
    "A MIDSUMMER NIGHT_S DREAM.txt": 0.047064836401577714,
    "A Yorkshire Tragedy by Shakespeare.txt": 0.06071840136812573,
    "Arden of Feversham.txt": -0.13853083981536174,
    "AS YOU LIKE IT.txt": 0.08506469086452784,
    "CYMBELINE.txt": 0.03990036790471757,
    "Fair Em by Shakespeare.txt": 0.02391482974604514,
    "KING EDWARD III by Shakespeare.txt": 0.06668795510989978,
    "King Henry IV, Part 1.txt": 0.0735196643649087,
    "KING HENRY V.txt": 0.05765291766842856,
    "KING HENRY VI part I.txt": 0.05711757320642169,
    "KING HENRY VI Part II.txt": 0.03675472510760608,
    "KING HENRY VI Part III.txt": 0.0442278537775202,
    "KING HENRY VIII.txt": 0.07705389450192368,
    "KING JOHN.txt": 0.08339541696476166,
    "KING RICHARD II.txt": 0.06865130020715088,
    "KING RICHARD III.txt": 0.05298587704535168,
    "Locrine Mucedorus by Shakespeare.txt": 0.06574273732145997,
    "Love_s Labour_s Lost.txt": 0.05870728115883411,
    "MEASURE FOR MEASURE.txt": 0.0734186904126582,
    "Merchant of Venice.txt": 0.06219198098040285,
    "MUCH ADO ABOUT NOTHING.txt": 0.07478493680189852,
    "PERICLES PRINCE OF TYRE.txt": -0.013399030809461365,
    "Sir John Oldcastle by Shakespeare.txt": 0.0025859421084916123,
    "Sir Thomas More by Shakespeare.txt": 0.06337391441533718,
    "Taming of the Shrew.txt": 0.07201537845362577,
    "The Comedy of Errors.txt": -0.10099656579685101,
    "THE HISTORY OF TROILUS AND CRESSIDA.txt": -0.05538922314983874,
    "The Life and Death of the Lord Cromwell by Shakespeare.txt": -0.04345943633096305,
    "THE LIFE OF TIMON OF ATHENS.txt": 0.03445013785968343,
    "The London Prodigal.txt": 0.03067254181203677,
    "The Merry Devill of Edmonton by Shakespeare.txt": 0.039759834865785326,
    "THE MERRY WIVES OF WINDSOR.txt": 0.07138044735344073,
    "The Puritaine Widdow by Shakespeare.txt": 0.06687445198118314,
    "THE RAPE OF LUCRECE.txt": 0.04905700139502023,
    "THE TAMING OF THE SHREW.txt": 0.07934752635384484,
    "THE TEMPEST.txt": 0.026090381278935093,
    "THE TRAGEDY OF ANTONY AND CLEOPATRA.txt": 0.007163378350298455,
    "THE TRAGEDY OF CORIOLANUS.txt": -0.18768081546098025,
    "THE TRAGEDY OF HAMLET PRINCE OF DENMARK.txt": 0.0729031261334937,
    "THE TRAGEDY OF JULIUS CAESAR.txt": 0.08075300825850162,
    "THE TRAGEDY OF KING LEAR.txt": 0.06846712062859689,
    "THE TRAGEDY OF MACBETH.txt": 0.04991746231132965,
    "THE TRAGEDY OF OTHELLO MOOR OF VENICE.txt": 0.06964380497081962,
    "THE TRAGEDY OF ROMEO AND JULIET.txt": 0.06864964543813579,
    "THE TRAGEDY OF TITUS ANDRONICUS.txt": 0.06682379236995978,
    "THE TWO GENTLEMEN OF VERONA.txt": 0.05931234529960627,
    "The Two Noble Kinsmen by Shakespeare.txt": 0.07377245588717046,
    "THE WINTERS TALE.txt": 0.07302203551789943,
    "Venus and Adonis.txt": 0.012869518076467468
}