{
    "A LOVERS COMPLAINT.txt": 0.041341385862449676,
    "A MIDSUMMER NIGHT_S DREAM.txt": 0.07857280457886184,
    "A Yorkshire Tragedy by Shakespeare.txt": 0.1045740413709324,
    "Arden of Feversham.txt": -0.0533699904978141,
    "AS YOU LIKE IT.txt": 0.12654511029852678,
    "CYMBELINE.txt": 0.10791456737708349,
    "Fair Em by Shakespeare.txt": 0.10041866351476592,
    "KING EDWARD III by Shakespeare.txt": 0.1022195686682782,
    "King Henry IV, Part 1.txt": 0.13565305204293326,
    "KING HENRY V.txt": 0.14220112147606062,
    "KING HENRY VI part I.txt": 0.10803347781265288,
    "KING HENRY VI Part II.txt": 0.11240511816996812,
    "KING HENRY VI Part III.txt": 0.08051752245902055,
    "KING HENRY VIII.txt": 0.12691283098754857,
    "KING JOHN.txt": 0.05505752949012016,
    "KING RICHARD II.txt": 0.11804816195081225,
    "KING RICHARD III.txt": 0.11811556516226601,
    "Locrine Mucedorus by Shakespeare.txt": 0.10464990629381954,
    "Love_s Labour_s Lost.txt": 0.09828238799527172,
    "MEASURE FOR MEASURE.txt": 0.1148050349161222,
    "Merchant of Venice.txt": 0.09474016776909938,
    "MUCH ADO ABOUT NOTHING.txt": 0.13206381014155966,
    "PERICLES PRINCE OF TYRE.txt": 0.1005230147467282,
    "Sir John Oldcastle by Shakespeare.txt": 0.09419329663645676,
    "Sir Thomas More by Shakespeare.txt": 0.09164474064822992,
    "Taming of the Shrew.txt": 0.10318888712643653,
    "The Comedy of Errors.txt": -0.01174429947836797,
    "THE HISTORY OF TROILUS AND CRESSIDA.txt": -0.03511045480794184,
    "The Life and Death of the Lord Cromwell by Shakespeare.txt": 0.07051132048295483,
    "THE LIFE OF TIMON OF ATHENS.txt": 0.11929439239437906,
    "The London Prodigal.txt": 0.10098775912348845,
    "The Merry Devill of Edmonton by Shakespeare.txt": 0.10797478216923057,
    "THE MERRY WIVES OF WINDSOR.txt": 0.1153276508422898,
    "The Puritaine Widdow by Shakespeare.txt": 0.12462289931491088,
    "THE RAPE OF LUCRECE.txt": 0.11829272140651476,
    "THE TAMING OF THE SHREW.txt": 0.11842760386784529,
    "THE TEMPEST.txt": 0.1331246654625956,
    "THE TRAGEDY OF ANTONY AND CLEOPATRA.txt": 0.030222659581070066,
    "THE TRAGEDY OF CORIOLANUS.txt": -0.0010039822369841689,
    "THE TRAGEDY OF HAMLET PRINCE OF DENMARK.txt": 0.1228943776649104,
    "THE TRAGEDY OF JULIUS CAESAR.txt": 0.1346141091958089,
    "THE TRAGEDY OF KING LEAR.txt": 0.1526216213536009,
    "THE TRAGEDY OF MACBETH.txt": 0.12757315222974164,
    "THE TRAGEDY OF OTHELLO MOOR OF VENICE.txt": 0.12612714338073244,
    "THE TRAGEDY OF ROMEO AND JULIET.txt": 0.12522261646654254,
    "THE TRAGEDY OF TITUS ANDRONICUS.txt": 0.13690456058294082,
    "THE TWO GENTLEMEN OF VERONA.txt": 0.12642586568813774,
    "The Two Noble Kinsmen by Shakespeare.txt": 0.12309591114525159,
    "THE WINTERS TALE.txt": 0.12098790627658401,
    "Venus and Adonis.txt": 0.1235426451677184
}