{
    "A LOVERS COMPLAINT.txt": -0.03553501885402943,
    "A MIDSUMMER NIGHT_S DREAM.txt": 0.11783131810327269,
    "A Yorkshire Tragedy by Shakespeare.txt": 0.10255326686237126,
    "Arden of Feversham.txt": 0.070855261966354,
    "AS YOU LIKE IT.txt": 0.10127472226984624,
    "CYMBELINE.txt": 0.1324936522461041,
    "Fair Em by Shakespeare.txt": 0.0852821161948823,
    "KING EDWARD III by Shakespeare.txt": 0.10835354781655432,
    "King Henry IV, Part 1.txt": 0.12513019071998188,
    "KING HENRY V.txt": 0.1340795427524099,
    "KING HENRY VI part I.txt": 0.09865651476307846,
    "KING HENRY VI Part II.txt": 0.1321745336266441,
    "KING HENRY VI Part III.txt": 0.13209440668499955,
    "KING HENRY VIII.txt": 0.10195602649517072,
    "KING JOHN.txt": 0.02935046783272377,
    "KING RICHARD II.txt": 0.10327715850223668,
    "KING RICHARD III.txt": 0.12647974605816048,
    "Locrine Mucedorus by Shakespeare.txt": 0.12442183487390623,
    "Love_s Labour_s Lost.txt": 0.1432831787185146,
    "MEASURE FOR MEASURE.txt": 0.10579259425655874,
    "Merchant of Venice.txt": 0.11840632442587473,
    "MUCH ADO ABOUT NOTHING.txt": 0.10566173191456524,
    "PERICLES PRINCE OF TYRE.txt": 0.13215783878988602,
    "Sir John Oldcastle by Shakespeare.txt": 0.136081238039145,
    "Sir Thomas More by Shakespeare.txt": 0.11535588882288644,
    "Taming of the Shrew.txt": 0.1294201616881948,
    "The Comedy of Errors.txt": 0.11712754561913635,
    "THE HISTORY OF TROILUS AND CRESSIDA.txt": 0.06537697515246521,
    "The Life and Death of the Lord Cromwell by Shakespeare.txt": 0.09823261394994376,
    "THE LIFE OF TIMON OF ATHENS.txt": 0.13797693998003602,
    "The London Prodigal.txt": 0.09630165295888049,
    "The Merry Devill of Edmonton by Shakespeare.txt": 0.1135332080783823,
    "THE MERRY WIVES OF WINDSOR.txt": 0.09521633498764942,
    "The Puritaine Widdow by Shakespeare.txt": 0.08955251531804953,
    "THE RAPE OF LUCRECE.txt": 0.054098902873084165,
    "THE TAMING OF THE SHREW.txt": 0.12125916377461288,
    "THE TEMPEST.txt": 0.11492249276584238,
    "THE TRAGEDY OF ANTONY AND CLEOPATRA.txt": 0.135441848601633,
    "THE TRAGEDY OF CORIOLANUS.txt": 0.11040230850769883,
    "THE TRAGEDY OF HAMLET PRINCE OF DENMARK.txt": 0.1346129005513565,
    "THE TRAGEDY OF JULIUS CAESAR.txt": 0.14170609042011345,
    "THE TRAGEDY OF KING LEAR.txt": 0.10302835686018336,
    "THE TRAGEDY OF MACBETH.txt": 0.13736570810565057,
    "THE TRAGEDY OF OTHELLO MOOR OF VENICE.txt": 0.12421573673791553,
    "THE TRAGEDY OF ROMEO AND JULIET.txt": 0.10773098207975018,
    "THE TRAGEDY OF TITUS ANDRONICUS.txt": 0.12428838347261573,
    "THE TWO GENTLEMEN OF VERONA.txt": 0.017407101837562056,
    "The Two Noble Kinsmen by Shakespeare.txt": 0.12354865891753392,
    "THE WINTERS TALE.txt": 0.13985600444393637,
    "Venus and Adonis.txt": 0.08687708042060327
}