{
    "A LOVERS COMPLAINT.txt": -0.014457471313543246,
    "A MIDSUMMER NIGHT_S DREAM.txt": 0.13204656731550812,
    "A Yorkshire Tragedy by Shakespeare.txt": 0.09470331438774626,
    "Arden of Feversham.txt": 0.07319926495987233,
    "AS YOU LIKE IT.txt": 0.09705463331272773,
    "CYMBELINE.txt": 0.13244753417430022,
    "Fair Em by Shakespeare.txt": 0.08776471474433878,
    "KING EDWARD III by Shakespeare.txt": 0.11165701014475243,
    "King Henry IV, Part 1.txt": 0.12259151115066635,
    "KING HENRY V.txt": 0.14387706025568553,
    "KING HENRY VI part I.txt": 0.11648076767797028,
    "KING HENRY VI Part II.txt": 0.13027529751668687,
    "KING HENRY VI Part III.txt": 0.12127934391400497,
    "KING HENRY VIII.txt": 0.09233737974954664,
    "KING JOHN.txt": 0.05993027442136056,
    "KING RICHARD II.txt": 0.11059956332692117,
    "KING RICHARD III.txt": 0.1326519892345529,
    "Locrine Mucedorus by Shakespeare.txt": 0.13519066882664976,
    "Love_s Labour_s Lost.txt": 0.15131097896399692,
    "MEASURE FOR MEASURE.txt": 0.11111518855181435,
    "Merchant of Venice.txt": 0.11366313387074695,
    "MUCH ADO ABOUT NOTHING.txt": 0.11998616795275646,
    "PERICLES PRINCE OF TYRE.txt": 0.1353500357824199,
    "Sir John Oldcastle by Shakespeare.txt": 0.1252284515981959,
    "Sir Thomas More by Shakespeare.txt": 0.12324598385773677,
    "Taming of the Shrew.txt": 0.14857264804380105,
    "The Comedy of Errors.txt": 0.11559931774184967,
    "THE HISTORY OF TROILUS AND CRESSIDA.txt": 0.029170001077911734,
    "The Life and Death of the Lord Cromwell by Shakespeare.txt": 0.12139777337787622,
    "THE LIFE OF TIMON OF ATHENS.txt": 0.12218686638667076,
    "The London Prodigal.txt": 0.11485364013801719,
    "The Merry Devill of Edmonton by Shakespeare.txt": 0.09954994152660901,
    "THE MERRY WIVES OF WINDSOR.txt": 0.11843848817272062,
    "The Puritaine Widdow by Shakespeare.txt": 0.11161586179522548,
    "THE RAPE OF LUCRECE.txt": 0.08208762728524754,
    "THE TAMING OF THE SHREW.txt": 0.12328422748527129,
    "THE TEMPEST.txt": 0.1294938893175041,
    "THE TRAGEDY OF ANTONY AND CLEOPATRA.txt": 0.12779566452865726,
    "THE TRAGEDY OF CORIOLANUS.txt": 0.1199779797349152,
    "THE TRAGEDY OF HAMLET PRINCE OF DENMARK.txt": 0.12912960404882434,
    "THE TRAGEDY OF JULIUS CAESAR.txt": 0.14154113833954968,
    "THE TRAGEDY OF KING LEAR.txt": 0.10727580631241335,
    "THE TRAGEDY OF MACBETH.txt": 0.1250044701596721,
    "THE TRAGEDY OF OTHELLO MOOR OF VENICE.txt": 0.13514033091246158,
    "THE TRAGEDY OF ROMEO AND JULIET.txt": 0.12532412552633837,
    "THE TRAGEDY OF TITUS ANDRONICUS.txt": 0.10202157356919139,
    "THE TWO GENTLEMEN OF VERONA.txt": 0.03649693151986966,
    "The Two Noble Kinsmen by Shakespeare.txt": 0.11259451341144533,
    "THE WINTERS TALE.txt": 0.1445607521451876,
    "Venus and Adonis.txt": 0.086520251817304
}