{
    "A MIDSUMMER NIGHT_S DREAM.txt": 0.0596586435691247,
    "A Yorkshire Tragedy by Shakespeare.txt": -0.005627768216288631,
    "Arden of Feversham.txt": -0.1839589042608637,
    "AS YOU LIKE IT.txt": 0.10326519102409243,
    "CYMBELINE.txt": 0.10349500037756354,
    "Fair Em by Shakespeare.txt": 0.07573738565546928,
    "KING EDWARD III by Shakespeare.txt": -0.025558288549411112,
    "King Henry IV, Part 1.txt": 0.0972022159470235,
    "KING HENRY V.txt": 0.09898167563710142,
    "KING HENRY VI part I.txt": 0.03543826327186894,
    "KING HENRY VI Part II.txt": 0.08397937528999216,
    "KING HENRY VI Part III.txt": 0.10517365310175908,
    "KING HENRY VIII.txt": 0.06977052300275771,
    "KING JOHN.txt": 0.05612218619040088,
    "KING RICHARD II.txt": 0.08379652942192245,
    "KING RICHARD III.txt": 0.0685783357665869,
    "Locrine Mucedorus by Shakespeare.txt": 0.013957022821462717,
    "Love_s Labour_s Lost.txt": 0.06639420216041908,
    "MEASURE FOR MEASURE.txt": 0.03756968955268425,
    "Merchant of Venice.txt": 0.07258910347027692,
    "MUCH ADO ABOUT NOTHING.txt": 0.0795286216172188,
    "PERICLES PRINCE OF TYRE.txt": 0.07471378762111203,
    "Sir John Oldcastle by Shakespeare.txt": 0.09725416071368986,
    "Sir Thomas More by Shakespeare.txt": 0.1068407812341014,
    "Taming of the Shrew.txt": 0.10244863665857773,
    "The Comedy of Errors.txt": 0.09646319135109521,
    "THE HISTORY OF TROILUS AND CRESSIDA.txt": 0.06753461201779282,
    "The Life and Death of the Lord Cromwell by Shakespeare.txt": 0.08747042280325135,
    "THE LIFE OF TIMON OF ATHENS.txt": 0.06835703847496477,
    "The London Prodigal.txt": -0.11067580336886651,
    "The Merry Devill of Edmonton by Shakespeare.txt": 0.09929552233851874,
    "THE MERRY WIVES OF WINDSOR.txt": 0.09278355868013383,
    "The Puritaine Widdow by Shakespeare.txt": 0.025178474176202448,
    "THE RAPE OF LUCRECE.txt": -0.05643712034861237,
    "THE TAMING OF THE SHREW.txt": 0.09996114134234663,
    "THE TEMPEST.txt": 0.12450173604345227,
    "THE TRAGEDY OF ANTONY AND CLEOPATRA.txt": 0.11528192393864256,
    "THE TRAGEDY OF CORIOLANUS.txt": 0.10983582724737312,
    "THE TRAGEDY OF HAMLET PRINCE OF DENMARK.txt": 0.10197681676310971,
    "THE TRAGEDY OF JULIUS CAESAR.txt": 0.0991189537424847,
    "THE TRAGEDY OF KING LEAR.txt": 0.09801287676765508,
    "THE TRAGEDY OF MACBETH.txt": 0.08479746847922776,
    "THE TRAGEDY OF OTHELLO MOOR OF VENICE.txt": 0.1064259102895358,
    "THE TRAGEDY OF ROMEO AND JULIET.txt": 0.05495524104096794,
    "THE TRAGEDY OF TITUS ANDRONICUS.txt": 0.09283078551378915,
    "THE TWO GENTLEMEN OF VERONA.txt": -0.001673460582048092,
    "The Two Noble Kinsmen by Shakespeare.txt": 0.09277310110147491,
    "THE WINTERS TALE.txt": 0.10210203090807729,
    "Venus and Adonis.txt": 0.06489898482869705
}