{
    "A MIDSUMMER NIGHT_S DREAM.txt": 0.0523104684874634,
    "A Yorkshire Tragedy by Shakespeare.txt": 0.023907939972952263,
    "Arden of Feversham.txt": -0.1658219976730646,
    "AS YOU LIKE IT.txt": 0.10990372147340438,
    "CYMBELINE.txt": 0.10670696266669555,
    "Fair Em by Shakespeare.txt": 0.08741803822531236,
    "KING EDWARD III by Shakespeare.txt": -0.019392320701116628,
    "King Henry IV, Part 1.txt": 0.10670713551777916,
    "KING HENRY V.txt": 0.11148252740798681,
    "KING HENRY VI part I.txt": 0.04451932000220682,
    "KING HENRY VI Part II.txt": 0.10048161687191254,
    "KING HENRY VI Part III.txt": 0.11867546803020407,
    "KING HENRY VIII.txt": 0.07391643298724282,
    "KING JOHN.txt": 0.07424354338052469,
    "KING RICHARD II.txt": 0.07816997369963768,
    "KING RICHARD III.txt": 0.08993583185784582,
    "Locrine Mucedorus by Shakespeare.txt": 0.016220593172901476,
    "Love_s Labour_s Lost.txt": 0.07820776853872385,
    "MEASURE FOR MEASURE.txt": 0.04630424492208224,
    "Merchant of Venice.txt": 0.09916387635200935,
    "MUCH ADO ABOUT NOTHING.txt": 0.0772889944545877,
    "PERICLES PRINCE OF TYRE.txt": 0.08537423152447537,
    "Sir John Oldcastle by Shakespeare.txt": 0.1049838402145859,
    "Sir Thomas More by Shakespeare.txt": 0.10319506011676172,
    "Taming of the Shrew.txt": 0.11490611281550439,
    "The Comedy of Errors.txt": 0.09174766091540004,
    "THE HISTORY OF TROILUS AND CRESSIDA.txt": 0.07393983163310774,
    "The Life and Death of the Lord Cromwell by Shakespeare.txt": 0.09967842555679679,
    "THE LIFE OF TIMON OF ATHENS.txt": 0.06235198125461383,
    "The London Prodigal.txt": -0.11733770274146416,
    "The Merry Devill of Edmonton by Shakespeare.txt": 0.08324394778118815,
    "THE MERRY WIVES OF WINDSOR.txt": 0.08388970855745687,
    "The Puritaine Widdow by Shakespeare.txt": 0.038870181842712404,
    "THE RAPE OF LUCRECE.txt": -0.05648029126417464,
    "THE TAMING OF THE SHREW.txt": 0.10408581912187048,
    "THE TEMPEST.txt": 0.11022076440488687,
    "THE TRAGEDY OF ANTONY AND CLEOPATRA.txt": 0.11846497717252757,
    "THE TRAGEDY OF CORIOLANUS.txt": 0.11137134274011284,
    "THE TRAGEDY OF HAMLET PRINCE OF DENMARK.txt": 0.10403757136855885,
    "THE TRAGEDY OF JULIUS CAESAR.txt": 0.0891595601334716,
    "THE TRAGEDY OF KING LEAR.txt": 0.10240978504807524,
    "THE TRAGEDY OF MACBETH.txt": 0.06547229565253232,
    "THE TRAGEDY OF OTHELLO MOOR OF VENICE.txt": 0.12675229338434763,
    "THE TRAGEDY OF ROMEO AND JULIET.txt": 0.06935564900891267,
    "THE TRAGEDY OF TITUS ANDRONICUS.txt": 0.07767494049411694,
    "THE TWO GENTLEMEN OF VERONA.txt": -0.01118996821911733,
    "The Two Noble Kinsmen by Shakespeare.txt": 0.11392434345175634,
    "THE WINTERS TALE.txt": 0.09391573524840863,
    "Venus and Adonis.txt": 0.04399269020430929
}