{
    "A LOVERS COMPLAINT.txt": -0.016859660000247634,
    "A MIDSUMMER NIGHT_S DREAM.txt": 0.11149698581778089,
    "A Yorkshire Tragedy by Shakespeare.txt": 0.12490233031124093,
    "Arden of Feversham.txt": 0.07974854623386185,
    "AS YOU LIKE IT.txt": 0.11730615435442482,
    "CYMBELINE.txt": 0.141638199016892,
    "Fair Em by Shakespeare.txt": 0.07608876617894672,
    "KING EDWARD III by Shakespeare.txt": 0.10213270375351052,
    "King Henry IV, Part 1.txt": 0.130073427065321,
    "KING HENRY V.txt": 0.1410453156699265,
    "KING HENRY VI part I.txt": 0.10754860491187646,
    "KING HENRY VI Part II.txt": 0.14583803396761869,
    "KING HENRY VI Part III.txt": 0.14549414547166417,
    "KING HENRY VIII.txt": 0.12373140259014787,
    "KING JOHN.txt": 0.01874749397796699,
    "KING RICHARD II.txt": 0.1296580924246057,
    "KING RICHARD III.txt": 0.15753938957382424,
    "Locrine Mucedorus by Shakespeare.txt": 0.14913635424872368,
    "Love_s Labour_s Lost.txt": 0.11785142311944818,
    "MEASURE FOR MEASURE.txt": 0.10021082931333924,
    "Merchant of Venice.txt": 0.12861833594754485,
    "MUCH ADO ABOUT NOTHING.txt": 0.12901595958589207,
    "PERICLES PRINCE OF TYRE.txt": 0.14078222814458158,
    "Sir John Oldcastle by Shakespeare.txt": 0.15690785596774054,
    "Sir Thomas More by Shakespeare.txt": 0.1319031298915802,
    "Taming of the Shrew.txt": 0.133372410082364,
    "The Comedy of Errors.txt": 0.13901435392782918,
    "THE HISTORY OF TROILUS AND CRESSIDA.txt": 0.02104971447297882,
    "The Life and Death of the Lord Cromwell by Shakespeare.txt": 0.1301042264688928,
    "THE LIFE OF TIMON OF ATHENS.txt": 0.1264130138454766,
    "The London Prodigal.txt": 0.10701688111913571,
    "The Merry Devill of Edmonton by Shakespeare.txt": 0.11793772539942182,
    "THE MERRY WIVES OF WINDSOR.txt": 0.12213526879569137,
    "The Puritaine Widdow by Shakespeare.txt": 0.12526826442171274,
    "THE RAPE OF LUCRECE.txt": 0.07580596636417525,
    "THE TAMING OF THE SHREW.txt": 0.1259814955202201,
    "THE TEMPEST.txt": 0.12670959677991428,
    "THE TRAGEDY OF ANTONY AND CLEOPATRA.txt": 0.14762283614187421,
    "THE TRAGEDY OF CORIOLANUS.txt": 0.08535629021747454,
    "THE TRAGEDY OF HAMLET PRINCE OF DENMARK.txt": 0.12105271833116005,
    "THE TRAGEDY OF JULIUS CAESAR.txt": 0.1368604149923603,
    "THE TRAGEDY OF KING LEAR.txt": 0.10303258966421469,
    "THE TRAGEDY OF MACBETH.txt": 0.13721800247627564,
    "THE TRAGEDY OF OTHELLO MOOR OF VENICE.txt": 0.12558039173031404,
    "THE TRAGEDY OF ROMEO AND JULIET.txt": 0.12141011868903612,
    "THE TRAGEDY OF TITUS ANDRONICUS.txt": 0.12494746647445587,
    "THE TWO GENTLEMEN OF VERONA.txt": 0.05045413513153807,
    "The Two Noble Kinsmen by Shakespeare.txt": 0.10761190703533363,
    "THE WINTERS TALE.txt": 0.1451755167044324,
    "Venus and Adonis.txt": 0.08922246165074865
}