{
    "A LOVERS COMPLAINT.txt": -0.049249446173317835,
    "A MIDSUMMER NIGHT_S DREAM.txt": 0.12102974841254632,
    "A Yorkshire Tragedy by Shakespeare.txt": 0.1226392345713786,
    "Arden of Feversham.txt": 0.07749460655200119,
    "AS YOU LIKE IT.txt": 0.10129032534484711,
    "CYMBELINE.txt": 0.15125360113463004,
    "Fair Em by Shakespeare.txt": 0.10022505192065267,
    "KING EDWARD III by Shakespeare.txt": 0.11713802204457802,
    "King Henry IV, Part 1.txt": 0.0955319709771087,
    "KING HENRY V.txt": 0.1430886139267465,
    "KING HENRY VI part I.txt": 0.09776637507119745,
    "KING HENRY VI Part II.txt": 0.10868408733775825,
    "KING HENRY VI Part III.txt": 0.1509619179680654,
    "KING HENRY VIII.txt": 0.10726822306556177,
    "KING JOHN.txt": 0.07903933110657313,
    "KING RICHARD II.txt": 0.10545990494764301,
    "KING RICHARD III.txt": 0.1248184478414412,
    "Locrine Mucedorus by Shakespeare.txt": 0.14097351374874623,
    "Love_s Labour_s Lost.txt": 0.15267574505385229,
    "MEASURE FOR MEASURE.txt": 0.13067015200375032,
    "Merchant of Venice.txt": 0.12725249223820623,
    "MUCH ADO ABOUT NOTHING.txt": 0.12243212268407638,
    "PERICLES PRINCE OF TYRE.txt": 0.11817159543633943,
    "Sir John Oldcastle by Shakespeare.txt": 0.14393549997758015,
    "Sir Thomas More by Shakespeare.txt": 0.13006505320955436,
    "Taming of the Shrew.txt": 0.13651394070430273,
    "The Comedy of Errors.txt": 0.12738036912358974,
    "THE HISTORY OF TROILUS AND CRESSIDA.txt": 0.05854897090741329,
    "The Life and Death of the Lord Cromwell by Shakespeare.txt": 0.12439956525712798,
    "THE LIFE OF TIMON OF ATHENS.txt": 0.13902433331601727,
    "The London Prodigal.txt": 0.10302566194173401,
    "The Merry Devill of Edmonton by Shakespeare.txt": 0.10986663811189024,
    "THE MERRY WIVES OF WINDSOR.txt": 0.11421210437193485,
    "The Puritaine Widdow by Shakespeare.txt": 0.12161855080425865,
    "THE RAPE OF LUCRECE.txt": 0.06867824982546145,
    "THE TAMING OF THE SHREW.txt": 0.10787608660138737,
    "THE TEMPEST.txt": 0.1173952505044345,
    "THE TRAGEDY OF ANTONY AND CLEOPATRA.txt": 0.13517401928399791,
    "THE TRAGEDY OF CORIOLANUS.txt": 0.11484131907678008,
    "THE TRAGEDY OF HAMLET PRINCE OF DENMARK.txt": 0.14083406812624955,
    "THE TRAGEDY OF JULIUS CAESAR.txt": 0.12790588214361753,
    "THE TRAGEDY OF KING LEAR.txt": 0.13038370777707414,
    "THE TRAGEDY OF MACBETH.txt": 0.125764966947157,
    "THE TRAGEDY OF OTHELLO MOOR OF VENICE.txt": 0.13369470042192022,
    "THE TRAGEDY OF ROMEO AND JULIET.txt": 0.1295316777664136,
    "THE TRAGEDY OF TITUS ANDRONICUS.txt": 0.095171659523209,
    "THE TWO GENTLEMEN OF VERONA.txt": 0.04839177682001916,
    "The Two Noble Kinsmen by Shakespeare.txt": 0.13281350389881647,
    "THE WINTERS TALE.txt": 0.14516468834369517,
    "Venus and Adonis.txt": 0.08470572494746481
}