{
    "A LOVERS COMPLAINT.txt": 0.02505497342330737,
    "A MIDSUMMER NIGHT_S DREAM.txt": 0.029915554462276006,
    "A Yorkshire Tragedy by Shakespeare.txt": -0.011112885982664578,
    "Arden of Feversham.txt": 0.10159801306035726,
    "AS YOU LIKE IT.txt": 0.10511539073916676,
    "CYMBELINE.txt": 0.1160866553963924,
    "Fair Em by Shakespeare.txt": -0.06804583998404679,
    "KING EDWARD III by Shakespeare.txt": 0.10738010953321181,
    "King Henry IV, Part 1.txt": 0.11520621346602472,
    "KING HENRY V.txt": 0.11892360776222,
    "KING HENRY VI part I.txt": -0.022874063979103743,
    "KING HENRY VI Part II.txt": 0.10018673926697746,
    "KING HENRY VI Part III.txt": 0.10223077503284911,
    "KING HENRY VIII.txt": 0.1140181457772142,
    "KING JOHN.txt": 0.05263517520956568,
    "KING RICHARD II.txt": 0.12320399555883699,
    "KING RICHARD III.txt": 0.11290132760723753,
    "Locrine Mucedorus by Shakespeare.txt": 0.027958100799156338,
    "Love_s Labour_s Lost.txt": 0.07179991976272676,
    "MEASURE FOR MEASURE.txt": 0.11358603416029395,
    "Merchant of Venice.txt": 0.10832872368872226,
    "MUCH ADO ABOUT NOTHING.txt": 0.10609136246461864,
    "PERICLES PRINCE OF TYRE.txt": 0.11905088401468578,
    "Sir John Oldcastle by Shakespeare.txt": 0.1248865792072974,
    "Sir Thomas More by Shakespeare.txt": 0.12643855468264426,
    "Taming of the Shrew.txt": 0.10898384294144886,
    "The Comedy of Errors.txt": 0.06393273821690976,
    "THE HISTORY OF TROILUS AND CRESSIDA.txt": 0.07409029202786832,
    "The Life and Death of the Lord Cromwell by Shakespeare.txt": 0.0673558756505449,
    "THE LIFE OF TIMON OF ATHENS.txt": 0.08723733401095357,
    "The London Prodigal.txt": 0.07511333102099277,
    "The Merry Devill of Edmonton by Shakespeare.txt": 0.0737130948901662,
    "THE MERRY WIVES OF WINDSOR.txt": 0.09320058228271433,
    "The Puritaine Widdow by Shakespeare.txt": 0.04525405185560005,
    "THE RAPE OF LUCRECE.txt": 0.11541545914462847,
    "THE TAMING OF THE SHREW.txt": 0.098449384231726,
    "THE TEMPEST.txt": 0.10641729030741648,
    "THE TRAGEDY OF ANTONY AND CLEOPATRA.txt": 0.12502752296343989,
    "THE TRAGEDY OF CORIOLANUS.txt": 0.09643006210116706,
    "THE TRAGEDY OF HAMLET PRINCE OF DENMARK.txt": 0.04745935301806903,
    "THE TRAGEDY OF JULIUS CAESAR.txt": 0.08278121734178662,
    "THE TRAGEDY OF KING LEAR.txt": 0.13134100017188666,
    "THE TRAGEDY OF MACBETH.txt": 0.11161044959282101,
    "THE TRAGEDY OF OTHELLO MOOR OF VENICE.txt": 0.10457408951361036,
    "THE TRAGEDY OF ROMEO AND JULIET.txt": 0.12406919497148156,
    "THE TRAGEDY OF TITUS ANDRONICUS.txt": 0.12649770768568463,
    "THE TWO GENTLEMEN OF VERONA.txt": 0.10581735631496197,
    "The Two Noble Kinsmen by Shakespeare.txt": 0.05742428476157818,
    "THE WINTERS TALE.txt": 0.11822475803042026,
    "Venus and Adonis.txt": 0.09793031858367834
}