{
    "A LOVERS COMPLAINT.txt": 0.030441894423494653,
    "A MIDSUMMER NIGHT_S DREAM.txt": 0.05070173174514542,
    "A Yorkshire Tragedy by Shakespeare.txt": 0.010703579698703058,
    "Arden of Feversham.txt": 0.11186816139184935,
    "AS YOU LIKE IT.txt": 0.1273198115011021,
    "CYMBELINE.txt": 0.11635130444973485,
    "Fair Em by Shakespeare.txt": -0.045851323317905646,
    "KING EDWARD III by Shakespeare.txt": 0.10813003927255327,
    "King Henry IV, Part 1.txt": 0.12368353240505536,
    "KING HENRY V.txt": 0.10661937574873515,
    "KING HENRY VI part I.txt": 0.005563665744353075,
    "KING HENRY VI Part II.txt": 0.08252571911269219,
    "KING HENRY VI Part III.txt": 0.10664731085690421,
    "KING HENRY VIII.txt": 0.11605406872391544,
    "KING JOHN.txt": 0.015988082842412932,
    "KING RICHARD II.txt": 0.1180597821204663,
    "KING RICHARD III.txt": 0.11502411812306923,
    "Locrine Mucedorus by Shakespeare.txt": 0.022969533416157206,
    "Love_s Labour_s Lost.txt": 0.054129846517210145,
    "MEASURE FOR MEASURE.txt": 0.11561035916965612,
    "Merchant of Venice.txt": 0.11901450670205937,
    "MUCH ADO ABOUT NOTHING.txt": 0.11760823546813509,
    "PERICLES PRINCE OF TYRE.txt": 0.11193441731945131,
    "Sir John Oldcastle by Shakespeare.txt": 0.09629383426763438,
    "Sir Thomas More by Shakespeare.txt": 0.12130338206710783,
    "Taming of the Shrew.txt": 0.11176173889748175,
    "The Comedy of Errors.txt": 0.04976626551500679,
    "THE HISTORY OF TROILUS AND CRESSIDA.txt": 0.06790721584042464,
    "The Life and Death of the Lord Cromwell by Shakespeare.txt": 0.09971428758726031,
    "THE LIFE OF TIMON OF ATHENS.txt": 0.062450921273437876,
    "The London Prodigal.txt": 0.09240425268840552,
    "The Merry Devill of Edmonton by Shakespeare.txt": 0.0928588435111693,
    "THE MERRY WIVES OF WINDSOR.txt": 0.10269890087564443,
    "The Puritaine Widdow by Shakespeare.txt": 0.054013624731156784,
    "THE RAPE OF LUCRECE.txt": 0.11750705514839521,
    "THE TAMING OF THE SHREW.txt": 0.09931440244153278,
    "THE TEMPEST.txt": 0.10518692816049768,
    "THE TRAGEDY OF ANTONY AND CLEOPATRA.txt": 0.12419880638332814,
    "THE TRAGEDY OF CORIOLANUS.txt": 0.07182955358095461,
    "THE TRAGEDY OF HAMLET PRINCE OF DENMARK.txt": 0.05614228856957054,
    "THE TRAGEDY OF JULIUS CAESAR.txt": 0.11058656754300072,
    "THE TRAGEDY OF KING LEAR.txt": 0.12322237616135512,
    "THE TRAGEDY OF MACBETH.txt": 0.11972302157475329,
    "THE TRAGEDY OF OTHELLO MOOR OF VENICE.txt": 0.11164838507346808,
    "THE TRAGEDY OF ROMEO AND JULIET.txt": 0.11100744747336083,
    "THE TRAGEDY OF TITUS ANDRONICUS.txt": 0.11056124117919358,
    "THE TWO GENTLEMEN OF VERONA.txt": 0.0975336068243951,
    "The Two Noble Kinsmen by Shakespeare.txt": 0.05185458565166978,
    "THE WINTERS TALE.txt": 0.10579635927793196,
    "Venus and Adonis.txt": 0.09939525825390444
}