{
    "A LOVERS COMPLAINT.txt": 0.11893401085835531,
    "A MIDSUMMER NIGHT_S DREAM.txt": 0.12663224377720395,
    "A Yorkshire Tragedy by Shakespeare.txt": 0.07276594682769144,
    "Arden of Feversham.txt": 0.1398597041720323,
    "AS YOU LIKE IT.txt": 0.1295259753119531,
    "CYMBELINE.txt": 0.09103537832764719,
    "Fair Em by Shakespeare.txt": 0.15000066296812592,
    "KING EDWARD III by Shakespeare.txt": 0.12662373075698724,
    "King Henry IV, Part 1.txt": 0.12920350279362464,
    "KING HENRY V.txt": 0.13010051163327452,
    "KING HENRY VI part I.txt": -0.16980979943318342,
    "KING HENRY VI Part II.txt": 0.11338020050969722,
    "KING HENRY VI Part III.txt": 0.12462991201125684,
    "KING HENRY VIII.txt": 0.13173088571385172,
    "KING JOHN.txt": 0.12864492256854387,
    "KING RICHARD II.txt": 0.13304117772914303,
    "KING RICHARD III.txt": 0.006509028003247541,
    "Locrine Mucedorus by Shakespeare.txt": 0.09940861803261591,
    "Love_s Labour_s Lost.txt": 0.1292969482887779,
    "MEASURE FOR MEASURE.txt": 0.11341266508312126,
    "Merchant of Venice.txt": 0.14663469068696428,
    "MUCH ADO ABOUT NOTHING.txt": 0.12282946444960818,
    "PERICLES PRINCE OF TYRE.txt": 0.1377193642683936,
    "Sir John Oldcastle by Shakespeare.txt": 0.1236952995456646,
    "Sir Thomas More by Shakespeare.txt": 0.12613135121881086,
    "Taming of the Shrew.txt": 0.013086107121564439,
    "The Comedy of Errors.txt": -0.020022377770568256,
    "THE HISTORY OF TROILUS AND CRESSIDA.txt": 0.11276841089161427,
    "The Life and Death of the Lord Cromwell by Shakespeare.txt": 0.12117276543784183,
    "THE LIFE OF TIMON OF ATHENS.txt": 0.04243272405845039,
    "The London Prodigal.txt": 0.08817700865865868,
    "The Merry Devill of Edmonton by Shakespeare.txt": 0.1094572579068524,
    "THE MERRY WIVES OF WINDSOR.txt": 0.11402025138485533,
    "The Puritaine Widdow by Shakespeare.txt": 0.08151609708524243,
    "THE RAPE OF LUCRECE.txt": 0.1394594027857528,
    "THE TAMING OF THE SHREW.txt": 0.13246766966435475,
    "THE TEMPEST.txt": 0.14024331927052652,
    "THE TRAGEDY OF ANTONY AND CLEOPATRA.txt": 0.12964850499343855,
    "THE TRAGEDY OF CORIOLANUS.txt": 0.1170064242446831,
    "THE TRAGEDY OF HAMLET PRINCE OF DENMARK.txt": 0.12378724293012067,
    "THE TRAGEDY OF JULIUS CAESAR.txt": 0.13519536406080357,
    "THE TRAGEDY OF KING LEAR.txt": 0.14277652520673856,
    "THE TRAGEDY OF MACBETH.txt": 0.12737441879081618,
    "THE TRAGEDY OF OTHELLO MOOR OF VENICE.txt": 0.14774950474707105,
    "THE TRAGEDY OF ROMEO AND JULIET.txt": 0.117922810914457,
    "THE TRAGEDY OF TITUS ANDRONICUS.txt": 0.12434934478158854,
    "THE TWO GENTLEMEN OF VERONA.txt": 0.13717268881031652,
    "The Two Noble Kinsmen by Shakespeare.txt": 0.04011553716875077,
    "THE WINTERS TALE.txt": 0.12890996760478735,
    "Venus and Adonis.txt": 0.12654885132622168
}