{
    "A MIDSUMMER NIGHT_S DREAM.txt": 0.03900472150145978,
    "A Yorkshire Tragedy by Shakespeare.txt": -0.15291789437774128,
    "Arden of Feversham.txt": 0.08434135382624941,
    "AS YOU LIKE IT.txt": 0.10339229644405418,
    "CYMBELINE.txt": 0.09616874572225409,
    "Fair Em by Shakespeare.txt": 0.09316283997578712,
    "KING EDWARD III by Shakespeare.txt": 0.09508173397113029,
    "King Henry IV, Part 1.txt": 0.08957650527992228,
    "KING HENRY V.txt": 0.09737386724471525,
    "KING HENRY VI part I.txt": -0.22010121359599322,
    "KING HENRY VI Part II.txt": 0.08452467484234477,
    "KING HENRY VI Part III.txt": 0.07796158690638894,
    "KING HENRY VIII.txt": 0.06224820120441199,
    "KING JOHN.txt": 0.06721602548847372,
    "KING RICHARD II.txt": 0.09312823244347745,
    "KING RICHARD III.txt": 0.07931739133750759,
    "Locrine Mucedorus by Shakespeare.txt": 0.05012275679106892,
    "Love_s Labour_s Lost.txt": 0.026988366637046346,
    "MEASURE FOR MEASURE.txt": 0.09041575163875776,
    "Merchant of Venice.txt": 0.07962247373025338,
    "MUCH ADO ABOUT NOTHING.txt": 0.0832667898747882,
    "PERICLES PRINCE OF TYRE.txt": 0.08675926914400567,
    "Sir John Oldcastle by Shakespeare.txt": 0.09824832303196929,
    "Sir Thomas More by Shakespeare.txt": 0.0943990173700861,
    "Taming of the Shrew.txt": 0.10023193413916243,
    "The Comedy of Errors.txt": -0.007628134388156571,
    "THE HISTORY OF TROILUS AND CRESSIDA.txt": 0.05608348729957341,
    "The Life and Death of the Lord Cromwell by Shakespeare.txt": 0.09671794671632455,
    "THE LIFE OF TIMON OF ATHENS.txt": -0.027571351938185718,
    "The London Prodigal.txt": -0.008166753879901067,
    "The Merry Devill of Edmonton by Shakespeare.txt": 0.07100705036534921,
    "THE MERRY WIVES OF WINDSOR.txt": 0.040655304868564,
    "The Puritaine Widdow by Shakespeare.txt": -0.07449082156014619,
    "THE RAPE OF LUCRECE.txt": 0.08160398599772456,
    "THE TAMING OF THE SHREW.txt": 0.09342599096600918,
    "THE TEMPEST.txt": 0.08220560695292584,
    "THE TRAGEDY OF ANTONY AND CLEOPATRA.txt": 0.09555988902609797,
    "THE TRAGEDY OF CORIOLANUS.txt": 0.11781846496999904,
    "THE TRAGEDY OF HAMLET PRINCE OF DENMARK.txt": 0.07839137543528252,
    "THE TRAGEDY OF JULIUS CAESAR.txt": 0.03803496861357447,
    "THE TRAGEDY OF KING LEAR.txt": 0.09106193518446892,
    "THE TRAGEDY OF MACBETH.txt": 0.0898393036753693,
    "THE TRAGEDY OF OTHELLO MOOR OF VENICE.txt": 0.044450347097391874,
    "THE TRAGEDY OF ROMEO AND JULIET.txt": 0.09463481264151025,
    "THE TRAGEDY OF TITUS ANDRONICUS.txt": 0.10251303878316359,
    "THE TWO GENTLEMEN OF VERONA.txt": 0.10101491184775357,
    "The Two Noble Kinsmen by Shakespeare.txt": -0.006430953316562293,
    "THE WINTERS TALE.txt": 0.10933437593424228,
    "Venus and Adonis.txt": 0.09337829124055785
}