{
    "A LOVERS COMPLAINT.txt": 0.012604757470183303,
    "A MIDSUMMER NIGHT_S DREAM.txt": 0.013097871571123687,
    "A Yorkshire Tragedy by Shakespeare.txt": 0.006843647920446727,
    "Arden of Feversham.txt": 0.12784835853419357,
    "AS YOU LIKE IT.txt": 0.12657724941671383,
    "CYMBELINE.txt": 0.1476550390392916,
    "Fair Em by Shakespeare.txt": -0.05354605485433073,
    "KING EDWARD III by Shakespeare.txt": 0.11627075414910171,
    "King Henry IV, Part 1.txt": 0.11621421767020107,
    "KING HENRY V.txt": 0.10556191128959613,
    "KING HENRY VI part I.txt": -0.03430410669124939,
    "KING HENRY VI Part II.txt": 0.07081621339904343,
    "KING HENRY VI Part III.txt": 0.11991355955103794,
    "KING HENRY VIII.txt": 0.1285006295794225,
    "KING JOHN.txt": 0.03151056915774936,
    "KING RICHARD II.txt": 0.12407013193310412,
    "KING RICHARD III.txt": 0.11355498202225384,
    "Locrine Mucedorus by Shakespeare.txt": -0.002355966141679766,
    "Love_s Labour_s Lost.txt": 0.07992051785121135,
    "MEASURE FOR MEASURE.txt": 0.13015696607522903,
    "Merchant of Venice.txt": 0.1345563856769013,
    "MUCH ADO ABOUT NOTHING.txt": 0.13558825799960472,
    "PERICLES PRINCE OF TYRE.txt": 0.12295768421541409,
    "Sir John Oldcastle by Shakespeare.txt": 0.14023691518030257,
    "Sir Thomas More by Shakespeare.txt": 0.1179637780854822,
    "Taming of the Shrew.txt": 0.12305690753854148,
    "The Comedy of Errors.txt": 0.007224001113555756,
    "THE HISTORY OF TROILUS AND CRESSIDA.txt": 0.04876427702173025,
    "The Life and Death of the Lord Cromwell by Shakespeare.txt": 0.0979713376262249,
    "THE LIFE OF TIMON OF ATHENS.txt": 0.055833979853241233,
    "The London Prodigal.txt": 0.06733707457209287,
    "The Merry Devill of Edmonton by Shakespeare.txt": 0.08662116592809682,
    "THE MERRY WIVES OF WINDSOR.txt": 0.11456717692919921,
    "The Puritaine Widdow by Shakespeare.txt": 0.04413211715990084,
    "THE RAPE OF LUCRECE.txt": 0.11764890668211891,
    "THE TAMING OF THE SHREW.txt": 0.11896100565657092,
    "THE TEMPEST.txt": 0.10176265457466871,
    "THE TRAGEDY OF ANTONY AND CLEOPATRA.txt": 0.1208032915046976,
    "THE TRAGEDY OF CORIOLANUS.txt": 0.0893901554173217,
    "THE TRAGEDY OF HAMLET PRINCE OF DENMARK.txt": 0.022055269076881823,
    "THE TRAGEDY OF JULIUS CAESAR.txt": 0.07727144208074321,
    "THE TRAGEDY OF KING LEAR.txt": 0.1221571519339959,
    "THE TRAGEDY OF MACBETH.txt": 0.11089273441203246,
    "THE TRAGEDY OF OTHELLO MOOR OF VENICE.txt": 0.1077615447446123,
    "THE TRAGEDY OF ROMEO AND JULIET.txt": 0.11784240560983167,
    "THE TRAGEDY OF TITUS ANDRONICUS.txt": 0.11172374258281592,
    "THE TWO GENTLEMEN OF VERONA.txt": 0.12199494644865105,
    "The Two Noble Kinsmen by Shakespeare.txt": 0.03972396049857291,
    "THE WINTERS TALE.txt": 0.12895095275600693,
    "Venus and Adonis.txt": 0.09170189772784393
}