{
    "A MIDSUMMER NIGHT_S DREAM.txt": 0.03149401733743212,
    "A Yorkshire Tragedy by Shakespeare.txt": -0.18275519898271309,
    "Arden of Feversham.txt": 0.09370486905661357,
    "AS YOU LIKE IT.txt": 0.11213573921548292,
    "CYMBELINE.txt": 0.0997724446011039,
    "Fair Em by Shakespeare.txt": 0.10040554481368758,
    "KING EDWARD III by Shakespeare.txt": 0.12868358193772994,
    "King Henry IV, Part 1.txt": 0.11303210326335061,
    "KING HENRY V.txt": 0.10626083751804538,
    "KING HENRY VI part I.txt": -0.18405217915696193,
    "KING HENRY VI Part II.txt": 0.09788318632684023,
    "KING HENRY VI Part III.txt": 0.10258038919082596,
    "KING HENRY VIII.txt": 0.048411636207144004,
    "KING JOHN.txt": 0.09499736017321897,
    "KING RICHARD II.txt": 0.10478512616156804,
    "KING RICHARD III.txt": 0.09427056948506674,
    "Locrine Mucedorus by Shakespeare.txt": 0.054485578235451304,
    "Love_s Labour_s Lost.txt": 0.03510416788920667,
    "MEASURE FOR MEASURE.txt": 0.11172118924663055,
    "Merchant of Venice.txt": 0.10625246939195693,
    "MUCH ADO ABOUT NOTHING.txt": 0.11648230440427687,
    "PERICLES PRINCE OF TYRE.txt": 0.10670908237238097,
    "Sir John Oldcastle by Shakespeare.txt": 0.12329008107871164,
    "Sir Thomas More by Shakespeare.txt": 0.12325786962818791,
    "Taming of the Shrew.txt": 0.13867474059748436,
    "The Comedy of Errors.txt": -0.043758080554313405,
    "THE HISTORY OF TROILUS AND CRESSIDA.txt": 0.0642909630500848,
    "The Life and Death of the Lord Cromwell by Shakespeare.txt": 0.10340198807329232,
    "THE LIFE OF TIMON OF ATHENS.txt": -0.05205100332820012,
    "The London Prodigal.txt": -0.007897355182210464,
    "The Merry Devill of Edmonton by Shakespeare.txt": 0.05894946988746652,
    "THE MERRY WIVES OF WINDSOR.txt": 0.028342032566837594,
    "The Puritaine Widdow by Shakespeare.txt": -0.08526650160642368,
    "THE RAPE OF LUCRECE.txt": 0.0984866999975792,
    "THE TAMING OF THE SHREW.txt": 0.11669769511329314,
    "THE TEMPEST.txt": 0.10646807130336955,
    "THE TRAGEDY OF ANTONY AND CLEOPATRA.txt": 0.13448726438861752,
    "THE TRAGEDY OF CORIOLANUS.txt": 0.11177853925288622,
    "THE TRAGEDY OF HAMLET PRINCE OF DENMARK.txt": 0.10571542325186845,
    "THE TRAGEDY OF JULIUS CAESAR.txt": 0.07189937195534452,
    "THE TRAGEDY OF KING LEAR.txt": 0.12220923724365879,
    "THE TRAGEDY OF MACBETH.txt": 0.08858064639751134,
    "THE TRAGEDY OF OTHELLO MOOR OF VENICE.txt": 0.0609236203023123,
    "THE TRAGEDY OF ROMEO AND JULIET.txt": 0.11086020115826722,
    "THE TRAGEDY OF TITUS ANDRONICUS.txt": 0.103254644082439,
    "THE TWO GENTLEMEN OF VERONA.txt": 0.11596659258729414,
    "The Two Noble Kinsmen by Shakespeare.txt": -0.027275695921718857,
    "THE WINTERS TALE.txt": 0.11738688399623448,
    "Venus and Adonis.txt": 0.11426623782133633
}