{
    "A LOVERS COMPLAINT.txt": 0.012523321272754628,
    "A MIDSUMMER NIGHT_S DREAM.txt": 0.02365596167706152,
    "A Yorkshire Tragedy by Shakespeare.txt": -0.005109420500879036,
    "Arden of Feversham.txt": 0.09397621074719648,
    "AS YOU LIKE IT.txt": 0.1121062324171761,
    "CYMBELINE.txt": 0.11012350820596384,
    "Fair Em by Shakespeare.txt": -0.047260202323594735,
    "KING EDWARD III by Shakespeare.txt": 0.08925530346988952,
    "King Henry IV, Part 1.txt": 0.104302138097014,
    "KING HENRY V.txt": 0.10167565125799422,
    "KING HENRY VI part I.txt": -0.029291097854095338,
    "KING HENRY VI Part II.txt": 0.0880246516246222,
    "KING HENRY VI Part III.txt": 0.11637790020921568,
    "KING HENRY VIII.txt": 0.11844765732908574,
    "KING JOHN.txt": 0.024094988659644934,
    "KING RICHARD II.txt": 0.11236014705881103,
    "KING RICHARD III.txt": 0.11592054531082824,
    "Locrine Mucedorus by Shakespeare.txt": 0.015599911346134365,
    "Love_s Labour_s Lost.txt": 0.07852385386002836,
    "MEASURE FOR MEASURE.txt": 0.11422044909755585,
    "Merchant of Venice.txt": 0.12408870593503452,
    "MUCH ADO ABOUT NOTHING.txt": 0.10156392264483793,
    "PERICLES PRINCE OF TYRE.txt": 0.12475517023760269,
    "Sir John Oldcastle by Shakespeare.txt": 0.1047801244961854,
    "Sir Thomas More by Shakespeare.txt": 0.11684394478523208,
    "Taming of the Shrew.txt": 0.11053947201003711,
    "The Comedy of Errors.txt": 0.02884655504462441,
    "THE HISTORY OF TROILUS AND CRESSIDA.txt": 0.025908735441387942,
    "The Life and Death of the Lord Cromwell by Shakespeare.txt": 0.07309329245397295,
    "THE LIFE OF TIMON OF ATHENS.txt": 0.06325274127687458,
    "The London Prodigal.txt": 0.07481774897239551,
    "The Merry Devill of Edmonton by Shakespeare.txt": 0.08658922575439598,
    "THE MERRY WIVES OF WINDSOR.txt": 0.103782751469501,
    "The Puritaine Widdow by Shakespeare.txt": 0.05222791785406189,
    "THE RAPE OF LUCRECE.txt": 0.12659236585962164,
    "THE TAMING OF THE SHREW.txt": 0.11229775994550362,
    "THE TEMPEST.txt": 0.1176439287308691,
    "THE TRAGEDY OF ANTONY AND CLEOPATRA.txt": 0.11619727340048952,
    "THE TRAGEDY OF CORIOLANUS.txt": 0.07558441997079351,
    "THE TRAGEDY OF HAMLET PRINCE OF DENMARK.txt": 0.030835058731546627,
    "THE TRAGEDY OF JULIUS CAESAR.txt": 0.10238664072156717,
    "THE TRAGEDY OF KING LEAR.txt": 0.1131253175811679,
    "THE TRAGEDY OF MACBETH.txt": 0.11220262640168888,
    "THE TRAGEDY OF OTHELLO MOOR OF VENICE.txt": 0.10226253611879538,
    "THE TRAGEDY OF ROMEO AND JULIET.txt": 0.1268733856172371,
    "THE TRAGEDY OF TITUS ANDRONICUS.txt": 0.11557423935465078,
    "THE TWO GENTLEMEN OF VERONA.txt": 0.11040214130181908,
    "The Two Noble Kinsmen by Shakespeare.txt": 0.035700725292792945,
    "THE WINTERS TALE.txt": 0.12266184261654745,
    "Venus and Adonis.txt": 0.08888114620346071
}