{
    "A LOVERS COMPLAINT.txt": -0.10224369405011202,
    "A MIDSUMMER NIGHT_S DREAM.txt": 0.12070635856392697,
    "A Yorkshire Tragedy by Shakespeare.txt": 0.09588957487150768,
    "Arden of Feversham.txt": -0.055640935718442974,
    "AS YOU LIKE IT.txt": 0.08992902064116809,
    "CYMBELINE.txt": 0.09385360775283275,
    "Fair Em by Shakespeare.txt": 0.09759475154377972,
    "KING EDWARD III by Shakespeare.txt": 0.10883609997766902,
    "King Henry IV, Part 1.txt": 0.11641798674875137,
    "KING HENRY V.txt": 0.1071493541641097,
    "KING HENRY VI part I.txt": 0.13035749740502456,
    "KING HENRY VI Part II.txt": 0.09621104829272531,
    "KING HENRY VI Part III.txt": 0.08603108964385026,
    "KING HENRY VIII.txt": 0.11780469896294221,
    "KING JOHN.txt": 0.13795402719914024,
    "KING RICHARD II.txt": 0.11862465720750309,
    "KING RICHARD III.txt": 0.11533839474707364,
    "Locrine Mucedorus by Shakespeare.txt": 0.09065140091436258,
    "Love_s Labour_s Lost.txt": 0.11321473014345507,
    "MEASURE FOR MEASURE.txt": 0.1203183921107635,
    "Merchant of Venice.txt": 0.12155182889912702,
    "MUCH ADO ABOUT NOTHING.txt": 0.0992360987217718,
    "PERICLES PRINCE OF TYRE.txt": 0.02426469919782398,
    "Sir John Oldcastle by Shakespeare.txt": 0.04698699401560774,
    "Sir Thomas More by Shakespeare.txt": 0.10713893172123634,
    "Taming of the Shrew.txt": 0.12280981344686842,
    "The Comedy of Errors.txt": -0.058100060712332535,
    "THE HISTORY OF TROILUS AND CRESSIDA.txt": -0.007126169164205942,
    "The Life and Death of the Lord Cromwell by Shakespeare.txt": 0.0059011649708885505,
    "THE LIFE OF TIMON OF ATHENS.txt": 0.09222905044910712,
    "The London Prodigal.txt": 0.09500365517744641,
    "The Merry Devill of Edmonton by Shakespeare.txt": 0.13216701920227747,
    "THE MERRY WIVES OF WINDSOR.txt": 0.11422623907744267,
    "The Puritaine Widdow by Shakespeare.txt": 0.12489704396312473,
    "THE RAPE OF LUCRECE.txt": 0.09827000032253164,
    "THE TAMING OF THE SHREW.txt": 0.12002268313822184,
    "THE TEMPEST.txt": 0.07913231712272467,
    "THE TRAGEDY OF ANTONY AND CLEOPATRA.txt": 0.03139774730639949,
    "THE TRAGEDY OF CORIOLANUS.txt": -0.010651324030148901,
    "THE TRAGEDY OF HAMLET PRINCE OF DENMARK.txt": 0.09327700127250876,
    "THE TRAGEDY OF JULIUS CAESAR.txt": 0.06510888624015765,
    "THE TRAGEDY OF KING LEAR.txt": 0.1222959073307861,
    "THE TRAGEDY OF MACBETH.txt": 0.06799384908904887,
    "THE TRAGEDY OF OTHELLO MOOR OF VENICE.txt": 0.10558448612527488,
    "THE TRAGEDY OF ROMEO AND JULIET.txt": 0.11531565140965017,
    "THE TRAGEDY OF TITUS ANDRONICUS.txt": 0.107716423954411,
    "THE TWO GENTLEMEN OF VERONA.txt": 0.09867435709260686,
    "The Two Noble Kinsmen by Shakespeare.txt": 0.10415433858866469,
    "THE WINTERS TALE.txt": 0.10435477444422936,
    "Venus and Adonis.txt": 0.05114614535123879
}