{
    "A LOVERS COMPLAINT.txt": 0.0913183874100848,
    "A MIDSUMMER NIGHT_S DREAM.txt": 0.09160221782624828,
    "A Yorkshire Tragedy by Shakespeare.txt": 0.08968291877105333,
    "Arden of Feversham.txt": 0.08039490951042005,
    "AS YOU LIKE IT.txt": -0.12962645834994768,
    "CYMBELINE.txt": 0.0756495193806479,
    "Fair Em by Shakespeare.txt": 0.02985278567451155,
    "KING EDWARD III by Shakespeare.txt": 0.09436765068981201,
    "King Henry IV, Part 1.txt": 0.1022118475617102,
    "KING HENRY V.txt": 0.11113680586292995,
    "KING HENRY VI part I.txt": -0.11830324997493902,
    "KING HENRY VI Part II.txt": 0.1002229252422614,
    "KING HENRY VI Part III.txt": 0.09153139246659214,
    "KING HENRY VIII.txt": 0.08618671454069887,
    "KING JOHN.txt": -0.035431002400839184,
    "KING RICHARD II.txt": 0.1086342808871556,
    "KING RICHARD III.txt": 0.10442805326875276,
    "Locrine Mucedorus by Shakespeare.txt": 0.11071638587096938,
    "Love_s Labour_s Lost.txt": 0.11453846649014698,
    "MEASURE FOR MEASURE.txt": 0.09469506484192958,
    "Merchant of Venice.txt": -0.024559622339042964,
    "MUCH ADO ABOUT NOTHING.txt": 0.027086981059556092,
    "PERICLES PRINCE OF TYRE.txt": 0.11457305673679746,
    "Sir John Oldcastle by Shakespeare.txt": 0.11146011403864947,
    "Sir Thomas More by Shakespeare.txt": 0.09865115939981928,
    "Taming of the Shrew.txt": 0.07485508707031213,
    "The Comedy of Errors.txt": 0.12956695140183877,
    "THE HISTORY OF TROILUS AND CRESSIDA.txt": 0.1086342808871556,
    "The Life and Death of the Lord Cromwell by Shakespeare.txt": 0.012050500550012277,
    "THE LIFE OF TIMON OF ATHENS.txt": 0.09999471137958776,
    "The London Prodigal.txt": 0.08932768783028128,
    "The Merry Devill of Edmonton by Shakespeare.txt": 0.102619182782687,
    "THE MERRY WIVES OF WINDSOR.txt": -0.19306307960176317,
    "The Puritaine Widdow by Shakespeare.txt": 0.10838103007463318,
    "THE RAPE OF LUCRECE.txt": 0.11115159791575097,
    "THE TAMING OF THE SHREW.txt": 0.07089230840469779,
    "THE TEMPEST.txt": 0.09021520778914066,
    "THE TRAGEDY OF ANTONY AND CLEOPATRA.txt": 0.10083968265181698,
    "THE TRAGEDY OF CORIOLANUS.txt": 0.11270587892424477,
    "THE TRAGEDY OF HAMLET PRINCE OF DENMARK.txt": 0.11013326596522216,
    "THE TRAGEDY OF JULIUS CAESAR.txt": 0.11087727643771988,
    "THE TRAGEDY OF KING LEAR.txt": 0.0919871561706263,
    "THE TRAGEDY OF MACBETH.txt": 0.08881421510593185,
    "THE TRAGEDY OF OTHELLO MOOR OF VENICE.txt": 0.06650509591308124,
    "THE TRAGEDY OF ROMEO AND JULIET.txt": 0.09944599095959022,
    "THE TRAGEDY OF TITUS ANDRONICUS.txt": 0.04807472373637722,
    "THE TWO GENTLEMEN OF VERONA.txt": -0.022745108939361658,
    "The Two Noble Kinsmen by Shakespeare.txt": 0.020999746689066234,
    "THE WINTERS TALE.txt": 0.11765807057185729,
    "Venus and Adonis.txt": 0.06496024855834409
}