{
    "A LOVERS COMPLAINT.txt": 0.005331534228562418,
    "A MIDSUMMER NIGHT_S DREAM.txt": 0.04489066457503521,
    "A Yorkshire Tragedy by Shakespeare.txt": 0.005331534228562418,
    "Arden of Feversham.txt": 0.06201044114130233,
    "AS YOU LIKE IT.txt": 0.011322891387241074,
    "CYMBELINE.txt": 0.08507280640510978,
    "Fair Em by Shakespeare.txt": 0.052574989108709225,
    "KING EDWARD III by Shakespeare.txt": 0.04771590128532538,
    "King Henry IV, Part 1.txt": 0.0707272107397588,
    "KING HENRY V.txt": 0.048866666239990086,
    "KING HENRY VI part I.txt": 0.05793385143903057,
    "KING HENRY VI Part II.txt": 0.05793385143903057,
    "KING HENRY VI Part III.txt": 0.052574989108709225,
    "KING HENRY VIII.txt": 0.06688411463649552,
    "KING JOHN.txt": 0.038135037898835544,
    "KING RICHARD II.txt": 0.05793385143903057,
    "KING RICHARD III.txt": 0.06358079909211178,
    "Locrine Mucedorus by Shakespeare.txt": 0.06340710949538292,
    "Love_s Labour_s Lost.txt": -0.03804861027694406,
    "MEASURE FOR MEASURE.txt": 0.07447655703512446,
    "Merchant of Venice.txt": -0.041756375497005616,
    "MUCH ADO ABOUT NOTHING.txt": 0.03391267092354916,
    "PERICLES PRINCE OF TYRE.txt": 0.04937343361832175,
    "Sir John Oldcastle by Shakespeare.txt": -0.05859399170298485,
    "Sir Thomas More by Shakespeare.txt": 0.06345102226749255,
    "Taming of the Shrew.txt": -0.168274105591928,
    "The Comedy of Errors.txt": 0.06954233510752156,
    "THE HISTORY OF TROILUS AND CRESSIDA.txt": 0.058201336958633,
    "The Life and Death of the Lord Cromwell by Shakespeare.txt": 0.07738173204040205,
    "THE LIFE OF TIMON OF ATHENS.txt": 0.066866054980048,
    "The London Prodigal.txt": 0.06830792542742053,
    "The Merry Devill of Edmonton by Shakespeare.txt": 0.05203305085902471,
    "THE MERRY WIVES OF WINDSOR.txt": 0.07887693656377376,
    "The Puritaine Widdow by Shakespeare.txt": 0.057467894263563635,
    "THE RAPE OF LUCRECE.txt": 0.005331534228562418,
    "THE TAMING OF THE SHREW.txt": -0.09053367776671384,
    "THE TEMPEST.txt": 0.062265742803713,
    "THE TRAGEDY OF ANTONY AND CLEOPATRA.txt": 0.0773406055855636,
    "THE TRAGEDY OF CORIOLANUS.txt": 0.07587322424916126,
    "THE TRAGEDY OF HAMLET PRINCE OF DENMARK.txt": 0.018080813746688407,
    "THE TRAGEDY OF JULIUS CAESAR.txt": 0.022269341193092318,
    "THE TRAGEDY OF KING LEAR.txt": 0.07804614827360018,
    "THE TRAGEDY OF MACBETH.txt": 0.005331534228562418,
    "THE TRAGEDY OF OTHELLO MOOR OF VENICE.txt": -0.006899515507148735,
    "THE TRAGEDY OF ROMEO AND JULIET.txt": 0.08655796998587456,
    "THE TRAGEDY OF TITUS ANDRONICUS.txt": 0.06647711531215111,
    "THE TWO GENTLEMEN OF VERONA.txt": 0.07201381858544298,
    "The Two Noble Kinsmen by Shakespeare.txt": 0.02165122744227882,
    "THE WINTERS TALE.txt": 0.0709561600562077,
    "Venus and Adonis.txt": 0.042213968271881674
}