{
    "A LOVERS COMPLAINT.txt": -0.11362950708945563,
    "A MIDSUMMER NIGHT_S DREAM.txt": 0.1568061705155498,
    "A Yorkshire Tragedy by Shakespeare.txt": 0.11690959628451653,
    "Arden of Feversham.txt": 0.10041241916277494,
    "AS YOU LIKE IT.txt": 0.16482787400243631,
    "CYMBELINE.txt": 0.1287623594348664,
    "Fair Em by Shakespeare.txt": 0.12861836088580303,
    "KING EDWARD III by Shakespeare.txt": 0.10960769861741765,
    "King Henry IV, Part 1.txt": 0.10958001174143134,
    "KING HENRY V.txt": 0.13847015453718853,
    "KING HENRY VI part I.txt": 0.05812454913188975,
    "KING HENRY VI Part II.txt": 0.10868073486526697,
    "KING HENRY VI Part III.txt": 0.12049426836172017,
    "KING HENRY VIII.txt": 0.15535985469477331,
    "KING JOHN.txt": 0.1377936195828499,
    "KING RICHARD II.txt": 0.12425204297418474,
    "KING RICHARD III.txt": 0.14643678475910082,
    "Locrine Mucedorus by Shakespeare.txt": 0.10896406735541131,
    "Love_s Labour_s Lost.txt": 0.15641361156333738,
    "MEASURE FOR MEASURE.txt": 0.13916198708027816,
    "Merchant of Venice.txt": 0.12335271839256923,
    "MUCH ADO ABOUT NOTHING.txt": 0.07104803681598876,
    "PERICLES PRINCE OF TYRE.txt": 0.11536347567815874,
    "Sir John Oldcastle by Shakespeare.txt": 0.14460733863880376,
    "Sir Thomas More by Shakespeare.txt": 0.1313004325487765,
    "Taming of the Shrew.txt": 0.1335875242361091,
    "The Comedy of Errors.txt": 0.06102438509841168,
    "THE HISTORY OF TROILUS AND CRESSIDA.txt": 0.1101629844543574,
    "The Life and Death of the Lord Cromwell by Shakespeare.txt": 0.14573643465254266,
    "THE LIFE OF TIMON OF ATHENS.txt": 0.0730471677020002,
    "The London Prodigal.txt": 0.14663168178811736,
    "The Merry Devill of Edmonton by Shakespeare.txt": 0.12321659300175775,
    "THE MERRY WIVES OF WINDSOR.txt": 0.07765565269231023,
    "The Puritaine Widdow by Shakespeare.txt": 0.11608454421613101,
    "THE RAPE OF LUCRECE.txt": 0.0669748244172968,
    "THE TAMING OF THE SHREW.txt": 0.13467633584155575,
    "THE TEMPEST.txt": 0.15714900589949526,
    "THE TRAGEDY OF ANTONY AND CLEOPATRA.txt": 0.11568715441535299,
    "THE TRAGEDY OF CORIOLANUS.txt": 0.1401049979981288,
    "THE TRAGEDY OF HAMLET PRINCE OF DENMARK.txt": 0.11749291994824357,
    "THE TRAGEDY OF JULIUS CAESAR.txt": 0.14180158942900617,
    "THE TRAGEDY OF KING LEAR.txt": 0.14398782826320233,
    "THE TRAGEDY OF MACBETH.txt": 0.0832036975045013,
    "THE TRAGEDY OF OTHELLO MOOR OF VENICE.txt": 0.10059700946443484,
    "THE TRAGEDY OF ROMEO AND JULIET.txt": 0.1264807989520379,
    "THE TRAGEDY OF TITUS ANDRONICUS.txt": 0.1337346829766567,
    "THE TWO GENTLEMEN OF VERONA.txt": 0.15877638376100917,
    "The Two Noble Kinsmen by Shakespeare.txt": 0.09320419178829503,
    "THE WINTERS TALE.txt": 0.015856937811989158,
    "Venus and Adonis.txt": 0.1333880710928646
}