{
    "A MIDSUMMER NIGHT_S DREAM.txt": 0.09751158564970741,
    "A Yorkshire Tragedy by Shakespeare.txt": 0.05712813140109557,
    "Arden of Feversham.txt": 0.07605991555397501,
    "AS YOU LIKE IT.txt": 0.00914781136798598,
    "CYMBELINE.txt": 0.011272235645519324,
    "Fair Em by Shakespeare.txt": 0.0833054050263376,
    "KING EDWARD III by Shakespeare.txt": 0.08579883956941631,
    "King Henry IV, Part 1.txt": 0.06930573511472343,
    "KING HENRY V.txt": 0.10504383028664399,
    "KING HENRY VI part I.txt": -0.04696976732654046,
    "KING HENRY VI Part II.txt": 0.06450433108357767,
    "KING HENRY VI Part III.txt": 0.0643605412064957,
    "KING HENRY VIII.txt": 0.08702172337114417,
    "KING JOHN.txt": -0.013277558209957241,
    "KING RICHARD II.txt": 0.07865783470793136,
    "KING RICHARD III.txt": 0.09383101936582883,
    "Locrine Mucedorus by Shakespeare.txt": 0.028803602690791852,
    "Love_s Labour_s Lost.txt": 0.09020989581753736,
    "MEASURE FOR MEASURE.txt": -0.001586264939312021,
    "Merchant of Venice.txt": -0.04518056501835088,
    "MUCH ADO ABOUT NOTHING.txt": 0.09053428772200123,
    "PERICLES PRINCE OF TYRE.txt": 0.081177232467112,
    "Sir John Oldcastle by Shakespeare.txt": -0.006581243855540375,
    "Sir Thomas More by Shakespeare.txt": 0.084790390900088,
    "Taming of the Shrew.txt": 0.08141479394464018,
    "The Comedy of Errors.txt": 0.07079861271541255,
    "THE HISTORY OF TROILUS AND CRESSIDA.txt": 0.07612774991991678,
    "The Life and Death of the Lord Cromwell by Shakespeare.txt": 0.07954353938707298,
    "THE LIFE OF TIMON OF ATHENS.txt": 0.07013785289895064,
    "The London Prodigal.txt": -0.002400353929710941,
    "The Merry Devill of Edmonton by Shakespeare.txt": 0.0757401663713132,
    "THE MERRY WIVES OF WINDSOR.txt": 0.012763188989202645,
    "The Puritaine Widdow by Shakespeare.txt": 0.09882431006325076,
    "THE RAPE OF LUCRECE.txt": 0.055612496855955595,
    "THE TAMING OF THE SHREW.txt": 0.07816028305241896,
    "THE TEMPEST.txt": 0.0833629249294568,
    "THE TRAGEDY OF ANTONY AND CLEOPATRA.txt": 0.07177997157434607,
    "THE TRAGEDY OF CORIOLANUS.txt": 0.058456303898952344,
    "THE TRAGEDY OF HAMLET PRINCE OF DENMARK.txt": 0.09130990457893318,
    "THE TRAGEDY OF JULIUS CAESAR.txt": 0.09844907028630134,
    "THE TRAGEDY OF KING LEAR.txt": 0.08550936691176864,
    "THE TRAGEDY OF MACBETH.txt": 0.04646145567307125,
    "THE TRAGEDY OF OTHELLO MOOR OF VENICE.txt": 0.06363597259241432,
    "THE TRAGEDY OF ROMEO AND JULIET.txt": 0.08094958010560233,
    "THE TRAGEDY OF TITUS ANDRONICUS.txt": 0.08120506836031077,
    "THE TWO GENTLEMEN OF VERONA.txt": 0.06040954708445023,
    "The Two Noble Kinsmen by Shakespeare.txt": -0.05310763995822687,
    "THE WINTERS TALE.txt": 0.08484265897939097,
    "Venus and Adonis.txt": 0.06801647679980344
}