{
    "A LOVERS COMPLAINT.txt": -0.05889452725415456,
    "A MIDSUMMER NIGHT_S DREAM.txt": 0.09574686979387215,
    "A Yorkshire Tragedy by Shakespeare.txt": -0.006660549845254993,
    "Arden of Feversham.txt": 0.09124425512962403,
    "AS YOU LIKE IT.txt": 0.05101592950298861,
    "CYMBELINE.txt": 0.08665480867856384,
    "Fair Em by Shakespeare.txt": 0.10093851999895698,
    "KING EDWARD III by Shakespeare.txt": 0.0625495963117953,
    "King Henry IV, Part 1.txt": 0.07689170491412306,
    "KING HENRY V.txt": 0.08404730741762367,
    "KING HENRY VI part I.txt": -0.010308034704571756,
    "KING HENRY VI Part II.txt": 0.10425652561651455,
    "KING HENRY VI Part III.txt": 0.0729258301022846,
    "KING HENRY VIII.txt": 0.09242525810069102,
    "KING JOHN.txt": -0.07780237823267011,
    "KING RICHARD II.txt": 0.07652121918250132,
    "KING RICHARD III.txt": 0.07562334917487162,
    "Locrine Mucedorus by Shakespeare.txt": 0.06538783807847565,
    "Love_s Labour_s Lost.txt": 0.08388662638550581,
    "MEASURE FOR MEASURE.txt": 0.017072591681403515,
    "Merchant of Venice.txt": -0.12518405987180303,
    "MUCH ADO ABOUT NOTHING.txt": 0.07733718127861444,
    "PERICLES PRINCE OF TYRE.txt": 0.09050860892072837,
    "Sir John Oldcastle by Shakespeare.txt": 0.09154437603153648,
    "Sir Thomas More by Shakespeare.txt": 0.10887042565317906,
    "Taming of the Shrew.txt": 0.09144901703177882,
    "The Comedy of Errors.txt": 0.12338216532185742,
    "THE HISTORY OF TROILUS AND CRESSIDA.txt": 0.07492702200863705,
    "The Life and Death of the Lord Cromwell by Shakespeare.txt": 0.09050860892072837,
    "THE LIFE OF TIMON OF ATHENS.txt": 0.09455321662473037,
    "The London Prodigal.txt": 0.10315069887113909,
    "The Merry Devill of Edmonton by Shakespeare.txt": 0.10057205345157483,
    "THE MERRY WIVES OF WINDSOR.txt": 0.09139611351916427,
    "The Puritaine Widdow by Shakespeare.txt": 0.10764654294427595,
    "THE RAPE OF LUCRECE.txt": 0.07294716411800639,
    "THE TAMING OF THE SHREW.txt": 0.06876661362795233,
    "THE TEMPEST.txt": 0.09632968937644903,
    "THE TRAGEDY OF ANTONY AND CLEOPATRA.txt": 0.10682708057927331,
    "THE TRAGEDY OF CORIOLANUS.txt": 0.08071948864833206,
    "THE TRAGEDY OF HAMLET PRINCE OF DENMARK.txt": 0.06539100741055431,
    "THE TRAGEDY OF JULIUS CAESAR.txt": 0.0863428237333787,
    "THE TRAGEDY OF KING LEAR.txt": 0.09894334287052148,
    "THE TRAGEDY OF MACBETH.txt": 0.1234865147385743,
    "THE TRAGEDY OF OTHELLO MOOR OF VENICE.txt": 0.030445611092995595,
    "THE TRAGEDY OF ROMEO AND JULIET.txt": 0.09271358756586778,
    "THE TRAGEDY OF TITUS ANDRONICUS.txt": 0.10638488543360192,
    "THE TWO GENTLEMEN OF VERONA.txt": 0.10842404503771075,
    "The Two Noble Kinsmen by Shakespeare.txt": 0.027482262103758037,
    "THE WINTERS TALE.txt": 0.09125319103632795,
    "Venus and Adonis.txt": -0.07322622371639131
}