{
    "A LOVERS COMPLAINT.txt": -0.05036039616856769,
    "A MIDSUMMER NIGHT_S DREAM.txt": 0.07725546676831285,
    "A Yorkshire Tragedy by Shakespeare.txt": 0.009185814464757636,
    "Arden of Feversham.txt": 0.08686716619248891,
    "AS YOU LIKE IT.txt": 0.02682506186540562,
    "CYMBELINE.txt": 0.07973106021124154,
    "Fair Em by Shakespeare.txt": 0.09467842075559485,
    "KING EDWARD III by Shakespeare.txt": 0.06000216532795466,
    "King Henry IV, Part 1.txt": 0.09688160891018432,
    "KING HENRY V.txt": 0.0712618129658728,
    "KING HENRY VI part I.txt": 0.009185814464757636,
    "KING HENRY VI Part II.txt": 0.08625809925653827,
    "KING HENRY VI Part III.txt": 0.07690799892620875,
    "KING HENRY VIII.txt": 0.08130708163548989,
    "KING JOHN.txt": -0.07406853724547358,
    "KING RICHARD II.txt": 0.06631784226833431,
    "KING RICHARD III.txt": 0.08568144307367725,
    "Locrine Mucedorus by Shakespeare.txt": 0.06221290984435762,
    "Love_s Labour_s Lost.txt": 0.09139472390547049,
    "MEASURE FOR MEASURE.txt": -0.01878935591341946,
    "Merchant of Venice.txt": -0.11468050920216466,
    "MUCH ADO ABOUT NOTHING.txt": 0.07176698818344751,
    "PERICLES PRINCE OF TYRE.txt": 0.07656846526145855,
    "Sir John Oldcastle by Shakespeare.txt": 0.09215763362698187,
    "Sir Thomas More by Shakespeare.txt": 0.10616404850993244,
    "Taming of the Shrew.txt": 0.09452819806211338,
    "The Comedy of Errors.txt": 0.11544217123603978,
    "THE HISTORY OF TROILUS AND CRESSIDA.txt": 0.06672762090414502,
    "The Life and Death of the Lord Cromwell by Shakespeare.txt": 0.07837163482560205,
    "THE LIFE OF TIMON OF ATHENS.txt": 0.1061346142924594,
    "The London Prodigal.txt": 0.0967853829598575,
    "The Merry Devill of Edmonton by Shakespeare.txt": 0.08132463366654591,
    "THE MERRY WIVES OF WINDSOR.txt": 0.08555664122174494,
    "The Puritaine Widdow by Shakespeare.txt": 0.11491256574303432,
    "THE RAPE OF LUCRECE.txt": 0.061758336675517445,
    "THE TAMING OF THE SHREW.txt": 0.08557848818165836,
    "THE TEMPEST.txt": 0.0930560724012971,
    "THE TRAGEDY OF ANTONY AND CLEOPATRA.txt": 0.08690830487232043,
    "THE TRAGEDY OF CORIOLANUS.txt": 0.05247727488043458,
    "THE TRAGEDY OF HAMLET PRINCE OF DENMARK.txt": 0.06968983965443715,
    "THE TRAGEDY OF JULIUS CAESAR.txt": 0.08714111774683442,
    "THE TRAGEDY OF KING LEAR.txt": 0.08411973853601507,
    "THE TRAGEDY OF MACBETH.txt": 0.10623106253055625,
    "THE TRAGEDY OF OTHELLO MOOR OF VENICE.txt": -0.009430635094024753,
    "THE TRAGEDY OF ROMEO AND JULIET.txt": 0.09527830827939388,
    "THE TRAGEDY OF TITUS ANDRONICUS.txt": 0.08543532444817703,
    "THE TWO GENTLEMEN OF VERONA.txt": 0.10076732053542559,
    "The Two Noble Kinsmen by Shakespeare.txt": 0.03175854847627774,
    "THE WINTERS TALE.txt": 0.08825870837216948,
    "Venus and Adonis.txt": -0.03891338221276619
}