{
    "A MIDSUMMER NIGHT_S DREAM.txt": 0.07492420528468535,
    "A Yorkshire Tragedy by Shakespeare.txt": 0.06460640405731849,
    "Arden of Feversham.txt": 0.06822957032171989,
    "AS YOU LIKE IT.txt": -0.0162209356091626,
    "CYMBELINE.txt": 0.016320188573477223,
    "Fair Em by Shakespeare.txt": 0.08562562170739568,
    "KING EDWARD III by Shakespeare.txt": 0.08861576128261073,
    "King Henry IV, Part 1.txt": 0.04306138157979844,
    "KING HENRY V.txt": 0.08848278756925465,
    "KING HENRY VI part I.txt": -0.030313254029056158,
    "KING HENRY VI Part II.txt": 0.06109120783784666,
    "KING HENRY VI Part III.txt": 0.06610016073549918,
    "KING HENRY VIII.txt": 0.05635514509920114,
    "KING JOHN.txt": -0.015178153747770762,
    "KING RICHARD II.txt": 0.06618658402969085,
    "KING RICHARD III.txt": 0.09246574693911952,
    "Locrine Mucedorus by Shakespeare.txt": 0.03910712686176465,
    "Love_s Labour_s Lost.txt": 0.09475420766203069,
    "MEASURE FOR MEASURE.txt": 0.011737082900236229,
    "Merchant of Venice.txt": -0.053211051729193715,
    "MUCH ADO ABOUT NOTHING.txt": 0.08540969717489233,
    "PERICLES PRINCE OF TYRE.txt": 0.0829199113198269,
    "Sir John Oldcastle by Shakespeare.txt": -0.026259117765328854,
    "Sir Thomas More by Shakespeare.txt": 0.06816311521363472,
    "Taming of the Shrew.txt": 0.0655183763770732,
    "The Comedy of Errors.txt": 0.06291313315576497,
    "THE HISTORY OF TROILUS AND CRESSIDA.txt": 0.08014468569510336,
    "The Life and Death of the Lord Cromwell by Shakespeare.txt": 0.06780227525078542,
    "THE LIFE OF TIMON OF ATHENS.txt": 0.08002580790279851,
    "The London Prodigal.txt": -0.01735157316381375,
    "The Merry Devill of Edmonton by Shakespeare.txt": 0.07517736154643934,
    "THE MERRY WIVES OF WINDSOR.txt": 0.006092211471783682,
    "The Puritaine Widdow by Shakespeare.txt": 0.10462199200477212,
    "THE RAPE OF LUCRECE.txt": 0.06574403566310799,
    "THE TAMING OF THE SHREW.txt": 0.08162759734080671,
    "THE TEMPEST.txt": 0.07528735375174733,
    "THE TRAGEDY OF ANTONY AND CLEOPATRA.txt": 0.06775838966412467,
    "THE TRAGEDY OF CORIOLANUS.txt": 0.05121389271806698,
    "THE TRAGEDY OF HAMLET PRINCE OF DENMARK.txt": 0.08302392776053297,
    "THE TRAGEDY OF JULIUS CAESAR.txt": 0.0860685449981215,
    "THE TRAGEDY OF KING LEAR.txt": 0.09158626522311486,
    "THE TRAGEDY OF MACBETH.txt": 0.08885441362676183,
    "THE TRAGEDY OF OTHELLO MOOR OF VENICE.txt": 0.05035150299994001,
    "THE TRAGEDY OF ROMEO AND JULIET.txt": 0.07558994239014277,
    "THE TRAGEDY OF TITUS ANDRONICUS.txt": 0.07850785419936351,
    "THE TWO GENTLEMEN OF VERONA.txt": 0.0742870194084429,
    "The Two Noble Kinsmen by Shakespeare.txt": -0.026634767150323757,
    "THE WINTERS TALE.txt": 0.09451649025933018,
    "Venus and Adonis.txt": 0.08887519651684489
}