{
    "A LOVERS COMPLAINT.txt": 0.11538784936204494,
    "A MIDSUMMER NIGHT_S DREAM.txt": 0.10150133750639062,
    "A Yorkshire Tragedy by Shakespeare.txt": 0.0920997222784376,
    "Arden of Feversham.txt": 0.10315076873096607,
    "AS YOU LIKE IT.txt": 0.09682838042014896,
    "CYMBELINE.txt": 0.1351874042788277,
    "Fair Em by Shakespeare.txt": 0.12584914600439512,
    "KING EDWARD III by Shakespeare.txt": 0.06806724881939791,
    "King Henry IV, Part 1.txt": 0.11426698519918688,
    "KING HENRY V.txt": 0.11425749182453016,
    "KING HENRY VI part I.txt": 0.13422509095544077,
    "KING HENRY VI Part II.txt": 0.12744807679859377,
    "KING HENRY VI Part III.txt": 0.11131799268002329,
    "KING HENRY VIII.txt": 0.11764127509070704,
    "KING JOHN.txt": 0.13197363098490522,
    "KING RICHARD II.txt": 0.1308417581581785,
    "KING RICHARD III.txt": 0.12626569519893915,
    "Locrine Mucedorus by Shakespeare.txt": 0.093790480049667,
    "Love_s Labour_s Lost.txt": 0.07209537101353525,
    "MEASURE FOR MEASURE.txt": 0.1152680428282043,
    "Merchant of Venice.txt": 0.12044499573031359,
    "MUCH ADO ABOUT NOTHING.txt": 0.13657850829510387,
    "PERICLES PRINCE OF TYRE.txt": 0.09456265961823046,
    "Sir John Oldcastle by Shakespeare.txt": 0.09833669431477049,
    "Sir Thomas More by Shakespeare.txt": 0.09972031468883397,
    "Taming of the Shrew.txt": 0.09871212127233064,
    "The Comedy of Errors.txt": 0.12431558456862174,
    "THE HISTORY OF TROILUS AND CRESSIDA.txt": 0.11036896267611879,
    "The Life and Death of the Lord Cromwell by Shakespeare.txt": 0.11563329703571368,
    "THE LIFE OF TIMON OF ATHENS.txt": 0.1216865568417177,
    "The London Prodigal.txt": 0.121617005598666,
    "The Merry Devill of Edmonton by Shakespeare.txt": 0.05434540597692544,
    "THE MERRY WIVES OF WINDSOR.txt": 0.10005539933615404,
    "The Puritaine Widdow by Shakespeare.txt": 0.09861786552579394,
    "THE RAPE OF LUCRECE.txt": 0.09866791340539122,
    "THE TAMING OF THE SHREW.txt": -0.001293106718388004,
    "THE TEMPEST.txt": 0.026805133717087426,
    "THE TRAGEDY OF ANTONY AND CLEOPATRA.txt": 0.12494121467541969,
    "THE TRAGEDY OF CORIOLANUS.txt": 0.14454045805361254,
    "THE TRAGEDY OF HAMLET PRINCE OF DENMARK.txt": 0.1258409881148876,
    "THE TRAGEDY OF JULIUS CAESAR.txt": 0.13635704596519949,
    "THE TRAGEDY OF KING LEAR.txt": 0.13498196769643273,
    "THE TRAGEDY OF MACBETH.txt": 0.06248700668317492,
    "THE TRAGEDY OF OTHELLO MOOR OF VENICE.txt": 0.12138917367844965,
    "THE TRAGEDY OF ROMEO AND JULIET.txt": 0.10826592402192475,
    "THE TRAGEDY OF TITUS ANDRONICUS.txt": 0.13599476265070642,
    "THE TWO GENTLEMEN OF VERONA.txt": 0.1288122605476703,
    "The Two Noble Kinsmen by Shakespeare.txt": 0.123344839142156,
    "THE WINTERS TALE.txt": 0.13205819408989394,
    "Venus and Adonis.txt": 0.1171811970881852
}