{
    "A LOVERS COMPLAINT.txt": 0.06109633809475329,
    "A MIDSUMMER NIGHT_S DREAM.txt": 0.11652730527186428,
    "A Yorkshire Tragedy by Shakespeare.txt": 0.022603155032347166,
    "Arden of Feversham.txt": 0.13927966595371377,
    "AS YOU LIKE IT.txt": 0.12379128161841702,
    "CYMBELINE.txt": 0.11144466261204677,
    "Fair Em by Shakespeare.txt": 0.13788515793685102,
    "KING EDWARD III by Shakespeare.txt": 0.13073222044659927,
    "King Henry IV, Part 1.txt": 0.12753642187407405,
    "KING HENRY V.txt": 0.14151528886709952,
    "KING HENRY VI part I.txt": 0.001687829460293,
    "KING HENRY VI Part II.txt": 0.12563062301172334,
    "KING HENRY VI Part III.txt": 0.12038125478244399,
    "KING HENRY VIII.txt": 0.09393284594978163,
    "KING JOHN.txt": -0.034081104073038326,
    "KING RICHARD II.txt": 0.12887630610170164,
    "KING RICHARD III.txt": 0.14876923066441322,
    "Locrine Mucedorus by Shakespeare.txt": 0.127547436123015,
    "Love_s Labour_s Lost.txt": 0.1447697887133016,
    "MEASURE FOR MEASURE.txt": 0.10351709035878137,
    "Merchant of Venice.txt": 0.12706983758643964,
    "MUCH ADO ABOUT NOTHING.txt": 0.13001734232410167,
    "PERICLES PRINCE OF TYRE.txt": 0.11307927237142867,
    "Sir John Oldcastle by Shakespeare.txt": 0.1039386621683216,
    "Sir Thomas More by Shakespeare.txt": 0.07887998304214,
    "Taming of the Shrew.txt": 0.13853995072781922,
    "The Comedy of Errors.txt": 0.1050978788044869,
    "THE HISTORY OF TROILUS AND CRESSIDA.txt": 0.12129074590305178,
    "The Life and Death of the Lord Cromwell by Shakespeare.txt": 0.07835666410550024,
    "THE LIFE OF TIMON OF ATHENS.txt": 0.08913984966914679,
    "The London Prodigal.txt": 0.09996296724592757,
    "The Merry Devill of Edmonton by Shakespeare.txt": 0.13196740107842464,
    "THE MERRY WIVES OF WINDSOR.txt": 0.0691431624476323,
    "The Puritaine Widdow by Shakespeare.txt": -0.1031862825574692,
    "THE RAPE OF LUCRECE.txt": 0.09623756667518774,
    "THE TAMING OF THE SHREW.txt": 0.12206098037579188,
    "THE TEMPEST.txt": 0.12340769232444282,
    "THE TRAGEDY OF ANTONY AND CLEOPATRA.txt": 0.11840622260389821,
    "THE TRAGEDY OF CORIOLANUS.txt": 0.13559656452771696,
    "THE TRAGEDY OF HAMLET PRINCE OF DENMARK.txt": 0.10840990741429779,
    "THE TRAGEDY OF JULIUS CAESAR.txt": 0.1369952185435513,
    "THE TRAGEDY OF KING LEAR.txt": 0.12148930112572037,
    "THE TRAGEDY OF MACBETH.txt": 0.12317817420195343,
    "THE TRAGEDY OF OTHELLO MOOR OF VENICE.txt": 0.12541968759983324,
    "THE TRAGEDY OF ROMEO AND JULIET.txt": 0.11037302254950215,
    "THE TRAGEDY OF TITUS ANDRONICUS.txt": 0.12107478044220554,
    "THE TWO GENTLEMEN OF VERONA.txt": 0.13741609843242414,
    "The Two Noble Kinsmen by Shakespeare.txt": 0.13671703420151649,
    "THE WINTERS TALE.txt": 0.13070734215150143,
    "Venus and Adonis.txt": 0.11099510084268166
}