{
    "A MIDSUMMER NIGHT_S DREAM.txt": 0.08207180415242699,
    "A Yorkshire Tragedy by Shakespeare.txt": 0.10700921920722828,
    "Arden of Feversham.txt": 0.10700921920722828,
    "AS YOU LIKE IT.txt": 0.02090675576544787,
    "CYMBELINE.txt": 0.07336989952477935,
    "Fair Em by Shakespeare.txt": 0.10700921920722828,
    "KING EDWARD III by Shakespeare.txt": 0.10700921920722828,
    "King Henry IV, Part 1.txt": 0.0318093779674225,
    "KING HENRY V.txt": 0.06355228328191714,
    "KING HENRY VI part I.txt": 0.08207180415242699,
    "KING HENRY VI Part II.txt": 0.10700921920722828,
    "KING HENRY VI Part III.txt": 0.08207180415242699,
    "KING HENRY VIII.txt": 0.10700921920722828,
    "KING JOHN.txt": 0.08207180415242699,
    "KING RICHARD II.txt": 0.10700921920722828,
    "KING RICHARD III.txt": 0.10700921920722828,
    "Locrine Mucedorus by Shakespeare.txt": 0.018360999334393224,
    "Love_s Labour_s Lost.txt": 0.04746437702403261,
    "MEASURE FOR MEASURE.txt": 0.05653463669308545,
    "Merchant of Venice.txt": 0.10700921920722828,
    "MUCH ADO ABOUT NOTHING.txt": -0.17154070506332808,
    "PERICLES PRINCE OF TYRE.txt": 0.008158765243022115,
    "Sir John Oldcastle by Shakespeare.txt": 0.10700921920722828,
    "Sir Thomas More by Shakespeare.txt": 0.10700921920722828,
    "Taming of the Shrew.txt": 0.0011170347288458338,
    "The Comedy of Errors.txt": 0.10700921920722828,
    "THE HISTORY OF TROILUS AND CRESSIDA.txt": -0.030601827777710255,
    "The Life and Death of the Lord Cromwell by Shakespeare.txt": 0.10700921920722828,
    "THE LIFE OF TIMON OF ATHENS.txt": 0.0348185487589342,
    "The London Prodigal.txt": 0.10700921920722828,
    "The Merry Devill of Edmonton by Shakespeare.txt": 0.007734501293452767,
    "THE MERRY WIVES OF WINDSOR.txt": 0.0348185487589342,
    "The Puritaine Widdow by Shakespeare.txt": -0.0035637834928244905,
    "THE RAPE OF LUCRECE.txt": 0.10700921920722828,
    "THE TAMING OF THE SHREW.txt": -0.020207098610483643,
    "THE TEMPEST.txt": -0.11326685989839569,
    "THE TRAGEDY OF ANTONY AND CLEOPATRA.txt": -0.09585184290337112,
    "THE TRAGEDY OF CORIOLANUS.txt": -0.010398732582522774,
    "THE TRAGEDY OF HAMLET PRINCE OF DENMARK.txt": 0.07336989952477935,
    "THE TRAGEDY OF JULIUS CAESAR.txt": -0.19704214933840092,
    "THE TRAGEDY OF KING LEAR.txt": -0.020207098610483643,
    "THE TRAGEDY OF MACBETH.txt": 0.037301588299956,
    "THE TRAGEDY OF OTHELLO MOOR OF VENICE.txt": -0.0607098225836602,
    "THE TRAGEDY OF ROMEO AND JULIET.txt": -0.06251260383953294,
    "THE TRAGEDY OF TITUS ANDRONICUS.txt": 0.10700921920722828,
    "THE TWO GENTLEMEN OF VERONA.txt": 0.0348185487589342,
    "The Two Noble Kinsmen by Shakespeare.txt": -0.002326497239831915,
    "THE WINTERS TALE.txt": 0.10700921920722828,
    "Venus and Adonis.txt": 0.010021940104578408
}