{
    "A LOVERS COMPLAINT.txt": 0.08381674363798303,
    "A MIDSUMMER NIGHT_S DREAM.txt": 0.05706873201784329,
    "A Yorkshire Tragedy by Shakespeare.txt": 0.08381674363798303,
    "Arden of Feversham.txt": 0.08381674363798303,
    "AS YOU LIKE IT.txt": -0.008783865710421224,
    "CYMBELINE.txt": 0.016133896570359074,
    "Fair Em by Shakespeare.txt": 0.08381674363798303,
    "KING EDWARD III by Shakespeare.txt": 0.08381674363798303,
    "King Henry IV, Part 1.txt": 0.016133896570359074,
    "KING HENRY V.txt": 0.016133896570359074,
    "KING HENRY VI part I.txt": 0.05706873201784329,
    "KING HENRY VI Part II.txt": 0.08381674363798303,
    "KING HENRY VI Part III.txt": 0.05706873201784329,
    "KING HENRY VIII.txt": 0.08381674363798303,
    "KING JOHN.txt": 0.05706873201784329,
    "KING RICHARD II.txt": 0.08381674363798303,
    "KING RICHARD III.txt": 0.08381674363798303,
    "Locrine Mucedorus by Shakespeare.txt": 0.022839044471143766,
    "Love_s Labour_s Lost.txt": 0.016133896570359074,
    "MEASURE FOR MEASURE.txt": -0.05244236230461119,
    "Merchant of Venice.txt": 0.08381674363798303,
    "MUCH ADO ABOUT NOTHING.txt": -0.2797079631078192,
    "PERICLES PRINCE OF TYRE.txt": 0.055768527520894395,
    "Sir John Oldcastle by Shakespeare.txt": 0.08381674363798303,
    "Sir Thomas More by Shakespeare.txt": 0.08381674363798303,
    "Taming of the Shrew.txt": -0.016951649137054825,
    "The Comedy of Errors.txt": 0.08381674363798303,
    "THE HISTORY OF TROILUS AND CRESSIDA.txt": 0.003958548351637947,
    "The Life and Death of the Lord Cromwell by Shakespeare.txt": 0.08381674363798303,
    "THE LIFE OF TIMON OF ATHENS.txt": -0.025832983268451737,
    "The London Prodigal.txt": 0.08381674363798303,
    "The Merry Devill of Edmonton by Shakespeare.txt": 0.05706873201784329,
    "THE MERRY WIVES OF WINDSOR.txt": 0.05706873201784329,
    "The Puritaine Widdow by Shakespeare.txt": -0.0015608019650451554,
    "THE RAPE OF LUCRECE.txt": 0.08381674363798303,
    "THE TAMING OF THE SHREW.txt": 0.055768527520894395,
    "THE TEMPEST.txt": -0.0035774847198821735,
    "THE TRAGEDY OF ANTONY AND CLEOPATRA.txt": -0.004748196442016628,
    "THE TRAGEDY OF CORIOLANUS.txt": 0.0037625957712555946,
    "THE TRAGEDY OF HAMLET PRINCE OF DENMARK.txt": 0.019374547199396963,
    "THE TRAGEDY OF JULIUS CAESAR.txt": -0.16495887862108038,
    "THE TRAGEDY OF KING LEAR.txt": 0.055768527520894395,
    "THE TRAGEDY OF MACBETH.txt": 0.055768527520894395,
    "THE TRAGEDY OF OTHELLO MOOR OF VENICE.txt": -0.12899797722567907,
    "THE TRAGEDY OF ROMEO AND JULIET.txt": -0.014268508208288733,
    "THE TRAGEDY OF TITUS ANDRONICUS.txt": 0.08381674363798303,
    "THE TWO GENTLEMEN OF VERONA.txt": 0.05706873201784329,
    "The Two Noble Kinsmen by Shakespeare.txt": 0.0017051051775933135,
    "THE WINTERS TALE.txt": 0.08381674363798303,
    "Venus and Adonis.txt": 0.05706873201784329
}