{
    "A LOVERS COMPLAINT.txt": 0.08587835560110829,
    "A MIDSUMMER NIGHT_S DREAM.txt": 0.033462097651514255,
    "A Yorkshire Tragedy by Shakespeare.txt": 0.08587835560110829,
    "Arden of Feversham.txt": 0.08587835560110829,
    "AS YOU LIKE IT.txt": -0.01397913079872204,
    "CYMBELINE.txt": 0.03534882416259061,
    "Fair Em by Shakespeare.txt": 0.08587835560110829,
    "KING EDWARD III by Shakespeare.txt": 0.08587835560110829,
    "King Henry IV, Part 1.txt": 0.03534882416259061,
    "KING HENRY V.txt": 0.03534882416259061,
    "KING HENRY VI part I.txt": 0.033462097651514255,
    "KING HENRY VI Part II.txt": 0.08587835560110829,
    "KING HENRY VI Part III.txt": 0.033462097651514255,
    "KING HENRY VIII.txt": 0.08587835560110829,
    "KING JOHN.txt": 0.033462097651514255,
    "KING RICHARD II.txt": 0.08587835560110829,
    "KING RICHARD III.txt": 0.08587835560110829,
    "Locrine Mucedorus by Shakespeare.txt": 0.006160961897850092,
    "Love_s Labour_s Lost.txt": 0.03534882416259061,
    "MEASURE FOR MEASURE.txt": -0.05265892121695237,
    "Merchant of Venice.txt": 0.08587835560110829,
    "MUCH ADO ABOUT NOTHING.txt": -0.2847653300095955,
    "PERICLES PRINCE OF TYRE.txt": 0.054973769403619865,
    "Sir John Oldcastle by Shakespeare.txt": 0.08587835560110829,
    "Sir Thomas More by Shakespeare.txt": 0.08587835560110829,
    "Taming of the Shrew.txt": -0.01580301489441094,
    "The Comedy of Errors.txt": 0.08587835560110829,
    "THE HISTORY OF TROILUS AND CRESSIDA.txt": 0.01644446697680474,
    "The Life and Death of the Lord Cromwell by Shakespeare.txt": 0.08587835560110829,
    "THE LIFE OF TIMON OF ATHENS.txt": -0.03048021596092665,
    "The London Prodigal.txt": 0.08587835560110829,
    "The Merry Devill of Edmonton by Shakespeare.txt": 0.033462097651514255,
    "THE MERRY WIVES OF WINDSOR.txt": 0.033462097651514255,
    "The Puritaine Widdow by Shakespeare.txt": 0.002591830417562224,
    "THE RAPE OF LUCRECE.txt": 0.08587835560110829,
    "THE TAMING OF THE SHREW.txt": 0.054973769403619865,
    "THE TEMPEST.txt": 0.005404166525180942,
    "THE TRAGEDY OF ANTONY AND CLEOPATRA.txt": -0.034799617915686865,
    "THE TRAGEDY OF CORIOLANUS.txt": 0.011102360639957842,
    "THE TRAGEDY OF HAMLET PRINCE OF DENMARK.txt": 0.005404787760649621,
    "THE TRAGEDY OF JULIUS CAESAR.txt": -0.1691348995736489,
    "THE TRAGEDY OF KING LEAR.txt": 0.054973769403619865,
    "THE TRAGEDY OF MACBETH.txt": 0.054973769403619865,
    "THE TRAGEDY OF OTHELLO MOOR OF VENICE.txt": -0.1256456864950387,
    "THE TRAGEDY OF ROMEO AND JULIET.txt": -0.02608785816445225,
    "THE TRAGEDY OF TITUS ANDRONICUS.txt": 0.08587835560110829,
    "THE TWO GENTLEMEN OF VERONA.txt": 0.033462097651514255,
    "The Two Noble Kinsmen by Shakespeare.txt": -0.013825871362609599,
    "THE WINTERS TALE.txt": 0.08587835560110829,
    "Venus and Adonis.txt": 0.033462097651514255
}