{
    "A LOVERS COMPLAINT.txt": 0.08275771989622299,
    "A MIDSUMMER NIGHT_S DREAM.txt": 0.026669232465415305,
    "A Yorkshire Tragedy by Shakespeare.txt": 0.08275771989622299,
    "Arden of Feversham.txt": 0.08275771989622299,
    "AS YOU LIKE IT.txt": -0.01709281790492323,
    "CYMBELINE.txt": 0.01759544008923475,
    "Fair Em by Shakespeare.txt": 0.08275771989622299,
    "KING EDWARD III by Shakespeare.txt": 0.08275771989622299,
    "King Henry IV, Part 1.txt": 0.01759544008923475,
    "KING HENRY V.txt": 0.01759544008923475,
    "KING HENRY VI part I.txt": 0.026669232465415305,
    "KING HENRY VI Part II.txt": 0.08275771989622299,
    "KING HENRY VI Part III.txt": 0.026669232465415305,
    "KING HENRY VIII.txt": 0.08275771989622299,
    "KING JOHN.txt": 0.026669232465415305,
    "KING RICHARD II.txt": 0.08275771989622299,
    "KING RICHARD III.txt": 0.08275771989622299,
    "Locrine Mucedorus by Shakespeare.txt": 0.018382362764423343,
    "Love_s Labour_s Lost.txt": 0.01759544008923475,
    "MEASURE FOR MEASURE.txt": -0.06337506133972748,
    "Merchant of Venice.txt": 0.08275771989622299,
    "MUCH ADO ABOUT NOTHING.txt": -0.2624816134924455,
    "PERICLES PRINCE OF TYRE.txt": 0.06772326567319625,
    "Sir John Oldcastle by Shakespeare.txt": 0.08275771989622299,
    "Sir Thomas More by Shakespeare.txt": 0.08275771989622299,
    "Taming of the Shrew.txt": -0.0061128479617209575,
    "The Comedy of Errors.txt": 0.08275771989622299,
    "THE HISTORY OF TROILUS AND CRESSIDA.txt": 0.0030179090145577847,
    "The Life and Death of the Lord Cromwell by Shakespeare.txt": 0.08275771989622299,
    "THE LIFE OF TIMON OF ATHENS.txt": -0.024947660686549744,
    "The London Prodigal.txt": 0.08275771989622299,
    "The Merry Devill of Edmonton by Shakespeare.txt": 0.026669232465415305,
    "THE MERRY WIVES OF WINDSOR.txt": 0.026669232465415305,
    "The Puritaine Widdow by Shakespeare.txt": -0.010270682035198209,
    "THE RAPE OF LUCRECE.txt": 0.08275771989622299,
    "THE TAMING OF THE SHREW.txt": 0.06772326567319625,
    "THE TEMPEST.txt": -0.002140014272413726,
    "THE TRAGEDY OF ANTONY AND CLEOPATRA.txt": -0.029366839096047537,
    "THE TRAGEDY OF CORIOLANUS.txt": 0.00780004620292668,
    "THE TRAGEDY OF HAMLET PRINCE OF DENMARK.txt": 0.03682125465396602,
    "THE TRAGEDY OF JULIUS CAESAR.txt": -0.15204308897683105,
    "THE TRAGEDY OF KING LEAR.txt": 0.06772326567319625,
    "THE TRAGEDY OF MACBETH.txt": 0.06772326567319625,
    "THE TRAGEDY OF OTHELLO MOOR OF VENICE.txt": -0.10834541250611673,
    "THE TRAGEDY OF ROMEO AND JULIET.txt": 0.005954232009751537,
    "THE TRAGEDY OF TITUS ANDRONICUS.txt": 0.08275771989622299,
    "THE TWO GENTLEMEN OF VERONA.txt": 0.026669232465415305,
    "The Two Noble Kinsmen by Shakespeare.txt": 0.001244864012700686,
    "THE WINTERS TALE.txt": 0.08275771989622299,
    "Venus and Adonis.txt": 0.026669232465415305
}