{
    "A MIDSUMMER NIGHT_S DREAM.txt": 0.06653058610406465,
    "A Yorkshire Tragedy by Shakespeare.txt": 0.09876047825913109,
    "Arden of Feversham.txt": 0.09876047825913109,
    "AS YOU LIKE IT.txt": 0.023398818802866206,
    "CYMBELINE.txt": 0.05339847786748986,
    "Fair Em by Shakespeare.txt": 0.09876047825913109,
    "KING EDWARD III by Shakespeare.txt": 0.09876047825913109,
    "King Henry IV, Part 1.txt": 0.004928833087230411,
    "KING HENRY V.txt": 0.044940221329436314,
    "KING HENRY VI part I.txt": 0.06653058610406465,
    "KING HENRY VI Part II.txt": 0.09876047825913109,
    "KING HENRY VI Part III.txt": 0.06653058610406465,
    "KING HENRY VIII.txt": 0.09876047825913109,
    "KING JOHN.txt": 0.06653058610406465,
    "KING RICHARD II.txt": 0.09876047825913109,
    "KING RICHARD III.txt": 0.09876047825913109,
    "Locrine Mucedorus by Shakespeare.txt": -0.006695972735939804,
    "Love_s Labour_s Lost.txt": 0.03065302090818689,
    "MEASURE FOR MEASURE.txt": 0.03612155601195438,
    "Merchant of Venice.txt": 0.09876047825913109,
    "MUCH ADO ABOUT NOTHING.txt": -0.1444379391001045,
    "PERICLES PRINCE OF TYRE.txt": -0.012278376089206122,
    "Sir John Oldcastle by Shakespeare.txt": 0.09876047825913109,
    "Sir Thomas More by Shakespeare.txt": 0.09876047825913109,
    "Taming of the Shrew.txt": -0.005448984735831552,
    "The Comedy of Errors.txt": 0.09876047825913109,
    "THE HISTORY OF TROILUS AND CRESSIDA.txt": -0.04945265572449409,
    "The Life and Death of the Lord Cromwell by Shakespeare.txt": 0.09876047825913109,
    "THE LIFE OF TIMON OF ATHENS.txt": 0.012366338513895236,
    "The London Prodigal.txt": 0.09876047825913109,
    "The Merry Devill of Edmonton by Shakespeare.txt": -0.02677248107700203,
    "THE MERRY WIVES OF WINDSOR.txt": 0.012366338513895236,
    "The Puritaine Widdow by Shakespeare.txt": -0.041154173075257816,
    "THE RAPE OF LUCRECE.txt": 0.09876047825913109,
    "THE TAMING OF THE SHREW.txt": -0.004499063915707868,
    "THE TEMPEST.txt": -0.1000981242489275,
    "THE TRAGEDY OF ANTONY AND CLEOPATRA.txt": -0.09488378766633532,
    "THE TRAGEDY OF CORIOLANUS.txt": -0.015150442444241907,
    "THE TRAGEDY OF HAMLET PRINCE OF DENMARK.txt": 0.0553484119862831,
    "THE TRAGEDY OF JULIUS CAESAR.txt": -0.2157443472128987,
    "THE TRAGEDY OF KING LEAR.txt": -0.004499063915707868,
    "THE TRAGEDY OF MACBETH.txt": -0.003510216546213085,
    "THE TRAGEDY OF OTHELLO MOOR OF VENICE.txt": -0.0494949210583302,
    "THE TRAGEDY OF ROMEO AND JULIET.txt": -0.07770971813052918,
    "THE TRAGEDY OF TITUS ANDRONICUS.txt": 0.09876047825913109,
    "THE TWO GENTLEMEN OF VERONA.txt": 0.012366338513895236,
    "The Two Noble Kinsmen by Shakespeare.txt": -0.04619947617328446,
    "THE WINTERS TALE.txt": 0.09876047825913109,
    "Venus and Adonis.txt": 2.3438452717294833e-05
}