{
    "A LOVERS COMPLAINT.txt": 0.0843424886403148,
    "A MIDSUMMER NIGHT_S DREAM.txt": 0.04565087793353012,
    "A Yorkshire Tragedy by Shakespeare.txt": 0.0843424886403148,
    "Arden of Feversham.txt": 0.0843424886403148,
    "AS YOU LIKE IT.txt": -0.0407425331082536,
    "CYMBELINE.txt": 0.02625851958647263,
    "Fair Em by Shakespeare.txt": 0.0843424886403148,
    "KING EDWARD III by Shakespeare.txt": 0.0843424886403148,
    "King Henry IV, Part 1.txt": 0.02625851958647263,
    "KING HENRY V.txt": 0.02625851958647263,
    "KING HENRY VI part I.txt": 0.04565087793353012,
    "KING HENRY VI Part II.txt": 0.0843424886403148,
    "KING HENRY VI Part III.txt": 0.04565087793353012,
    "KING HENRY VIII.txt": 0.0843424886403148,
    "KING JOHN.txt": 0.04565087793353012,
    "KING RICHARD II.txt": 0.0843424886403148,
    "KING RICHARD III.txt": 0.0843424886403148,
    "Locrine Mucedorus by Shakespeare.txt": -0.002885982221755845,
    "Love_s Labour_s Lost.txt": 0.02625851958647263,
    "MEASURE FOR MEASURE.txt": -0.06486645833579696,
    "Merchant of Venice.txt": 0.0843424886403148,
    "MUCH ADO ABOUT NOTHING.txt": -0.2902410171004167,
    "PERICLES PRINCE OF TYRE.txt": 0.04506037956000969,
    "Sir John Oldcastle by Shakespeare.txt": 0.0843424886403148,
    "Sir Thomas More by Shakespeare.txt": 0.0843424886403148,
    "Taming of the Shrew.txt": -0.020101200129810204,
    "The Comedy of Errors.txt": 0.0843424886403148,
    "THE HISTORY OF TROILUS AND CRESSIDA.txt": -0.0001881062059460037,
    "The Life and Death of the Lord Cromwell by Shakespeare.txt": 0.0843424886403148,
    "THE LIFE OF TIMON OF ATHENS.txt": -0.04859628876725386,
    "The London Prodigal.txt": 0.0843424886403148,
    "The Merry Devill of Edmonton by Shakespeare.txt": 0.04565087793353012,
    "THE MERRY WIVES OF WINDSOR.txt": 0.04565087793353012,
    "The Puritaine Widdow by Shakespeare.txt": -0.01113152407555662,
    "THE RAPE OF LUCRECE.txt": 0.0843424886403148,
    "THE TAMING OF THE SHREW.txt": 0.04506037956000969,
    "THE TEMPEST.txt": -0.008884684441499924,
    "THE TRAGEDY OF ANTONY AND CLEOPATRA.txt": -0.039968567900081964,
    "THE TRAGEDY OF CORIOLANUS.txt": -0.0048915011453647406,
    "THE TRAGEDY OF HAMLET PRINCE OF DENMARK.txt": -0.004447556205944281,
    "THE TRAGEDY OF JULIUS CAESAR.txt": -0.1403155799186241,
    "THE TRAGEDY OF KING LEAR.txt": 0.04506037956000969,
    "THE TRAGEDY OF MACBETH.txt": 0.04506037956000969,
    "THE TRAGEDY OF OTHELLO MOOR OF VENICE.txt": -0.12162945175206141,
    "THE TRAGEDY OF ROMEO AND JULIET.txt": -0.0378401830639139,
    "THE TRAGEDY OF TITUS ANDRONICUS.txt": 0.0843424886403148,
    "THE TWO GENTLEMEN OF VERONA.txt": 0.04565087793353012,
    "The Two Noble Kinsmen by Shakespeare.txt": -0.018064431437679773,
    "THE WINTERS TALE.txt": 0.0843424886403148,
    "Venus and Adonis.txt": 0.04565087793353012
}