{
    "A LOVERS COMPLAINT.txt": 0.07519559477949855,
    "A MIDSUMMER NIGHT_S DREAM.txt": -0.01267253300903548,
    "A Yorkshire Tragedy by Shakespeare.txt": 0.07519559477949855,
    "Arden of Feversham.txt": 0.07519559477949855,
    "AS YOU LIKE IT.txt": 0.05959875472000287,
    "CYMBELINE.txt": -0.0015162888817786824,
    "Fair Em by Shakespeare.txt": 0.07519559477949855,
    "KING EDWARD III by Shakespeare.txt": 0.07519559477949855,
    "King Henry IV, Part 1.txt": 0.010866678039781641,
    "KING HENRY V.txt": 0.010866678039781641,
    "KING HENRY VI part I.txt": -0.01267253300903548,
    "KING HENRY VI Part II.txt": 0.07519559477949855,
    "KING HENRY VI Part III.txt": -0.01267253300903548,
    "KING HENRY VIII.txt": 0.07519559477949855,
    "KING JOHN.txt": -0.01267253300903548,
    "KING RICHARD II.txt": 0.07519559477949855,
    "KING RICHARD III.txt": 0.07519559477949855,
    "Locrine Mucedorus by Shakespeare.txt": -0.004209066711871268,
    "Love_s Labour_s Lost.txt": 0.05959875472000287,
    "MEASURE FOR MEASURE.txt": 0.05959875472000287,
    "Merchant of Venice.txt": 0.07519559477949855,
    "MUCH ADO ABOUT NOTHING.txt": -0.02944857064252715,
    "PERICLES PRINCE OF TYRE.txt": 0.021028413333824936,
    "Sir John Oldcastle by Shakespeare.txt": 0.07519559477949855,
    "Sir Thomas More by Shakespeare.txt": 0.07519559477949855,
    "Taming of the Shrew.txt": -0.02087752909857654,
    "The Comedy of Errors.txt": 0.07519559477949855,
    "THE HISTORY OF TROILUS AND CRESSIDA.txt": -0.0322301098339014,
    "The Life and Death of the Lord Cromwell by Shakespeare.txt": 0.07519559477949855,
    "THE LIFE OF TIMON OF ATHENS.txt": 0.05959875472000287,
    "The London Prodigal.txt": 0.07519559477949855,
    "The Merry Devill of Edmonton by Shakespeare.txt": 0.010866678039781641,
    "THE MERRY WIVES OF WINDSOR.txt": -0.0015162888817786824,
    "The Puritaine Widdow by Shakespeare.txt": -0.09171592659695638,
    "THE RAPE OF LUCRECE.txt": 0.07519559477949855,
    "THE TAMING OF THE SHREW.txt": 0.021028413333824936,
    "THE TEMPEST.txt": -0.19500790700030446,
    "THE TRAGEDY OF ANTONY AND CLEOPATRA.txt": -0.039393381879041955,
    "THE TRAGEDY OF CORIOLANUS.txt": -0.02835755861926359,
    "THE TRAGEDY OF HAMLET PRINCE OF DENMARK.txt": 0.05959875472000287,
    "THE TRAGEDY OF JULIUS CAESAR.txt": -0.26551719892803805,
    "THE TRAGEDY OF KING LEAR.txt": 0.05959875472000287,
    "THE TRAGEDY OF MACBETH.txt": -0.014709353673756809,
    "THE TRAGEDY OF OTHELLO MOOR OF VENICE.txt": 0.02003319526720876,
    "THE TRAGEDY OF ROMEO AND JULIET.txt": 0.009881319590029913,
    "THE TRAGEDY OF TITUS ANDRONICUS.txt": 0.07519559477949855,
    "THE TWO GENTLEMEN OF VERONA.txt": -0.0015162888817786824,
    "The Two Noble Kinsmen by Shakespeare.txt": -0.014361897526094736,
    "THE WINTERS TALE.txt": 0.07519559477949855,
    "Venus and Adonis.txt": 0.02003319526720876
}