{
    "A MIDSUMMER NIGHT_S DREAM.txt": [
        0.515625,
        0.609375,
        0.5,
        0.71875,
        0.453125,
        0.65625,
        0.578125,
        0.5,
        0.40625,
        0.359375,
        0.453125,
        0.375,
        0.421875,
        0.453125,
        0.515625,
        0.40625,
        0.296875,
        0.5
    ],
    "A Yorkshire Tragedy by Shakespeare.txt": [
        0.65625,
        0.640625
    ],
    "Arden of Feversham.txt": [
        0.78125,
        0.6875,
        0.828125,
        0.796875,
        0.875,
        0.703125,
        0.796875,
        0.890625,
        0.875,
        0.796875
    ],
    "AS YOU LIKE IT.txt": [
        0.390625,
        0.328125,
        0.546875,
        0.515625,
        0.5625,
        0.359375,
        0.453125,
        0.296875,
        0.421875,
        0.4375
    ],
    "CYMBELINE.txt": [
        0.5,
        0.4375,
        0.46875,
        0.484375,
        0.421875,
        0.625,
        0.46875,
        0.546875,
        0.546875,
        0.546875,
        0.703125,
        0.5,
        0.515625
    ],
    "Fair Em by Shakespeare.txt": [
        0.390625,
        0.5625,
        0.40625,
        0.4375,
        0.328125
    ],
    "KING EDWARD III by Shakespeare.txt": [
        0.296875,
        0.4375,
        0.40625,
        0.46875,
        0.609375,
        0.453125,
        0.375,
        0.5625,
        0.5
    ],
    "King Henry IV, Part 1.txt": [
        0.59375,
        0.59375,
        0.625,
        0.59375,
        0.640625,
        0.59375,
        0.484375,
        0.453125,
        0.53125,
        0.359375,
        0.359375
    ],
    "KING HENRY V.txt": [
        0.3125,
        0.484375,
        0.515625,
        0.453125,
        0.46875,
        0.375,
        0.484375,
        0.515625,
        0.46875,
        0.3125,
        0.484375,
        0.328125
    ],
    "KING HENRY VI part I.txt": [
        0.234375,
        0.484375,
        0.359375,
        0.421875,
        0.296875,
        0.265625,
        0.28125,
        0.25,
        0.421875,
        0.34375
    ],
    "KING HENRY VI Part II.txt": [
        0.15625,
        0.25,
        0.234375,
        0.296875,
        0.46875,
        0.421875,
        0.65625,
        0.5,
        0.265625,
        0.40625,
        0.34375
    ],
    "KING HENRY VI Part III.txt": [
        0.09375,
        0.34375,
        0.5,
        0.265625,
        0.5,
        0.265625,
        0.25,
        0.125,
        0.21875,
        0.25,
        0.453125
    ],
    "KING HENRY VIII.txt": [
        0.484375,
        0.546875,
        0.28125,
        0.25,
        0.4375,
        0.328125,
        0.421875,
        0.234375,
        0.46875,
        0.390625,
        0.5625
    ],
    "KING JOHN.txt": [
        0.28125,
        0.546875,
        0.5625,
        0.546875,
        0.546875,
        0.578125,
        0.4375,
        0.59375,
        0.515625,
        0.578125,
        0.53125,
        0.5625,
        0.359375,
        0.59375,
        0.578125,
        0.390625,
        0.515625,
        0.46875,
        0.578125
    ],
    "KING RICHARD II.txt": [
        0.40625,
        0.328125,
        0.421875,
        0.296875,
        0.390625,
        0.484375,
        0.515625,
        0.453125,
        0.28125,
        0.453125
    ],
    "KING RICHARD III.txt": [
        0.40625,
        0.390625,
        0.484375,
        0.625,
        0.421875,
        0.28125,
        0.15625,
        0.3125,
        0.390625,
        0.375,
        0.453125,
        0.359375,
        0.390625
    ],
    "Locrine Mucedorus by Shakespeare.txt": [
        0.5625,
        0.625,
        0.484375,
        0.546875,
        0.515625,
        0.5625,
        0.4375,
        0.609375,
        0.640625,
        0.4375,
        0.3125,
        0.484375,
        0.453125,
        0.375
    ],
    "Love_s Labour_s Lost.txt": [
        0.6875,
        0.4375,
        0.421875,
        0.515625,
        0.53125,
        0.59375,
        0.625,
        0.625,
        0.5625,
        0.53125
    ],
    "MEASURE FOR MEASURE.txt": [
        0.5625,
        0.453125,
        0.40625,
        0.65625,
        0.53125,
        0.25,
        0.453125,
        0.359375,
        0.46875,
        0.390625
    ],
    "Merchant of Venice.txt": [
        0.578125,
        0.484375,
        0.421875,
        0.46875,
        0.546875,
        0.609375,
        0.4375,
        0.484375,
        0.5
    ],
    "MUCH ADO ABOUT NOTHING.txt": [
        0.3125,
        0.40625,
        0.265625,
        0.40625,
        0.53125,
        0.578125,
        0.5625,
        0.546875,
        0.421875,
        0.4375
    ],
    "PERICLES PRINCE OF TYRE.txt": [
        0.578125,
        0.5,
        0.453125,
        0.28125,
        0.59375,
        0.59375,
        0.40625,
        0.515625,
        0.4791666666666667
    ],
    "Sir John Oldcastle by Shakespeare.txt": [
        0.21875,
        0.375,
        0.390625,
        0.3125,
        0.171875,
        0.296875,
        0.203125,
        0.25,
        0.421875,
        0.5
    ],
    "Sir Thomas More by Shakespeare.txt": [
        0.609375,
        0.546875,
        0.53125,
        0.625,
        0.5,
        0.265625,
        0.296875,
        0.453125,
        0.5625
    ],
    "Taming of the Shrew.txt": [
        0.484375,
        0.515625,
        0.640625,
        0.46875,
        0.34375,
        0.515625,
        0.640625,
        0.453125,
        0.5,
        0.359375
    ],
    "The Comedy of Errors.txt": [
        0.84375,
        0.84375,
        0.890625,
        0.90625,
        0.828125,
        0.96875,
        0.953125,
        0.9375,
        0.96875,
        0.859375
    ],
    "THE HISTORY OF TROILUS AND CRESSIDA.txt": [
        0.3125,
        0.46875,
        0.515625,
        0.390625,
        0.390625,
        0.34375,
        0.375,
        0.59375,
        0.28125,
        0.265625,
        0.453125,
        0.328125,
        0.34375
    ],
    "The Life and Death of the Lord Cromwell by Shakespeare.txt": [
        0.421875,
        0.375,
        0.28125,
        0.1875,
        0.265625,
        0.21875
    ],
    "THE LIFE OF TIMON OF ATHENS.txt": [
        0.46875,
        0.359375,
        0.328125,
        0.421875,
        0.265625,
        0.484375,
        0.6875,
        0.53125,
        0.453125
    ],
    "The London Prodigal.txt": [
        0.4375,
        0.125,
        0.203125,
        0.140625,
        0.265625,
        0.390625,
        0.4375,
        0.25
    ],
    "The Merry Devill of Edmonton by Shakespeare.txt": [
        0.578125,
        0.34375,
        0.421875,
        0.328125,
        0.328125,
        0.28125
    ],
    "THE MERRY WIVES OF WINDSOR.txt": [
        0.390625,
        0.375,
        0.4375,
        0.34375,
        0.40625,
        0.375,
        0.28125,
        0.6875,
        0.484375,
        0.5625
    ],
    "The Puritaine Widdow by Shakespeare.txt": [
        0.625,
        0.734375,
        0.71875,
        0.640625,
        0.59375,
        0.59375,
        0.59375,
        0.6875,
        0.765625
    ],
    "THE RAPE OF LUCRECE.txt": [
        0.65625,
        0.9375,
        0.875,
        0.9375,
        0.90625,
        0.9375
    ],
    "THE TAMING OF THE SHREW.txt": [
        0.46875,
        0.484375,
        0.53125,
        0.46875,
        0.40625,
        0.484375,
        0.671875,
        0.5,
        0.5625,
        0.421875
    ],
    "THE TEMPEST.txt": [
        0.703125,
        0.9375,
        0.75,
        0.59375,
        0.625,
        0.625,
        0.75,
        0.65625
    ],
    "THE TRAGEDY OF ANTONY AND CLEOPATRA.txt": [
        0.421875,
        0.46875,
        0.296875,
        0.515625,
        0.421875,
        0.375,
        0.296875,
        0.4375,
        0.359375,
        0.59375,
        0.421875,
        0.546875
    ],