{
    "A LOVERS COMPLAINT.txt": 0.01094113642767014,
    "A MIDSUMMER NIGHT_S DREAM.txt": 0.05808171451389477,
    "A Yorkshire Tragedy by Shakespeare.txt": 0.09330509825728872,
    "Arden of Feversham.txt": 0.16165922126350601,
    "AS YOU LIKE IT.txt": 0.1408858797284871,
    "CYMBELINE.txt": 0.1314622150769471,
    "Fair Em by Shakespeare.txt": 0.1078331231338916,
    "KING EDWARD III by Shakespeare.txt": 0.12230106672996643,
    "King Henry IV, Part 1.txt": 0.13607066771624182,
    "KING HENRY V.txt": 0.14319934819715718,
    "KING HENRY VI part I.txt": 0.12700098108758012,
    "KING HENRY VI Part II.txt": 0.12539167909388055,
    "KING HENRY VI Part III.txt": 0.13442401578183427,
    "KING HENRY VIII.txt": 0.10679569646842979,
    "KING JOHN.txt": -0.006331515573219426,
    "KING RICHARD II.txt": 0.12236424048910377,
    "KING RICHARD III.txt": 0.1321100411431474,
    "Locrine Mucedorus by Shakespeare.txt": 0.12519665179953804,
    "Love_s Labour_s Lost.txt": 0.14168701909011028,
    "MEASURE FOR MEASURE.txt": 0.1214262477711805,
    "Merchant of Venice.txt": 0.1316086970576747,
    "MUCH ADO ABOUT NOTHING.txt": 0.13674654288094895,
    "PERICLES PRINCE OF TYRE.txt": 0.11584265539405197,
    "Sir John Oldcastle by Shakespeare.txt": 0.11458936842803868,
    "Sir Thomas More by Shakespeare.txt": 0.1173897517006342,
    "Taming of the Shrew.txt": 0.11412950787202364,
    "The Comedy of Errors.txt": 0.14227388650935213,
    "THE HISTORY OF TROILUS AND CRESSIDA.txt": 0.10883925750333207,
    "The Life and Death of the Lord Cromwell by Shakespeare.txt": 0.1273528648370842,
    "THE LIFE OF TIMON OF ATHENS.txt": 0.08987590016816316,
    "The London Prodigal.txt": 0.15010697284392188,
    "The Merry Devill of Edmonton by Shakespeare.txt": 0.09774334226659354,
    "THE MERRY WIVES OF WINDSOR.txt": 0.1274082721665875,
    "The Puritaine Widdow by Shakespeare.txt": 0.14284186572241436,
    "THE RAPE OF LUCRECE.txt": 0.10714828929108078,
    "THE TAMING OF THE SHREW.txt": 0.11157688149261735,
    "THE TEMPEST.txt": 0.11227479636920928,
    "THE TRAGEDY OF ANTONY AND CLEOPATRA.txt": 0.12886371012069192,
    "THE TRAGEDY OF CORIOLANUS.txt": 0.08025648190511375,
    "THE TRAGEDY OF HAMLET PRINCE OF DENMARK.txt": 0.09697317729905025,
    "THE TRAGEDY OF JULIUS CAESAR.txt": 0.12814750409225645,
    "THE TRAGEDY OF KING LEAR.txt": 0.1287959353299966,
    "THE TRAGEDY OF MACBETH.txt": 0.11254561705274285,
    "THE TRAGEDY OF OTHELLO MOOR OF VENICE.txt": 0.13594039705972155,
    "THE TRAGEDY OF ROMEO AND JULIET.txt": 0.14725905258193284,
    "THE TRAGEDY OF TITUS ANDRONICUS.txt": 0.11372899922064988,
    "THE TWO GENTLEMEN OF VERONA.txt": 0.12943919424115408,
    "The Two Noble Kinsmen by Shakespeare.txt": 0.06942267973704647,
    "THE WINTERS TALE.txt": 0.1480224521602732,
    "Venus and Adonis.txt": 0.09763970841679159
}