{
    "A LOVERS COMPLAINT.txt": -0.029163471676785346,
    "A MIDSUMMER NIGHT_S DREAM.txt": 0.06945578133270247,
    "A Yorkshire Tragedy by Shakespeare.txt": -0.029163471676785346,
    "Arden of Feversham.txt": 0.06383621562761194,
    "AS YOU LIKE IT.txt": 0.047533853829226314,
    "CYMBELINE.txt": 0.06926086767772904,
    "Fair Em by Shakespeare.txt": 0.06554417445669541,
    "KING EDWARD III by Shakespeare.txt": 0.070315927086475,
    "King Henry IV, Part 1.txt": 0.03656882724827326,
    "KING HENRY V.txt": 0.07221768900690773,
    "KING HENRY VI part I.txt": 0.0025926082157167185,
    "KING HENRY VI Part II.txt": 0.01788547946243313,
    "KING HENRY VI Part III.txt": 0.06339601102763914,
    "KING HENRY VIII.txt": 0.07296047613349094,
    "KING JOHN.txt": 0.08366785646648689,
    "KING RICHARD II.txt": 0.05020770132502611,
    "KING RICHARD III.txt": 0.07111435590086307,
    "Locrine Mucedorus by Shakespeare.txt": 0.08553461408639706,
    "Love_s Labour_s Lost.txt": 0.07636133268711465,
    "MEASURE FOR MEASURE.txt": 0.08880110351408371,
    "Merchant of Venice.txt": 0.032915633238001396,
    "MUCH ADO ABOUT NOTHING.txt": 0.07402476175564932,
    "PERICLES PRINCE OF TYRE.txt": 0.08273889444666266,
    "Sir John Oldcastle by Shakespeare.txt": 0.07452627288078917,
    "Sir Thomas More by Shakespeare.txt": 0.07484999361845285,
    "Taming of the Shrew.txt": 0.08052973149048864,
    "The Comedy of Errors.txt": 0.03429690001468655,
    "THE HISTORY OF TROILUS AND CRESSIDA.txt": 0.06370283223235934,
    "The Life and Death of the Lord Cromwell by Shakespeare.txt": 0.06339601102763914,
    "THE LIFE OF TIMON OF ATHENS.txt": 0.05775830221617473,
    "The London Prodigal.txt": 0.070315927086475,
    "The Merry Devill of Edmonton by Shakespeare.txt": 0.07630113152690993,
    "THE MERRY WIVES OF WINDSOR.txt": 0.06433820270570684,
    "The Puritaine Widdow by Shakespeare.txt": 0.05623012684110268,
    "THE RAPE OF LUCRECE.txt": -0.029163471676785346,
    "THE TAMING OF THE SHREW.txt": 0.07513381226701005,
    "THE TEMPEST.txt": 0.030491445883044588,
    "THE TRAGEDY OF ANTONY AND CLEOPATRA.txt": -0.0823361097883869,
    "THE TRAGEDY OF CORIOLANUS.txt": 0.012938836236053797,
    "THE TRAGEDY OF HAMLET PRINCE OF DENMARK.txt": 0.019493448832915927,
    "THE TRAGEDY OF JULIUS CAESAR.txt": -0.029751572853498276,
    "THE TRAGEDY OF KING LEAR.txt": 0.06208900716763749,
    "THE TRAGEDY OF MACBETH.txt": 0.05499336895124157,
    "THE TRAGEDY OF OTHELLO MOOR OF VENICE.txt": -0.0779602487054919,
    "THE TRAGEDY OF ROMEO AND JULIET.txt": 0.0632039604676432,
    "THE TRAGEDY OF TITUS ANDRONICUS.txt": 0.05020770132502611,
    "THE TWO GENTLEMEN OF VERONA.txt": 0.01311031301888066,
    "The Two Noble Kinsmen by Shakespeare.txt": 0.0025926082157167185,
    "THE WINTERS TALE.txt": 0.06469696290672117,
    "Venus and Adonis.txt": -0.029163471676785346
}