{
    "A MIDSUMMER NIGHT_S DREAM.txt": 0.06808468556209735,
    "A Yorkshire Tragedy by Shakespeare.txt": 0.0028748245078024093,
    "Arden of Feversham.txt": 0.08812022640745709,
    "AS YOU LIKE IT.txt": -0.018809605404323304,
    "CYMBELINE.txt": 0.08442161660789382,
    "Fair Em by Shakespeare.txt": 0.055751063686913516,
    "KING EDWARD III by Shakespeare.txt": 0.06551003022753343,
    "King Henry IV, Part 1.txt": 0.054186767001620395,
    "KING HENRY V.txt": 0.07771640625594972,
    "KING HENRY VI part I.txt": 0.06418367066161573,
    "KING HENRY VI Part II.txt": 0.0752787160121956,
    "KING HENRY VI Part III.txt": 0.08932819094957939,
    "KING HENRY VIII.txt": 0.0854896943694522,
    "KING JOHN.txt": 0.06966383962735861,
    "KING RICHARD II.txt": 0.0822966043609899,
    "KING RICHARD III.txt": 0.07248598360498665,
    "Locrine Mucedorus by Shakespeare.txt": 0.03008523583508188,
    "Love_s Labour_s Lost.txt": 0.07337550149059796,
    "MEASURE FOR MEASURE.txt": 0.033041332961470216,
    "Merchant of Venice.txt": 0.08249435856129667,
    "MUCH ADO ABOUT NOTHING.txt": 0.08440576353183965,
    "PERICLES PRINCE OF TYRE.txt": 0.07221372804284637,
    "Sir John Oldcastle by Shakespeare.txt": 0.07474157460699127,
    "Sir Thomas More by Shakespeare.txt": 0.07002920880017288,
    "Taming of the Shrew.txt": 0.08188210379251254,
    "The Comedy of Errors.txt": 0.08531813707843872,
    "THE HISTORY OF TROILUS AND CRESSIDA.txt": -0.14518942991025452,
    "The Life and Death of the Lord Cromwell by Shakespeare.txt": 0.0676386887120371,
    "THE LIFE OF TIMON OF ATHENS.txt": 0.06293158432049528,
    "The London Prodigal.txt": 0.07348830259084432,
    "The Merry Devill of Edmonton by Shakespeare.txt": 0.07553260863455902,
    "THE MERRY WIVES OF WINDSOR.txt": -0.015793951312017884,
    "The Puritaine Widdow by Shakespeare.txt": 0.057000060074223535,
    "THE RAPE OF LUCRECE.txt": 0.0028748245078024093,
    "THE TAMING OF THE SHREW.txt": 0.04507576037436012,
    "THE TEMPEST.txt": 0.04377119796290285,
    "THE TRAGEDY OF ANTONY AND CLEOPATRA.txt": -0.19485966304201097,
    "THE TRAGEDY OF CORIOLANUS.txt": 0.08266992655329519,
    "THE TRAGEDY OF HAMLET PRINCE OF DENMARK.txt": 0.0742411437497526,
    "THE TRAGEDY OF JULIUS CAESAR.txt": 0.055343387046023707,
    "THE TRAGEDY OF KING LEAR.txt": 0.07319452135324683,
    "THE TRAGEDY OF MACBETH.txt": 0.0705929613224408,
    "THE TRAGEDY OF OTHELLO MOOR OF VENICE.txt": 0.050153793765419674,
    "THE TRAGEDY OF ROMEO AND JULIET.txt": 0.04864101601730275,
    "THE TRAGEDY OF TITUS ANDRONICUS.txt": 0.07757953739086804,
    "THE TWO GENTLEMEN OF VERONA.txt": 0.049960699699158506,
    "The Two Noble Kinsmen by Shakespeare.txt": 0.0608086186515312,
    "THE WINTERS TALE.txt": 0.06781354525242966,
    "Venus and Adonis.txt": 0.0028748245078024093
}