{
    "A LOVERS COMPLAINT.txt": -0.011557725151610687,
    "A MIDSUMMER NIGHT_S DREAM.txt": 0.06469909975305166,
    "A Yorkshire Tragedy by Shakespeare.txt": -0.011557725151610687,
    "Arden of Feversham.txt": 0.04814691264621224,
    "AS YOU LIKE IT.txt": 0.03743812673886554,
    "CYMBELINE.txt": 0.06622395689651339,
    "Fair Em by Shakespeare.txt": 0.054442005782411096,
    "KING EDWARD III by Shakespeare.txt": 0.055324538734954076,
    "King Henry IV, Part 1.txt": 0.021662657144960185,
    "KING HENRY V.txt": 0.061213773100351254,
    "KING HENRY VI part I.txt": 0.019896047443313136,
    "KING HENRY VI Part II.txt": 0.011555813985951624,
    "KING HENRY VI Part III.txt": 0.04856056939079895,
    "KING HENRY VIII.txt": 0.06058041498089922,
    "KING JOHN.txt": 0.0665305571741428,
    "KING RICHARD II.txt": 0.04161331096073867,
    "KING RICHARD III.txt": 0.05394182926936075,
    "Locrine Mucedorus by Shakespeare.txt": 0.05261609467056794,
    "Love_s Labour_s Lost.txt": 0.06987027179426575,
    "MEASURE FOR MEASURE.txt": 0.08390350357038312,
    "Merchant of Venice.txt": 0.013036071584879794,
    "MUCH ADO ABOUT NOTHING.txt": 0.061213214592992615,
    "PERICLES PRINCE OF TYRE.txt": 0.07152096448763129,
    "Sir John Oldcastle by Shakespeare.txt": 0.06532290636519739,
    "Sir Thomas More by Shakespeare.txt": 0.08132785286275185,
    "Taming of the Shrew.txt": 0.07540216060271115,
    "The Comedy of Errors.txt": 0.039194366311677886,
    "THE HISTORY OF TROILUS AND CRESSIDA.txt": 0.055431512119209325,
    "The Life and Death of the Lord Cromwell by Shakespeare.txt": 0.050258076393883744,
    "THE LIFE OF TIMON OF ATHENS.txt": 0.043849625029343864,
    "The London Prodigal.txt": 0.055324538734954076,
    "The Merry Devill of Edmonton by Shakespeare.txt": 0.0725541805118205,
    "THE MERRY WIVES OF WINDSOR.txt": 0.06050743150595711,
    "The Puritaine Widdow by Shakespeare.txt": 0.0662668915010241,
    "THE RAPE OF LUCRECE.txt": -0.011557725151610687,
    "THE TAMING OF THE SHREW.txt": 0.06534840193612795,
    "THE TEMPEST.txt": 0.048399030525756837,
    "THE TRAGEDY OF ANTONY AND CLEOPATRA.txt": -0.09642135799848417,
    "THE TRAGEDY OF CORIOLANUS.txt": 0.010673499772712758,
    "THE TRAGEDY OF HAMLET PRINCE OF DENMARK.txt": 0.01856108436003251,
    "THE TRAGEDY OF JULIUS CAESAR.txt": -0.02739842238995438,
    "THE TRAGEDY OF KING LEAR.txt": 0.06509946862890692,
    "THE TRAGEDY OF MACBETH.txt": 0.05844139100944762,
    "THE TRAGEDY OF OTHELLO MOOR OF VENICE.txt": -0.11597927449476253,
    "THE TRAGEDY OF ROMEO AND JULIET.txt": 0.054559760283827696,
    "THE TRAGEDY OF TITUS ANDRONICUS.txt": 0.04161331096073867,
    "THE TWO GENTLEMEN OF VERONA.txt": 0.031202744048091147,
    "The Two Noble Kinsmen by Shakespeare.txt": 0.01812510061029493,
    "THE WINTERS TALE.txt": 0.04594339471563774,
    "Venus and Adonis.txt": -0.011557725151610687
}