{
    "A LOVERS COMPLAINT.txt": -0.01211422929675543,
    "A MIDSUMMER NIGHT_S DREAM.txt": 0.08371886621784214,
    "A Yorkshire Tragedy by Shakespeare.txt": -0.01211422929675543,
    "Arden of Feversham.txt": 0.054599535828446955,
    "AS YOU LIKE IT.txt": 0.053212588670768224,
    "CYMBELINE.txt": 0.05506777737641505,
    "Fair Em by Shakespeare.txt": 0.04697099709396452,
    "KING EDWARD III by Shakespeare.txt": 0.07082576393467954,
    "King Henry IV, Part 1.txt": 0.043496606923543235,
    "KING HENRY V.txt": 0.07693962154446038,
    "KING HENRY VI part I.txt": 0.016257228683481784,
    "KING HENRY VI Part II.txt": 0.00038689037932604364,
    "KING HENRY VI Part III.txt": 0.059777475283609105,
    "KING HENRY VIII.txt": 0.05132976184107868,
    "KING JOHN.txt": 0.07577232353629976,
    "KING RICHARD II.txt": 0.04926437190780125,
    "KING RICHARD III.txt": 0.09206839615414397,
    "Locrine Mucedorus by Shakespeare.txt": 0.08313925117926918,
    "Love_s Labour_s Lost.txt": 0.09652077161264871,
    "MEASURE FOR MEASURE.txt": 0.09114653278065693,
    "Merchant of Venice.txt": 0.036307672906764565,
    "MUCH ADO ABOUT NOTHING.txt": 0.052124387528974914,
    "PERICLES PRINCE OF TYRE.txt": 0.08058318415452426,
    "Sir John Oldcastle by Shakespeare.txt": 0.05731008034979823,
    "Sir Thomas More by Shakespeare.txt": 0.08953158898095703,
    "Taming of the Shrew.txt": 0.06775886520033325,
    "The Comedy of Errors.txt": 0.02342231692583191,
    "THE HISTORY OF TROILUS AND CRESSIDA.txt": 0.0684853496188188,
    "The Life and Death of the Lord Cromwell by Shakespeare.txt": 0.06607203050818156,
    "THE LIFE OF TIMON OF ATHENS.txt": 0.06384874586722206,
    "The London Prodigal.txt": 0.07082576393467954,
    "The Merry Devill of Edmonton by Shakespeare.txt": 0.08376367697153991,
    "THE MERRY WIVES OF WINDSOR.txt": 0.08179782862486917,
    "The Puritaine Widdow by Shakespeare.txt": 0.05460307212407767,
    "THE RAPE OF LUCRECE.txt": -0.01211422929675543,
    "THE TAMING OF THE SHREW.txt": 0.07348234076365867,
    "THE TEMPEST.txt": 0.04357922653578794,
    "THE TRAGEDY OF ANTONY AND CLEOPATRA.txt": -0.09096776309842713,
    "THE TRAGEDY OF CORIOLANUS.txt": 0.02355507770925319,
    "THE TRAGEDY OF HAMLET PRINCE OF DENMARK.txt": 0.025554554087293457,
    "THE TRAGEDY OF JULIUS CAESAR.txt": -0.00635899304297427,
    "THE TRAGEDY OF KING LEAR.txt": 0.06476323626220115,
    "THE TRAGEDY OF MACBETH.txt": 0.0645857765887709,
    "THE TRAGEDY OF OTHELLO MOOR OF VENICE.txt": -0.08033550389608823,
    "THE TRAGEDY OF ROMEO AND JULIET.txt": 0.06102638059584292,
    "THE TRAGEDY OF TITUS ANDRONICUS.txt": 0.04926437190780125,
    "THE TWO GENTLEMEN OF VERONA.txt": 0.021276623283647045,
    "The Two Noble Kinsmen by Shakespeare.txt": 0.016257228683481784,
    "THE WINTERS TALE.txt": 0.04949364460215788,
    "Venus and Adonis.txt": -0.01211422929675543
}