{
    "A MIDSUMMER NIGHT_S DREAM.txt": 0.06090090807107612,
    "A Yorkshire Tragedy by Shakespeare.txt": 0.021595429975598046,
    "Arden of Feversham.txt": 0.06974400002614062,
    "AS YOU LIKE IT.txt": 0.00045527101975678663,
    "CYMBELINE.txt": 0.08166100923724895,
    "Fair Em by Shakespeare.txt": 0.032740768568316314,
    "KING EDWARD III by Shakespeare.txt": 0.06342825398968449,
    "King Henry IV, Part 1.txt": 0.051181748171790276,
    "KING HENRY V.txt": 0.05507267968804036,
    "KING HENRY VI part I.txt": 0.06794367865039136,
    "KING HENRY VI Part II.txt": 0.05785469360427914,
    "KING HENRY VI Part III.txt": 0.08537361012862799,
    "KING HENRY VIII.txt": 0.08620219195682399,
    "KING JOHN.txt": 0.07724005711579951,
    "KING RICHARD II.txt": 0.07649644987717108,
    "KING RICHARD III.txt": 0.07645209691963895,
    "Locrine Mucedorus by Shakespeare.txt": 0.02813119509434242,
    "Love_s Labour_s Lost.txt": 0.059709648133216664,
    "MEASURE FOR MEASURE.txt": 0.034918390493197005,
    "Merchant of Venice.txt": 0.06856255808267775,
    "MUCH ADO ABOUT NOTHING.txt": 0.06650155868101454,
    "PERICLES PRINCE OF TYRE.txt": 0.07825528974239043,
    "Sir John Oldcastle by Shakespeare.txt": 0.061874450050622476,
    "Sir Thomas More by Shakespeare.txt": 0.0781066723505443,
    "Taming of the Shrew.txt": 0.07607323970884822,
    "The Comedy of Errors.txt": 0.073027686982237,
    "THE HISTORY OF TROILUS AND CRESSIDA.txt": -0.1540462337793267,
    "The Life and Death of the Lord Cromwell by Shakespeare.txt": 0.08143923099002687,
    "THE LIFE OF TIMON OF ATHENS.txt": 0.06873313872544545,
    "The London Prodigal.txt": 0.07934329380806399,
    "The Merry Devill of Edmonton by Shakespeare.txt": 0.07088788942097124,
    "THE MERRY WIVES OF WINDSOR.txt": -0.021499315833562016,
    "The Puritaine Widdow by Shakespeare.txt": 0.04565463312961765,
    "THE RAPE OF LUCRECE.txt": 0.021595429975598046,
    "THE TAMING OF THE SHREW.txt": 0.06330967426310363,
    "THE TEMPEST.txt": 0.042325230467295194,
    "THE TRAGEDY OF ANTONY AND CLEOPATRA.txt": -0.20730197101382253,
    "THE TRAGEDY OF CORIOLANUS.txt": 0.09584839069264162,
    "THE TRAGEDY OF HAMLET PRINCE OF DENMARK.txt": 0.07893940306974939,
    "THE TRAGEDY OF JULIUS CAESAR.txt": 0.06141397277305666,
    "THE TRAGEDY OF KING LEAR.txt": 0.0788566466729742,
    "THE TRAGEDY OF MACBETH.txt": 0.07810939239739084,
    "THE TRAGEDY OF OTHELLO MOOR OF VENICE.txt": 0.02392929839639124,
    "THE TRAGEDY OF ROMEO AND JULIET.txt": 0.052555957950640164,
    "THE TRAGEDY OF TITUS ANDRONICUS.txt": 0.08375398579840337,
    "THE TWO GENTLEMEN OF VERONA.txt": 0.03726834961401265,
    "The Two Noble Kinsmen by Shakespeare.txt": 0.03136174078224835,
    "THE WINTERS TALE.txt": 0.07470862143285834,
    "Venus and Adonis.txt": 0.021595429975598046
}