{
    "A LOVERS COMPLAINT.txt": -0.0018987378749117934,
    "A MIDSUMMER NIGHT_S DREAM.txt": 0.08945052441446777,
    "A Yorkshire Tragedy by Shakespeare.txt": -0.0018987378749117934,
    "Arden of Feversham.txt": 0.056830265591912954,
    "AS YOU LIKE IT.txt": 0.054950615509816725,
    "CYMBELINE.txt": 0.05414473557881361,
    "Fair Em by Shakespeare.txt": 0.06158855369001631,
    "KING EDWARD III by Shakespeare.txt": 0.06990001551071501,
    "King Henry IV, Part 1.txt": 0.04394569027013567,
    "KING HENRY V.txt": 0.07430229732344834,
    "KING HENRY VI part I.txt": 0.019823948539657188,
    "KING HENRY VI Part II.txt": 0.01192966356846159,
    "KING HENRY VI Part III.txt": 0.0569629743549363,
    "KING HENRY VIII.txt": 0.066218613343552,
    "KING JOHN.txt": 0.07793390165988279,
    "KING RICHARD II.txt": 0.06082812339118476,
    "KING RICHARD III.txt": 0.07619406531036166,
    "Locrine Mucedorus by Shakespeare.txt": 0.07659477175971663,
    "Love_s Labour_s Lost.txt": 0.07736864951315386,
    "MEASURE FOR MEASURE.txt": 0.0782896277917901,
    "Merchant of Venice.txt": 0.02243036615107724,
    "MUCH ADO ABOUT NOTHING.txt": 0.07216570883352535,
    "PERICLES PRINCE OF TYRE.txt": 0.06510936344224838,
    "Sir John Oldcastle by Shakespeare.txt": 0.07389681067657805,
    "Sir Thomas More by Shakespeare.txt": 0.0871857507283817,
    "Taming of the Shrew.txt": 0.06882893549877689,
    "The Comedy of Errors.txt": 0.028237429710468664,
    "THE HISTORY OF TROILUS AND CRESSIDA.txt": 0.0700217299788069,
    "The Life and Death of the Lord Cromwell by Shakespeare.txt": 0.05531009745168153,
    "THE LIFE OF TIMON OF ATHENS.txt": 0.05751012866637073,
    "The London Prodigal.txt": 0.06990001551071501,
    "The Merry Devill of Edmonton by Shakespeare.txt": 0.08289656554837027,
    "THE MERRY WIVES OF WINDSOR.txt": 0.07053836082560444,
    "The Puritaine Widdow by Shakespeare.txt": 0.06180023965434861,
    "THE RAPE OF LUCRECE.txt": -0.0018987378749117934,
    "THE TAMING OF THE SHREW.txt": 0.07634318812745933,
    "THE TEMPEST.txt": 0.036260101350543306,
    "THE TRAGEDY OF ANTONY AND CLEOPATRA.txt": -0.0904244273205278,
    "THE TRAGEDY OF CORIOLANUS.txt": -0.010146194924776974,
    "THE TRAGEDY OF HAMLET PRINCE OF DENMARK.txt": 0.03268392216767274,
    "THE TRAGEDY OF JULIUS CAESAR.txt": -0.054170742597043575,
    "THE TRAGEDY OF KING LEAR.txt": 0.06643029794663857,
    "THE TRAGEDY OF MACBETH.txt": 0.06011594238532553,
    "THE TRAGEDY OF OTHELLO MOOR OF VENICE.txt": -0.10239349526612984,
    "THE TRAGEDY OF ROMEO AND JULIET.txt": 0.08785656828664534,
    "THE TRAGEDY OF TITUS ANDRONICUS.txt": 0.06082812339118476,
    "THE TWO GENTLEMEN OF VERONA.txt": 0.034985298794808606,
    "The Two Noble Kinsmen by Shakespeare.txt": 0.019823948539657188,
    "THE WINTERS TALE.txt": 0.058680124650949295,
    "Venus and Adonis.txt": -0.0018987378749117934
}