{
    "A LOVERS COMPLAINT.txt": -0.010488083772703383,
    "A MIDSUMMER NIGHT_S DREAM.txt": 0.08252038402713224,
    "A Yorkshire Tragedy by Shakespeare.txt": -0.010488083772703383,
    "Arden of Feversham.txt": 0.07997632027021545,
    "AS YOU LIKE IT.txt": 0.03502818313465811,
    "CYMBELINE.txt": 0.06407180927967732,
    "Fair Em by Shakespeare.txt": 0.08382062683265895,
    "KING EDWARD III by Shakespeare.txt": 0.06368121857957254,
    "King Henry IV, Part 1.txt": -0.0462016828518621,
    "KING HENRY V.txt": 0.09591841434785331,
    "KING HENRY VI part I.txt": -0.014998041611191781,
    "KING HENRY VI Part II.txt": 0.01793806994779301,
    "KING HENRY VI Part III.txt": 0.0708980914669875,
    "KING HENRY VIII.txt": -0.0022916776918934234,
    "KING JOHN.txt": 0.09824583922517383,
    "KING RICHARD II.txt": 0.05197506080368286,
    "KING RICHARD III.txt": 0.08614145535792866,
    "Locrine Mucedorus by Shakespeare.txt": 0.07609554028317278,
    "Love_s Labour_s Lost.txt": 0.11022170933558467,
    "MEASURE FOR MEASURE.txt": 0.0940107446323028,
    "Merchant of Venice.txt": 0.08111593317405386,
    "MUCH ADO ABOUT NOTHING.txt": 0.06920256215467369,
    "PERICLES PRINCE OF TYRE.txt": 0.08060332574865686,
    "Sir John Oldcastle by Shakespeare.txt": 0.04257314324901601,
    "Sir Thomas More by Shakespeare.txt": 0.09596626451485274,
    "Taming of the Shrew.txt": 0.08145842923871566,
    "The Comedy of Errors.txt": 0.05197506080368286,
    "THE HISTORY OF TROILUS AND CRESSIDA.txt": 0.08928078660694916,
    "The Life and Death of the Lord Cromwell by Shakespeare.txt": 0.06742305361551598,
    "THE LIFE OF TIMON OF ATHENS.txt": 0.07080045815915403,
    "The London Prodigal.txt": 0.06368121857957254,
    "The Merry Devill of Edmonton by Shakespeare.txt": 0.06729292479731663,
    "THE MERRY WIVES OF WINDSOR.txt": 0.08216179567505899,
    "The Puritaine Widdow by Shakespeare.txt": 0.007356223743929358,
    "THE RAPE OF LUCRECE.txt": -0.010488083772703383,
    "THE TAMING OF THE SHREW.txt": 0.06500732467535064,
    "THE TEMPEST.txt": -0.06828238609891901,
    "THE TRAGEDY OF ANTONY AND CLEOPATRA.txt": -0.0044888671520715295,
    "THE TRAGEDY OF CORIOLANUS.txt": 0.07148559063318233,
    "THE TRAGEDY OF HAMLET PRINCE OF DENMARK.txt": -0.016818875927845256,
    "THE TRAGEDY OF JULIUS CAESAR.txt": 0.016131361586759152,
    "THE TRAGEDY OF KING LEAR.txt": 0.07743027284470566,
    "THE TRAGEDY OF MACBETH.txt": 0.0647513235082362,
    "THE TRAGEDY OF OTHELLO MOOR OF VENICE.txt": 0.02387222931094063,
    "THE TRAGEDY OF ROMEO AND JULIET.txt": 0.0656705556639835,
    "THE TRAGEDY OF TITUS ANDRONICUS.txt": 0.05197506080368286,
    "THE TWO GENTLEMEN OF VERONA.txt": 0.007416671650682161,
    "The Two Noble Kinsmen by Shakespeare.txt": -0.04041088986771779,
    "THE WINTERS TALE.txt": 0.06669017790805476,
    "Venus and Adonis.txt": -0.010488083772703383
}