{
    "A LOVERS COMPLAINT.txt": -0.0008666608010856613,
    "A MIDSUMMER NIGHT_S DREAM.txt": 0.1577954318939348,
    "A Yorkshire Tragedy by Shakespeare.txt": 0.14134796681787642,
    "Arden of Feversham.txt": 0.1275119799043259,
    "AS YOU LIKE IT.txt": 0.14170909418080557,
    "CYMBELINE.txt": 0.1452089497036318,
    "Fair Em by Shakespeare.txt": 0.15314207833800475,
    "KING EDWARD III by Shakespeare.txt": 0.14828750763927706,
    "King Henry IV, Part 1.txt": 0.1594711694833148,
    "KING HENRY V.txt": 0.09081947846781269,
    "KING HENRY VI part I.txt": -0.05646548458361711,
    "KING HENRY VI Part II.txt": 0.028105220076525383,
    "KING HENRY VI Part III.txt": 0.1421054019798892,
    "KING HENRY VIII.txt": -0.053171172854933446,
    "KING JOHN.txt": 0.16847059629121608,
    "KING RICHARD II.txt": 0.15476297437654668,
    "KING RICHARD III.txt": 0.14726954816814058,
    "Locrine Mucedorus by Shakespeare.txt": 0.14900462957221722,
    "Love_s Labour_s Lost.txt": 0.14087728260529314,
    "MEASURE FOR MEASURE.txt": 0.15878121791512217,
    "Merchant of Venice.txt": 0.11044321724490536,
    "MUCH ADO ABOUT NOTHING.txt": 0.1379211225918031,
    "PERICLES PRINCE OF TYRE.txt": 0.1588519181851999,
    "Sir John Oldcastle by Shakespeare.txt": 0.14570281858281015,
    "Sir Thomas More by Shakespeare.txt": 0.1569233385081587,
    "Taming of the Shrew.txt": 0.07712134940202492,
    "The Comedy of Errors.txt": 0.14750555769355445,
    "THE HISTORY OF TROILUS AND CRESSIDA.txt": 0.157501510089333,
    "The Life and Death of the Lord Cromwell by Shakespeare.txt": 0.1312512087602562,
    "THE LIFE OF TIMON OF ATHENS.txt": 0.13618320705315357,
    "The London Prodigal.txt": 0.1423003720599928,
    "The Merry Devill of Edmonton by Shakespeare.txt": 0.13811962116633664,
    "THE MERRY WIVES OF WINDSOR.txt": 0.14913579692221712,
    "The Puritaine Widdow by Shakespeare.txt": 0.14499169041632248,
    "THE RAPE OF LUCRECE.txt": 0.10919125685248782,
    "THE TAMING OF THE SHREW.txt": 0.13863366647415348,
    "THE TEMPEST.txt": 0.12274439272109755,
    "THE TRAGEDY OF ANTONY AND CLEOPATRA.txt": 0.14513567912248715,
    "THE TRAGEDY OF CORIOLANUS.txt": 0.15413522100786897,
    "THE TRAGEDY OF HAMLET PRINCE OF DENMARK.txt": 0.1571378274367023,
    "THE TRAGEDY OF JULIUS CAESAR.txt": 0.1497847532015752,
    "THE TRAGEDY OF KING LEAR.txt": 0.15964633524172522,
    "THE TRAGEDY OF MACBETH.txt": 0.16285375905224847,
    "THE TRAGEDY OF OTHELLO MOOR OF VENICE.txt": 0.1468398588599643,
    "THE TRAGEDY OF ROMEO AND JULIET.txt": 0.13255407096491584,
    "THE TRAGEDY OF TITUS ANDRONICUS.txt": 0.14604530170417074,
    "THE TWO GENTLEMEN OF VERONA.txt": 0.15760538090314108,
    "The Two Noble Kinsmen by Shakespeare.txt": 0.13527917048991828,
    "THE WINTERS TALE.txt": 0.15257930344692272,
    "Venus and Adonis.txt": 0.14986399363953462
}