{
    "A LOVERS COMPLAINT.txt": -0.02225701066178276,
    "A MIDSUMMER NIGHT_S DREAM.txt": 0.1280093051151978,
    "A Yorkshire Tragedy by Shakespeare.txt": 0.12344377852155164,
    "Arden of Feversham.txt": 0.07539055718350385,
    "AS YOU LIKE IT.txt": 0.10144008503405905,
    "CYMBELINE.txt": 0.12489029073106728,
    "Fair Em by Shakespeare.txt": 0.07993174028112981,
    "KING EDWARD III by Shakespeare.txt": 0.09070977634390509,
    "King Henry IV, Part 1.txt": 0.13592478786127532,
    "KING HENRY V.txt": 0.12610048628595577,
    "KING HENRY VI part I.txt": 0.09607717344426964,
    "KING HENRY VI Part II.txt": 0.13710214199620385,
    "KING HENRY VI Part III.txt": 0.13614584663687979,
    "KING HENRY VIII.txt": 0.10847280912471396,
    "KING JOHN.txt": 0.08442987958408044,
    "KING RICHARD II.txt": 0.09305878482693136,
    "KING RICHARD III.txt": 0.14351138146641934,
    "Locrine Mucedorus by Shakespeare.txt": 0.1433986254837828,
    "Love_s Labour_s Lost.txt": 0.14558319429923217,
    "MEASURE FOR MEASURE.txt": 0.1475112455617265,
    "Merchant of Venice.txt": 0.11562191626356572,
    "MUCH ADO ABOUT NOTHING.txt": 0.11042996387584281,
    "PERICLES PRINCE OF TYRE.txt": 0.14184220427886585,
    "Sir John Oldcastle by Shakespeare.txt": 0.12949717395887456,
    "Sir Thomas More by Shakespeare.txt": 0.1251753313422841,
    "Taming of the Shrew.txt": 0.15063174926157807,
    "The Comedy of Errors.txt": 0.12455870667148378,
    "THE HISTORY OF TROILUS AND CRESSIDA.txt": 0.04499675174299578,
    "The Life and Death of the Lord Cromwell by Shakespeare.txt": 0.13187816491652404,
    "THE LIFE OF TIMON OF ATHENS.txt": 0.14818264539389897,
    "The London Prodigal.txt": 0.10727815086486953,
    "The Merry Devill of Edmonton by Shakespeare.txt": 0.10292251584103879,
    "THE MERRY WIVES OF WINDSOR.txt": 0.1404646109318587,
    "The Puritaine Widdow by Shakespeare.txt": 0.13730444336260877,
    "THE RAPE OF LUCRECE.txt": 0.06864173437139859,
    "THE TAMING OF THE SHREW.txt": 0.12348911387158512,
    "THE TEMPEST.txt": 0.11249101810483458,
    "THE TRAGEDY OF ANTONY AND CLEOPATRA.txt": 0.15349827380670866,
    "THE TRAGEDY OF CORIOLANUS.txt": 0.11650516281279844,
    "THE TRAGEDY OF HAMLET PRINCE OF DENMARK.txt": 0.11389283746466239,
    "THE TRAGEDY OF JULIUS CAESAR.txt": 0.13847890235688215,
    "THE TRAGEDY OF KING LEAR.txt": 0.1113983294946777,
    "THE TRAGEDY OF MACBETH.txt": 0.14542409782977356,
    "THE TRAGEDY OF OTHELLO MOOR OF VENICE.txt": 0.12151190443287696,
    "THE TRAGEDY OF ROMEO AND JULIET.txt": 0.1270521359589381,
    "THE TRAGEDY OF TITUS ANDRONICUS.txt": 0.11061707646192553,
    "THE TWO GENTLEMEN OF VERONA.txt": 0.07251763518916932,
    "The Two Noble Kinsmen by Shakespeare.txt": 0.1323546102679753,
    "THE WINTERS TALE.txt": 0.14110041585990585,
    "Venus and Adonis.txt": 0.10130020142980756
}