{
    "A MIDSUMMER NIGHT_S DREAM.txt": [
        0.015625,
        0.078125,
        0.015625,
        0.03125,
        0.0,
        0.015625,
        0.0625,
        0.109375,
        0.0625,
        0.078125,
        0.015625,
        0.046875,
        0.0625,
        0.046875,
        0.03125,
        0.03125,
        0.0625,
        0.015625
    ],
    "A Yorkshire Tragedy by Shakespeare.txt": [
        0.03125,
        0.03125
    ],
    "Arden of Feversham.txt": [
        0.21875,
        0.21875,
        0.296875,
        0.390625,
        0.1875,
        0.171875,
        0.265625,
        0.25,
        0.234375,
        0.171875
    ],
    "AS YOU LIKE IT.txt": [
        0.0,
        0.03125,
        0.015625,
        0.015625,
        0.03125,
        0.015625,
        0.0,
        0.015625,
        0.03125,
        0.0625
    ],
    "CYMBELINE.txt": [
        0.03125,
        0.046875,
        0.0,
        0.0,
        0.03125,
        0.0,
        0.015625,
        0.0,
        0.0,
        0.015625,
        0.03125,
        0.0,
        0.046875
    ],
    "Fair Em by Shakespeare.txt": [
        0.015625,
        0.015625,
        0.0,
        0.015625,
        0.015625
    ],
    "KING EDWARD III by Shakespeare.txt": [
        0.046875,
        0.0,
        0.0,
        0.015625,
        0.0,
        0.09375,
        0.03125,
        0.015625,
        0.046875
    ],
    "King Henry IV, Part 1.txt": [
        0.046875,
        0.046875,
        0.03125,
        0.0625,
        0.09375,
        0.046875,
        0.03125,
        0.046875,
        0.015625,
        0.03125,
        0.046875
    ],
    "KING HENRY V.txt": [
        0.03125,
        0.0625,
        0.0625,
        0.015625,
        0.015625,
        0.03125,
        0.0625,
        0.03125,
        0.0,
        0.015625,
        0.046875,
        0.0
    ],
    "KING HENRY VI part I.txt": [
        0.0,
        0.0,
        0.0,
        0.0,
        0.0,
        0.0,
        0.0,
        0.0,
        0.03125,
        0.0
    ],
    "KING HENRY VI Part II.txt": [
        0.078125,
        0.03125,
        0.03125,
        0.03125,
        0.03125,
        0.015625,
        0.03125,
        0.015625,
        0.0,
        0.0625,
        0.0
    ],
    "KING HENRY VI Part III.txt": [
        0.046875,
        0.015625,
        0.0,
        0.03125,
        0.015625,
        0.0,
        0.046875,
        0.0,
        0.078125,
        0.046875,
        0.0
    ],
    "KING HENRY VIII.txt": [
        0.03125,
        0.03125,
        0.015625,
        0.015625,
        0.015625,
        0.0,
        0.0,
        0.0625,
        0.0,
        0.0,
        0.015625
    ],
    "KING JOHN.txt": [
        0.0625,
        0.015625,
        0.0,
        0.0,
        0.0,
        0.0,
        0.0,
        0.0,
        0.03125,
        0.09375,
        0.03125,
        0.015625,
        0.046875,
        0.015625,
        0.015625,
        0.015625,
        0.0625,
        0.0,
        0.046875
    ],
    "KING RICHARD II.txt": [
        0.046875,
        0.0625,
        0.015625,
        0.03125,
        0.09375,
        0.0625,
        0.0625,
        0.015625,
        0.03125,
        0.015625
    ],
    "KING RICHARD III.txt": [
        0.03125,
        0.0,
        0.0,
        0.046875,
        0.015625,
        0.015625,
        0.03125,
        0.015625,
        0.015625,
        0.03125,
        0.0,
        0.015625,
        0.0
    ],
    "Locrine Mucedorus by Shakespeare.txt": [
        0.109375,
        0.046875,
        0.046875,
        0.109375,
        0.0625,
        0.03125,
        0.015625,
        0.0,
        0.015625,
        0.015625,
        0.046875,
        0.0625,
        0.03125,
        0.015625
    ],
    "Love_s Labour_s Lost.txt": [
        0.015625,
        0.078125,
        0.015625,
        0.015625,
        0.03125,
        0.0,
        0.03125,
        0.0,
        0.0,
        0.0625
    ],
    "MEASURE FOR MEASURE.txt": [
        0.046875,
        0.03125,
        0.0625,
        0.015625,
        0.0,
        0.046875,
        0.046875,
        0.015625,
        0.0,
        0.0625
    ],
    "Merchant of Venice.txt": [
        0.046875,
        0.03125,
        0.078125,
        0.046875,
        0.03125,
        0.015625,
        0.046875,
        0.0,
        0.0
    ],
    "MUCH ADO ABOUT NOTHING.txt": [
        0.046875,
        0.046875,
        0.03125,
        0.015625,
        0.015625,
        0.046875,
        0.0625,
        0.0,
        0.03125,
        0.0625
    ],
    "PERICLES PRINCE OF TYRE.txt": [
        0.0,
        0.0,
        0.03125,
        0.03125,
        0.015625,
        0.0,
        0.0,
        0.046875,
        0.05208333333333333
    ],
    "Sir John Oldcastle by Shakespeare.txt": [
        0.0625,
        0.046875,
        0.03125,
        0.125,
        0.09375,
        0.03125,
        0.0625,
        0.078125,
        0.046875,
        0.046875
    ],
    "Sir Thomas More by Shakespeare.txt": [
        0.0625,
        0.03125,
        0.03125,
        0.0,
        0.015625,
        0.015625,
        0.0,
        0.0,
        0.015625
    ],
    "Taming of the Shrew.txt": [
        0.0,
        0.0,
        0.03125,
        0.015625,
        0.0,
        0.0,
        0.0,
        0.0,
        0.0,
        0.015625
    ],
    "The Comedy of Errors.txt": [
        0.015625,
        0.09375,
        0.015625,
        0.046875,
        0.078125,
        0.0625,
        0.0,
        0.046875,
        0.0,
        0.078125
    ],
    "THE HISTORY OF TROILUS AND CRESSIDA.txt": [
        0.09375,
        0.03125,
        0.0,
        0.0,
        0.03125,
        0.0,
        0.03125,
        0.015625,
        0.0625,
        0.078125,
        0.078125,
        0.109375,
        0.0625
    ],
    "The Life and Death of the Lord Cromwell by Shakespeare.txt": [
        0.078125,
        0.0625,
        0.0625,
        0.03125,
        0.03125,
        0.046875
    ],
    "THE LIFE OF TIMON OF ATHENS.txt": [
        0.015625,
        0.0625,
        0.0625,
        0.0,
        0.109375,
        0.015625,
        0.0,
        0.078125,
        0.046875
    ],
    "The London Prodigal.txt": [
        0.046875,
        0.078125,
        0.046875,
        0.046875,
        0.015625,
        0.03125,
        0.0,
        0.057291666666666664
    ],
    "The Merry Devill of Edmonton by Shakespeare.txt": [
        0.0625,
        0.0,
        0.015625,
        0.015625,
        0.0625,
        0.03125
    ],
    "THE MERRY WIVES OF WINDSOR.txt": [
        0.09375,
        0.03125,
        0.046875,
        0.125,
        0.03125,
        0.015625,
        0.0,
        0.078125,
        0.015625,
        0.0
    ],
    "The Puritaine Widdow by Shakespeare.txt": [
        0.0625,
        0.015625,
        0.0,
        0.015625,
        0.03125,
        0.03125,
        0.015625,
        0.0,
        0.015625
    ],
    "THE RAPE OF LUCRECE.txt": [
        0.0,
        0.0,
        0.0,
        0.0,
        0.0,
        0.0
    ],
    "THE TAMING OF THE SHREW.txt": [
        0.0,
        0.015625,
        0.0,
        0.015625,
        0.0,
        0.0,
        0.0,
        0.0,
        0.0,
        0.03125
    ],
    "THE TEMPEST.txt": [
        0.03125,
        0.0,
        0.03125,
        0.046875,
        0.046875,
        0.015625,
        0.0625,
        0.0
    ],
    "THE TRAGEDY OF ANTONY AND CLEOPATRA.txt": [
        0.046875,
        0.0,
        0.015625,
        0.0,
        0.015625,
        0.015625,
        0.015625,
        0.03125,
        0.015625,
        0.046875,
        0.0,
        0.015625
    ],
    "THE TRAGEDY OF CORIOLANUS.txt": [
        0.015625,
        0.015625,
        0.015625,
        0.03125,
        0.015625,
        0.046875,
        0.015625,
        0.015625,
        0.0,
        0.078125,
        0.0,
        0.0,
        0.03125
    ],