{
    "A LOVERS COMPLAINT.txt": -0.08811979052582164,
    "A MIDSUMMER NIGHT_S DREAM.txt": 0.05899557677411338,
    "A Yorkshire Tragedy by Shakespeare.txt": 0.03419624560460527,
    "Arden of Feversham.txt": 0.07202973842976346,
    "AS YOU LIKE IT.txt": 0.13047522663116162,
    "CYMBELINE.txt": 0.12161359068019012,
    "Fair Em by Shakespeare.txt": 0.10329784727401414,
    "KING EDWARD III by Shakespeare.txt": 0.10098395343550887,
    "King Henry IV, Part 1.txt": 0.07233321978263663,
    "KING HENRY V.txt": 0.12854613230456657,
    "KING HENRY VI part I.txt": 0.13374798079700162,
    "KING HENRY VI Part II.txt": 0.1300009769714624,
    "KING HENRY VI Part III.txt": 0.07585920993396295,
    "KING HENRY VIII.txt": 0.1302554505769568,
    "KING JOHN.txt": 0.05665015943603752,
    "KING RICHARD II.txt": 0.11303825147864588,
    "KING RICHARD III.txt": 0.13544129061012822,
    "Locrine Mucedorus by Shakespeare.txt": 0.09714300416020127,
    "Love_s Labour_s Lost.txt": 0.12986527643174556,
    "MEASURE FOR MEASURE.txt": 0.11285951511160752,
    "Merchant of Venice.txt": 0.12126539466305497,
    "MUCH ADO ABOUT NOTHING.txt": 0.1368772814444768,
    "PERICLES PRINCE OF TYRE.txt": 0.11140363270249415,
    "Sir John Oldcastle by Shakespeare.txt": 0.10761028969448533,
    "Sir Thomas More by Shakespeare.txt": 0.11925304292449146,
    "Taming of the Shrew.txt": 0.09208011300177077,
    "The Comedy of Errors.txt": 0.005496706911972127,
    "THE HISTORY OF TROILUS AND CRESSIDA.txt": 0.13424227285439583,
    "The Life and Death of the Lord Cromwell by Shakespeare.txt": 0.10737891961010859,
    "THE LIFE OF TIMON OF ATHENS.txt": 0.11780236712998238,
    "The London Prodigal.txt": 0.10982235179100991,
    "The Merry Devill of Edmonton by Shakespeare.txt": 0.05485448092223416,
    "THE MERRY WIVES OF WINDSOR.txt": 0.12777241447208643,
    "The Puritaine Widdow by Shakespeare.txt": 0.10008016866459257,
    "THE RAPE OF LUCRECE.txt": -0.003274513109334576,
    "THE TAMING OF THE SHREW.txt": 0.11795327749768741,
    "THE TEMPEST.txt": 0.11954956454756566,
    "THE TRAGEDY OF ANTONY AND CLEOPATRA.txt": 0.13033027519276952,
    "THE TRAGEDY OF CORIOLANUS.txt": 0.08186269183460276,
    "THE TRAGEDY OF HAMLET PRINCE OF DENMARK.txt": 0.12144146399903022,
    "THE TRAGEDY OF JULIUS CAESAR.txt": 0.1317117752814615,
    "THE TRAGEDY OF KING LEAR.txt": 0.14234003790376498,
    "THE TRAGEDY OF MACBETH.txt": 0.11266670812863466,
    "THE TRAGEDY OF OTHELLO MOOR OF VENICE.txt": 0.12074477532858124,
    "THE TRAGEDY OF ROMEO AND JULIET.txt": 0.10634296470510357,
    "THE TRAGEDY OF TITUS ANDRONICUS.txt": 0.13647562860173684,
    "THE TWO GENTLEMEN OF VERONA.txt": 0.10990187098980914,
    "The Two Noble Kinsmen by Shakespeare.txt": 0.12827292643011706,
    "THE WINTERS TALE.txt": 0.13289981065545042,
    "Venus and Adonis.txt": -0.0034137390042571214
}