{
    "A LOVERS COMPLAINT.txt": 0.0492138587343397,
    "A MIDSUMMER NIGHT_S DREAM.txt": 0.05679298758698342,
    "A Yorkshire Tragedy by Shakespeare.txt": 0.0492138587343397,
    "Arden of Feversham.txt": 0.0674411826042961,
    "AS YOU LIKE IT.txt": 0.016057216596511104,
    "CYMBELINE.txt": 0.06902155550147371,
    "Fair Em by Shakespeare.txt": 0.0573063202572458,
    "KING EDWARD III by Shakespeare.txt": 0.061032128599926905,
    "King Henry IV, Part 1.txt": 0.06183953265034292,
    "KING HENRY V.txt": 0.047119192098361184,
    "KING HENRY VI part I.txt": -0.0034382327527693324,
    "KING HENRY VI Part II.txt": 0.06181696544241089,
    "KING HENRY VI Part III.txt": 0.07349464883222989,
    "KING HENRY VIII.txt": 0.04228763063112606,
    "KING JOHN.txt": -0.07547431735479782,
    "KING RICHARD II.txt": 0.06181696544241089,
    "KING RICHARD III.txt": 0.07412675896408633,
    "Locrine Mucedorus by Shakespeare.txt": 0.04931033035036936,
    "Love_s Labour_s Lost.txt": 0.012831498742436331,
    "MEASURE FOR MEASURE.txt": 0.06256431947070168,
    "Merchant of Venice.txt": -0.0017094999748410444,
    "MUCH ADO ABOUT NOTHING.txt": 0.05225924223627981,
    "PERICLES PRINCE OF TYRE.txt": 0.0673963666061369,
    "Sir John Oldcastle by Shakespeare.txt": 0.08351871313509868,
    "Sir Thomas More by Shakespeare.txt": 0.08570658252619628,
    "Taming of the Shrew.txt": -0.18539585637561518,
    "The Comedy of Errors.txt": 0.09166458154940099,
    "THE HISTORY OF TROILUS AND CRESSIDA.txt": -0.002266396824221917,
    "The Life and Death of the Lord Cromwell by Shakespeare.txt": 0.0908525581718822,
    "THE LIFE OF TIMON OF ATHENS.txt": 0.07666345381432033,
    "The London Prodigal.txt": 0.08720131018828742,
    "The Merry Devill of Edmonton by Shakespeare.txt": 0.07349464883222989,
    "THE MERRY WIVES OF WINDSOR.txt": 0.06672934669616248,
    "The Puritaine Widdow by Shakespeare.txt": 0.03953202384197546,
    "THE RAPE OF LUCRECE.txt": 0.0492138587343397,
    "THE TAMING OF THE SHREW.txt": -0.030080526998442547,
    "THE TEMPEST.txt": 0.0844113364591626,
    "THE TRAGEDY OF ANTONY AND CLEOPATRA.txt": 0.07404079854881218,
    "THE TRAGEDY OF CORIOLANUS.txt": 0.06270726125268683,
    "THE TRAGEDY OF HAMLET PRINCE OF DENMARK.txt": 0.0004499936597974763,
    "THE TRAGEDY OF JULIUS CAESAR.txt": 0.05515300105474952,
    "THE TRAGEDY OF KING LEAR.txt": 0.07189052349361169,
    "THE TRAGEDY OF MACBETH.txt": 0.0492138587343397,
    "THE TRAGEDY OF OTHELLO MOOR OF VENICE.txt": 0.0042636154646698565,
    "THE TRAGEDY OF ROMEO AND JULIET.txt": 0.09155700096142516,
    "THE TRAGEDY OF TITUS ANDRONICUS.txt": 0.07250489652072145,
    "THE TWO GENTLEMEN OF VERONA.txt": 0.07973640535683518,
    "The Two Noble Kinsmen by Shakespeare.txt": 0.06181696544241089,
    "THE WINTERS TALE.txt": 0.04974062163831516,
    "Venus and Adonis.txt": 0.03305821839072981
}