{
    "A LOVERS COMPLAINT.txt": -0.03497654011032347,
    "A MIDSUMMER NIGHT_S DREAM.txt": 0.06985911417466184,
    "A Yorkshire Tragedy by Shakespeare.txt": 0.04192594439037861,
    "Arden of Feversham.txt": 0.10649887881517212,
    "AS YOU LIKE IT.txt": 0.10861230916030518,
    "CYMBELINE.txt": 0.11999685498709478,
    "Fair Em by Shakespeare.txt": 0.11435785590531689,
    "KING EDWARD III by Shakespeare.txt": 0.11248858202731399,
    "King Henry IV, Part 1.txt": 0.11145528605323579,
    "KING HENRY V.txt": 0.11642924686660844,
    "KING HENRY VI part I.txt": 0.11170617378012138,
    "KING HENRY VI Part II.txt": 0.10557895948313956,
    "KING HENRY VI Part III.txt": 0.09557875257260573,
    "KING HENRY VIII.txt": 0.112925693337182,
    "KING JOHN.txt": 0.02332458756893019,
    "KING RICHARD II.txt": 0.12443000989126479,
    "KING RICHARD III.txt": 0.08743292457785379,
    "Locrine Mucedorus by Shakespeare.txt": 0.09093683933949792,
    "Love_s Labour_s Lost.txt": 0.11442116953790882,
    "MEASURE FOR MEASURE.txt": 0.11663776896861905,
    "Merchant of Venice.txt": 0.10454029098030926,
    "MUCH ADO ABOUT NOTHING.txt": 0.11525575264949556,
    "PERICLES PRINCE OF TYRE.txt": 0.11133394699233828,
    "Sir John Oldcastle by Shakespeare.txt": 0.0856711410535167,
    "Sir Thomas More by Shakespeare.txt": 0.05211632449659015,
    "Taming of the Shrew.txt": 0.0926371467711401,
    "The Comedy of Errors.txt": 0.11769200500335897,
    "THE HISTORY OF TROILUS AND CRESSIDA.txt": 0.11450497645801622,
    "The Life and Death of the Lord Cromwell by Shakespeare.txt": 0.10887193270172352,
    "THE LIFE OF TIMON OF ATHENS.txt": 0.0919520522418783,
    "The London Prodigal.txt": 0.07671989372885801,
    "The Merry Devill of Edmonton by Shakespeare.txt": 0.09436014563199313,
    "THE MERRY WIVES OF WINDSOR.txt": 0.11642861274732819,
    "The Puritaine Widdow by Shakespeare.txt": 0.07536351792277501,
    "THE RAPE OF LUCRECE.txt": 0.06836854718331387,
    "THE TAMING OF THE SHREW.txt": 0.11596404434108948,
    "THE TEMPEST.txt": 0.1017174595913175,
    "THE TRAGEDY OF ANTONY AND CLEOPATRA.txt": 0.07371630092863102,
    "THE TRAGEDY OF CORIOLANUS.txt": -0.10334653108736547,
    "THE TRAGEDY OF HAMLET PRINCE OF DENMARK.txt": 0.0926227741103603,
    "THE TRAGEDY OF JULIUS CAESAR.txt": 0.023623987048959905,
    "THE TRAGEDY OF KING LEAR.txt": 0.1100202646895364,
    "THE TRAGEDY OF MACBETH.txt": 0.08648328016417095,
    "THE TRAGEDY OF OTHELLO MOOR OF VENICE.txt": 0.10737356921857127,
    "THE TRAGEDY OF ROMEO AND JULIET.txt": 0.11215819225570395,
    "THE TRAGEDY OF TITUS ANDRONICUS.txt": 0.12252747577544065,
    "THE TWO GENTLEMEN OF VERONA.txt": 0.10921275232434269,
    "The Two Noble Kinsmen by Shakespeare.txt": 0.10674925769431198,
    "THE WINTERS TALE.txt": 0.09802634439133984,
    "Venus and Adonis.txt": 0.03525888516302883
}