{
    "A LOVERS COMPLAINT.txt": 0.0923272555294452,
    "A MIDSUMMER NIGHT_S DREAM.txt": 0.057759734984731526,
    "A Yorkshire Tragedy by Shakespeare.txt": 0.0923272555294452,
    "Arden of Feversham.txt": 0.0923272555294452,
    "AS YOU LIKE IT.txt": -0.0060485917593704475,
    "CYMBELINE.txt": -0.007066527672208389,
    "Fair Em by Shakespeare.txt": 0.0923272555294452,
    "KING EDWARD III by Shakespeare.txt": 0.0923272555294452,
    "King Henry IV, Part 1.txt": -0.007066527672208389,
    "KING HENRY V.txt": -0.007066527672208389,
    "KING HENRY VI part I.txt": 0.057759734984731526,
    "KING HENRY VI Part II.txt": 0.0923272555294452,
    "KING HENRY VI Part III.txt": 0.057759734984731526,
    "KING HENRY VIII.txt": 0.0923272555294452,
    "KING JOHN.txt": 0.057759734984731526,
    "KING RICHARD II.txt": 0.0923272555294452,
    "KING RICHARD III.txt": 0.0923272555294452,
    "Locrine Mucedorus by Shakespeare.txt": 0.006976164412443531,
    "Love_s Labour_s Lost.txt": -0.007066527672208389,
    "MEASURE FOR MEASURE.txt": -0.06541268827516267,
    "Merchant of Venice.txt": 0.0923272555294452,
    "MUCH ADO ABOUT NOTHING.txt": -0.2723915261603477,
    "PERICLES PRINCE OF TYRE.txt": 0.041612304731989735,
    "Sir John Oldcastle by Shakespeare.txt": 0.0923272555294452,
    "Sir Thomas More by Shakespeare.txt": 0.0923272555294452,
    "Taming of the Shrew.txt": -0.016735011760271146,
    "The Comedy of Errors.txt": 0.0923272555294452,
    "THE HISTORY OF TROILUS AND CRESSIDA.txt": -0.0024779668521039966,
    "The Life and Death of the Lord Cromwell by Shakespeare.txt": 0.0923272555294452,
    "THE LIFE OF TIMON OF ATHENS.txt": -0.02867612967962352,
    "The London Prodigal.txt": 0.0923272555294452,
    "The Merry Devill of Edmonton by Shakespeare.txt": 0.057759734984731526,
    "THE MERRY WIVES OF WINDSOR.txt": 0.057759734984731526,
    "The Puritaine Widdow by Shakespeare.txt": -0.008778467573313575,
    "THE RAPE OF LUCRECE.txt": 0.0923272555294452,
    "THE TAMING OF THE SHREW.txt": 0.041612304731989735,
    "THE TEMPEST.txt": -0.01572960375248389,
    "THE TRAGEDY OF ANTONY AND CLEOPATRA.txt": -0.04460635746740571,
    "THE TRAGEDY OF CORIOLANUS.txt": -0.0024892506921312396,
    "THE TRAGEDY OF HAMLET PRINCE OF DENMARK.txt": -0.001317858320806442,
    "THE TRAGEDY OF JULIUS CAESAR.txt": -0.1560169026974102,
    "THE TRAGEDY OF KING LEAR.txt": 0.041612304731989735,
    "THE TRAGEDY OF MACBETH.txt": 0.041612304731989735,
    "THE TRAGEDY OF OTHELLO MOOR OF VENICE.txt": -0.139049465538712,
    "THE TRAGEDY OF ROMEO AND JULIET.txt": -0.039149779492150816,
    "THE TRAGEDY OF TITUS ANDRONICUS.txt": 0.0923272555294452,
    "THE TWO GENTLEMEN OF VERONA.txt": 0.057759734984731526,
    "The Two Noble Kinsmen by Shakespeare.txt": -0.02261956404805987,
    "THE WINTERS TALE.txt": 0.0923272555294452,
    "Venus and Adonis.txt": 0.057759734984731526
}