{
    "A LOVERS COMPLAINT.txt": 0.08779294458204717,
    "A MIDSUMMER NIGHT_S DREAM.txt": 0.12861883692967474,
    "A Yorkshire Tragedy by Shakespeare.txt": 0.08560846290990726,
    "Arden of Feversham.txt": 0.014118703784824493,
    "AS YOU LIKE IT.txt": 0.12507883335874564,
    "CYMBELINE.txt": 0.13341410573269508,
    "Fair Em by Shakespeare.txt": 0.06916520896376538,
    "KING EDWARD III by Shakespeare.txt": 0.06996243133817759,
    "King Henry IV, Part 1.txt": 0.11585986235032897,
    "KING HENRY V.txt": 0.12231306274664677,
    "KING HENRY VI part I.txt": 0.10087080622607403,
    "KING HENRY VI Part II.txt": 0.1287744742825162,
    "KING HENRY VI Part III.txt": 0.1413365164092108,
    "KING HENRY VIII.txt": 0.09930032794654758,
    "KING JOHN.txt": 0.13181117003306292,
    "KING RICHARD II.txt": 0.1229064460659745,
    "KING RICHARD III.txt": 0.1399865261541276,
    "Locrine Mucedorus by Shakespeare.txt": 0.11465136932911241,
    "Love_s Labour_s Lost.txt": 0.13510000961646823,
    "MEASURE FOR MEASURE.txt": 0.11188589900328433,
    "Merchant of Venice.txt": 0.14105031731565404,
    "MUCH ADO ABOUT NOTHING.txt": 0.07644259689464539,
    "PERICLES PRINCE OF TYRE.txt": 0.13587488017217308,
    "Sir John Oldcastle by Shakespeare.txt": 0.1262788229282073,
    "Sir Thomas More by Shakespeare.txt": 0.1292159706847809,
    "Taming of the Shrew.txt": 0.13181168069611954,
    "The Comedy of Errors.txt": 0.12309389186552933,
    "THE HISTORY OF TROILUS AND CRESSIDA.txt": 0.09274980667236432,
    "The Life and Death of the Lord Cromwell by Shakespeare.txt": 0.12661248696057703,
    "THE LIFE OF TIMON OF ATHENS.txt": 0.10475264239531212,
    "The London Prodigal.txt": -0.04154142568789132,
    "The Merry Devill of Edmonton by Shakespeare.txt": 0.11864040180197649,
    "THE MERRY WIVES OF WINDSOR.txt": 0.1418211507859819,
    "The Puritaine Widdow by Shakespeare.txt": -0.023246396571250716,
    "THE RAPE OF LUCRECE.txt": 0.024925985362212022,
    "THE TAMING OF THE SHREW.txt": 0.10074356895351277,
    "THE TEMPEST.txt": 0.1169114190151696,
    "THE TRAGEDY OF ANTONY AND CLEOPATRA.txt": 0.13702386812820083,
    "THE TRAGEDY OF CORIOLANUS.txt": 0.10746405288648331,
    "THE TRAGEDY OF HAMLET PRINCE OF DENMARK.txt": 0.1271751376074331,
    "THE TRAGEDY OF JULIUS CAESAR.txt": 0.12065735032632308,
    "THE TRAGEDY OF KING LEAR.txt": 0.07685440945209093,
    "THE TRAGEDY OF MACBETH.txt": 0.13342653963978623,
    "THE TRAGEDY OF OTHELLO MOOR OF VENICE.txt": 0.10716765665145989,
    "THE TRAGEDY OF ROMEO AND JULIET.txt": 0.11500833547683875,
    "THE TRAGEDY OF TITUS ANDRONICUS.txt": 0.11048138336014035,
    "THE TWO GENTLEMEN OF VERONA.txt": 0.07437806136058289,
    "The Two Noble Kinsmen by Shakespeare.txt": 0.14483658195497812,
    "THE WINTERS TALE.txt": 0.1416498045463363,
    "Venus and Adonis.txt": 0.10022979559863937
}