{
    "A LOVERS COMPLAINT.txt": 0.06517560944047324,
    "A MIDSUMMER NIGHT_S DREAM.txt": -0.09308535217189984,
    "A Yorkshire Tragedy by Shakespeare.txt": 0.0968287316227659,
    "Arden of Feversham.txt": 0.032911187120436836,
    "AS YOU LIKE IT.txt": 0.1303292062477931,
    "CYMBELINE.txt": 0.09526248154255468,
    "Fair Em by Shakespeare.txt": 0.016387250392886132,
    "KING EDWARD III by Shakespeare.txt": 0.06121174269698865,
    "King Henry IV, Part 1.txt": 0.01735607257583227,
    "KING HENRY V.txt": 0.05564854324390406,
    "KING HENRY VI part I.txt": 0.07979645887450182,
    "KING HENRY VI Part II.txt": 0.12484316195841816,
    "KING HENRY VI Part III.txt": 0.13594655820530865,
    "KING HENRY VIII.txt": 0.1226563209987736,
    "KING JOHN.txt": 0.04397130875450039,
    "KING RICHARD II.txt": 0.11290820985450067,
    "KING RICHARD III.txt": 0.125609994625,
    "Locrine Mucedorus by Shakespeare.txt": 0.07560711548975974,
    "Love_s Labour_s Lost.txt": 0.03208988327225376,
    "MEASURE FOR MEASURE.txt": 0.07884841648513435,
    "Merchant of Venice.txt": 0.12362177094536475,
    "MUCH ADO ABOUT NOTHING.txt": 0.09469227443633371,
    "PERICLES PRINCE OF TYRE.txt": 0.12898356993524351,
    "Sir John Oldcastle by Shakespeare.txt": 0.1335021063211151,
    "Sir Thomas More by Shakespeare.txt": 0.12190335164517885,
    "Taming of the Shrew.txt": 0.10216463623913385,
    "The Comedy of Errors.txt": 0.06817363348863242,
    "THE HISTORY OF TROILUS AND CRESSIDA.txt": 0.11693077836950955,
    "The Life and Death of the Lord Cromwell by Shakespeare.txt": 0.0859939496221161,
    "THE LIFE OF TIMON OF ATHENS.txt": 0.1137188089074902,
    "The London Prodigal.txt": 0.0727404271484326,
    "The Merry Devill of Edmonton by Shakespeare.txt": 0.11315877490723569,
    "THE MERRY WIVES OF WINDSOR.txt": 0.1269667603440024,
    "The Puritaine Widdow by Shakespeare.txt": 0.1019029431904595,
    "THE RAPE OF LUCRECE.txt": 0.0829957601906482,
    "THE TAMING OF THE SHREW.txt": 0.10223172907210704,
    "THE TEMPEST.txt": 0.12575933636414494,
    "THE TRAGEDY OF ANTONY AND CLEOPATRA.txt": 0.12880446898121856,
    "THE TRAGEDY OF CORIOLANUS.txt": 0.11861831559771763,
    "THE TRAGEDY OF HAMLET PRINCE OF DENMARK.txt": -0.036370539604925534,
    "THE TRAGEDY OF JULIUS CAESAR.txt": 0.07375928293383799,
    "THE TRAGEDY OF KING LEAR.txt": 0.07765060153455816,
    "THE TRAGEDY OF MACBETH.txt": 0.040056237519570936,
    "THE TRAGEDY OF OTHELLO MOOR OF VENICE.txt": 0.10643483526399461,
    "THE TRAGEDY OF ROMEO AND JULIET.txt": 0.0930872752223807,
    "THE TRAGEDY OF TITUS ANDRONICUS.txt": 0.09664669247580565,
    "THE TWO GENTLEMEN OF VERONA.txt": 0.0841648773872436,
    "The Two Noble Kinsmen by Shakespeare.txt": 0.09857826865506464,
    "THE WINTERS TALE.txt": 0.10394056481213759,
    "Venus and Adonis.txt": -0.05022140072853454
}