{
    "A MIDSUMMER NIGHT_S DREAM.txt": -0.014602551885308679,
    "A Yorkshire Tragedy by Shakespeare.txt": 0.05080643478372371,
    "Arden of Feversham.txt": -0.11690694164991411,
    "AS YOU LIKE IT.txt": 0.09984731940656644,
    "CYMBELINE.txt": 0.07803379249046338,
    "Fair Em by Shakespeare.txt": 0.00588958405728407,
    "KING EDWARD III by Shakespeare.txt": 0.06024335923598945,
    "King Henry IV, Part 1.txt": 0.005655575164826676,
    "KING HENRY V.txt": 0.0588338159209284,
    "KING HENRY VI part I.txt": 0.01594909822356133,
    "KING HENRY VI Part II.txt": 0.11076074913019418,
    "KING HENRY VI Part III.txt": 0.10432270755138817,
    "KING HENRY VIII.txt": 0.09677801963180266,
    "KING JOHN.txt": 0.05813282294275368,
    "KING RICHARD II.txt": 0.08689514593122305,
    "KING RICHARD III.txt": 0.09753402272112371,
    "Locrine Mucedorus by Shakespeare.txt": 0.031518910249751564,
    "Love_s Labour_s Lost.txt": 0.08112774471269879,
    "MEASURE FOR MEASURE.txt": 0.04223893691938574,
    "Merchant of Venice.txt": 0.09103223344898265,
    "MUCH ADO ABOUT NOTHING.txt": 0.07254621743898032,
    "PERICLES PRINCE OF TYRE.txt": 0.09247628919800105,
    "Sir John Oldcastle by Shakespeare.txt": 0.06356438887210314,
    "Sir Thomas More by Shakespeare.txt": 0.08608665387917191,
    "Taming of the Shrew.txt": 0.0759506524771969,
    "The Comedy of Errors.txt": -0.012209353848489979,
    "THE HISTORY OF TROILUS AND CRESSIDA.txt": 0.10005417442243575,
    "The Life and Death of the Lord Cromwell by Shakespeare.txt": 0.07499843471019374,
    "THE LIFE OF TIMON OF ATHENS.txt": 0.07938248231444633,
    "The London Prodigal.txt": 0.07615252324166,
    "The Merry Devill of Edmonton by Shakespeare.txt": 0.07181569013334971,
    "THE MERRY WIVES OF WINDSOR.txt": 0.08552033925481978,
    "The Puritaine Widdow by Shakespeare.txt": 0.08721252631340015,
    "THE RAPE OF LUCRECE.txt": -0.015177773356412128,
    "THE TAMING OF THE SHREW.txt": 0.09472864059623476,
    "THE TEMPEST.txt": 0.07420788356612157,
    "THE TRAGEDY OF ANTONY AND CLEOPATRA.txt": 0.0918776365705764,
    "THE TRAGEDY OF CORIOLANUS.txt": 0.10264088812834815,
    "THE TRAGEDY OF HAMLET PRINCE OF DENMARK.txt": -0.09519438245976741,
    "THE TRAGEDY OF JULIUS CAESAR.txt": 0.04620680526405274,
    "THE TRAGEDY OF KING LEAR.txt": 0.05592241283379873,
    "THE TRAGEDY OF MACBETH.txt": -0.01076533771536703,
    "THE TRAGEDY OF OTHELLO MOOR OF VENICE.txt": 0.06605153445192607,
    "THE TRAGEDY OF ROMEO AND JULIET.txt": 0.08425636822917315,
    "THE TRAGEDY OF TITUS ANDRONICUS.txt": 0.07521990618766367,
    "THE TWO GENTLEMEN OF VERONA.txt": 0.023048210749332,
    "The Two Noble Kinsmen by Shakespeare.txt": 0.0682825706629614,
    "THE WINTERS TALE.txt": 0.06467006673894304,
    "Venus and Adonis.txt": -0.23291682234880173
}