{
    "A MIDSUMMER NIGHT_S DREAM.txt": -0.017821773361324067,
    "A Yorkshire Tragedy by Shakespeare.txt": 0.08587515968301845,
    "Arden of Feversham.txt": -0.12372990153928132,
    "AS YOU LIKE IT.txt": 0.1144110658649824,
    "CYMBELINE.txt": 0.1201725678439518,
    "Fair Em by Shakespeare.txt": 0.018126446003217722,
    "KING EDWARD III by Shakespeare.txt": 0.072848467293464,
    "King Henry IV, Part 1.txt": 0.029913977226313115,
    "KING HENRY V.txt": 0.07852172893650533,
    "KING HENRY VI part I.txt": 0.01958321804132651,
    "KING HENRY VI Part II.txt": 0.12337155764548713,
    "KING HENRY VI Part III.txt": 0.1305865700115303,
    "KING HENRY VIII.txt": 0.10420963865612892,
    "KING JOHN.txt": 0.07340660927980436,
    "KING RICHARD II.txt": 0.09374440993477223,
    "KING RICHARD III.txt": 0.13308564195382588,
    "Locrine Mucedorus by Shakespeare.txt": 0.043009196133064476,
    "Love_s Labour_s Lost.txt": 0.09134624468718933,
    "MEASURE FOR MEASURE.txt": 0.060481579456132084,
    "Merchant of Venice.txt": 0.09711947374898094,
    "MUCH ADO ABOUT NOTHING.txt": 0.08274724705709668,
    "PERICLES PRINCE OF TYRE.txt": 0.12487034799630098,
    "Sir John Oldcastle by Shakespeare.txt": 0.10363423611657196,
    "Sir Thomas More by Shakespeare.txt": 0.10443208734424314,
    "Taming of the Shrew.txt": 0.10494580659804409,
    "The Comedy of Errors.txt": -0.014407189535303067,
    "THE HISTORY OF TROILUS AND CRESSIDA.txt": 0.12030400961169124,
    "The Life and Death of the Lord Cromwell by Shakespeare.txt": 0.08642396449285839,
    "THE LIFE OF TIMON OF ATHENS.txt": 0.09945660998608646,
    "The London Prodigal.txt": 0.09143611766846371,
    "The Merry Devill of Edmonton by Shakespeare.txt": 0.08599659555027683,
    "THE MERRY WIVES OF WINDSOR.txt": 0.09214973489484402,
    "The Puritaine Widdow by Shakespeare.txt": 0.11119666796340871,
    "THE RAPE OF LUCRECE.txt": 0.0005787631110666935,
    "THE TAMING OF THE SHREW.txt": 0.12090524296603627,
    "THE TEMPEST.txt": 0.06347344309708719,
    "THE TRAGEDY OF ANTONY AND CLEOPATRA.txt": 0.11299771038719075,
    "THE TRAGEDY OF CORIOLANUS.txt": 0.1217514370117006,
    "THE TRAGEDY OF HAMLET PRINCE OF DENMARK.txt": -0.06371894482638996,
    "THE TRAGEDY OF JULIUS CAESAR.txt": 0.05577967026625008,
    "THE TRAGEDY OF KING LEAR.txt": 0.09572808860827492,
    "THE TRAGEDY OF MACBETH.txt": 0.012541750293247278,
    "THE TRAGEDY OF OTHELLO MOOR OF VENICE.txt": 0.112187304215011,
    "THE TRAGEDY OF ROMEO AND JULIET.txt": 0.07810112922815393,
    "THE TRAGEDY OF TITUS ANDRONICUS.txt": 0.07272230421711107,
    "THE TWO GENTLEMEN OF VERONA.txt": 0.0390868522865232,
    "The Two Noble Kinsmen by Shakespeare.txt": 0.11217721307072664,
    "THE WINTERS TALE.txt": 0.08728254197826552,
    "Venus and Adonis.txt": -0.23260009382259206
}