{
    "A LOVERS COMPLAINT.txt": 0.07050838592400105,
    "A MIDSUMMER NIGHT_S DREAM.txt": -0.1072466692565287,
    "A Yorkshire Tragedy by Shakespeare.txt": 0.0972407880790932,
    "Arden of Feversham.txt": 0.029915746413565203,
    "AS YOU LIKE IT.txt": 0.11690122019633536,
    "CYMBELINE.txt": 0.09969289774892398,
    "Fair Em by Shakespeare.txt": 0.030086936097125427,
    "KING EDWARD III by Shakespeare.txt": 0.0932689023811018,
    "King Henry IV, Part 1.txt": 0.023094514107783348,
    "KING HENRY V.txt": 0.063464499076539,
    "KING HENRY VI part I.txt": 0.08676089268057763,
    "KING HENRY VI Part II.txt": 0.11657756595473773,
    "KING HENRY VI Part III.txt": 0.12744827407000386,
    "KING HENRY VIII.txt": 0.12000429096211601,
    "KING JOHN.txt": 0.053723493558036406,
    "KING RICHARD II.txt": 0.10807456265580151,
    "KING RICHARD III.txt": 0.1173935542264985,
    "Locrine Mucedorus by Shakespeare.txt": 0.09288086603639006,
    "Love_s Labour_s Lost.txt": 0.050448280730563955,
    "MEASURE FOR MEASURE.txt": 0.08679329915850714,
    "Merchant of Venice.txt": 0.1216389749959802,
    "MUCH ADO ABOUT NOTHING.txt": 0.09878017502260589,
    "PERICLES PRINCE OF TYRE.txt": 0.1204840893763236,
    "Sir John Oldcastle by Shakespeare.txt": 0.1319729262749068,
    "Sir Thomas More by Shakespeare.txt": 0.12437195773460519,
    "Taming of the Shrew.txt": 0.11825510161133729,
    "The Comedy of Errors.txt": 0.07472485788817035,
    "THE HISTORY OF TROILUS AND CRESSIDA.txt": 0.10191523610763586,
    "The Life and Death of the Lord Cromwell by Shakespeare.txt": 0.10048096744149182,
    "THE LIFE OF TIMON OF ATHENS.txt": 0.12455379247650683,
    "The London Prodigal.txt": 0.08873849135586609,
    "The Merry Devill of Edmonton by Shakespeare.txt": 0.13265145502311199,
    "THE MERRY WIVES OF WINDSOR.txt": 0.10462099473679637,
    "The Puritaine Widdow by Shakespeare.txt": 0.11025554731135723,
    "THE RAPE OF LUCRECE.txt": 0.10790282195498474,
    "THE TAMING OF THE SHREW.txt": 0.10162005279842834,
    "THE TEMPEST.txt": 0.12156425394294201,
    "THE TRAGEDY OF ANTONY AND CLEOPATRA.txt": 0.12361647506700113,
    "THE TRAGEDY OF CORIOLANUS.txt": 0.1228849873284904,
    "THE TRAGEDY OF HAMLET PRINCE OF DENMARK.txt": -0.03928983083256188,
    "THE TRAGEDY OF JULIUS CAESAR.txt": 0.09643048839911283,
    "THE TRAGEDY OF KING LEAR.txt": 0.10478884129412508,
    "THE TRAGEDY OF MACBETH.txt": 0.045840018550624584,
    "THE TRAGEDY OF OTHELLO MOOR OF VENICE.txt": 0.11017321805167951,
    "THE TRAGEDY OF ROMEO AND JULIET.txt": 0.10507167656804356,
    "THE TRAGEDY OF TITUS ANDRONICUS.txt": 0.09680109607957388,
    "THE TWO GENTLEMEN OF VERONA.txt": 0.07347659750760865,
    "The Two Noble Kinsmen by Shakespeare.txt": 0.11299941756784948,
    "THE WINTERS TALE.txt": 0.11988598451543736,
    "Venus and Adonis.txt": -0.03089891758505625
}