{
    "A LOVERS COMPLAINT.txt": -0.12749562230897338,
    "A MIDSUMMER NIGHT_S DREAM.txt": 0.12109848566568099,
    "A Yorkshire Tragedy by Shakespeare.txt": 0.027634608225838075,
    "Arden of Feversham.txt": 0.14070452703056285,
    "AS YOU LIKE IT.txt": 0.1270965409472013,
    "CYMBELINE.txt": 0.04473670215502945,
    "Fair Em by Shakespeare.txt": 0.08937986567156792,
    "KING EDWARD III by Shakespeare.txt": 0.0034534133610806816,
    "King Henry IV, Part 1.txt": 0.12345399703058696,
    "KING HENRY V.txt": 0.12857778648906198,
    "KING HENRY VI part I.txt": -0.016323607975754828,
    "KING HENRY VI Part II.txt": 0.10511365001606654,
    "KING HENRY VI Part III.txt": 0.1171695590190458,
    "KING HENRY VIII.txt": 0.11210547742061827,
    "KING JOHN.txt": 0.03482759741552499,
    "KING RICHARD II.txt": 0.10173550775504286,
    "KING RICHARD III.txt": 0.11139925624096514,
    "Locrine Mucedorus by Shakespeare.txt": 0.12067495532662542,
    "Love_s Labour_s Lost.txt": 0.12685935484960004,
    "MEASURE FOR MEASURE.txt": 0.11907642422718989,
    "Merchant of Venice.txt": 0.12063512520202746,
    "MUCH ADO ABOUT NOTHING.txt": 0.04512998308165006,
    "PERICLES PRINCE OF TYRE.txt": 0.1077564194387105,
    "Sir John Oldcastle by Shakespeare.txt": 0.11947235125903632,
    "Sir Thomas More by Shakespeare.txt": 0.12261638122828705,
    "Taming of the Shrew.txt": 0.1265522047242621,
    "The Comedy of Errors.txt": 0.11410088197650059,
    "THE HISTORY OF TROILUS AND CRESSIDA.txt": 0.11680840979260948,
    "The Life and Death of the Lord Cromwell by Shakespeare.txt": 0.10093405916351961,
    "THE LIFE OF TIMON OF ATHENS.txt": 0.09257876627914069,
    "The London Prodigal.txt": 0.09445099002675289,
    "The Merry Devill of Edmonton by Shakespeare.txt": 0.01855902600163356,
    "THE MERRY WIVES OF WINDSOR.txt": 0.13183675429786984,
    "The Puritaine Widdow by Shakespeare.txt": 0.11633674496264057,
    "THE RAPE OF LUCRECE.txt": 0.05999191527901554,
    "THE TAMING OF THE SHREW.txt": 0.1360174070427333,
    "THE TEMPEST.txt": 0.12294274196603455,
    "THE TRAGEDY OF ANTONY AND CLEOPATRA.txt": 0.09876981087080011,
    "THE TRAGEDY OF CORIOLANUS.txt": 0.12469546103691315,
    "THE TRAGEDY OF HAMLET PRINCE OF DENMARK.txt": -0.07078333103952594,
    "THE TRAGEDY OF JULIUS CAESAR.txt": 0.11608941243818666,
    "THE TRAGEDY OF KING LEAR.txt": 0.13437762870618164,
    "THE TRAGEDY OF MACBETH.txt": 0.11450896244670494,
    "THE TRAGEDY OF OTHELLO MOOR OF VENICE.txt": -0.14538646089510454,
    "THE TRAGEDY OF ROMEO AND JULIET.txt": 0.11368413437033242,
    "THE TRAGEDY OF TITUS ANDRONICUS.txt": 0.10530977115790502,
    "THE TWO GENTLEMEN OF VERONA.txt": 0.13178838507278368,
    "The Two Noble Kinsmen by Shakespeare.txt": 0.10852841446457118,
    "THE WINTERS TALE.txt": 0.14264195166392263,
    "Venus and Adonis.txt": 0.04839407435029569
}