{
    "A LOVERS COMPLAINT.txt": -0.14092059671031765,
    "A MIDSUMMER NIGHT_S DREAM.txt": 0.10255430481884409,
    "A Yorkshire Tragedy by Shakespeare.txt": 0.0288752597513533,
    "Arden of Feversham.txt": 0.132279113511852,
    "AS YOU LIKE IT.txt": 0.11676977768311675,
    "CYMBELINE.txt": 0.0730354060617514,
    "Fair Em by Shakespeare.txt": 0.0949196404346695,
    "KING EDWARD III by Shakespeare.txt": 0.02844191845245253,
    "King Henry IV, Part 1.txt": 0.13775659503564464,
    "KING HENRY V.txt": 0.12290732412107519,
    "KING HENRY VI part I.txt": -0.005775681102730523,
    "KING HENRY VI Part II.txt": 0.1035050635631301,
    "KING HENRY VI Part III.txt": 0.11159889912932597,
    "KING HENRY VIII.txt": 0.10302634432015517,
    "KING JOHN.txt": 0.04403862640479189,
    "KING RICHARD II.txt": 0.08877528579218408,
    "KING RICHARD III.txt": 0.10419057248211921,
    "Locrine Mucedorus by Shakespeare.txt": 0.1294287223799257,
    "Love_s Labour_s Lost.txt": 0.1236667675531995,
    "MEASURE FOR MEASURE.txt": 0.1296328530058885,
    "Merchant of Venice.txt": 0.12239696443900494,
    "MUCH ADO ABOUT NOTHING.txt": 0.023258795522603348,
    "PERICLES PRINCE OF TYRE.txt": 0.0988062663659861,
    "Sir John Oldcastle by Shakespeare.txt": 0.1018990836171702,
    "Sir Thomas More by Shakespeare.txt": 0.11659455196981083,
    "Taming of the Shrew.txt": 0.12429928427722864,
    "The Comedy of Errors.txt": 0.10950811991628179,
    "THE HISTORY OF TROILUS AND CRESSIDA.txt": 0.11740453229825631,
    "The Life and Death of the Lord Cromwell by Shakespeare.txt": 0.09662208035550279,
    "THE LIFE OF TIMON OF ATHENS.txt": 0.07939962485363322,
    "The London Prodigal.txt": 0.10218408307215415,
    "The Merry Devill of Edmonton by Shakespeare.txt": 0.04647113485283899,
    "THE MERRY WIVES OF WINDSOR.txt": 0.13041217764124974,
    "The Puritaine Widdow by Shakespeare.txt": 0.11951044004257433,
    "THE RAPE OF LUCRECE.txt": 0.08064127270223836,
    "THE TAMING OF THE SHREW.txt": 0.10776197798776538,
    "THE TEMPEST.txt": 0.1313800527766723,
    "THE TRAGEDY OF ANTONY AND CLEOPATRA.txt": 0.08078516146146358,
    "THE TRAGEDY OF CORIOLANUS.txt": 0.11476929410108389,
    "THE TRAGEDY OF HAMLET PRINCE OF DENMARK.txt": -0.08211315356910343,
    "THE TRAGEDY OF JULIUS CAESAR.txt": 0.10866466860999707,
    "THE TRAGEDY OF KING LEAR.txt": 0.1377042905865536,
    "THE TRAGEDY OF MACBETH.txt": 0.11039218843160076,
    "THE TRAGEDY OF OTHELLO MOOR OF VENICE.txt": -0.12542554356156888,
    "THE TRAGEDY OF ROMEO AND JULIET.txt": 0.12393382385064122,
    "THE TRAGEDY OF TITUS ANDRONICUS.txt": 0.07593334752503939,
    "THE TWO GENTLEMEN OF VERONA.txt": 0.1272064134593469,
    "The Two Noble Kinsmen by Shakespeare.txt": 0.10631125739313463,
    "THE WINTERS TALE.txt": 0.12152170737255241,
    "Venus and Adonis.txt": 0.06513948067651354
}