{
    "A LOVERS COMPLAINT.txt": -0.10298194989376475,
    "A MIDSUMMER NIGHT_S DREAM.txt": 0.12241817426311968,
    "A Yorkshire Tragedy by Shakespeare.txt": 0.03816081212705713,
    "Arden of Feversham.txt": 0.13938984236311341,
    "AS YOU LIKE IT.txt": 0.12122277381783292,
    "CYMBELINE.txt": 0.04971362138108937,
    "Fair Em by Shakespeare.txt": 0.10312391784862918,
    "KING EDWARD III by Shakespeare.txt": 0.02488338196420392,
    "King Henry IV, Part 1.txt": 0.12155786001267416,
    "KING HENRY V.txt": 0.11366757331175037,
    "KING HENRY VI part I.txt": -0.010964859772928714,
    "KING HENRY VI Part II.txt": 0.10545903194698009,
    "KING HENRY VI Part III.txt": 0.0992069223419853,
    "KING HENRY VIII.txt": 0.11557811925249784,
    "KING JOHN.txt": 0.02736101865558399,
    "KING RICHARD II.txt": 0.08571616117926584,
    "KING RICHARD III.txt": 0.09522277588137668,
    "Locrine Mucedorus by Shakespeare.txt": 0.13352145891837475,
    "Love_s Labour_s Lost.txt": 0.14485639035399583,
    "MEASURE FOR MEASURE.txt": 0.14285541539746455,
    "Merchant of Venice.txt": 0.11631931763618036,
    "MUCH ADO ABOUT NOTHING.txt": 0.05861613045702757,
    "PERICLES PRINCE OF TYRE.txt": 0.08422909780335608,
    "Sir John Oldcastle by Shakespeare.txt": 0.09711231386462327,
    "Sir Thomas More by Shakespeare.txt": 0.12026998674851319,
    "Taming of the Shrew.txt": 0.13356869508468228,
    "The Comedy of Errors.txt": 0.09127182419213264,
    "THE HISTORY OF TROILUS AND CRESSIDA.txt": 0.09631608869079039,
    "The Life and Death of the Lord Cromwell by Shakespeare.txt": 0.09266760210647873,
    "THE LIFE OF TIMON OF ATHENS.txt": 0.08270894768317105,
    "The London Prodigal.txt": 0.10064203631797908,
    "The Merry Devill of Edmonton by Shakespeare.txt": 0.03294408007365701,
    "THE MERRY WIVES OF WINDSOR.txt": 0.14238278901856422,
    "The Puritaine Widdow by Shakespeare.txt": 0.13159435936636998,
    "THE RAPE OF LUCRECE.txt": 0.05587277502222615,
    "THE TAMING OF THE SHREW.txt": 0.13160869279899923,
    "THE TEMPEST.txt": 0.13149682092452242,
    "THE TRAGEDY OF ANTONY AND CLEOPATRA.txt": 0.09718016819165698,
    "THE TRAGEDY OF CORIOLANUS.txt": 0.10342797001988624,
    "THE TRAGEDY OF HAMLET PRINCE OF DENMARK.txt": -0.04631836417512192,
    "THE TRAGEDY OF JULIUS CAESAR.txt": 0.10696553595615066,
    "THE TRAGEDY OF KING LEAR.txt": 0.12259911793330719,
    "THE TRAGEDY OF MACBETH.txt": 0.10753544305158419,
    "THE TRAGEDY OF OTHELLO MOOR OF VENICE.txt": -0.1426482557966673,
    "THE TRAGEDY OF ROMEO AND JULIET.txt": 0.12324117095777876,
    "THE TRAGEDY OF TITUS ANDRONICUS.txt": 0.0786324459742202,
    "THE TWO GENTLEMEN OF VERONA.txt": 0.12958326113117136,
    "The Two Noble Kinsmen by Shakespeare.txt": 0.1026686674460755,
    "THE WINTERS TALE.txt": 0.1157788318082355,
    "Venus and Adonis.txt": 0.05272562105129336
}