{
    "A MIDSUMMER NIGHT_S DREAM.txt": 0.06145365151392512,
    "A Yorkshire Tragedy by Shakespeare.txt": 0.021062019332716397,
    "Arden of Feversham.txt": 0.08025863952775247,
    "AS YOU LIKE IT.txt": 0.061390270965733074,
    "CYMBELINE.txt": 0.10204499956907581,
    "Fair Em by Shakespeare.txt": 0.08303823592151771,
    "KING EDWARD III by Shakespeare.txt": -0.08893751959742913,
    "King Henry IV, Part 1.txt": 0.08235218040782705,
    "KING HENRY V.txt": 0.08172221676566882,
    "KING HENRY VI part I.txt": -0.12253279010925533,
    "KING HENRY VI Part II.txt": 0.05274800200371221,
    "KING HENRY VI Part III.txt": 0.07165848867715208,
    "KING HENRY VIII.txt": 0.09289830730402882,
    "KING JOHN.txt": 0.0550711210681703,
    "KING RICHARD II.txt": 0.03186341202417281,
    "KING RICHARD III.txt": 0.07943599749912078,
    "Locrine Mucedorus by Shakespeare.txt": 0.10697189928828205,
    "Love_s Labour_s Lost.txt": 0.10169905060174722,
    "MEASURE FOR MEASURE.txt": 0.07298076016473604,
    "Merchant of Venice.txt": 0.06698215548917219,
    "MUCH ADO ABOUT NOTHING.txt": 0.07795883290255784,
    "PERICLES PRINCE OF TYRE.txt": 0.08515272754573677,
    "Sir John Oldcastle by Shakespeare.txt": 0.08250509495943359,
    "Sir Thomas More by Shakespeare.txt": 0.09044114827588551,
    "Taming of the Shrew.txt": 0.07083694713936267,
    "The Comedy of Errors.txt": 0.07614031691526207,
    "THE HISTORY OF TROILUS AND CRESSIDA.txt": -0.013535071507881247,
    "The Life and Death of the Lord Cromwell by Shakespeare.txt": 0.07587491397383689,
    "THE LIFE OF TIMON OF ATHENS.txt": 0.0691482384415909,
    "The London Prodigal.txt": 0.09375059891773152,
    "The Merry Devill of Edmonton by Shakespeare.txt": -0.0485690285678273,
    "THE MERRY WIVES OF WINDSOR.txt": 0.048974243024355824,
    "The Puritaine Widdow by Shakespeare.txt": -0.04047036712344998,
    "THE RAPE OF LUCRECE.txt": 0.068839265011916,
    "THE TAMING OF THE SHREW.txt": 0.09479902269545826,
    "THE TEMPEST.txt": 0.06804150338706033,
    "THE TRAGEDY OF ANTONY AND CLEOPATRA.txt": 0.07486918015270372,
    "THE TRAGEDY OF CORIOLANUS.txt": 0.08940712979334603,
    "THE TRAGEDY OF HAMLET PRINCE OF DENMARK.txt": 0.02866430822416527,
    "THE TRAGEDY OF JULIUS CAESAR.txt": 0.08371590926364136,
    "THE TRAGEDY OF KING LEAR.txt": 0.11051007276925134,
    "THE TRAGEDY OF MACBETH.txt": 0.07022293813893798,
    "THE TRAGEDY OF OTHELLO MOOR OF VENICE.txt": -0.08496903358574315,
    "THE TRAGEDY OF ROMEO AND JULIET.txt": 0.0843785742121318,
    "THE TRAGEDY OF TITUS ANDRONICUS.txt": 0.07775098157352917,
    "THE TWO GENTLEMEN OF VERONA.txt": 0.061295046524068475,
    "The Two Noble Kinsmen by Shakespeare.txt": 0.04551284890346208,
    "THE WINTERS TALE.txt": 0.09319791026940943,
    "Venus and Adonis.txt": 0.08295233229254728
}