{
    "A LOVERS COMPLAINT.txt": -0.12997206484915635,
    "A MIDSUMMER NIGHT_S DREAM.txt": 0.13525013552106674,
    "A Yorkshire Tragedy by Shakespeare.txt": 0.03093124110203005,
    "Arden of Feversham.txt": 0.1347624957521057,
    "AS YOU LIKE IT.txt": 0.12075106943656438,
    "CYMBELINE.txt": 0.04804350221528875,
    "Fair Em by Shakespeare.txt": 0.06874655309450128,
    "KING EDWARD III by Shakespeare.txt": 0.029506721247561762,
    "King Henry IV, Part 1.txt": 0.12350400557810476,
    "KING HENRY V.txt": 0.1258862745649455,
    "KING HENRY VI part I.txt": -0.016269587626947857,
    "KING HENRY VI Part II.txt": 0.09529348909017105,
    "KING HENRY VI Part III.txt": 0.0983339499116413,
    "KING HENRY VIII.txt": 0.11089058768210208,
    "KING JOHN.txt": 0.043813470721006886,
    "KING RICHARD II.txt": 0.1003660071293081,
    "KING RICHARD III.txt": 0.09949163478132961,
    "Locrine Mucedorus by Shakespeare.txt": 0.11572018787284571,
    "Love_s Labour_s Lost.txt": 0.1263823171357405,
    "MEASURE FOR MEASURE.txt": 0.12013592950368812,
    "Merchant of Venice.txt": 0.1367302518695358,
    "MUCH ADO ABOUT NOTHING.txt": 0.0479576067606014,
    "PERICLES PRINCE OF TYRE.txt": 0.1095038804914637,
    "Sir John Oldcastle by Shakespeare.txt": 0.11812573197341752,
    "Sir Thomas More by Shakespeare.txt": 0.12240271707761041,
    "Taming of the Shrew.txt": 0.1248554092185078,
    "The Comedy of Errors.txt": 0.0969567737491468,
    "THE HISTORY OF TROILUS AND CRESSIDA.txt": 0.10825341261454335,
    "The Life and Death of the Lord Cromwell by Shakespeare.txt": 0.09330737326351418,
    "THE LIFE OF TIMON OF ATHENS.txt": 0.09987333642353347,
    "The London Prodigal.txt": 0.09909071887603982,
    "The Merry Devill of Edmonton by Shakespeare.txt": 0.034226361583953424,
    "THE MERRY WIVES OF WINDSOR.txt": 0.12739513518327927,
    "The Puritaine Widdow by Shakespeare.txt": 0.12027879173674016,
    "THE RAPE OF LUCRECE.txt": 0.05231601793507218,
    "THE TAMING OF THE SHREW.txt": 0.14886227108862082,
    "THE TEMPEST.txt": 0.11192558550091214,
    "THE TRAGEDY OF ANTONY AND CLEOPATRA.txt": 0.091695863189724,
    "THE TRAGEDY OF CORIOLANUS.txt": 0.12362164562455058,
    "THE TRAGEDY OF HAMLET PRINCE OF DENMARK.txt": -0.05982258312373878,
    "THE TRAGEDY OF JULIUS CAESAR.txt": 0.13230931330527823,
    "THE TRAGEDY OF KING LEAR.txt": 0.12034070887291864,
    "THE TRAGEDY OF MACBETH.txt": 0.1245749508959546,
    "THE TRAGEDY OF OTHELLO MOOR OF VENICE.txt": -0.14833463283682824,
    "THE TRAGEDY OF ROMEO AND JULIET.txt": 0.12057272314493628,
    "THE TRAGEDY OF TITUS ANDRONICUS.txt": 0.10068020707261294,
    "THE TWO GENTLEMEN OF VERONA.txt": 0.11901387902408944,
    "The Two Noble Kinsmen by Shakespeare.txt": 0.1131529842641879,
    "THE WINTERS TALE.txt": 0.14269850036649334,
    "Venus and Adonis.txt": 0.05530494813693021
}