{
    "A LOVERS COMPLAINT.txt": -0.14673054594716906,
    "A MIDSUMMER NIGHT_S DREAM.txt": 0.09920657817521772,
    "A Yorkshire Tragedy by Shakespeare.txt": 0.13626741725625952,
    "Arden of Feversham.txt": 0.13666688920402326,
    "AS YOU LIKE IT.txt": 0.05770370285623988,
    "CYMBELINE.txt": 0.10784528189222947,
    "Fair Em by Shakespeare.txt": 0.08401581146243903,
    "KING EDWARD III by Shakespeare.txt": -0.03854066854645766,
    "King Henry IV, Part 1.txt": 0.11856512652188328,
    "KING HENRY V.txt": 0.10853745046384594,
    "KING HENRY VI part I.txt": -0.06691782303884986,
    "KING HENRY VI Part II.txt": 0.04642232023186982,
    "KING HENRY VI Part III.txt": 0.07085112402246918,
    "KING HENRY VIII.txt": 0.10337527462990947,
    "KING JOHN.txt": 0.059269548650362436,
    "KING RICHARD II.txt": 0.08150324555723532,
    "KING RICHARD III.txt": 0.08571875733969658,
    "Locrine Mucedorus by Shakespeare.txt": 0.12492896696902944,
    "Love_s Labour_s Lost.txt": 0.13918594384885724,
    "MEASURE FOR MEASURE.txt": 0.14581556190185657,
    "Merchant of Venice.txt": 0.13362562710175557,
    "MUCH ADO ABOUT NOTHING.txt": 0.13129475996754786,
    "PERICLES PRINCE OF TYRE.txt": 0.1149977485150741,
    "Sir John Oldcastle by Shakespeare.txt": 0.13630298579087974,
    "Sir Thomas More by Shakespeare.txt": 0.10723388170078035,
    "Taming of the Shrew.txt": 0.13008492756125362,
    "The Comedy of Errors.txt": 0.10845781846158992,
    "THE HISTORY OF TROILUS AND CRESSIDA.txt": 0.13613905844543683,
    "The Life and Death of the Lord Cromwell by Shakespeare.txt": 0.06880587971630592,
    "THE LIFE OF TIMON OF ATHENS.txt": 0.09775294217335245,
    "The London Prodigal.txt": 0.07770712986950307,
    "The Merry Devill of Edmonton by Shakespeare.txt": 0.09898108541762313,
    "THE MERRY WIVES OF WINDSOR.txt": 0.11493964942692525,
    "The Puritaine Widdow by Shakespeare.txt": 0.023917637105407896,
    "THE RAPE OF LUCRECE.txt": 0.061372399240703535,
    "THE TAMING OF THE SHREW.txt": 0.13761712571895673,
    "THE TEMPEST.txt": 0.14765713834963534,
    "THE TRAGEDY OF ANTONY AND CLEOPATRA.txt": 0.12603203949342218,
    "THE TRAGEDY OF CORIOLANUS.txt": 0.12674107932576828,
    "THE TRAGEDY OF HAMLET PRINCE OF DENMARK.txt": 0.06540379965758036,
    "THE TRAGEDY OF JULIUS CAESAR.txt": 0.10212864154370155,
    "THE TRAGEDY OF KING LEAR.txt": 0.14094151124507986,
    "THE TRAGEDY OF MACBETH.txt": 0.06350629244308348,
    "THE TRAGEDY OF OTHELLO MOOR OF VENICE.txt": -0.21440849770304216,
    "THE TRAGEDY OF ROMEO AND JULIET.txt": 0.01146726939817494,
    "THE TRAGEDY OF TITUS ANDRONICUS.txt": 0.0772640859887968,
    "THE TWO GENTLEMEN OF VERONA.txt": 0.13091391608127245,
    "The Two Noble Kinsmen by Shakespeare.txt": 0.06289184069227183,
    "THE WINTERS TALE.txt": 0.1240463886119686,
    "Venus and Adonis.txt": 0.0828147980219151
}