{
    "A MIDSUMMER NIGHT_S DREAM.txt": 0.08215146079450786,
    "A Yorkshire Tragedy by Shakespeare.txt": 0.054664883894925353,
    "Arden of Feversham.txt": 0.07044935564298516,
    "AS YOU LIKE IT.txt": 0.04797555159077527,
    "CYMBELINE.txt": 0.10457655885013484,
    "Fair Em by Shakespeare.txt": 0.08316499118257764,
    "KING EDWARD III by Shakespeare.txt": -0.06228502190036589,
    "King Henry IV, Part 1.txt": 0.11638416612980551,
    "KING HENRY V.txt": 0.11468712362296862,
    "KING HENRY VI part I.txt": -0.08216624630211267,
    "KING HENRY VI Part II.txt": 0.05595134497188253,
    "KING HENRY VI Part III.txt": 0.06070282938679239,
    "KING HENRY VIII.txt": 0.1123709987567853,
    "KING JOHN.txt": 0.06343734223241776,
    "KING RICHARD II.txt": 0.02611780923030438,
    "KING RICHARD III.txt": 0.09609346134118602,
    "Locrine Mucedorus by Shakespeare.txt": 0.12029390102746085,
    "Love_s Labour_s Lost.txt": 0.08688953396364796,
    "MEASURE FOR MEASURE.txt": 0.06233000056679511,
    "Merchant of Venice.txt": 0.09142612577236586,
    "MUCH ADO ABOUT NOTHING.txt": 0.09930403619510259,
    "PERICLES PRINCE OF TYRE.txt": 0.11047826434303737,
    "Sir John Oldcastle by Shakespeare.txt": 0.0982655931920417,
    "Sir Thomas More by Shakespeare.txt": 0.10191390231411707,
    "Taming of the Shrew.txt": 0.1027208280818464,
    "The Comedy of Errors.txt": 0.10636583843085834,
    "THE HISTORY OF TROILUS AND CRESSIDA.txt": 0.0019966337347821494,
    "The Life and Death of the Lord Cromwell by Shakespeare.txt": 0.08862513317423798,
    "THE LIFE OF TIMON OF ATHENS.txt": 0.08542098302915313,
    "The London Prodigal.txt": 0.08642294616960361,
    "The Merry Devill of Edmonton by Shakespeare.txt": -0.022848309871573935,
    "THE MERRY WIVES OF WINDSOR.txt": 0.08827869954027734,
    "The Puritaine Widdow by Shakespeare.txt": -0.03333318287902354,
    "THE RAPE OF LUCRECE.txt": 0.06546200784329764,
    "THE TAMING OF THE SHREW.txt": 0.10616717351408861,
    "THE TEMPEST.txt": 0.08826429026986149,
    "THE TRAGEDY OF ANTONY AND CLEOPATRA.txt": 0.11512597483943887,
    "THE TRAGEDY OF CORIOLANUS.txt": 0.10773923634678018,
    "THE TRAGEDY OF HAMLET PRINCE OF DENMARK.txt": 0.045061153106648044,
    "THE TRAGEDY OF JULIUS CAESAR.txt": 0.08928529251028339,
    "THE TRAGEDY OF KING LEAR.txt": 0.1128363852431134,
    "THE TRAGEDY OF MACBETH.txt": 0.0874155762800437,
    "THE TRAGEDY OF OTHELLO MOOR OF VENICE.txt": -0.1462086934243232,
    "THE TRAGEDY OF ROMEO AND JULIET.txt": 0.08724138320975783,
    "THE TRAGEDY OF TITUS ANDRONICUS.txt": 0.08311986870585736,
    "THE TWO GENTLEMEN OF VERONA.txt": 0.06102138950256997,
    "The Two Noble Kinsmen by Shakespeare.txt": 0.036520572099688065,
    "THE WINTERS TALE.txt": 0.09500921474986201,
    "Venus and Adonis.txt": 0.08620472692355907
}