{
    "A MIDSUMMER NIGHT_S DREAM.txt": 0.12048104817656086,
    "A Yorkshire Tragedy by Shakespeare.txt": 0.08076625168385881,
    "Arden of Feversham.txt": -0.2240142479621008,
    "AS YOU LIKE IT.txt": 0.03682799716426194,
    "CYMBELINE.txt": 0.12318232276313446,
    "Fair Em by Shakespeare.txt": 0.11481287381150856,
    "KING EDWARD III by Shakespeare.txt": 0.08946199601179633,
    "King Henry IV, Part 1.txt": 0.11127363387361,
    "KING HENRY V.txt": -0.1542274602807191,
    "KING HENRY VI part I.txt": -0.06563260095403001,
    "KING HENRY VI Part II.txt": 0.11790777594858526,
    "KING HENRY VI Part III.txt": 0.10907328935407556,
    "KING HENRY VIII.txt": -0.042496734055755936,
    "KING JOHN.txt": 0.03759353095728618,
    "KING RICHARD II.txt": 0.10931857785183391,
    "KING RICHARD III.txt": 0.1141163884275328,
    "Locrine Mucedorus by Shakespeare.txt": 0.09983544488594231,
    "Love_s Labour_s Lost.txt": 0.0695215794374705,
    "MEASURE FOR MEASURE.txt": 0.10225354280878685,
    "Merchant of Venice.txt": 0.020531255764330014,
    "MUCH ADO ABOUT NOTHING.txt": 0.03586525949347685,
    "PERICLES PRINCE OF TYRE.txt": 0.07744126158915277,
    "Sir John Oldcastle by Shakespeare.txt": 0.06821353231119198,
    "Sir Thomas More by Shakespeare.txt": 0.09269114367236969,
    "Taming of the Shrew.txt": 0.07692771944092758,
    "The Comedy of Errors.txt": 0.1002304858779331,
    "THE HISTORY OF TROILUS AND CRESSIDA.txt": 0.11015246656562833,
    "The Life and Death of the Lord Cromwell by Shakespeare.txt": 0.09053470089096721,
    "THE LIFE OF TIMON OF ATHENS.txt": 0.08217385557289347,
    "The London Prodigal.txt": 0.11922623635301549,
    "The Merry Devill of Edmonton by Shakespeare.txt": 0.09548604093013391,
    "THE MERRY WIVES OF WINDSOR.txt": 0.010924569592981936,
    "The Puritaine Widdow by Shakespeare.txt": 0.11745652959408304,
    "THE RAPE OF LUCRECE.txt": 0.08156749616087194,
    "THE TAMING OF THE SHREW.txt": 0.1014931548089667,
    "THE TEMPEST.txt": 0.11110157018378725,
    "THE TRAGEDY OF ANTONY AND CLEOPATRA.txt": 0.10300625209312309,
    "THE TRAGEDY OF CORIOLANUS.txt": 0.0644456552573614,
    "THE TRAGEDY OF HAMLET PRINCE OF DENMARK.txt": 0.12514249902309244,
    "THE TRAGEDY OF JULIUS CAESAR.txt": 0.08137169880514117,
    "THE TRAGEDY OF KING LEAR.txt": 0.08461768506296091,
    "THE TRAGEDY OF MACBETH.txt": 0.11660397776866882,
    "THE TRAGEDY OF OTHELLO MOOR OF VENICE.txt": 0.08780949726768927,
    "THE TRAGEDY OF ROMEO AND JULIET.txt": 0.10984543374309508,
    "THE TRAGEDY OF TITUS ANDRONICUS.txt": 0.08677443927544531,
    "THE TWO GENTLEMEN OF VERONA.txt": 0.10185286231674107,
    "The Two Noble Kinsmen by Shakespeare.txt": -0.011216233115132535,
    "THE WINTERS TALE.txt": 0.07457407477002004,
    "Venus and Adonis.txt": 0.08676561534295774
}