{
    "A MIDSUMMER NIGHT_S DREAM.txt": 0.12170750520920465,
    "A Yorkshire Tragedy by Shakespeare.txt": 0.07764690118307921,
    "Arden of Feversham.txt": -0.2273008573824642,
    "AS YOU LIKE IT.txt": 0.04214851986913992,
    "CYMBELINE.txt": 0.11977173537319241,
    "Fair Em by Shakespeare.txt": 0.11338477304282629,
    "KING EDWARD III by Shakespeare.txt": 0.0869803512657581,
    "King Henry IV, Part 1.txt": 0.11961424143960009,
    "KING HENRY V.txt": -0.15467731272776764,
    "KING HENRY VI part I.txt": -0.08580478824439564,
    "KING HENRY VI Part II.txt": 0.11478062940383182,
    "KING HENRY VI Part III.txt": 0.10636925886297005,
    "KING HENRY VIII.txt": -0.05198550674834557,
    "KING JOHN.txt": 0.03744009723263886,
    "KING RICHARD II.txt": 0.12136263092899446,
    "KING RICHARD III.txt": 0.11427180636291229,
    "Locrine Mucedorus by Shakespeare.txt": 0.10742341606427919,
    "Love_s Labour_s Lost.txt": 0.06765639842917903,
    "MEASURE FOR MEASURE.txt": 0.11985962038269932,
    "Merchant of Venice.txt": 0.007504132828485943,
    "MUCH ADO ABOUT NOTHING.txt": 0.03282791927919554,
    "PERICLES PRINCE OF TYRE.txt": 0.10214696680374413,
    "Sir John Oldcastle by Shakespeare.txt": 0.06819251483726901,
    "Sir Thomas More by Shakespeare.txt": 0.08429044283693499,
    "Taming of the Shrew.txt": 0.08290691320791133,
    "The Comedy of Errors.txt": 0.10944870367460147,
    "THE HISTORY OF TROILUS AND CRESSIDA.txt": 0.10825626738288141,
    "The Life and Death of the Lord Cromwell by Shakespeare.txt": 0.09001817690365455,
    "THE LIFE OF TIMON OF ATHENS.txt": 0.09480646672828147,
    "The London Prodigal.txt": 0.11274940976182152,
    "The Merry Devill of Edmonton by Shakespeare.txt": 0.08935212465584408,
    "THE MERRY WIVES OF WINDSOR.txt": -0.0018535850429125533,
    "The Puritaine Widdow by Shakespeare.txt": 0.11065818778509112,
    "THE RAPE OF LUCRECE.txt": 0.10453159722416255,
    "THE TAMING OF THE SHREW.txt": 0.10050022145137105,
    "THE TEMPEST.txt": 0.10696402761869717,
    "THE TRAGEDY OF ANTONY AND CLEOPATRA.txt": 0.0974962672933663,
    "THE TRAGEDY OF CORIOLANUS.txt": 0.06717300629120926,
    "THE TRAGEDY OF HAMLET PRINCE OF DENMARK.txt": 0.13118565056728643,
    "THE TRAGEDY OF JULIUS CAESAR.txt": 0.08050478480563439,
    "THE TRAGEDY OF KING LEAR.txt": 0.10713652584683903,
    "THE TRAGEDY OF MACBETH.txt": 0.12909549135116644,
    "THE TRAGEDY OF OTHELLO MOOR OF VENICE.txt": 0.10706784391184287,
    "THE TRAGEDY OF ROMEO AND JULIET.txt": 0.10031558890957393,
    "THE TRAGEDY OF TITUS ANDRONICUS.txt": 0.09435146186258397,
    "THE TWO GENTLEMEN OF VERONA.txt": 0.09936482753190551,
    "The Two Noble Kinsmen by Shakespeare.txt": -0.03002640425131753,
    "THE WINTERS TALE.txt": 0.07406952413587187,
    "Venus and Adonis.txt": 0.08319428318390926
}