{
    "A LOVERS COMPLAINT.txt": -0.0031117241869381695,
    "A MIDSUMMER NIGHT_S DREAM.txt": 0.05696726310204148,
    "A Yorkshire Tragedy by Shakespeare.txt": 0.04447371841934644,
    "Arden of Feversham.txt": -0.10746405087789901,
    "AS YOU LIKE IT.txt": 0.10025222865509115,
    "CYMBELINE.txt": 0.12366658921383356,
    "Fair Em by Shakespeare.txt": 0.0947643634852528,
    "KING EDWARD III by Shakespeare.txt": 0.08703887819845291,
    "King Henry IV, Part 1.txt": 0.10377709448119599,
    "KING HENRY V.txt": -0.09455498699172105,
    "KING HENRY VI part I.txt": -0.09450807028107244,
    "KING HENRY VI Part II.txt": 0.09844861689620393,
    "KING HENRY VI Part III.txt": 0.10066770790533475,
    "KING HENRY VIII.txt": 0.05798274402525949,
    "KING JOHN.txt": -0.05302097354635271,
    "KING RICHARD II.txt": 0.10995367906949027,
    "KING RICHARD III.txt": 0.07771839956102461,
    "Locrine Mucedorus by Shakespeare.txt": 0.10075772087858842,
    "Love_s Labour_s Lost.txt": 0.09568380642918961,
    "MEASURE FOR MEASURE.txt": 0.09703415587110237,
    "Merchant of Venice.txt": -0.010935400894491187,
    "MUCH ADO ABOUT NOTHING.txt": 0.013503762531260954,
    "PERICLES PRINCE OF TYRE.txt": 0.07899466574663433,
    "Sir John Oldcastle by Shakespeare.txt": 0.08795462129970877,
    "Sir Thomas More by Shakespeare.txt": 0.11343946969510588,
    "Taming of the Shrew.txt": 0.10185202973765584,
    "The Comedy of Errors.txt": 0.09288125214603266,
    "THE HISTORY OF TROILUS AND CRESSIDA.txt": 0.08566159166985043,
    "The Life and Death of the Lord Cromwell by Shakespeare.txt": 0.10617150286649812,
    "THE LIFE OF TIMON OF ATHENS.txt": 0.07128412335031348,
    "The London Prodigal.txt": 0.11134245674324766,
    "The Merry Devill of Edmonton by Shakespeare.txt": 0.09667001356700528,
    "THE MERRY WIVES OF WINDSOR.txt": 0.01473383698707087,
    "The Puritaine Widdow by Shakespeare.txt": 0.10909157334321273,
    "THE RAPE OF LUCRECE.txt": 0.07180747888427957,
    "THE TAMING OF THE SHREW.txt": 0.09891071501555349,
    "THE TEMPEST.txt": 0.03229490512774802,
    "THE TRAGEDY OF ANTONY AND CLEOPATRA.txt": 0.09715476366172382,
    "THE TRAGEDY OF CORIOLANUS.txt": 0.06324092884152827,
    "THE TRAGEDY OF HAMLET PRINCE OF DENMARK.txt": 0.08258333661199901,
    "THE TRAGEDY OF JULIUS CAESAR.txt": 0.03790638366614835,
    "THE TRAGEDY OF KING LEAR.txt": 0.08865361423980173,
    "THE TRAGEDY OF MACBETH.txt": 0.1291055154395343,
    "THE TRAGEDY OF OTHELLO MOOR OF VENICE.txt": 0.05806723874680442,
    "THE TRAGEDY OF ROMEO AND JULIET.txt": 0.11860438970205134,
    "THE TRAGEDY OF TITUS ANDRONICUS.txt": 0.06540487100831843,
    "THE TWO GENTLEMEN OF VERONA.txt": 0.10848471106715113,
    "The Two Noble Kinsmen by Shakespeare.txt": 0.04400572639480543,
    "THE WINTERS TALE.txt": 0.10745739717106612,
    "Venus and Adonis.txt": 0.03300037755397406
}