{
    "A LOVERS COMPLAINT.txt": -0.006274627434976421,
    "A MIDSUMMER NIGHT_S DREAM.txt": 0.06744280007791553,
    "A Yorkshire Tragedy by Shakespeare.txt": 0.042684885777098114,
    "Arden of Feversham.txt": -0.14036996627157394,
    "AS YOU LIKE IT.txt": 0.13135692416774342,
    "CYMBELINE.txt": 0.11976533288108654,
    "Fair Em by Shakespeare.txt": 0.10792669494683949,
    "KING EDWARD III by Shakespeare.txt": 0.08986493285150943,
    "King Henry IV, Part 1.txt": 0.11870341219010866,
    "KING HENRY V.txt": -0.07649172294970807,
    "KING HENRY VI part I.txt": -0.0796274359246476,
    "KING HENRY VI Part II.txt": 0.11792801243358064,
    "KING HENRY VI Part III.txt": 0.11110750164911781,
    "KING HENRY VIII.txt": 0.07625172291656968,
    "KING JOHN.txt": -0.04145804497098282,
    "KING RICHARD II.txt": 0.11463082122393892,
    "KING RICHARD III.txt": 0.12056124001607854,
    "Locrine Mucedorus by Shakespeare.txt": 0.10828422491326534,
    "Love_s Labour_s Lost.txt": 0.1224899075867234,
    "MEASURE FOR MEASURE.txt": 0.12025091683095229,
    "Merchant of Venice.txt": 0.004545787837141213,
    "MUCH ADO ABOUT NOTHING.txt": 0.03435099751414383,
    "PERICLES PRINCE OF TYRE.txt": 0.09702269085195153,
    "Sir John Oldcastle by Shakespeare.txt": 0.11754982460946661,
    "Sir Thomas More by Shakespeare.txt": 0.12107194570998076,
    "Taming of the Shrew.txt": 0.12763298896786907,
    "The Comedy of Errors.txt": 0.12262113930227125,
    "THE HISTORY OF TROILUS AND CRESSIDA.txt": 0.0904793195392683,
    "The Life and Death of the Lord Cromwell by Shakespeare.txt": 0.1129866591692299,
    "THE LIFE OF TIMON OF ATHENS.txt": 0.09047033105129565,
    "The London Prodigal.txt": 0.11545333072758723,
    "The Merry Devill of Edmonton by Shakespeare.txt": 0.10818499970353362,
    "THE MERRY WIVES OF WINDSOR.txt": 0.018056491735477964,
    "The Puritaine Widdow by Shakespeare.txt": 0.1076814621335439,
    "THE RAPE OF LUCRECE.txt": 0.09454050450455964,
    "THE TAMING OF THE SHREW.txt": 0.12922626306473778,
    "THE TEMPEST.txt": 0.0604583804774802,
    "THE TRAGEDY OF ANTONY AND CLEOPATRA.txt": 0.11892902438078828,
    "THE TRAGEDY OF CORIOLANUS.txt": 0.08510803956934299,
    "THE TRAGEDY OF HAMLET PRINCE OF DENMARK.txt": 0.11285613268655209,
    "THE TRAGEDY OF JULIUS CAESAR.txt": 0.04793917767492767,
    "THE TRAGEDY OF KING LEAR.txt": 0.10283681938735267,
    "THE TRAGEDY OF MACBETH.txt": 0.1307659770591979,
    "THE TRAGEDY OF OTHELLO MOOR OF VENICE.txt": 0.08303201377378333,
    "THE TRAGEDY OF ROMEO AND JULIET.txt": 0.11918716904857884,
    "THE TRAGEDY OF TITUS ANDRONICUS.txt": 0.08104255726912774,
    "THE TWO GENTLEMEN OF VERONA.txt": 0.12893560381030533,
    "The Two Noble Kinsmen by Shakespeare.txt": 0.044525041425237555,
    "THE WINTERS TALE.txt": 0.13009030334204597,
    "Venus and Adonis.txt": 0.04160066235231652
}