{
    "A LOVERS COMPLAINT.txt": 0.0637508476371757,
    "A MIDSUMMER NIGHT_S DREAM.txt": 0.01784924323712095,
    "A Yorkshire Tragedy by Shakespeare.txt": 0.0637508476371757,
    "Arden of Feversham.txt": 0.0637508476371757,
    "AS YOU LIKE IT.txt": 0.06314377611537741,
    "CYMBELINE.txt": 0.009529406197360646,
    "Fair Em by Shakespeare.txt": 0.0637508476371757,
    "KING EDWARD III by Shakespeare.txt": 0.07056261325107471,
    "King Henry IV, Part 1.txt": 0.090833200474362,
    "KING HENRY V.txt": 0.010040160613771054,
    "KING HENRY VI part I.txt": 0.06021123713512333,
    "KING HENRY VI Part II.txt": 0.07056261325107471,
    "KING HENRY VI Part III.txt": 0.07510370471854733,
    "KING HENRY VIII.txt": 0.09447025675017451,
    "KING JOHN.txt": 0.05274077119278736,
    "KING RICHARD II.txt": 0.053334261107559344,
    "KING RICHARD III.txt": 0.07056261325107471,
    "Locrine Mucedorus by Shakespeare.txt": 0.09447025675017451,
    "Love_s Labour_s Lost.txt": 0.0008816294336285724,
    "MEASURE FOR MEASURE.txt": 0.022270847360773616,
    "Merchant of Venice.txt": 0.07056261325107471,
    "MUCH ADO ABOUT NOTHING.txt": -0.03931147845082705,
    "PERICLES PRINCE OF TYRE.txt": 0.03800276374093903,
    "Sir John Oldcastle by Shakespeare.txt": 0.07056261325107471,
    "Sir Thomas More by Shakespeare.txt": 0.0767417876937041,
    "Taming of the Shrew.txt": 0.09447025675017451,
    "The Comedy of Errors.txt": 0.0767417876937041,
    "THE HISTORY OF TROILUS AND CRESSIDA.txt": -0.12635832316945084,
    "The Life and Death of the Lord Cromwell by Shakespeare.txt": 0.0637508476371757,
    "THE LIFE OF TIMON OF ATHENS.txt": 0.046125249794252865,
    "The London Prodigal.txt": 0.0767417876937041,
    "The Merry Devill of Edmonton by Shakespeare.txt": -0.07176352073635872,
    "THE MERRY WIVES OF WINDSOR.txt": 0.09447025675017451,
    "The Puritaine Widdow by Shakespeare.txt": 0.090833200474362,
    "THE RAPE OF LUCRECE.txt": 0.07056261325107471,
    "THE TAMING OF THE SHREW.txt": 0.090833200474362,
    "THE TEMPEST.txt": -0.0018185763687807999,
    "THE TRAGEDY OF ANTONY AND CLEOPATRA.txt": -0.10751031391041865,
    "THE TRAGEDY OF CORIOLANUS.txt": -0.23862628788439277,
    "THE TRAGEDY OF HAMLET PRINCE OF DENMARK.txt": -0.008621611087170522,
    "THE TRAGEDY OF JULIUS CAESAR.txt": -0.07066583797790527,
    "THE TRAGEDY OF KING LEAR.txt": 0.07846038035362057,
    "THE TRAGEDY OF MACBETH.txt": 0.07135299632704534,
    "THE TRAGEDY OF OTHELLO MOOR OF VENICE.txt": -0.04442594855425197,
    "THE TRAGEDY OF ROMEO AND JULIET.txt": 0.090833200474362,
    "THE TRAGEDY OF TITUS ANDRONICUS.txt": 0.090833200474362,
    "THE TWO GENTLEMEN OF VERONA.txt": 0.07056261325107471,
    "The Two Noble Kinsmen by Shakespeare.txt": 0.021046017744320245,
    "THE WINTERS TALE.txt": 0.017571176397687183,
    "Venus and Adonis.txt": -0.000511184750386029
}