{
    "A MIDSUMMER NIGHT_S DREAM.txt": 0.09591729078737588,
    "A Yorkshire Tragedy by Shakespeare.txt": -0.006104083176097008,
    "Arden of Feversham.txt": -0.12340605342323996,
    "AS YOU LIKE IT.txt": 0.10573054907545099,
    "CYMBELINE.txt": 0.0988705902555509,
    "Fair Em by Shakespeare.txt": 0.09977102036919383,
    "KING EDWARD III by Shakespeare.txt": 0.10463264628606905,
    "King Henry IV, Part 1.txt": 0.07309215580992201,
    "KING HENRY V.txt": 0.10346213235283841,
    "KING HENRY VI part I.txt": 0.04983050213261864,
    "KING HENRY VI Part II.txt": 0.021873175840676273,
    "KING HENRY VI Part III.txt": -0.04695292910849913,
    "KING HENRY VIII.txt": 0.10930433463069605,
    "KING JOHN.txt": 0.11169134651727153,
    "KING RICHARD II.txt": 0.08902645307065671,
    "KING RICHARD III.txt": 0.08721896100003979,
    "Locrine Mucedorus by Shakespeare.txt": 0.09844037160525976,
    "Love_s Labour_s Lost.txt": 0.05617743053519264,
    "MEASURE FOR MEASURE.txt": 0.09931601453618238,
    "Merchant of Venice.txt": 0.09339013337251162,
    "MUCH ADO ABOUT NOTHING.txt": 0.10759528460309248,
    "PERICLES PRINCE OF TYRE.txt": 0.08736339209555527,
    "Sir John Oldcastle by Shakespeare.txt": 0.031245287245984243,
    "Sir Thomas More by Shakespeare.txt": 0.10411490608968355,
    "Taming of the Shrew.txt": 0.10359164550412808,
    "The Comedy of Errors.txt": -0.22057345338907508,
    "THE HISTORY OF TROILUS AND CRESSIDA.txt": 0.08403460617940534,
    "The Life and Death of the Lord Cromwell by Shakespeare.txt": 0.010226448998320647,
    "THE LIFE OF TIMON OF ATHENS.txt": 0.11886468336398415,
    "The London Prodigal.txt": 0.016940631916074145,
    "The Merry Devill of Edmonton by Shakespeare.txt": 0.08275835620107347,
    "THE MERRY WIVES OF WINDSOR.txt": 0.11403149787436756,
    "The Puritaine Widdow by Shakespeare.txt": -0.004137106682777336,
    "THE RAPE OF LUCRECE.txt": -0.12599550791660563,
    "THE TAMING OF THE SHREW.txt": 0.10639976001753387,
    "THE TEMPEST.txt": -0.07176949297251645,
    "THE TRAGEDY OF ANTONY AND CLEOPATRA.txt": 0.11723369861101218,
    "THE TRAGEDY OF CORIOLANUS.txt": 0.09818261237453274,
    "THE TRAGEDY OF HAMLET PRINCE OF DENMARK.txt": -0.002396652980664715,
    "THE TRAGEDY OF JULIUS CAESAR.txt": 0.08288231504206206,
    "THE TRAGEDY OF KING LEAR.txt": 0.0815607785526104,
    "THE TRAGEDY OF MACBETH.txt": 0.08973120314811084,
    "THE TRAGEDY OF OTHELLO MOOR OF VENICE.txt": 0.1059269271965545,
    "THE TRAGEDY OF ROMEO AND JULIET.txt": -0.02655982157559278,
    "THE TRAGEDY OF TITUS ANDRONICUS.txt": 0.10902558718246325,
    "THE TWO GENTLEMEN OF VERONA.txt": 0.07343522590552715,
    "The Two Noble Kinsmen by Shakespeare.txt": 0.09455396525245902,
    "THE WINTERS TALE.txt": 0.057983343390852815,
    "Venus and Adonis.txt": -0.18654768646481001
}