{
    "A LOVERS COMPLAINT.txt": -0.1207079774583456,
    "A MIDSUMMER NIGHT_S DREAM.txt": 0.11948612385216234,
    "A Yorkshire Tragedy by Shakespeare.txt": 0.05768765254775449,
    "Arden of Feversham.txt": 0.01303210958452472,
    "AS YOU LIKE IT.txt": 0.1261900935835616,
    "CYMBELINE.txt": 0.1379725899914383,
    "Fair Em by Shakespeare.txt": 0.11013930840947839,
    "KING EDWARD III by Shakespeare.txt": 0.11759889131631329,
    "King Henry IV, Part 1.txt": 0.13334807606431526,
    "KING HENRY V.txt": 0.14874289815042552,
    "KING HENRY VI part I.txt": 0.10893852152876438,
    "KING HENRY VI Part II.txt": 0.07298565538168361,
    "KING HENRY VI Part III.txt": 0.058469688077079085,
    "KING HENRY VIII.txt": 0.12370402255536533,
    "KING JOHN.txt": 0.03326263895421283,
    "KING RICHARD II.txt": 0.1293654671216954,
    "KING RICHARD III.txt": 0.11957914304493578,
    "Locrine Mucedorus by Shakespeare.txt": 0.11629884343215618,
    "Love_s Labour_s Lost.txt": 0.1284711768391168,
    "MEASURE FOR MEASURE.txt": 0.1355931903509227,
    "Merchant of Venice.txt": 0.12578485118448834,
    "MUCH ADO ABOUT NOTHING.txt": 0.1388376105955193,
    "PERICLES PRINCE OF TYRE.txt": 0.10505030135939003,
    "Sir John Oldcastle by Shakespeare.txt": 0.10493400985763474,
    "Sir Thomas More by Shakespeare.txt": 0.13172058208787257,
    "Taming of the Shrew.txt": 0.1281046785778201,
    "The Comedy of Errors.txt": -0.06972080065144615,
    "THE HISTORY OF TROILUS AND CRESSIDA.txt": 0.13032556390943206,
    "The Life and Death of the Lord Cromwell by Shakespeare.txt": 0.08698233504179775,
    "THE LIFE OF TIMON OF ATHENS.txt": 0.13125451549127254,
    "The London Prodigal.txt": 0.12148968876585148,
    "The Merry Devill of Edmonton by Shakespeare.txt": 0.10197105692286246,
    "THE MERRY WIVES OF WINDSOR.txt": 0.13695642680449865,
    "The Puritaine Widdow by Shakespeare.txt": 0.11195715236348269,
    "THE RAPE OF LUCRECE.txt": -0.059678767472740146,
    "THE TAMING OF THE SHREW.txt": 0.1334118113781922,
    "THE TEMPEST.txt": 0.09012093129975451,
    "THE TRAGEDY OF ANTONY AND CLEOPATRA.txt": 0.13128036282993244,
    "THE TRAGEDY OF CORIOLANUS.txt": 0.13678695883143432,
    "THE TRAGEDY OF HAMLET PRINCE OF DENMARK.txt": 0.10542016340709154,
    "THE TRAGEDY OF JULIUS CAESAR.txt": 0.13847672599960414,
    "THE TRAGEDY OF KING LEAR.txt": 0.11204724472805005,
    "THE TRAGEDY OF MACBETH.txt": 0.0938867446062906,
    "THE TRAGEDY OF OTHELLO MOOR OF VENICE.txt": 0.13632278803249415,
    "THE TRAGEDY OF ROMEO AND JULIET.txt": 0.11020012794693684,
    "THE TRAGEDY OF TITUS ANDRONICUS.txt": 0.11603321794366367,
    "THE TWO GENTLEMEN OF VERONA.txt": 0.1387615766036539,
    "The Two Noble Kinsmen by Shakespeare.txt": 0.1356824391351179,
    "THE WINTERS TALE.txt": 0.13340921072317546,
    "Venus and Adonis.txt": -0.037030255420185454
}