{
    "A LOVERS COMPLAINT.txt": -0.1434155965729469,
    "A MIDSUMMER NIGHT_S DREAM.txt": 0.1254306211209606,
    "A Yorkshire Tragedy by Shakespeare.txt": 0.0744398172321954,
    "Arden of Feversham.txt": 0.005370370892987142,
    "AS YOU LIKE IT.txt": 0.12455328303803165,
    "CYMBELINE.txt": 0.11635263689501613,
    "Fair Em by Shakespeare.txt": 0.12311071464742623,
    "KING EDWARD III by Shakespeare.txt": 0.13696658668170336,
    "King Henry IV, Part 1.txt": 0.12864155764507007,
    "KING HENRY V.txt": 0.1396795211321437,
    "KING HENRY VI part I.txt": 0.12438930940208193,
    "KING HENRY VI Part II.txt": 0.11366738914519037,
    "KING HENRY VI Part III.txt": 0.07237587583640054,
    "KING HENRY VIII.txt": 0.15214340379590197,
    "KING JOHN.txt": 0.05815324228408941,
    "KING RICHARD II.txt": 0.13034073392712575,
    "KING RICHARD III.txt": 0.11106912781332334,
    "Locrine Mucedorus by Shakespeare.txt": 0.14308393741991493,
    "Love_s Labour_s Lost.txt": 0.11857014957237927,
    "MEASURE FOR MEASURE.txt": 0.15081653517658122,
    "Merchant of Venice.txt": 0.12126648678893254,
    "MUCH ADO ABOUT NOTHING.txt": 0.12854775678074598,
    "PERICLES PRINCE OF TYRE.txt": 0.12453287598353924,
    "Sir John Oldcastle by Shakespeare.txt": 0.11339527028928559,
    "Sir Thomas More by Shakespeare.txt": 0.12353110753056162,
    "Taming of the Shrew.txt": 0.12478559814094725,
    "The Comedy of Errors.txt": -0.08297123738146639,
    "THE HISTORY OF TROILUS AND CRESSIDA.txt": 0.11648663475670779,
    "The Life and Death of the Lord Cromwell by Shakespeare.txt": 0.07973827645909459,
    "THE LIFE OF TIMON OF ATHENS.txt": 0.13696776195811555,
    "The London Prodigal.txt": 0.12311121780613776,
    "The Merry Devill of Edmonton by Shakespeare.txt": 0.10476098483914748,
    "THE MERRY WIVES OF WINDSOR.txt": 0.14176592421446227,
    "The Puritaine Widdow by Shakespeare.txt": 0.1047320146402872,
    "THE RAPE OF LUCRECE.txt": -0.05650802794314469,
    "THE TAMING OF THE SHREW.txt": 0.1224310590838642,
    "THE TEMPEST.txt": 0.10255217688266804,
    "THE TRAGEDY OF ANTONY AND CLEOPATRA.txt": 0.1422965734796368,
    "THE TRAGEDY OF CORIOLANUS.txt": 0.1414727166337323,
    "THE TRAGEDY OF HAMLET PRINCE OF DENMARK.txt": 0.10364987373484325,
    "THE TRAGEDY OF JULIUS CAESAR.txt": 0.14069685864093218,
    "THE TRAGEDY OF KING LEAR.txt": 0.1376281008336015,
    "THE TRAGEDY OF MACBETH.txt": 0.09869514407567886,
    "THE TRAGEDY OF OTHELLO MOOR OF VENICE.txt": 0.15070575155666693,
    "THE TRAGEDY OF ROMEO AND JULIET.txt": 0.11252341398991306,
    "THE TRAGEDY OF TITUS ANDRONICUS.txt": 0.12942694251750547,
    "THE TWO GENTLEMEN OF VERONA.txt": 0.14832886041131654,
    "The Two Noble Kinsmen by Shakespeare.txt": 0.14848547328942963,
    "THE WINTERS TALE.txt": 0.1314684858732606,
    "Venus and Adonis.txt": -0.02592431120825489
}