{
    "A MIDSUMMER NIGHT_S DREAM.txt": 0.08306327577818684,
    "A Yorkshire Tragedy by Shakespeare.txt": -0.02377633835126647,
    "Arden of Feversham.txt": -0.11257622914161758,
    "AS YOU LIKE IT.txt": 0.10942583642218251,
    "CYMBELINE.txt": 0.09889666548890164,
    "Fair Em by Shakespeare.txt": 0.09626276219982066,
    "KING EDWARD III by Shakespeare.txt": 0.11766175751881164,
    "King Henry IV, Part 1.txt": 0.06449220599356864,
    "KING HENRY V.txt": 0.10376751312108273,
    "KING HENRY VI part I.txt": 0.03848595735666338,
    "KING HENRY VI Part II.txt": 0.012648873487154433,
    "KING HENRY VI Part III.txt": -0.051575152999446594,
    "KING HENRY VIII.txt": 0.10215376692638667,
    "KING JOHN.txt": 0.09723177032869351,
    "KING RICHARD II.txt": 0.10628922133575308,
    "KING RICHARD III.txt": 0.07372033832033148,
    "Locrine Mucedorus by Shakespeare.txt": 0.0855947615552759,
    "Love_s Labour_s Lost.txt": 0.05146403353476747,
    "MEASURE FOR MEASURE.txt": 0.10535119781251412,
    "Merchant of Venice.txt": 0.08408996312943212,
    "MUCH ADO ABOUT NOTHING.txt": 0.09901075111420576,
    "PERICLES PRINCE OF TYRE.txt": 0.10544429405122496,
    "Sir John Oldcastle by Shakespeare.txt": 0.010018917297617613,
    "Sir Thomas More by Shakespeare.txt": 0.1093112189095089,
    "Taming of the Shrew.txt": 0.11974096951753405,
    "The Comedy of Errors.txt": -0.1912826660255793,
    "THE HISTORY OF TROILUS AND CRESSIDA.txt": 0.07892886174430414,
    "The Life and Death of the Lord Cromwell by Shakespeare.txt": 0.007953072131257899,
    "THE LIFE OF TIMON OF ATHENS.txt": 0.11985051319543183,
    "The London Prodigal.txt": 0.011399287943495151,
    "The Merry Devill of Edmonton by Shakespeare.txt": 0.08744719393821787,
    "THE MERRY WIVES OF WINDSOR.txt": 0.11283687425346667,
    "The Puritaine Widdow by Shakespeare.txt": -0.01692123886076935,
    "THE RAPE OF LUCRECE.txt": -0.11564403915333776,
    "THE TAMING OF THE SHREW.txt": 0.10009547175454708,
    "THE TEMPEST.txt": -0.06516795560644817,
    "THE TRAGEDY OF ANTONY AND CLEOPATRA.txt": 0.1134420810411263,
    "THE TRAGEDY OF CORIOLANUS.txt": 0.09706968469881228,
    "THE TRAGEDY OF HAMLET PRINCE OF DENMARK.txt": -0.016169492360026627,
    "THE TRAGEDY OF JULIUS CAESAR.txt": 0.08503546078906299,
    "THE TRAGEDY OF KING LEAR.txt": 0.05656416283076143,
    "THE TRAGEDY OF MACBETH.txt": 0.08771972900397623,
    "THE TRAGEDY OF OTHELLO MOOR OF VENICE.txt": 0.10060126960290477,
    "THE TRAGEDY OF ROMEO AND JULIET.txt": -0.04834647764432953,
    "THE TRAGEDY OF TITUS ANDRONICUS.txt": 0.1005492631716744,
    "THE TWO GENTLEMEN OF VERONA.txt": 0.0832647819710377,
    "The Two Noble Kinsmen by Shakespeare.txt": 0.08478661301147933,
    "THE WINTERS TALE.txt": 0.04373915844267928,
    "Venus and Adonis.txt": -0.16359445919186433
}