{
    "A LOVERS COMPLAINT.txt": -0.020648871380119838,
    "A MIDSUMMER NIGHT_S DREAM.txt": -0.16092568082533798,
    "A Yorkshire Tragedy by Shakespeare.txt": 0.023725180637650722,
    "Arden of Feversham.txt": 0.04105627545859808,
    "AS YOU LIKE IT.txt": -0.03372633495865307,
    "CYMBELINE.txt": -0.024516262634992736,
    "Fair Em by Shakespeare.txt": 0.06202957830589978,
    "KING EDWARD III by Shakespeare.txt": 0.044826644488887346,
    "King Henry IV, Part 1.txt": 0.06650299376109053,
    "KING HENRY V.txt": 0.028281531641740854,
    "KING HENRY VI part I.txt": -0.0248482523688629,
    "KING HENRY VI Part II.txt": 0.028281531641740854,
    "KING HENRY VI Part III.txt": 0.05513152551128703,
    "KING HENRY VIII.txt": -0.03484889471284447,
    "KING JOHN.txt": -0.12283435794022235,
    "KING RICHARD II.txt": -0.0014643557524591788,
    "KING RICHARD III.txt": 0.07701504222375333,
    "Locrine Mucedorus by Shakespeare.txt": 0.08115408469537061,
    "Love_s Labour_s Lost.txt": 0.039258616369306165,
    "MEASURE FOR MEASURE.txt": 0.04347879292906065,
    "Merchant of Venice.txt": 0.01281351933101249,
    "MUCH ADO ABOUT NOTHING.txt": -0.026197309088879184,
    "PERICLES PRINCE OF TYRE.txt": 0.028281531641740854,
    "Sir John Oldcastle by Shakespeare.txt": 0.05998589331837306,
    "Sir Thomas More by Shakespeare.txt": 0.07972872700975048,
    "Taming of the Shrew.txt": 0.07972872700975048,
    "The Comedy of Errors.txt": 0.05524775051801217,
    "THE HISTORY OF TROILUS AND CRESSIDA.txt": 0.08115408469537061,
    "The Life and Death of the Lord Cromwell by Shakespeare.txt": 0.08115408469537061,
    "THE LIFE OF TIMON OF ATHENS.txt": 0.07972872700975048,
    "The London Prodigal.txt": 0.08115408469537061,
    "The Merry Devill of Edmonton by Shakespeare.txt": 0.07972872700975048,
    "THE MERRY WIVES OF WINDSOR.txt": 0.07972872700975048,
    "The Puritaine Widdow by Shakespeare.txt": 0.09200682783291869,
    "THE RAPE OF LUCRECE.txt": 0.04616575857831434,
    "THE TAMING OF THE SHREW.txt": 0.08115408469537061,
    "THE TEMPEST.txt": -0.0248482523688629,
    "THE TRAGEDY OF ANTONY AND CLEOPATRA.txt": 0.023725180637650722,
    "THE TRAGEDY OF CORIOLANUS.txt": 0.05200454552819478,
    "THE TRAGEDY OF HAMLET PRINCE OF DENMARK.txt": 0.014995173845768206,
    "THE TRAGEDY OF JULIUS CAESAR.txt": 0.0713641005740181,
    "THE TRAGEDY OF KING LEAR.txt": 0.05085487408344869,
    "THE TRAGEDY OF MACBETH.txt": 0.07535726044709834,
    "THE TRAGEDY OF OTHELLO MOOR OF VENICE.txt": 0.05524775051801217,
    "THE TRAGEDY OF ROMEO AND JULIET.txt": 0.06631717764758271,
    "THE TRAGEDY OF TITUS ANDRONICUS.txt": 0.07972872700975048,
    "THE TWO GENTLEMEN OF VERONA.txt": 0.049443373692968196,
    "The Two Noble Kinsmen by Shakespeare.txt": 0.023725180637650722,
    "THE WINTERS TALE.txt": -0.1329456701941446,
    "Venus and Adonis.txt": 0.018640987435958323
}