{
    "A LOVERS COMPLAINT.txt": -0.04306998811594387,
    "A MIDSUMMER NIGHT_S DREAM.txt": -0.1277267296748219,
    "A Yorkshire Tragedy by Shakespeare.txt": 0.032251303282159804,
    "Arden of Feversham.txt": 0.048867880630956706,
    "AS YOU LIKE IT.txt": -0.038925716888081,
    "CYMBELINE.txt": -0.02964810243985072,
    "Fair Em by Shakespeare.txt": 0.05096574747333954,
    "KING EDWARD III by Shakespeare.txt": 0.047612082163743685,
    "King Henry IV, Part 1.txt": 0.05698544142773798,
    "KING HENRY V.txt": 0.04507585521309776,
    "KING HENRY VI part I.txt": -0.030851713876489217,
    "KING HENRY VI Part II.txt": 0.04507585521309776,
    "KING HENRY VI Part III.txt": 0.06649309169349771,
    "KING HENRY VIII.txt": -0.02467095796662666,
    "KING JOHN.txt": -0.10208572346813971,
    "KING RICHARD II.txt": 0.02182626542567284,
    "KING RICHARD III.txt": 0.0785367888260386,
    "Locrine Mucedorus by Shakespeare.txt": 0.0831739397245358,
    "Love_s Labour_s Lost.txt": 0.04408948201257956,
    "MEASURE FOR MEASURE.txt": 0.060125114887007336,
    "Merchant of Venice.txt": 0.016837341364545733,
    "MUCH ADO ABOUT NOTHING.txt": -0.029053041333100715,
    "PERICLES PRINCE OF TYRE.txt": 0.04507585521309776,
    "Sir John Oldcastle by Shakespeare.txt": 0.06000369015959506,
    "Sir Thomas More by Shakespeare.txt": 0.08328465308155086,
    "Taming of the Shrew.txt": 0.08328465308155086,
    "The Comedy of Errors.txt": 0.07134004259863813,
    "THE HISTORY OF TROILUS AND CRESSIDA.txt": 0.0831739397245358,
    "The Life and Death of the Lord Cromwell by Shakespeare.txt": 0.0831739397245358,
    "THE LIFE OF TIMON OF ATHENS.txt": 0.08328465308155086,
    "The London Prodigal.txt": 0.0831739397245358,
    "The Merry Devill of Edmonton by Shakespeare.txt": 0.08328465308155086,
    "THE MERRY WIVES OF WINDSOR.txt": 0.08328465308155086,
    "The Puritaine Widdow by Shakespeare.txt": 0.07606795395974741,
    "THE RAPE OF LUCRECE.txt": 0.037895276375867815,
    "THE TAMING OF THE SHREW.txt": 0.0831739397245358,
    "THE TEMPEST.txt": -0.030851713876489217,
    "THE TRAGEDY OF ANTONY AND CLEOPATRA.txt": 0.032251303282159804,
    "THE TRAGEDY OF CORIOLANUS.txt": 0.03202633890365686,
    "THE TRAGEDY OF HAMLET PRINCE OF DENMARK.txt": 0.027796725135212697,
    "THE TRAGEDY OF JULIUS CAESAR.txt": 0.07990269690286667,
    "THE TRAGEDY OF KING LEAR.txt": 0.033440743489051794,
    "THE TRAGEDY OF MACBETH.txt": 0.06904377008318646,
    "THE TRAGEDY OF OTHELLO MOOR OF VENICE.txt": 0.07134004259863813,
    "THE TRAGEDY OF ROMEO AND JULIET.txt": 0.07345684708036154,
    "THE TRAGEDY OF TITUS ANDRONICUS.txt": 0.08328465308155086,
    "THE TWO GENTLEMEN OF VERONA.txt": 0.03362975618401187,
    "The Two Noble Kinsmen by Shakespeare.txt": 0.032251303282159804,
    "THE WINTERS TALE.txt": -0.12196704567498706,
    "Venus and Adonis.txt": 0.01822189982390693
}