{
    "A MIDSUMMER NIGHT_S DREAM.txt": -0.01669983707308531,
    "A Yorkshire Tragedy by Shakespeare.txt": 0.0029359984331235323,
    "Arden of Feversham.txt": 0.03962781735554799,
    "AS YOU LIKE IT.txt": -0.012384325170364696,
    "CYMBELINE.txt": -0.0140347628262103,
    "Fair Em by Shakespeare.txt": 0.010933598130084543,
    "KING EDWARD III by Shakespeare.txt": 0.05344719059745262,
    "King Henry IV, Part 1.txt": 0.07499011055812965,
    "KING HENRY V.txt": 0.08829444466724029,
    "KING HENRY VI part I.txt": 0.0029359984331235323,
    "KING HENRY VI Part II.txt": 0.10945283990957738,
    "KING HENRY VI Part III.txt": 0.10833483073217848,
    "KING HENRY VIII.txt": -0.030424410456793782,
    "KING JOHN.txt": -0.18173641025802878,
    "KING RICHARD II.txt": 0.07141752012568969,
    "KING RICHARD III.txt": 0.11081566295813583,
    "Locrine Mucedorus by Shakespeare.txt": 0.09032286804586642,
    "Love_s Labour_s Lost.txt": 0.07600576874614806,
    "MEASURE FOR MEASURE.txt": 0.08330654630057521,
    "Merchant of Venice.txt": 0.01034237036173613,
    "MUCH ADO ABOUT NOTHING.txt": 0.09000432954766618,
    "PERICLES PRINCE OF TYRE.txt": 0.10821471980851494,
    "Sir John Oldcastle by Shakespeare.txt": 0.07980640123766203,
    "Sir Thomas More by Shakespeare.txt": 0.09305304076042104,
    "Taming of the Shrew.txt": 0.09948750283448271,
    "The Comedy of Errors.txt": 0.09537002888075485,
    "THE HISTORY OF TROILUS AND CRESSIDA.txt": 0.09301250897615304,
    "The Life and Death of the Lord Cromwell by Shakespeare.txt": 0.08058953218431653,
    "THE LIFE OF TIMON OF ATHENS.txt": 0.07953688731750291,
    "The London Prodigal.txt": 0.0978404071206343,
    "The Merry Devill of Edmonton by Shakespeare.txt": 0.08480757878571282,
    "THE MERRY WIVES OF WINDSOR.txt": 0.047405228689524015,
    "The Puritaine Widdow by Shakespeare.txt": 0.09030832803203043,
    "THE RAPE OF LUCRECE.txt": 0.10080070672188363,
    "THE TAMING OF THE SHREW.txt": 0.04611312752703395,
    "THE TEMPEST.txt": 0.0029359984331235323,
    "THE TRAGEDY OF ANTONY AND CLEOPATRA.txt": 0.08103433023003054,
    "THE TRAGEDY OF CORIOLANUS.txt": 0.09792929378071341,
    "THE TRAGEDY OF HAMLET PRINCE OF DENMARK.txt": 0.0944176719339535,
    "THE TRAGEDY OF JULIUS CAESAR.txt": 0.0631912819777159,
    "THE TRAGEDY OF KING LEAR.txt": 0.111832366914486,
    "THE TRAGEDY OF MACBETH.txt": 0.09320976717210933,
    "THE TRAGEDY OF OTHELLO MOOR OF VENICE.txt": 0.10536243382982563,
    "THE TRAGEDY OF ROMEO AND JULIET.txt": 0.023023000262460513,
    "THE TRAGEDY OF TITUS ANDRONICUS.txt": 0.09508521139696319,
    "THE TWO GENTLEMEN OF VERONA.txt": 0.1067495335595392,
    "The Two Noble Kinsmen by Shakespeare.txt": 0.08103433023003054,
    "THE WINTERS TALE.txt": -0.14302386148757362,
    "Venus and Adonis.txt": 0.08280430004974948
}