{
    "A LOVERS COMPLAINT.txt": -0.010909319271592333,
    "A MIDSUMMER NIGHT_S DREAM.txt": -0.1369106954589091,
    "A Yorkshire Tragedy by Shakespeare.txt": 0.04244776454439575,
    "Arden of Feversham.txt": 0.0344314306544064,
    "AS YOU LIKE IT.txt": -0.025952386813687278,
    "CYMBELINE.txt": -0.012753180639909045,
    "Fair Em by Shakespeare.txt": 0.05850035407340315,
    "KING EDWARD III by Shakespeare.txt": 0.05933243804835331,
    "King Henry IV, Part 1.txt": 0.06799039750654212,
    "KING HENRY V.txt": 0.02033434355005187,
    "KING HENRY VI part I.txt": -0.008533622088942705,
    "KING HENRY VI Part II.txt": 0.02033434355005187,
    "KING HENRY VI Part III.txt": 0.05958645493856052,
    "KING HENRY VIII.txt": -0.019420274301978235,
    "KING JOHN.txt": -0.12818254556054887,
    "KING RICHARD II.txt": -0.011192242772493866,
    "KING RICHARD III.txt": 0.07048850527853773,
    "Locrine Mucedorus by Shakespeare.txt": 0.07899367869942547,
    "Love_s Labour_s Lost.txt": 0.03676020022010568,
    "MEASURE FOR MEASURE.txt": 0.06494076616620459,
    "Merchant of Venice.txt": -0.0037619206013264073,
    "MUCH ADO ABOUT NOTHING.txt": -0.004485329897112367,
    "PERICLES PRINCE OF TYRE.txt": 0.02033434355005187,
    "Sir John Oldcastle by Shakespeare.txt": 0.06887880602724716,
    "Sir Thomas More by Shakespeare.txt": 0.08708060561053865,
    "Taming of the Shrew.txt": 0.08708060561053865,
    "The Comedy of Errors.txt": 0.07186366379746228,
    "THE HISTORY OF TROILUS AND CRESSIDA.txt": 0.07899367869942547,
    "The Life and Death of the Lord Cromwell by Shakespeare.txt": 0.07899367869942547,
    "THE LIFE OF TIMON OF ATHENS.txt": 0.08708060561053865,
    "The London Prodigal.txt": 0.07899367869942547,
    "The Merry Devill of Edmonton by Shakespeare.txt": 0.08708060561053865,
    "THE MERRY WIVES OF WINDSOR.txt": 0.08708060561053865,
    "The Puritaine Widdow by Shakespeare.txt": 0.07495326737177671,
    "THE RAPE OF LUCRECE.txt": 0.029286723119732683,
    "THE TAMING OF THE SHREW.txt": 0.07899367869942547,
    "THE TEMPEST.txt": -0.008533622088942705,
    "THE TRAGEDY OF ANTONY AND CLEOPATRA.txt": 0.04244776454439575,
    "THE TRAGEDY OF CORIOLANUS.txt": 0.05715682153341595,
    "THE TRAGEDY OF HAMLET PRINCE OF DENMARK.txt": -0.003669902101223088,
    "THE TRAGEDY OF JULIUS CAESAR.txt": 0.0834907099718028,
    "THE TRAGEDY OF KING LEAR.txt": 0.05803571988820677,
    "THE TRAGEDY OF MACBETH.txt": 0.06780306085681892,
    "THE TRAGEDY OF OTHELLO MOOR OF VENICE.txt": 0.07186366379746228,
    "THE TRAGEDY OF ROMEO AND JULIET.txt": 0.053541804907314194,
    "THE TRAGEDY OF TITUS ANDRONICUS.txt": 0.08708060561053865,
    "THE TWO GENTLEMEN OF VERONA.txt": 0.05345251593880629,
    "The Two Noble Kinsmen by Shakespeare.txt": 0.04244776454439575,
    "THE WINTERS TALE.txt": -0.12352775725996457,
    "Venus and Adonis.txt": 0.03601416027358101
}