{
    "A LOVERS COMPLAINT.txt": -0.012508440058926484,
    "A MIDSUMMER NIGHT_S DREAM.txt": -0.1553777955290223,
    "A Yorkshire Tragedy by Shakespeare.txt": 0.01706691647273706,
    "Arden of Feversham.txt": 0.04788646456636669,
    "AS YOU LIKE IT.txt": -0.04569514230691374,
    "CYMBELINE.txt": -0.01421959339211909,
    "Fair Em by Shakespeare.txt": 0.03502819323421397,
    "KING EDWARD III by Shakespeare.txt": 0.06231652695396139,
    "King Henry IV, Part 1.txt": 0.04005245745004682,
    "KING HENRY V.txt": 0.04400084415543437,
    "KING HENRY VI part I.txt": -0.02918648905754928,
    "KING HENRY VI Part II.txt": 0.04400084415543437,
    "KING HENRY VI Part III.txt": 0.07223146676178754,
    "KING HENRY VIII.txt": -0.035959368720208995,
    "KING JOHN.txt": -0.11872519913515656,
    "KING RICHARD II.txt": 0.00436558305571666,
    "KING RICHARD III.txt": 0.07723173282522477,
    "Locrine Mucedorus by Shakespeare.txt": 0.08756393986010924,
    "Love_s Labour_s Lost.txt": 0.03926318762311265,
    "MEASURE FOR MEASURE.txt": 0.05399580307367419,
    "Merchant of Venice.txt": 0.030406291195773982,
    "MUCH ADO ABOUT NOTHING.txt": -0.013815322985011314,
    "PERICLES PRINCE OF TYRE.txt": 0.04400084415543437,
    "Sir John Oldcastle by Shakespeare.txt": 0.07410774435440193,
    "Sir Thomas More by Shakespeare.txt": 0.09341096691391654,
    "Taming of the Shrew.txt": 0.09341096691391654,
    "The Comedy of Errors.txt": 0.06549363580700579,
    "THE HISTORY OF TROILUS AND CRESSIDA.txt": 0.08756393986010924,
    "The Life and Death of the Lord Cromwell by Shakespeare.txt": 0.08756393986010924,
    "THE LIFE OF TIMON OF ATHENS.txt": 0.09341096691391654,
    "The London Prodigal.txt": 0.08756393986010924,
    "The Merry Devill of Edmonton by Shakespeare.txt": 0.09341096691391654,
    "THE MERRY WIVES OF WINDSOR.txt": 0.09341096691391654,
    "The Puritaine Widdow by Shakespeare.txt": 0.08523491455634497,
    "THE RAPE OF LUCRECE.txt": 0.04852356341464836,
    "THE TAMING OF THE SHREW.txt": 0.08756393986010924,
    "THE TEMPEST.txt": -0.02918648905754928,
    "THE TRAGEDY OF ANTONY AND CLEOPATRA.txt": 0.01706691647273706,
    "THE TRAGEDY OF CORIOLANUS.txt": 0.057514809147298396,
    "THE TRAGEDY OF HAMLET PRINCE OF DENMARK.txt": 0.03473945924378058,
    "THE TRAGEDY OF JULIUS CAESAR.txt": 0.07381356343497963,
    "THE TRAGEDY OF KING LEAR.txt": 0.05788897938169496,
    "THE TRAGEDY OF MACBETH.txt": 0.07321479227056726,
    "THE TRAGEDY OF OTHELLO MOOR OF VENICE.txt": 0.06549363580700579,
    "THE TRAGEDY OF ROMEO AND JULIET.txt": 0.06658631580298513,
    "THE TRAGEDY OF TITUS ANDRONICUS.txt": 0.09341096691391654,
    "THE TWO GENTLEMEN OF VERONA.txt": 0.0246619339019597,
    "The Two Noble Kinsmen by Shakespeare.txt": 0.01706691647273706,
    "THE WINTERS TALE.txt": -0.10329859854173318,
    "Venus and Adonis.txt": 0.04370338531121726
}