{
    "A MIDSUMMER NIGHT_S DREAM.txt": -0.03555455235893701,
    "A Yorkshire Tragedy by Shakespeare.txt": 0.01966692062373865,
    "Arden of Feversham.txt": 0.025647156224243794,
    "AS YOU LIKE IT.txt": -0.03594692302763414,
    "CYMBELINE.txt": -0.023164013489202273,
    "Fair Em by Shakespeare.txt": -0.0032450841665317975,
    "KING EDWARD III by Shakespeare.txt": 0.04296633817746359,
    "King Henry IV, Part 1.txt": 0.07435815251914352,
    "KING HENRY V.txt": 0.11736090328845211,
    "KING HENRY VI part I.txt": 0.01966692062373865,
    "KING HENRY VI Part II.txt": 0.10631790722020934,
    "KING HENRY VI Part III.txt": 0.09563846674459175,
    "KING HENRY VIII.txt": -0.017637965082148654,
    "KING JOHN.txt": -0.14691894186040355,
    "KING RICHARD II.txt": 0.05189750195748205,
    "KING RICHARD III.txt": 0.08931758442797466,
    "Locrine Mucedorus by Shakespeare.txt": 0.10317927708618363,
    "Love_s Labour_s Lost.txt": 0.07253004609712355,
    "MEASURE FOR MEASURE.txt": 0.08533491592943493,
    "Merchant of Venice.txt": 0.005748494853469066,
    "MUCH ADO ABOUT NOTHING.txt": 0.08332587307668121,
    "PERICLES PRINCE OF TYRE.txt": 0.11023939891916973,
    "Sir John Oldcastle by Shakespeare.txt": 0.0711675087713502,
    "Sir Thomas More by Shakespeare.txt": 0.09336525260919104,
    "Taming of the Shrew.txt": 0.10372594130287072,
    "The Comedy of Errors.txt": 0.09904325951177889,
    "THE HISTORY OF TROILUS AND CRESSIDA.txt": 0.09093287241284354,
    "The Life and Death of the Lord Cromwell by Shakespeare.txt": 0.09535047282728987,
    "THE LIFE OF TIMON OF ATHENS.txt": 0.09639854779696228,
    "The London Prodigal.txt": 0.09364046842953844,
    "The Merry Devill of Edmonton by Shakespeare.txt": 0.07336967759644325,
    "THE MERRY WIVES OF WINDSOR.txt": 0.03196544875806456,
    "The Puritaine Widdow by Shakespeare.txt": 0.09288385720877446,
    "THE RAPE OF LUCRECE.txt": 0.08617753322953542,
    "THE TAMING OF THE SHREW.txt": 0.05913757114774787,
    "THE TEMPEST.txt": 0.01966692062373865,
    "THE TRAGEDY OF ANTONY AND CLEOPATRA.txt": 0.07611646009993595,
    "THE TRAGEDY OF CORIOLANUS.txt": 0.07279089881726514,
    "THE TRAGEDY OF HAMLET PRINCE OF DENMARK.txt": 0.07022696580456039,
    "THE TRAGEDY OF JULIUS CAESAR.txt": 0.0670097221316901,
    "THE TRAGEDY OF KING LEAR.txt": 0.10766084911263701,
    "THE TRAGEDY OF MACBETH.txt": 0.09222920173326177,
    "THE TRAGEDY OF OTHELLO MOOR OF VENICE.txt": 0.11145132326747215,
    "THE TRAGEDY OF ROMEO AND JULIET.txt": -0.008094556962054189,
    "THE TRAGEDY OF TITUS ANDRONICUS.txt": 0.09974475485396755,
    "THE TWO GENTLEMEN OF VERONA.txt": 0.07126113858172567,
    "The Two Noble Kinsmen by Shakespeare.txt": 0.07611646009993595,
    "THE WINTERS TALE.txt": -0.14201536451564434,
    "Venus and Adonis.txt": 0.08450558317106266
}