{
    "A LOVERS COMPLAINT.txt": -0.02662972952089837,
    "A MIDSUMMER NIGHT_S DREAM.txt": 0.0019602380025274813,
    "A Yorkshire Tragedy by Shakespeare.txt": 0.07813688754519277,
    "Arden of Feversham.txt": 0.08334918143321185,
    "AS YOU LIKE IT.txt": -0.027413075917122165,
    "CYMBELINE.txt": 0.10759906435503075,
    "Fair Em by Shakespeare.txt": 0.09338982925770634,
    "KING EDWARD III by Shakespeare.txt": 0.09501642779496794,
    "King Henry IV, Part 1.txt": 0.039593789025780424,
    "KING HENRY V.txt": -0.20372933247998992,
    "KING HENRY VI part I.txt": -0.004009562067804118,
    "KING HENRY VI Part II.txt": 0.1041100247272429,
    "KING HENRY VI Part III.txt": 0.10128283816747935,
    "KING HENRY VIII.txt": 0.06027213795425601,
    "KING JOHN.txt": 0.042315557671824156,
    "KING RICHARD II.txt": 0.09703970663189404,
    "KING RICHARD III.txt": -0.008142819995069828,
    "Locrine Mucedorus by Shakespeare.txt": 0.10326962372092502,
    "Love_s Labour_s Lost.txt": -0.01293046220768479,
    "MEASURE FOR MEASURE.txt": 0.09185966637683851,
    "Merchant of Venice.txt": 0.10182068707275305,
    "MUCH ADO ABOUT NOTHING.txt": -0.013957511251502241,
    "PERICLES PRINCE OF TYRE.txt": 0.105772431653676,
    "Sir John Oldcastle by Shakespeare.txt": 0.12575858454663147,
    "Sir Thomas More by Shakespeare.txt": 0.11319947199037339,
    "Taming of the Shrew.txt": 0.08647043111750924,
    "The Comedy of Errors.txt": 0.09928058845899701,
    "THE HISTORY OF TROILUS AND CRESSIDA.txt": 0.028535812370285962,
    "The Life and Death of the Lord Cromwell by Shakespeare.txt": 0.10980069281636479,
    "THE LIFE OF TIMON OF ATHENS.txt": 0.07938666794920624,
    "The London Prodigal.txt": 0.1103602947776608,
    "The Merry Devill of Edmonton by Shakespeare.txt": 0.1205411873692776,
    "THE MERRY WIVES OF WINDSOR.txt": 0.08149070234602118,
    "The Puritaine Widdow by Shakespeare.txt": 0.12497655875523661,
    "THE RAPE OF LUCRECE.txt": 0.08134517387432372,
    "THE TAMING OF THE SHREW.txt": 0.0988686070662868,
    "THE TEMPEST.txt": 0.11307542587318081,
    "THE TRAGEDY OF ANTONY AND CLEOPATRA.txt": 0.08732977043717055,
    "THE TRAGEDY OF CORIOLANUS.txt": 0.1156960390779862,
    "THE TRAGEDY OF HAMLET PRINCE OF DENMARK.txt": 0.06832424367023338,
    "THE TRAGEDY OF JULIUS CAESAR.txt": 0.09813453593083893,
    "THE TRAGEDY OF KING LEAR.txt": 0.09031964758158034,
    "THE TRAGEDY OF MACBETH.txt": 0.07775844179418784,
    "THE TRAGEDY OF OTHELLO MOOR OF VENICE.txt": 0.062055028790995725,
    "THE TRAGEDY OF ROMEO AND JULIET.txt": 0.08052669522575573,
    "THE TRAGEDY OF TITUS ANDRONICUS.txt": 0.1055386527843129,
    "THE TWO GENTLEMEN OF VERONA.txt": 0.12379397114790924,
    "The Two Noble Kinsmen by Shakespeare.txt": 0.09064892743625219,
    "THE WINTERS TALE.txt": 0.11152194602353388,
    "Venus and Adonis.txt": -0.07285776383985065
}