{
    "A LOVERS COMPLAINT.txt": -0.037774855923004114,
    "A MIDSUMMER NIGHT_S DREAM.txt": 0.036015078882865814,
    "A Yorkshire Tragedy by Shakespeare.txt": 0.01536928178150987,
    "Arden of Feversham.txt": 0.11263222153881969,
    "AS YOU LIKE IT.txt": 0.10740474028522118,
    "CYMBELINE.txt": 0.11973253807334039,
    "Fair Em by Shakespeare.txt": 0.020123018408181148,
    "KING EDWARD III by Shakespeare.txt": 0.10091707193529686,
    "King Henry IV, Part 1.txt": 0.07691940850334161,
    "KING HENRY V.txt": 0.11075665618600594,
    "KING HENRY VI part I.txt": -0.08125089535065866,
    "KING HENRY VI Part II.txt": 0.11084469181225998,
    "KING HENRY VI Part III.txt": -0.16974931220645129,
    "KING HENRY VIII.txt": 0.09729984932212987,
    "KING JOHN.txt": 0.07238702434247823,
    "KING RICHARD II.txt": 0.09946004600989827,
    "KING RICHARD III.txt": 0.08570884696596082,
    "Locrine Mucedorus by Shakespeare.txt": 0.003396437657044782,
    "Love_s Labour_s Lost.txt": 0.11752127670251505,
    "MEASURE FOR MEASURE.txt": 0.08613171603185998,
    "Merchant of Venice.txt": 0.09740694362695773,
    "MUCH ADO ABOUT NOTHING.txt": 0.09633896332207414,
    "PERICLES PRINCE OF TYRE.txt": 0.10861984508836148,
    "Sir John Oldcastle by Shakespeare.txt": 0.11393471151924112,
    "Sir Thomas More by Shakespeare.txt": 0.10380712707071998,
    "Taming of the Shrew.txt": -0.03173092419740864,
    "The Comedy of Errors.txt": 0.10202405138388704,
    "THE HISTORY OF TROILUS AND CRESSIDA.txt": 0.11892338067936642,
    "The Life and Death of the Lord Cromwell by Shakespeare.txt": 0.11693655126292102,
    "THE LIFE OF TIMON OF ATHENS.txt": 0.10907799580206462,
    "The London Prodigal.txt": 0.09182533274513421,
    "The Merry Devill of Edmonton by Shakespeare.txt": 0.10790325205884554,
    "THE MERRY WIVES OF WINDSOR.txt": 0.1038865366809556,
    "The Puritaine Widdow by Shakespeare.txt": 0.11002338941047285,
    "THE RAPE OF LUCRECE.txt": 0.08125810488810625,
    "THE TAMING OF THE SHREW.txt": 0.05797349383834571,
    "THE TEMPEST.txt": -0.058742597333803825,
    "THE TRAGEDY OF ANTONY AND CLEOPATRA.txt": 0.115983446217516,
    "THE TRAGEDY OF CORIOLANUS.txt": 0.0591106327199209,
    "THE TRAGEDY OF HAMLET PRINCE OF DENMARK.txt": 0.08558401426571954,
    "THE TRAGEDY OF JULIUS CAESAR.txt": 0.12910751637884876,
    "THE TRAGEDY OF KING LEAR.txt": 0.0992105358510933,
    "THE TRAGEDY OF MACBETH.txt": 0.08376580397076305,
    "THE TRAGEDY OF OTHELLO MOOR OF VENICE.txt": 0.019193495432024255,
    "THE TRAGEDY OF ROMEO AND JULIET.txt": 0.12136748999973129,
    "THE TRAGEDY OF TITUS ANDRONICUS.txt": 0.0939913715937663,
    "THE TWO GENTLEMEN OF VERONA.txt": 0.10131879205749894,
    "The Two Noble Kinsmen by Shakespeare.txt": 0.09368199506559327,
    "THE WINTERS TALE.txt": 0.11398040660488806,
    "Venus and Adonis.txt": 0.01991500674384694
}