{
    "A MIDSUMMER NIGHT_S DREAM.txt": 0.08523741855432376,
    "A Yorkshire Tragedy by Shakespeare.txt": 0.08580485573329116,
    "Arden of Feversham.txt": 0.09219209692083491,
    "AS YOU LIKE IT.txt": 0.06443880660253182,
    "CYMBELINE.txt": 0.09181523504794009,
    "Fair Em by Shakespeare.txt": 0.06738597863824441,
    "KING EDWARD III by Shakespeare.txt": 0.05648826734245249,
    "King Henry IV, Part 1.txt": 0.084746923161713,
    "KING HENRY V.txt": 0.09590035083113868,
    "KING HENRY VI part I.txt": 0.02852360715057023,
    "KING HENRY VI Part II.txt": 0.062082040558676,
    "KING HENRY VI Part III.txt": 0.09372850833374524,
    "KING HENRY VIII.txt": 0.061989073794167515,
    "KING JOHN.txt": 0.06994400457110017,
    "KING RICHARD II.txt": 0.07278819548764454,
    "KING RICHARD III.txt": 0.018951935683644228,
    "Locrine Mucedorus by Shakespeare.txt": 0.08315925021315296,
    "Love_s Labour_s Lost.txt": 0.06545651501293936,
    "MEASURE FOR MEASURE.txt": 0.051134774465737054,
    "Merchant of Venice.txt": 0.0846931107243939,
    "MUCH ADO ABOUT NOTHING.txt": 0.08333762998575317,
    "PERICLES PRINCE OF TYRE.txt": 0.07200656645306752,
    "Sir John Oldcastle by Shakespeare.txt": 0.07924266334863561,
    "Sir Thomas More by Shakespeare.txt": 0.08142129024225536,
    "Taming of the Shrew.txt": 0.07741202917519202,
    "The Comedy of Errors.txt": 0.10201058024156562,
    "THE HISTORY OF TROILUS AND CRESSIDA.txt": 0.08560747586173334,
    "The Life and Death of the Lord Cromwell by Shakespeare.txt": 0.06150106415832557,
    "THE LIFE OF TIMON OF ATHENS.txt": 0.0636005448396828,
    "The London Prodigal.txt": 0.0944576915385989,
    "The Merry Devill of Edmonton by Shakespeare.txt": 0.0787100154010823,
    "THE MERRY WIVES OF WINDSOR.txt": -0.10191018413636255,
    "The Puritaine Widdow by Shakespeare.txt": 0.07470336384236326,
    "THE RAPE OF LUCRECE.txt": -0.06483871811307595,
    "THE TAMING OF THE SHREW.txt": 0.08597646453340091,
    "THE TEMPEST.txt": 0.07425831993804316,
    "THE TRAGEDY OF ANTONY AND CLEOPATRA.txt": 0.0916331297793393,
    "THE TRAGEDY OF CORIOLANUS.txt": 0.09904281342135385,
    "THE TRAGEDY OF HAMLET PRINCE OF DENMARK.txt": 0.09190981804187875,
    "THE TRAGEDY OF JULIUS CAESAR.txt": 0.08997781607376715,
    "THE TRAGEDY OF KING LEAR.txt": 0.048817790164566166,
    "THE TRAGEDY OF MACBETH.txt": 0.0920941583944308,
    "THE TRAGEDY OF OTHELLO MOOR OF VENICE.txt": 0.006764385930054573,
    "THE TRAGEDY OF ROMEO AND JULIET.txt": 0.10957436256657394,
    "THE TRAGEDY OF TITUS ANDRONICUS.txt": 0.09643432961102527,
    "THE TWO GENTLEMEN OF VERONA.txt": 0.09071363707386515,
    "The Two Noble Kinsmen by Shakespeare.txt": 0.056766081771525645,
    "THE WINTERS TALE.txt": 0.08535745732016037,
    "Venus and Adonis.txt": -0.2265344637242931
}