{
    "A LOVERS COMPLAINT.txt": -0.027418375677571438,
    "A MIDSUMMER NIGHT_S DREAM.txt": -0.05428803631204693,
    "A Yorkshire Tragedy by Shakespeare.txt": 0.028289324378838854,
    "Arden of Feversham.txt": 0.1160374663486553,
    "AS YOU LIKE IT.txt": 0.11072846776379885,
    "CYMBELINE.txt": 0.07862536691200595,
    "Fair Em by Shakespeare.txt": 0.04915825416924996,
    "KING EDWARD III by Shakespeare.txt": 0.08197622267564009,
    "King Henry IV, Part 1.txt": 0.0987352280609341,
    "KING HENRY V.txt": 0.08665195204774578,
    "KING HENRY VI part I.txt": 0.09857898399074416,
    "KING HENRY VI Part II.txt": 0.11481030005058285,
    "KING HENRY VI Part III.txt": 0.10435232838744857,
    "KING HENRY VIII.txt": 0.07717790560707205,
    "KING JOHN.txt": 0.08202501807895968,
    "KING RICHARD II.txt": 0.10310823351247766,
    "KING RICHARD III.txt": 0.0016115409936930947,
    "Locrine Mucedorus by Shakespeare.txt": 0.11245318431812157,
    "Love_s Labour_s Lost.txt": 0.10750185722925465,
    "MEASURE FOR MEASURE.txt": 0.11007333324053725,
    "Merchant of Venice.txt": 0.10099668546356355,
    "MUCH ADO ABOUT NOTHING.txt": 0.08473115792207203,
    "PERICLES PRINCE OF TYRE.txt": 0.09606499719094336,
    "Sir John Oldcastle by Shakespeare.txt": 0.0917960714219484,
    "Sir Thomas More by Shakespeare.txt": 0.09525475787904425,
    "Taming of the Shrew.txt": 0.09793097907883591,
    "The Comedy of Errors.txt": 0.11330458876221028,
    "THE HISTORY OF TROILUS AND CRESSIDA.txt": 0.09261789809325977,
    "The Life and Death of the Lord Cromwell by Shakespeare.txt": 0.07016561070373128,
    "THE LIFE OF TIMON OF ATHENS.txt": 0.07690252292295763,
    "The London Prodigal.txt": 0.0847523717380474,
    "The Merry Devill of Edmonton by Shakespeare.txt": 0.11216003839440292,
    "THE MERRY WIVES OF WINDSOR.txt": 0.08017537343273107,
    "The Puritaine Widdow by Shakespeare.txt": 0.07156169473856105,
    "THE RAPE OF LUCRECE.txt": 0.10058344332645058,
    "THE TAMING OF THE SHREW.txt": 0.08204313189554707,
    "THE TEMPEST.txt": -0.029065688892406794,
    "THE TRAGEDY OF ANTONY AND CLEOPATRA.txt": 0.10481535980370604,
    "THE TRAGEDY OF CORIOLANUS.txt": 0.1103629616494774,
    "THE TRAGEDY OF HAMLET PRINCE OF DENMARK.txt": 0.0901828269766084,
    "THE TRAGEDY OF JULIUS CAESAR.txt": 0.1070716314476522,
    "THE TRAGEDY OF KING LEAR.txt": 0.08903884755256031,
    "THE TRAGEDY OF MACBETH.txt": 0.07839090191666209,
    "THE TRAGEDY OF OTHELLO MOOR OF VENICE.txt": 0.10768422037841319,
    "THE TRAGEDY OF ROMEO AND JULIET.txt": 0.0946754098820537,
    "THE TRAGEDY OF TITUS ANDRONICUS.txt": 0.10035560243224612,
    "THE TWO GENTLEMEN OF VERONA.txt": 0.07964934622851805,
    "The Two Noble Kinsmen by Shakespeare.txt": 0.09226133815376897,
    "THE WINTERS TALE.txt": 0.1037575016929711,
    "Venus and Adonis.txt": 0.02900818371423408
}