{
    "A MIDSUMMER NIGHT_S DREAM.txt": 0.08387939426998281,
    "A Yorkshire Tragedy by Shakespeare.txt": 0.07310004134308357,
    "Arden of Feversham.txt": 0.09491124516461724,
    "AS YOU LIKE IT.txt": 0.08203643195805382,
    "CYMBELINE.txt": 0.07133998389846175,
    "Fair Em by Shakespeare.txt": 0.0754841228576753,
    "KING EDWARD III by Shakespeare.txt": 0.06691409320831887,
    "King Henry IV, Part 1.txt": 0.07912728016417325,
    "KING HENRY V.txt": 0.07269858036629384,
    "KING HENRY VI part I.txt": 0.03293085920091832,
    "KING HENRY VI Part II.txt": 0.07066487455118359,
    "KING HENRY VI Part III.txt": 0.09883320932787243,
    "KING HENRY VIII.txt": 0.04419491035087597,
    "KING JOHN.txt": 0.045842606781160866,
    "KING RICHARD II.txt": 0.037489397613171827,
    "KING RICHARD III.txt": 0.026810936113285833,
    "Locrine Mucedorus by Shakespeare.txt": 0.07320981764547191,
    "Love_s Labour_s Lost.txt": 0.0712002461772881,
    "MEASURE FOR MEASURE.txt": 0.0874777910322101,
    "Merchant of Venice.txt": 0.09080042721555603,
    "MUCH ADO ABOUT NOTHING.txt": 0.09602967593102807,
    "PERICLES PRINCE OF TYRE.txt": 0.09732929654287997,
    "Sir John Oldcastle by Shakespeare.txt": 0.08005823240236554,
    "Sir Thomas More by Shakespeare.txt": 0.09690377357706159,
    "Taming of the Shrew.txt": 0.09186726992013927,
    "The Comedy of Errors.txt": 0.10115896173658051,
    "THE HISTORY OF TROILUS AND CRESSIDA.txt": 0.09081369150762203,
    "The Life and Death of the Lord Cromwell by Shakespeare.txt": 0.055412156213602404,
    "THE LIFE OF TIMON OF ATHENS.txt": 0.06587977542369372,
    "The London Prodigal.txt": 0.08937714845176875,
    "The Merry Devill of Edmonton by Shakespeare.txt": 0.09783768472598409,
    "THE MERRY WIVES OF WINDSOR.txt": -0.08905947042170614,
    "The Puritaine Widdow by Shakespeare.txt": 0.06760656914871649,
    "THE RAPE OF LUCRECE.txt": -0.05447859955872769,
    "THE TAMING OF THE SHREW.txt": 0.09348434142015905,
    "THE TEMPEST.txt": 0.07226977873769214,
    "THE TRAGEDY OF ANTONY AND CLEOPATRA.txt": 0.11033793275533971,
    "THE TRAGEDY OF CORIOLANUS.txt": 0.10666028043503317,
    "THE TRAGEDY OF HAMLET PRINCE OF DENMARK.txt": 0.09153049851065609,
    "THE TRAGEDY OF JULIUS CAESAR.txt": 0.08167677048134186,
    "THE TRAGEDY OF KING LEAR.txt": 0.06628484387602734,
    "THE TRAGEDY OF MACBETH.txt": 0.06172343239435535,
    "THE TRAGEDY OF OTHELLO MOOR OF VENICE.txt": 0.00013003354660579003,
    "THE TRAGEDY OF ROMEO AND JULIET.txt": 0.11220382550205726,
    "THE TRAGEDY OF TITUS ANDRONICUS.txt": 0.09395587091684693,
    "THE TWO GENTLEMEN OF VERONA.txt": 0.08164515083209117,
    "The Two Noble Kinsmen by Shakespeare.txt": 0.06265724312521698,
    "THE WINTERS TALE.txt": 0.07100062444246164,
    "Venus and Adonis.txt": -0.22323327496168444
}