{
    "A LOVERS COMPLAINT.txt": -0.1525446516634833,
    "A MIDSUMMER NIGHT_S DREAM.txt": 0.13168647413227624,
    "A Yorkshire Tragedy by Shakespeare.txt": 0.08266814955051316,
    "Arden of Feversham.txt": 0.12597696440460365,
    "AS YOU LIKE IT.txt": 0.10522908565537203,
    "CYMBELINE.txt": 0.11431058147180218,
    "Fair Em by Shakespeare.txt": 0.05853434641768934,
    "KING EDWARD III by Shakespeare.txt": 0.1167489887504089,
    "King Henry IV, Part 1.txt": 0.13878051101612343,
    "KING HENRY V.txt": 0.10614304893813564,
    "KING HENRY VI part I.txt": 0.030232953957568587,
    "KING HENRY VI Part II.txt": 0.12551868201416888,
    "KING HENRY VI Part III.txt": 0.12176725397858329,
    "KING HENRY VIII.txt": 0.10567142488327236,
    "KING JOHN.txt": 0.13518148908077116,
    "KING RICHARD II.txt": 0.11161617230852489,
    "KING RICHARD III.txt": 0.08068658236155368,
    "Locrine Mucedorus by Shakespeare.txt": 0.12979750213348407,
    "Love_s Labour_s Lost.txt": 0.11353459118092601,
    "MEASURE FOR MEASURE.txt": 0.12114505214888738,
    "Merchant of Venice.txt": 0.1470051598007428,
    "MUCH ADO ABOUT NOTHING.txt": 0.09265411290443115,
    "PERICLES PRINCE OF TYRE.txt": 0.07428703270352005,
    "Sir John Oldcastle by Shakespeare.txt": 0.05499108821001725,
    "Sir Thomas More by Shakespeare.txt": 0.06462586125316966,
    "Taming of the Shrew.txt": 0.11089185587709388,
    "The Comedy of Errors.txt": 0.11115083216314503,
    "THE HISTORY OF TROILUS AND CRESSIDA.txt": 0.09594565244068176,
    "The Life and Death of the Lord Cromwell by Shakespeare.txt": 0.06104558795296483,
    "THE LIFE OF TIMON OF ATHENS.txt": 0.07948124408761281,
    "The London Prodigal.txt": 0.10835803155781099,
    "The Merry Devill of Edmonton by Shakespeare.txt": 0.08382401672299894,
    "THE MERRY WIVES OF WINDSOR.txt": 0.08282826880087385,
    "The Puritaine Widdow by Shakespeare.txt": 0.10016402013059916,
    "THE RAPE OF LUCRECE.txt": -0.04544885658526632,
    "THE TAMING OF THE SHREW.txt": 0.11047212746900997,
    "THE TEMPEST.txt": 0.0823215081793523,
    "THE TRAGEDY OF ANTONY AND CLEOPATRA.txt": 0.10904322524666249,
    "THE TRAGEDY OF CORIOLANUS.txt": 0.12014933204660133,
    "THE TRAGEDY OF HAMLET PRINCE OF DENMARK.txt": 0.12009974338964818,
    "THE TRAGEDY OF JULIUS CAESAR.txt": 0.14246108022925258,
    "THE TRAGEDY OF KING LEAR.txt": 0.11638768639892005,
    "THE TRAGEDY OF MACBETH.txt": 0.09256874987154068,
    "THE TRAGEDY OF OTHELLO MOOR OF VENICE.txt": 0.10851653036794862,
    "THE TRAGEDY OF ROMEO AND JULIET.txt": 0.10114982783259946,
    "THE TRAGEDY OF TITUS ANDRONICUS.txt": 0.1299521589871408,
    "THE TWO GENTLEMEN OF VERONA.txt": 0.10661456241245354,
    "The Two Noble Kinsmen by Shakespeare.txt": 0.08350347709786438,
    "THE WINTERS TALE.txt": 0.13594172411452204,
    "Venus and Adonis.txt": 0.017660181064852565
}