{
    "A LOVERS COMPLAINT.txt": -0.03624726288878333,
    "A MIDSUMMER NIGHT_S DREAM.txt": -0.07994201893583308,
    "A Yorkshire Tragedy by Shakespeare.txt": 0.030847153240276814,
    "Arden of Feversham.txt": 0.09549591502947224,
    "AS YOU LIKE IT.txt": 0.10560618119584447,
    "CYMBELINE.txt": 0.0501219254926345,
    "Fair Em by Shakespeare.txt": 0.05151185866281455,
    "KING EDWARD III by Shakespeare.txt": 0.08669520883226417,
    "King Henry IV, Part 1.txt": 0.08312887283745557,
    "KING HENRY V.txt": 0.07652010614603583,
    "KING HENRY VI part I.txt": 0.08211527972747495,
    "KING HENRY VI Part II.txt": 0.11928393426761447,
    "KING HENRY VI Part III.txt": 0.12052728024744508,
    "KING HENRY VIII.txt": 0.08110334787369028,
    "KING JOHN.txt": 0.047848663317500706,
    "KING RICHARD II.txt": 0.09081213570942814,
    "KING RICHARD III.txt": -0.016254549727713563,
    "Locrine Mucedorus by Shakespeare.txt": 0.12113555022093558,
    "Love_s Labour_s Lost.txt": 0.10141747462346473,
    "MEASURE FOR MEASURE.txt": 0.11039502132713397,
    "Merchant of Venice.txt": 0.11238091105426606,
    "MUCH ADO ABOUT NOTHING.txt": 0.0820534881633958,
    "PERICLES PRINCE OF TYRE.txt": 0.08765196996364344,
    "Sir John Oldcastle by Shakespeare.txt": 0.1167080133422344,
    "Sir Thomas More by Shakespeare.txt": 0.08145566575747976,
    "Taming of the Shrew.txt": 0.10793916226716599,
    "The Comedy of Errors.txt": 0.10926543767155755,
    "THE HISTORY OF TROILUS AND CRESSIDA.txt": 0.11824630634199451,
    "The Life and Death of the Lord Cromwell by Shakespeare.txt": 0.05771007126998312,
    "THE LIFE OF TIMON OF ATHENS.txt": 0.07740901832038677,
    "The London Prodigal.txt": 0.10338001224955229,
    "The Merry Devill of Edmonton by Shakespeare.txt": 0.11080620634352811,
    "THE MERRY WIVES OF WINDSOR.txt": 0.0774308810542218,
    "The Puritaine Widdow by Shakespeare.txt": 0.04941393433236263,
    "THE RAPE OF LUCRECE.txt": 0.09065279319453695,
    "THE TAMING OF THE SHREW.txt": 0.10048713942958626,
    "THE TEMPEST.txt": -0.0441195193637699,
    "THE TRAGEDY OF ANTONY AND CLEOPATRA.txt": 0.10616936016909823,
    "THE TRAGEDY OF CORIOLANUS.txt": 0.11845258229292299,
    "THE TRAGEDY OF HAMLET PRINCE OF DENMARK.txt": 0.0571316425384239,
    "THE TRAGEDY OF JULIUS CAESAR.txt": 0.09990350538294995,
    "THE TRAGEDY OF KING LEAR.txt": 0.07826122781089906,
    "THE TRAGEDY OF MACBETH.txt": 0.10424965814245285,
    "THE TRAGEDY OF OTHELLO MOOR OF VENICE.txt": 0.08035655277120263,
    "THE TRAGEDY OF ROMEO AND JULIET.txt": 0.08952274995127563,
    "THE TRAGEDY OF TITUS ANDRONICUS.txt": 0.12012033494022639,
    "THE TWO GENTLEMEN OF VERONA.txt": 0.08689885164946587,
    "The Two Noble Kinsmen by Shakespeare.txt": 0.0917622365676875,
    "THE WINTERS TALE.txt": 0.09581876112962945,
    "Venus and Adonis.txt": 0.028744272291809203
}