{
    "A LOVERS COMPLAINT.txt": -0.05837999724947307,
    "A MIDSUMMER NIGHT_S DREAM.txt": -0.06936556152675899,
    "A Yorkshire Tragedy by Shakespeare.txt": 0.01746328095516919,
    "Arden of Feversham.txt": 0.06815073101228075,
    "AS YOU LIKE IT.txt": 0.09961514994841886,
    "CYMBELINE.txt": 0.028205589295958233,
    "Fair Em by Shakespeare.txt": 0.03702930773613994,
    "KING EDWARD III by Shakespeare.txt": 0.07921580348352586,
    "King Henry IV, Part 1.txt": 0.09586908703565516,
    "KING HENRY V.txt": 0.05803520204340157,
    "KING HENRY VI part I.txt": 0.07733354662270359,
    "KING HENRY VI Part II.txt": 0.08661098050721378,
    "KING HENRY VI Part III.txt": 0.10965182473541701,
    "KING HENRY VIII.txt": 0.059926544098074686,
    "KING JOHN.txt": 0.04990166163921711,
    "KING RICHARD II.txt": 0.0743602734720909,
    "KING RICHARD III.txt": -0.027268321693603492,
    "Locrine Mucedorus by Shakespeare.txt": 0.10304000143202019,
    "Love_s Labour_s Lost.txt": 0.09911848338824053,
    "MEASURE FOR MEASURE.txt": 0.11312744412985615,
    "Merchant of Venice.txt": 0.10649601452480334,
    "MUCH ADO ABOUT NOTHING.txt": 0.07073664945932678,
    "PERICLES PRINCE OF TYRE.txt": 0.08238082113254841,
    "Sir John Oldcastle by Shakespeare.txt": 0.10346651307991978,
    "Sir Thomas More by Shakespeare.txt": 0.04849613531944519,
    "Taming of the Shrew.txt": 0.09712112117033794,
    "The Comedy of Errors.txt": 0.08511544443893854,
    "THE HISTORY OF TROILUS AND CRESSIDA.txt": 0.10672262601256405,
    "The Life and Death of the Lord Cromwell by Shakespeare.txt": 0.055341010108060085,
    "THE LIFE OF TIMON OF ATHENS.txt": 0.06830010582233481,
    "The London Prodigal.txt": 0.08709386761065763,
    "The Merry Devill of Edmonton by Shakespeare.txt": 0.11409688527881129,
    "THE MERRY WIVES OF WINDSOR.txt": 0.07834394186797933,
    "The Puritaine Widdow by Shakespeare.txt": 0.06042916563716255,
    "THE RAPE OF LUCRECE.txt": 0.08400852423110783,
    "THE TAMING OF THE SHREW.txt": 0.0794629477633525,
    "THE TEMPEST.txt": -0.04706272560037206,
    "THE TRAGEDY OF ANTONY AND CLEOPATRA.txt": 0.08225599245910425,
    "THE TRAGEDY OF CORIOLANUS.txt": 0.11461795921347206,
    "THE TRAGEDY OF HAMLET PRINCE OF DENMARK.txt": 0.06713335881182941,
    "THE TRAGEDY OF JULIUS CAESAR.txt": 0.1166449610795588,
    "THE TRAGEDY OF KING LEAR.txt": 0.07080871614134232,
    "THE TRAGEDY OF MACBETH.txt": 0.10379439292344483,
    "THE TRAGEDY OF OTHELLO MOOR OF VENICE.txt": 0.09702869849072737,
    "THE TRAGEDY OF ROMEO AND JULIET.txt": 0.09870070269622128,
    "THE TRAGEDY OF TITUS ANDRONICUS.txt": 0.09593806216589357,
    "THE TWO GENTLEMEN OF VERONA.txt": 0.06808113092912266,
    "The Two Noble Kinsmen by Shakespeare.txt": 0.07809272163976144,
    "THE WINTERS TALE.txt": 0.10065183938158645,
    "Venus and Adonis.txt": 0.023364088637150615
}