{
    "A LOVERS COMPLAINT.txt": -0.05202649601483911,
    "A MIDSUMMER NIGHT_S DREAM.txt": -0.06838293822027075,
    "A Yorkshire Tragedy by Shakespeare.txt": -0.010590368431285357,
    "Arden of Feversham.txt": 0.07857765553234564,
    "AS YOU LIKE IT.txt": 0.11320976388608128,
    "CYMBELINE.txt": 0.05018094061029249,
    "Fair Em by Shakespeare.txt": 0.02918652640820424,
    "KING EDWARD III by Shakespeare.txt": 0.06133207865265872,
    "King Henry IV, Part 1.txt": 0.09278313279238071,
    "KING HENRY V.txt": 0.06417325630129572,
    "KING HENRY VI part I.txt": 0.07769005818583846,
    "KING HENRY VI Part II.txt": 0.0939729339858838,
    "KING HENRY VI Part III.txt": 0.09636212855668902,
    "KING HENRY VIII.txt": 0.06725721839560989,
    "KING JOHN.txt": 0.05955603473671206,
    "KING RICHARD II.txt": 0.08545818674148448,
    "KING RICHARD III.txt": -0.0029451046032800132,
    "Locrine Mucedorus by Shakespeare.txt": 0.10652809354638287,
    "Love_s Labour_s Lost.txt": 0.10878006247985211,
    "MEASURE FOR MEASURE.txt": 0.09874170528454174,
    "Merchant of Venice.txt": 0.11429217476730336,
    "MUCH ADO ABOUT NOTHING.txt": 0.07761060054815161,
    "PERICLES PRINCE OF TYRE.txt": 0.07759006467781498,
    "Sir John Oldcastle by Shakespeare.txt": 0.1096450438746196,
    "Sir Thomas More by Shakespeare.txt": 0.09727327850590495,
    "Taming of the Shrew.txt": 0.12817605630289286,
    "The Comedy of Errors.txt": 0.10516765540633455,
    "THE HISTORY OF TROILUS AND CRESSIDA.txt": 0.09780621059079109,
    "The Life and Death of the Lord Cromwell by Shakespeare.txt": 0.04054911133777317,
    "THE LIFE OF TIMON OF ATHENS.txt": 0.08492083141872697,
    "The London Prodigal.txt": 0.08441382218789184,
    "The Merry Devill of Edmonton by Shakespeare.txt": 0.12561718327697008,
    "THE MERRY WIVES OF WINDSOR.txt": 0.07518071709045987,
    "The Puritaine Widdow by Shakespeare.txt": 0.06382838436808896,
    "THE RAPE OF LUCRECE.txt": 0.0985147349679717,
    "THE TAMING OF THE SHREW.txt": 0.08488557646152944,
    "THE TEMPEST.txt": -0.02595557765818224,
    "THE TRAGEDY OF ANTONY AND CLEOPATRA.txt": 0.08804703161263971,
    "THE TRAGEDY OF CORIOLANUS.txt": 0.09818445212702342,
    "THE TRAGEDY OF HAMLET PRINCE OF DENMARK.txt": 0.0463244652469183,
    "THE TRAGEDY OF JULIUS CAESAR.txt": 0.11314336742933218,
    "THE TRAGEDY OF KING LEAR.txt": 0.07744868031226271,
    "THE TRAGEDY OF MACBETH.txt": 0.1176622159450132,
    "THE TRAGEDY OF OTHELLO MOOR OF VENICE.txt": 0.09748961434383202,
    "THE TRAGEDY OF ROMEO AND JULIET.txt": 0.08428401131885133,
    "THE TRAGEDY OF TITUS ANDRONICUS.txt": 0.11532019065369753,
    "THE TWO GENTLEMEN OF VERONA.txt": 0.08137304989003041,
    "The Two Noble Kinsmen by Shakespeare.txt": 0.08469044686856358,
    "THE WINTERS TALE.txt": 0.10533235016598064,
    "Venus and Adonis.txt": 0.030752422453804384
}