{
    "A LOVERS COMPLAINT.txt": -0.004432358941585779,
    "A MIDSUMMER NIGHT_S DREAM.txt": 0.08484405263024597,
    "A Yorkshire Tragedy by Shakespeare.txt": 0.07589723231274392,
    "Arden of Feversham.txt": 0.11168906726110706,
    "AS YOU LIKE IT.txt": 0.10379053748011541,
    "CYMBELINE.txt": 0.12600152859188612,
    "Fair Em by Shakespeare.txt": 0.08828225135074752,
    "KING EDWARD III by Shakespeare.txt": 0.10879252971486514,
    "King Henry IV, Part 1.txt": 0.12681426123375317,
    "KING HENRY V.txt": 0.10071572412740887,
    "KING HENRY VI part I.txt": 0.11146019978066934,
    "KING HENRY VI Part II.txt": 0.1144929026435777,
    "KING HENRY VI Part III.txt": 0.11176981859489638,
    "KING HENRY VIII.txt": 0.138587440501168,
    "KING JOHN.txt": 0.02387300446244328,
    "KING RICHARD II.txt": 0.12356111108257051,
    "KING RICHARD III.txt": 0.09296317306705887,
    "Locrine Mucedorus by Shakespeare.txt": 0.09154204472930821,
    "Love_s Labour_s Lost.txt": 0.1023573783700702,
    "MEASURE FOR MEASURE.txt": 0.11520205463596012,
    "Merchant of Venice.txt": 0.10195600587505194,
    "MUCH ADO ABOUT NOTHING.txt": 0.09692711689043382,
    "PERICLES PRINCE OF TYRE.txt": 0.11564687343892815,
    "Sir John Oldcastle by Shakespeare.txt": 0.1002700882488638,
    "Sir Thomas More by Shakespeare.txt": 0.10207161297238321,
    "Taming of the Shrew.txt": 0.1134722775235576,
    "The Comedy of Errors.txt": 0.11624607590640795,
    "THE HISTORY OF TROILUS AND CRESSIDA.txt": 0.13063775329243588,
    "The Life and Death of the Lord Cromwell by Shakespeare.txt": 0.11830531954765272,
    "THE LIFE OF TIMON OF ATHENS.txt": 0.10953816708744696,
    "The London Prodigal.txt": 0.0796871818243739,
    "The Merry Devill of Edmonton by Shakespeare.txt": 0.08011880394911386,
    "THE MERRY WIVES OF WINDSOR.txt": 0.09187006231490508,
    "The Puritaine Widdow by Shakespeare.txt": 0.09088609056905611,
    "THE RAPE OF LUCRECE.txt": 0.09501284186060599,
    "THE TAMING OF THE SHREW.txt": 0.11316230898812085,
    "THE TEMPEST.txt": 0.08113010789287955,
    "THE TRAGEDY OF ANTONY AND CLEOPATRA.txt": 0.08522365890762873,
    "THE TRAGEDY OF CORIOLANUS.txt": -0.06526290320440598,
    "THE TRAGEDY OF HAMLET PRINCE OF DENMARK.txt": 0.08814405453790525,
    "THE TRAGEDY OF JULIUS CAESAR.txt": -0.002092873927781569,
    "THE TRAGEDY OF KING LEAR.txt": 0.12221526540596428,
    "THE TRAGEDY OF MACBETH.txt": 0.08251918222319238,
    "THE TRAGEDY OF OTHELLO MOOR OF VENICE.txt": 0.12146863779624228,
    "THE TRAGEDY OF ROMEO AND JULIET.txt": 0.10533150075709352,
    "THE TRAGEDY OF TITUS ANDRONICUS.txt": 0.12579043878453333,
    "THE TWO GENTLEMEN OF VERONA.txt": 0.10453074719660943,
    "The Two Noble Kinsmen by Shakespeare.txt": 0.09974282601175655,
    "THE WINTERS TALE.txt": 0.11121176724494941,
    "Venus and Adonis.txt": 0.07360892780310219
}