{
    "A LOVERS COMPLAINT.txt": -0.12368541163769109,
    "A MIDSUMMER NIGHT_S DREAM.txt": 0.1260262942974048,
    "A Yorkshire Tragedy by Shakespeare.txt": 0.03097980230129943,
    "Arden of Feversham.txt": 0.05550175841059396,
    "AS YOU LIKE IT.txt": 0.053469127958076956,
    "CYMBELINE.txt": 0.03485679210892134,
    "Fair Em by Shakespeare.txt": 0.10404150628794456,
    "KING EDWARD III by Shakespeare.txt": 0.10512157184193338,
    "King Henry IV, Part 1.txt": 0.0018154696237801526,
    "KING HENRY V.txt": -0.07951612338267844,
    "KING HENRY VI part I.txt": -0.0503012419828166,
    "KING HENRY VI Part II.txt": 0.09397345519823741,
    "KING HENRY VI Part III.txt": 0.10248633403237833,
    "KING HENRY VIII.txt": 0.07785422408469073,
    "KING JOHN.txt": 0.021236332383015033,
    "KING RICHARD II.txt": 0.10433463712580365,
    "KING RICHARD III.txt": 0.12483190989459675,
    "Locrine Mucedorus by Shakespeare.txt": 0.06829787321839281,
    "Love_s Labour_s Lost.txt": 0.12197528157047949,
    "MEASURE FOR MEASURE.txt": 0.09453177526716305,
    "Merchant of Venice.txt": 0.09641262979090937,
    "MUCH ADO ABOUT NOTHING.txt": 0.11930331722360021,
    "PERICLES PRINCE OF TYRE.txt": 0.11411364165681892,
    "Sir John Oldcastle by Shakespeare.txt": 0.09725417281248955,
    "Sir Thomas More by Shakespeare.txt": 0.11561340842188195,
    "Taming of the Shrew.txt": 0.09962012241012025,
    "The Comedy of Errors.txt": 0.1133285201791826,
    "THE HISTORY OF TROILUS AND CRESSIDA.txt": 0.09963262995229544,
    "The Life and Death of the Lord Cromwell by Shakespeare.txt": 0.09710572814124202,
    "THE LIFE OF TIMON OF ATHENS.txt": 0.10089696792176223,
    "The London Prodigal.txt": 0.0820468227607718,
    "The Merry Devill of Edmonton by Shakespeare.txt": 0.11376797462668997,
    "THE MERRY WIVES OF WINDSOR.txt": 0.09239409173746216,
    "The Puritaine Widdow by Shakespeare.txt": 0.08302756384695348,
    "THE RAPE OF LUCRECE.txt": 0.09426499853847198,
    "THE TAMING OF THE SHREW.txt": 0.08760480270005483,
    "THE TEMPEST.txt": 0.11595946872784857,
    "THE TRAGEDY OF ANTONY AND CLEOPATRA.txt": 0.11677065036270945,
    "THE TRAGEDY OF CORIOLANUS.txt": 0.0889177554021846,
    "THE TRAGEDY OF HAMLET PRINCE OF DENMARK.txt": 0.11721715766013102,
    "THE TRAGEDY OF JULIUS CAESAR.txt": 0.11833137286659856,
    "THE TRAGEDY OF KING LEAR.txt": 0.09639144553147855,
    "THE TRAGEDY OF MACBETH.txt": 0.08040916084935218,
    "THE TRAGEDY OF OTHELLO MOOR OF VENICE.txt": 0.09412313924170496,
    "THE TRAGEDY OF ROMEO AND JULIET.txt": 0.11384680304672717,
    "THE TRAGEDY OF TITUS ANDRONICUS.txt": 0.10569579300031157,
    "THE TWO GENTLEMEN OF VERONA.txt": 0.08779393729137913,
    "The Two Noble Kinsmen by Shakespeare.txt": 0.10057501379248568,
    "THE WINTERS TALE.txt": 0.09340898034044759,
    "Venus and Adonis.txt": 0.046120074440814396
}