{
    "A LOVERS COMPLAINT.txt": -0.04793096729888535,
    "A MIDSUMMER NIGHT_S DREAM.txt": 0.09436960287769064,
    "A Yorkshire Tragedy by Shakespeare.txt": 0.06776999384198168,
    "Arden of Feversham.txt": 0.10293804007267604,
    "AS YOU LIKE IT.txt": 0.11596638147236632,
    "CYMBELINE.txt": 0.142668736513074,
    "Fair Em by Shakespeare.txt": 0.12394398321074063,
    "KING EDWARD III by Shakespeare.txt": 0.13695329035385528,
    "King Henry IV, Part 1.txt": 0.07165584510101286,
    "KING HENRY V.txt": 0.11639565319508938,
    "KING HENRY VI part I.txt": 0.11489577662513112,
    "KING HENRY VI Part II.txt": 0.1270680114829555,
    "KING HENRY VI Part III.txt": 0.06525769230203121,
    "KING HENRY VIII.txt": 0.13678412256347272,
    "KING JOHN.txt": 0.06796485965309551,
    "KING RICHARD II.txt": 0.109566524846193,
    "KING RICHARD III.txt": 0.1403035073072444,
    "Locrine Mucedorus by Shakespeare.txt": 0.10893258166447567,
    "Love_s Labour_s Lost.txt": 0.13199303308715515,
    "MEASURE FOR MEASURE.txt": 0.13402270300957553,
    "Merchant of Venice.txt": 0.11317069202108138,
    "MUCH ADO ABOUT NOTHING.txt": 0.1401394081761726,
    "PERICLES PRINCE OF TYRE.txt": 0.11309187025164597,
    "Sir John Oldcastle by Shakespeare.txt": 0.12522963163326917,
    "Sir Thomas More by Shakespeare.txt": 0.11924496945656338,
    "Taming of the Shrew.txt": 0.09222826975069776,
    "The Comedy of Errors.txt": 0.05955825797138209,
    "THE HISTORY OF TROILUS AND CRESSIDA.txt": 0.12443794625529936,
    "The Life and Death of the Lord Cromwell by Shakespeare.txt": 0.1274962241837721,
    "THE LIFE OF TIMON OF ATHENS.txt": 0.14670793967624846,
    "The London Prodigal.txt": 0.14496693994589432,
    "The Merry Devill of Edmonton by Shakespeare.txt": 0.05230300048785769,
    "THE MERRY WIVES OF WINDSOR.txt": 0.1377786753255169,
    "The Puritaine Widdow by Shakespeare.txt": 0.1249043166484951,
    "THE RAPE OF LUCRECE.txt": 0.04463065357021817,
    "THE TAMING OF THE SHREW.txt": 0.11672966536306045,
    "THE TEMPEST.txt": 0.12901991923197342,
    "THE TRAGEDY OF ANTONY AND CLEOPATRA.txt": 0.13424458207215,
    "THE TRAGEDY OF CORIOLANUS.txt": 0.10610272788863562,
    "THE TRAGEDY OF HAMLET PRINCE OF DENMARK.txt": 0.10952314956851417,
    "THE TRAGEDY OF JULIUS CAESAR.txt": 0.1370245460611244,
    "THE TRAGEDY OF KING LEAR.txt": 0.13039500727999387,
    "THE TRAGEDY OF MACBETH.txt": 0.1349074831463345,
    "THE TRAGEDY OF OTHELLO MOOR OF VENICE.txt": 0.12330435185728172,
    "THE TRAGEDY OF ROMEO AND JULIET.txt": 0.11912605134989385,
    "THE TRAGEDY OF TITUS ANDRONICUS.txt": 0.1371272478585891,
    "THE TWO GENTLEMEN OF VERONA.txt": 0.10361809465157634,
    "The Two Noble Kinsmen by Shakespeare.txt": 0.1455808992354264,
    "THE WINTERS TALE.txt": 0.14315278588432268,
    "Venus and Adonis.txt": 0.0507766384207074
}