{
    "A MIDSUMMER NIGHT_S DREAM.txt": 0.09454149197581585,
    "A Yorkshire Tragedy by Shakespeare.txt": -0.026279049333621796,
    "Arden of Feversham.txt": -0.07502424051104672,
    "AS YOU LIKE IT.txt": 0.10377634903475286,
    "CYMBELINE.txt": 0.1030184115617514,
    "Fair Em by Shakespeare.txt": 0.08611531269836897,
    "KING EDWARD III by Shakespeare.txt": 0.10091975998854819,
    "King Henry IV, Part 1.txt": 0.04232134502093249,
    "KING HENRY V.txt": 0.09452789567321623,
    "KING HENRY VI part I.txt": 0.026883058447648434,
    "KING HENRY VI Part II.txt": 0.11775316260748159,
    "KING HENRY VI Part III.txt": 0.10364024989080456,
    "KING HENRY VIII.txt": 0.09295520334533414,
    "KING JOHN.txt": 0.08312714543722777,
    "KING RICHARD II.txt": 0.10806748423081558,
    "KING RICHARD III.txt": 0.0928902758083393,
    "Locrine Mucedorus by Shakespeare.txt": 0.054571661419076434,
    "Love_s Labour_s Lost.txt": 0.029728838585208417,
    "MEASURE FOR MEASURE.txt": 0.09690031954665523,
    "Merchant of Venice.txt": 0.08465924164109179,
    "MUCH ADO ABOUT NOTHING.txt": 0.11170121758352669,
    "PERICLES PRINCE OF TYRE.txt": 0.09322604153152009,
    "Sir John Oldcastle by Shakespeare.txt": -0.0823961089776909,
    "Sir Thomas More by Shakespeare.txt": 0.07696855833929467,
    "Taming of the Shrew.txt": 0.08917708413821213,
    "The Comedy of Errors.txt": -0.0939235824644512,
    "THE HISTORY OF TROILUS AND CRESSIDA.txt": 0.10752671132223418,
    "The Life and Death of the Lord Cromwell by Shakespeare.txt": 0.028038128408253815,
    "THE LIFE OF TIMON OF ATHENS.txt": 0.08169470370427628,
    "The London Prodigal.txt": 0.039876877145135214,
    "The Merry Devill of Edmonton by Shakespeare.txt": 0.04958108756315399,
    "THE MERRY WIVES OF WINDSOR.txt": 0.08213350635922617,
    "The Puritaine Widdow by Shakespeare.txt": 0.046593062577405975,
    "THE RAPE OF LUCRECE.txt": -0.07481225982280337,
    "THE TAMING OF THE SHREW.txt": 0.09117302022617313,
    "THE TEMPEST.txt": 0.09209913808439235,
    "THE TRAGEDY OF ANTONY AND CLEOPATRA.txt": 0.09220158869494405,
    "THE TRAGEDY OF CORIOLANUS.txt": -0.023592854288143728,
    "THE TRAGEDY OF HAMLET PRINCE OF DENMARK.txt": 0.11155690307259103,
    "THE TRAGEDY OF JULIUS CAESAR.txt": -0.046467223289396675,
    "THE TRAGEDY OF KING LEAR.txt": 0.09633365866079802,
    "THE TRAGEDY OF MACBETH.txt": 0.07325178352182538,
    "THE TRAGEDY OF OTHELLO MOOR OF VENICE.txt": 0.0909473048198155,
    "THE TRAGEDY OF ROMEO AND JULIET.txt": 0.06196344816326338,
    "THE TRAGEDY OF TITUS ANDRONICUS.txt": 0.09939745359445701,
    "THE TWO GENTLEMEN OF VERONA.txt": 0.025374090448916475,
    "The Two Noble Kinsmen by Shakespeare.txt": 0.10089171408359549,
    "THE WINTERS TALE.txt": 0.08920605105784657,
    "Venus and Adonis.txt": -0.06457284257756224
}