{
    "A LOVERS COMPLAINT.txt": -0.03032413090501218,
    "A MIDSUMMER NIGHT_S DREAM.txt": 0.08040542147625951,
    "A Yorkshire Tragedy by Shakespeare.txt": 0.06509582748072312,
    "Arden of Feversham.txt": 0.08238434849503962,
    "AS YOU LIKE IT.txt": 0.10628300439210386,
    "CYMBELINE.txt": 0.1417329768617127,
    "Fair Em by Shakespeare.txt": 0.09040654541854315,
    "KING EDWARD III by Shakespeare.txt": 0.12131016118205012,
    "King Henry IV, Part 1.txt": 0.10624633196708283,
    "KING HENRY V.txt": 0.15549915703437645,
    "KING HENRY VI part I.txt": 0.12845048911352114,
    "KING HENRY VI Part II.txt": 0.1459215373787761,
    "KING HENRY VI Part III.txt": 0.06314507594448521,
    "KING HENRY VIII.txt": 0.1391147559235652,
    "KING JOHN.txt": 0.06178567655554318,
    "KING RICHARD II.txt": 0.12910079763194166,
    "KING RICHARD III.txt": 0.12806592082345403,
    "Locrine Mucedorus by Shakespeare.txt": 0.1256830640600372,
    "Love_s Labour_s Lost.txt": 0.1351518402075062,
    "MEASURE FOR MEASURE.txt": 0.12312643574289073,
    "Merchant of Venice.txt": 0.13949621456426992,
    "MUCH ADO ABOUT NOTHING.txt": 0.14127003598160154,
    "PERICLES PRINCE OF TYRE.txt": 0.11532042120295705,
    "Sir John Oldcastle by Shakespeare.txt": 0.11408152081204309,
    "Sir Thomas More by Shakespeare.txt": 0.13030105794958752,
    "Taming of the Shrew.txt": 0.105615486220071,
    "The Comedy of Errors.txt": 0.04955374183404321,
    "THE HISTORY OF TROILUS AND CRESSIDA.txt": 0.13617513397424003,
    "The Life and Death of the Lord Cromwell by Shakespeare.txt": 0.11235921997546339,
    "THE LIFE OF TIMON OF ATHENS.txt": 0.11645681503097244,
    "The London Prodigal.txt": 0.14931854058007932,
    "The Merry Devill of Edmonton by Shakespeare.txt": 0.08239283754292648,
    "THE MERRY WIVES OF WINDSOR.txt": 0.14276919944573913,
    "The Puritaine Widdow by Shakespeare.txt": 0.12388135998496846,
    "THE RAPE OF LUCRECE.txt": 0.045037887644290675,
    "THE TAMING OF THE SHREW.txt": 0.11778369484316858,
    "THE TEMPEST.txt": 0.11667569908959718,
    "THE TRAGEDY OF ANTONY AND CLEOPATRA.txt": 0.12496682840484252,
    "THE TRAGEDY OF CORIOLANUS.txt": 0.10712566936695161,
    "THE TRAGEDY OF HAMLET PRINCE OF DENMARK.txt": 0.12651935227315236,
    "THE TRAGEDY OF JULIUS CAESAR.txt": 0.13580759931114694,
    "THE TRAGEDY OF KING LEAR.txt": 0.12496954224053819,
    "THE TRAGEDY OF MACBETH.txt": 0.13696758686418775,
    "THE TRAGEDY OF OTHELLO MOOR OF VENICE.txt": 0.13709419978283316,
    "THE TRAGEDY OF ROMEO AND JULIET.txt": 0.12665276651894491,
    "THE TRAGEDY OF TITUS ANDRONICUS.txt": 0.12421435199150577,
    "THE TWO GENTLEMEN OF VERONA.txt": 0.10292757852123613,
    "The Two Noble Kinsmen by Shakespeare.txt": 0.1526184489395574,
    "THE WINTERS TALE.txt": 0.1255375529637741,
    "Venus and Adonis.txt": 0.04249871359968521
}