{
    "A LOVERS COMPLAINT.txt": -0.0350628160199048,
    "A MIDSUMMER NIGHT_S DREAM.txt": 0.08810254766745623,
    "A Yorkshire Tragedy by Shakespeare.txt": 0.059816134125946385,
    "Arden of Feversham.txt": 0.05254314134135657,
    "AS YOU LIKE IT.txt": 0.1256833729828546,
    "CYMBELINE.txt": 0.12920299064200602,
    "Fair Em by Shakespeare.txt": 0.11033730586465196,
    "KING EDWARD III by Shakespeare.txt": 0.12094016205456809,
    "King Henry IV, Part 1.txt": 0.08581098213456989,
    "KING HENRY V.txt": 0.1285649287203332,
    "KING HENRY VI part I.txt": 0.12661331201491594,
    "KING HENRY VI Part II.txt": 0.12666178438274917,
    "KING HENRY VI Part III.txt": 0.05722464999258431,
    "KING HENRY VIII.txt": 0.12007700238372265,
    "KING JOHN.txt": 0.0754553573854827,
    "KING RICHARD II.txt": 0.12017114491528197,
    "KING RICHARD III.txt": 0.14178851216466154,
    "Locrine Mucedorus by Shakespeare.txt": 0.11617887114787573,
    "Love_s Labour_s Lost.txt": 0.11626519222944887,
    "MEASURE FOR MEASURE.txt": 0.10673604923834185,
    "Merchant of Venice.txt": 0.10194655705329259,
    "MUCH ADO ABOUT NOTHING.txt": 0.15201106734970365,
    "PERICLES PRINCE OF TYRE.txt": 0.11732890777020111,
    "Sir John Oldcastle by Shakespeare.txt": 0.12926260997003042,
    "Sir Thomas More by Shakespeare.txt": 0.11304717787081237,
    "Taming of the Shrew.txt": 0.0896987084530228,
    "The Comedy of Errors.txt": 0.048394623749129395,
    "THE HISTORY OF TROILUS AND CRESSIDA.txt": 0.14332878764146723,
    "The Life and Death of the Lord Cromwell by Shakespeare.txt": 0.1110761851647099,
    "THE LIFE OF TIMON OF ATHENS.txt": 0.08848661067173191,
    "The London Prodigal.txt": 0.13970600974463365,
    "The Merry Devill of Edmonton by Shakespeare.txt": 0.0402988503190429,
    "THE MERRY WIVES OF WINDSOR.txt": 0.12862064542249324,
    "The Puritaine Widdow by Shakespeare.txt": 0.12134367021907172,
    "THE RAPE OF LUCRECE.txt": 0.03574340499509726,
    "THE TAMING OF THE SHREW.txt": 0.11131413975713278,
    "THE TEMPEST.txt": 0.10453023708195869,
    "THE TRAGEDY OF ANTONY AND CLEOPATRA.txt": 0.14559564003366593,
    "THE TRAGEDY OF CORIOLANUS.txt": 0.09906607547462021,
    "THE TRAGEDY OF HAMLET PRINCE OF DENMARK.txt": 0.12305175712555566,
    "THE TRAGEDY OF JULIUS CAESAR.txt": 0.14652329338488435,
    "THE TRAGEDY OF KING LEAR.txt": 0.12051879701243079,
    "THE TRAGEDY OF MACBETH.txt": 0.11698903730850468,
    "THE TRAGEDY OF OTHELLO MOOR OF VENICE.txt": 0.12702825157413195,
    "THE TRAGEDY OF ROMEO AND JULIET.txt": 0.09902448520478818,
    "THE TRAGEDY OF TITUS ANDRONICUS.txt": 0.11894627632713134,
    "THE TWO GENTLEMEN OF VERONA.txt": 0.10467857440450151,
    "The Two Noble Kinsmen by Shakespeare.txt": 0.148371159483783,
    "THE WINTERS TALE.txt": 0.12322735987125571,
    "Venus and Adonis.txt": 0.03362015506519306
}