{
    "A MIDSUMMER NIGHT_S DREAM.txt": 0.10363921587626401,
    "A Yorkshire Tragedy by Shakespeare.txt": -0.01808494313872533,
    "Arden of Feversham.txt": -0.0594402844370675,
    "AS YOU LIKE IT.txt": 0.07781759047619313,
    "CYMBELINE.txt": 0.08090015957308144,
    "Fair Em by Shakespeare.txt": 0.10168595626864274,
    "KING EDWARD III by Shakespeare.txt": 0.10404463881397491,
    "King Henry IV, Part 1.txt": 0.05759633318883428,
    "KING HENRY V.txt": 0.08395810468619863,
    "KING HENRY VI part I.txt": 0.037135138514765687,
    "KING HENRY VI Part II.txt": 0.11265773423809583,
    "KING HENRY VI Part III.txt": 0.11333246212602471,
    "KING HENRY VIII.txt": 0.08298037479447867,
    "KING JOHN.txt": 0.0782824392573902,
    "KING RICHARD II.txt": 0.09073436493896331,
    "KING RICHARD III.txt": 0.08273317184756107,
    "Locrine Mucedorus by Shakespeare.txt": 0.0640317720630213,
    "Love_s Labour_s Lost.txt": 0.04865661174210362,
    "MEASURE FOR MEASURE.txt": 0.07991988922168974,
    "Merchant of Venice.txt": 0.10051647322007701,
    "MUCH ADO ABOUT NOTHING.txt": 0.10321479231615516,
    "PERICLES PRINCE OF TYRE.txt": 0.09949515777952811,
    "Sir John Oldcastle by Shakespeare.txt": -0.07268300480439738,
    "Sir Thomas More by Shakespeare.txt": 0.09409578177759959,
    "Taming of the Shrew.txt": 0.09904479386880488,
    "The Comedy of Errors.txt": -0.0858164618342383,
    "THE HISTORY OF TROILUS AND CRESSIDA.txt": 0.10088655364771731,
    "The Life and Death of the Lord Cromwell by Shakespeare.txt": 0.015675477608245725,
    "THE LIFE OF TIMON OF ATHENS.txt": 0.07521498643534202,
    "The London Prodigal.txt": 0.0472843057503729,
    "The Merry Devill of Edmonton by Shakespeare.txt": 0.03654776590895048,
    "THE MERRY WIVES OF WINDSOR.txt": 0.09501126888080713,
    "The Puritaine Widdow by Shakespeare.txt": 0.04392186819128763,
    "THE RAPE OF LUCRECE.txt": -0.07393701639709083,
    "THE TAMING OF THE SHREW.txt": 0.09369278206564569,
    "THE TEMPEST.txt": 0.08125392154701122,
    "THE TRAGEDY OF ANTONY AND CLEOPATRA.txt": 0.09688780965255617,
    "THE TRAGEDY OF CORIOLANUS.txt": -0.02898763319787534,
    "THE TRAGEDY OF HAMLET PRINCE OF DENMARK.txt": 0.11401070995616702,
    "THE TRAGEDY OF JULIUS CAESAR.txt": -0.0631092485144803,
    "THE TRAGEDY OF KING LEAR.txt": 0.08866316962400494,
    "THE TRAGEDY OF MACBETH.txt": 0.08512796945375273,
    "THE TRAGEDY OF OTHELLO MOOR OF VENICE.txt": 0.07846447253500949,
    "THE TRAGEDY OF ROMEO AND JULIET.txt": 0.032113735981996516,
    "THE TRAGEDY OF TITUS ANDRONICUS.txt": 0.09766404572819476,
    "THE TWO GENTLEMEN OF VERONA.txt": 0.024609498203343072,
    "The Two Noble Kinsmen by Shakespeare.txt": 0.10612034351594346,
    "THE WINTERS TALE.txt": 0.10181779837037574,
    "Venus and Adonis.txt": -0.05239460372049942
}