{
    "A LOVERS COMPLAINT.txt": -0.04627176779534825,
    "A MIDSUMMER NIGHT_S DREAM.txt": 0.045254594460441055,
    "A Yorkshire Tragedy by Shakespeare.txt": 0.05144075580384233,
    "Arden of Feversham.txt": 0.057840121182634874,
    "AS YOU LIKE IT.txt": 0.10145806274037916,
    "CYMBELINE.txt": 0.12257609494528687,
    "Fair Em by Shakespeare.txt": 0.09111044059199974,
    "KING EDWARD III by Shakespeare.txt": 0.10851953971113171,
    "King Henry IV, Part 1.txt": 0.0786399607396237,
    "KING HENRY V.txt": 0.11820613197739116,
    "KING HENRY VI part I.txt": 0.12840771015850672,
    "KING HENRY VI Part II.txt": 0.12009138032868827,
    "KING HENRY VI Part III.txt": 0.05452454474261037,
    "KING HENRY VIII.txt": 0.13139498073030126,
    "KING JOHN.txt": 0.0668204711862419,
    "KING RICHARD II.txt": 0.12275687231509025,
    "KING RICHARD III.txt": 0.13015650862279254,
    "Locrine Mucedorus by Shakespeare.txt": 0.093231409399121,
    "Love_s Labour_s Lost.txt": 0.13280613380339962,
    "MEASURE FOR MEASURE.txt": 0.10875676864161993,
    "Merchant of Venice.txt": 0.12543620708692205,
    "MUCH ADO ABOUT NOTHING.txt": 0.12049486565695638,
    "PERICLES PRINCE OF TYRE.txt": 0.08812032428844935,
    "Sir John Oldcastle by Shakespeare.txt": 0.09158997006162489,
    "Sir Thomas More by Shakespeare.txt": 0.1190497929823483,
    "Taming of the Shrew.txt": 0.11329151945899779,
    "The Comedy of Errors.txt": 0.03216319437777754,
    "THE HISTORY OF TROILUS AND CRESSIDA.txt": 0.1338041094864944,
    "The Life and Death of the Lord Cromwell by Shakespeare.txt": 0.09131096490048252,
    "THE LIFE OF TIMON OF ATHENS.txt": 0.10207863679496332,
    "The London Prodigal.txt": 0.13009676203637183,
    "The Merry Devill of Edmonton by Shakespeare.txt": 0.04703376359668088,
    "THE MERRY WIVES OF WINDSOR.txt": 0.15093313019778898,
    "The Puritaine Widdow by Shakespeare.txt": 0.09555406384760728,
    "THE RAPE OF LUCRECE.txt": 0.04054090497572205,
    "THE TAMING OF THE SHREW.txt": 0.12053095680920978,
    "THE TEMPEST.txt": 0.10547725896928412,
    "THE TRAGEDY OF ANTONY AND CLEOPATRA.txt": 0.11894395022433185,
    "THE TRAGEDY OF CORIOLANUS.txt": 0.0854099234079988,
    "THE TRAGEDY OF HAMLET PRINCE OF DENMARK.txt": 0.12126135693338225,
    "THE TRAGEDY OF JULIUS CAESAR.txt": 0.11271725798954091,
    "THE TRAGEDY OF KING LEAR.txt": 0.12311019826882147,
    "THE TRAGEDY OF MACBETH.txt": 0.12051500349351923,
    "THE TRAGEDY OF OTHELLO MOOR OF VENICE.txt": 0.11709836073223401,
    "THE TRAGEDY OF ROMEO AND JULIET.txt": 0.08875980998267935,
    "THE TRAGEDY OF TITUS ANDRONICUS.txt": 0.11655241192726168,
    "THE TWO GENTLEMEN OF VERONA.txt": 0.11174904470421426,
    "The Two Noble Kinsmen by Shakespeare.txt": 0.13309016730509388,
    "THE WINTERS TALE.txt": 0.11283524250619686,
    "Venus and Adonis.txt": 0.03551892677260343
}