{
    "A LOVERS COMPLAINT.txt": -0.008916036342905054,
    "A MIDSUMMER NIGHT_S DREAM.txt": 0.10187640492422811,
    "A Yorkshire Tragedy by Shakespeare.txt": 0.06257808878888826,
    "Arden of Feversham.txt": 0.0955837842008756,
    "AS YOU LIKE IT.txt": 0.12156211333647382,
    "CYMBELINE.txt": 0.1304348312295513,
    "Fair Em by Shakespeare.txt": 0.1024292321173837,
    "KING EDWARD III by Shakespeare.txt": 0.12269049011308741,
    "King Henry IV, Part 1.txt": 0.12530259820333728,
    "KING HENRY V.txt": 0.14023605969392572,
    "KING HENRY VI part I.txt": 0.12886848012781194,
    "KING HENRY VI Part II.txt": 0.13467153295989076,
    "KING HENRY VI Part III.txt": 0.11846263859874007,
    "KING HENRY VIII.txt": 0.12837317245954616,
    "KING JOHN.txt": -0.06948522457637896,
    "KING RICHARD II.txt": 0.12923929517356653,
    "KING RICHARD III.txt": 0.1298546122160893,
    "Locrine Mucedorus by Shakespeare.txt": -0.007223078865695953,
    "Love_s Labour_s Lost.txt": 0.11362200007796264,
    "MEASURE FOR MEASURE.txt": 0.14196152711811205,
    "Merchant of Venice.txt": 0.11511718766552709,
    "MUCH ADO ABOUT NOTHING.txt": 0.128128537529355,
    "PERICLES PRINCE OF TYRE.txt": 0.11148934155381934,
    "Sir John Oldcastle by Shakespeare.txt": 0.12603615062740053,
    "Sir Thomas More by Shakespeare.txt": 0.11293924255256277,
    "Taming of the Shrew.txt": 0.10207615881868826,
    "The Comedy of Errors.txt": 0.13857762199701856,
    "THE HISTORY OF TROILUS AND CRESSIDA.txt": 0.12387328365732275,
    "The Life and Death of the Lord Cromwell by Shakespeare.txt": 0.1225513874195604,
    "THE LIFE OF TIMON OF ATHENS.txt": 0.14028264442216126,
    "The London Prodigal.txt": 0.1099705270100001,
    "The Merry Devill of Edmonton by Shakespeare.txt": -0.002764982318622655,
    "THE MERRY WIVES OF WINDSOR.txt": 0.09795034262211233,
    "The Puritaine Widdow by Shakespeare.txt": 0.0848561642180945,
    "THE RAPE OF LUCRECE.txt": 0.08872847079676827,
    "THE TAMING OF THE SHREW.txt": 0.07300738108987892,
    "THE TEMPEST.txt": 0.12086028171912006,
    "THE TRAGEDY OF ANTONY AND CLEOPATRA.txt": 0.1258846299239153,
    "THE TRAGEDY OF CORIOLANUS.txt": 0.1207343310409929,
    "THE TRAGEDY OF HAMLET PRINCE OF DENMARK.txt": 0.0747407260276155,
    "THE TRAGEDY OF JULIUS CAESAR.txt": 0.10502393858731607,
    "THE TRAGEDY OF KING LEAR.txt": 0.13810250051983314,
    "THE TRAGEDY OF MACBETH.txt": 0.1189952812964688,
    "THE TRAGEDY OF OTHELLO MOOR OF VENICE.txt": 0.13045487662846977,
    "THE TRAGEDY OF ROMEO AND JULIET.txt": 0.1212701650297649,
    "THE TRAGEDY OF TITUS ANDRONICUS.txt": 0.0910695957884936,
    "THE TWO GENTLEMEN OF VERONA.txt": 0.10932244999983892,
    "The Two Noble Kinsmen by Shakespeare.txt": 0.14506258957306079,
    "THE WINTERS TALE.txt": 0.13103856843699008,
    "Venus and Adonis.txt": 0.08784493981206642
}