{
    "A LOVERS COMPLAINT.txt": 0.037813385010004474,
    "A MIDSUMMER NIGHT_S DREAM.txt": 0.1141120460487488,
    "A Yorkshire Tragedy by Shakespeare.txt": 0.09318682837266529,
    "Arden of Feversham.txt": 0.08842148175235343,
    "AS YOU LIKE IT.txt": 0.14724351565037047,
    "CYMBELINE.txt": 0.14878253099296757,
    "Fair Em by Shakespeare.txt": 0.1335623162430058,
    "KING EDWARD III by Shakespeare.txt": 0.12602477278942242,
    "King Henry IV, Part 1.txt": 0.14889540765591047,
    "KING HENRY V.txt": 0.15047050837594084,
    "KING HENRY VI part I.txt": 0.12498236240409838,
    "KING HENRY VI Part II.txt": 0.13456607680433325,
    "KING HENRY VI Part III.txt": 0.12772330066425497,
    "KING HENRY VIII.txt": 0.13697433247553575,
    "KING JOHN.txt": -0.02849394720496423,
    "KING RICHARD II.txt": 0.14908604093151834,
    "KING RICHARD III.txt": 0.13258412998757751,
    "Locrine Mucedorus by Shakespeare.txt": 0.035786566666016206,
    "Love_s Labour_s Lost.txt": 0.12137204202812396,
    "MEASURE FOR MEASURE.txt": 0.15612616199994112,
    "Merchant of Venice.txt": 0.14266320590522186,
    "MUCH ADO ABOUT NOTHING.txt": 0.14455698139851852,
    "PERICLES PRINCE OF TYRE.txt": 0.14665300849671348,
    "Sir John Oldcastle by Shakespeare.txt": 0.1340551819677261,
    "Sir Thomas More by Shakespeare.txt": 0.12559620248702869,
    "Taming of the Shrew.txt": 0.12073618635386518,
    "The Comedy of Errors.txt": 0.12275186507396374,
    "THE HISTORY OF TROILUS AND CRESSIDA.txt": 0.13965699030913747,
    "The Life and Death of the Lord Cromwell by Shakespeare.txt": 0.13550961879474926,
    "THE LIFE OF TIMON OF ATHENS.txt": 0.15204694960782844,
    "The London Prodigal.txt": 0.12644081117430273,
    "The Merry Devill of Edmonton by Shakespeare.txt": 0.0462634104357062,
    "THE MERRY WIVES OF WINDSOR.txt": 0.11281931724837413,
    "The Puritaine Widdow by Shakespeare.txt": 0.09628202566626126,
    "THE RAPE OF LUCRECE.txt": 0.10332655684433789,
    "THE TAMING OF THE SHREW.txt": 0.08863289685942549,
    "THE TEMPEST.txt": 0.1334932640888421,
    "THE TRAGEDY OF ANTONY AND CLEOPATRA.txt": 0.1604670144749098,
    "THE TRAGEDY OF CORIOLANUS.txt": 0.14572223139256962,
    "THE TRAGEDY OF HAMLET PRINCE OF DENMARK.txt": 0.11863070757693067,
    "THE TRAGEDY OF JULIUS CAESAR.txt": 0.14510805415680567,
    "THE TRAGEDY OF KING LEAR.txt": 0.15074785674856994,
    "THE TRAGEDY OF MACBETH.txt": 0.14567336557091043,
    "THE TRAGEDY OF OTHELLO MOOR OF VENICE.txt": 0.15391569464014515,
    "THE TRAGEDY OF ROMEO AND JULIET.txt": 0.1405518714821576,
    "THE TRAGEDY OF TITUS ANDRONICUS.txt": 0.12236093898873518,
    "THE TWO GENTLEMEN OF VERONA.txt": 0.1201951427947211,
    "The Two Noble Kinsmen by Shakespeare.txt": 0.158785907409208,
    "THE WINTERS TALE.txt": 0.1321958757135145,
    "Venus and Adonis.txt": 0.10151477230529671
}