{
    "A MIDSUMMER NIGHT_S DREAM.txt": 0.09978177267204896,
    "A Yorkshire Tragedy by Shakespeare.txt": 0.07494221113126909,
    "Arden of Feversham.txt": 0.003720647729020754,
    "AS YOU LIKE IT.txt": 0.06477988855878741,
    "CYMBELINE.txt": 0.11213128620106899,
    "Fair Em by Shakespeare.txt": 0.0866045260055262,
    "KING EDWARD III by Shakespeare.txt": -0.0028003717979190323,
    "King Henry IV, Part 1.txt": 0.12347752970138581,
    "KING HENRY V.txt": 0.10433099836068388,
    "KING HENRY VI part I.txt": 0.10377898147032377,
    "KING HENRY VI Part II.txt": 0.0949622467062497,
    "KING HENRY VI Part III.txt": 0.08795734811158112,
    "KING HENRY VIII.txt": 0.12348912881193158,
    "KING JOHN.txt": 0.06456571376897202,
    "KING RICHARD II.txt": 0.09960530750050067,
    "KING RICHARD III.txt": 0.0752228248457239,
    "Locrine Mucedorus by Shakespeare.txt": -0.08363289710863375,
    "Love_s Labour_s Lost.txt": -0.04302918033831704,
    "MEASURE FOR MEASURE.txt": 0.11825797834876661,
    "Merchant of Venice.txt": 0.032831713335660595,
    "MUCH ADO ABOUT NOTHING.txt": 0.100045564544815,
    "PERICLES PRINCE OF TYRE.txt": -0.05309669593922606,
    "Sir John Oldcastle by Shakespeare.txt": 0.06899172290009481,
    "Sir Thomas More by Shakespeare.txt": 0.0722994134466251,
    "Taming of the Shrew.txt": -0.011103455196244005,
    "The Comedy of Errors.txt": 0.0902386595179489,
    "THE HISTORY OF TROILUS AND CRESSIDA.txt": 0.07787692218690667,
    "The Life and Death of the Lord Cromwell by Shakespeare.txt": 0.07821457962455208,
    "THE LIFE OF TIMON OF ATHENS.txt": 0.10573763789144619,
    "The London Prodigal.txt": 0.0676795402225801,
    "The Merry Devill of Edmonton by Shakespeare.txt": -0.019788647348941146,
    "THE MERRY WIVES OF WINDSOR.txt": 0.11179361288350892,
    "The Puritaine Widdow by Shakespeare.txt": -0.023617889491316935,
    "THE RAPE OF LUCRECE.txt": 0.10357387408577678,
    "THE TAMING OF THE SHREW.txt": -0.10553220322219603,
    "THE TEMPEST.txt": 0.10530359549389784,
    "THE TRAGEDY OF ANTONY AND CLEOPATRA.txt": 0.10078858183377065,
    "THE TRAGEDY OF CORIOLANUS.txt": 0.11632739297180911,
    "THE TRAGEDY OF HAMLET PRINCE OF DENMARK.txt": 0.09714978451356326,
    "THE TRAGEDY OF JULIUS CAESAR.txt": 0.10563840531102525,
    "THE TRAGEDY OF KING LEAR.txt": 0.10527277210461244,
    "THE TRAGEDY OF MACBETH.txt": 0.008253619124389544,
    "THE TRAGEDY OF OTHELLO MOOR OF VENICE.txt": 0.10911859751488995,
    "THE TRAGEDY OF ROMEO AND JULIET.txt": 0.06839074190755995,
    "THE TRAGEDY OF TITUS ANDRONICUS.txt": 0.06977190617811779,
    "THE TWO GENTLEMEN OF VERONA.txt": 0.051577017077851006,
    "The Two Noble Kinsmen by Shakespeare.txt": 0.1221998815160027,
    "THE WINTERS TALE.txt": 0.09667130410622476,
    "Venus and Adonis.txt": 0.08289820470114789
}