{
    "A MIDSUMMER NIGHT_S DREAM.txt": 0.10833036074086255,
    "A Yorkshire Tragedy by Shakespeare.txt": 0.07929523395878979,
    "Arden of Feversham.txt": 0.008813619631889036,
    "AS YOU LIKE IT.txt": 0.059843006104254914,
    "CYMBELINE.txt": 0.11787706679295196,
    "Fair Em by Shakespeare.txt": 0.06920850522124522,
    "KING EDWARD III by Shakespeare.txt": -0.0012832031906464536,
    "King Henry IV, Part 1.txt": 0.10981607249848724,
    "KING HENRY V.txt": 0.09638782820137803,
    "KING HENRY VI part I.txt": 0.09672591234445871,
    "KING HENRY VI Part II.txt": 0.10400409300976293,
    "KING HENRY VI Part III.txt": 0.0969043531460484,
    "KING HENRY VIII.txt": 0.12302153001574923,
    "KING JOHN.txt": 0.06892261413355816,
    "KING RICHARD II.txt": 0.12303250930834775,
    "KING RICHARD III.txt": 0.06420430753238554,
    "Locrine Mucedorus by Shakespeare.txt": -0.06151316153969422,
    "Love_s Labour_s Lost.txt": -0.032368627294488084,
    "MEASURE FOR MEASURE.txt": 0.12086372603632811,
    "Merchant of Venice.txt": 0.0181804090643094,
    "MUCH ADO ABOUT NOTHING.txt": 0.09612472131516231,
    "PERICLES PRINCE OF TYRE.txt": -0.044234395928089865,
    "Sir John Oldcastle by Shakespeare.txt": 0.07412441036435674,
    "Sir Thomas More by Shakespeare.txt": 0.07488682657981599,
    "Taming of the Shrew.txt": 0.011051109326258468,
    "The Comedy of Errors.txt": 0.10335160653796266,
    "THE HISTORY OF TROILUS AND CRESSIDA.txt": 0.08075288659364199,
    "The Life and Death of the Lord Cromwell by Shakespeare.txt": 0.036687796122109206,
    "THE LIFE OF TIMON OF ATHENS.txt": 0.10107085676111877,
    "The London Prodigal.txt": 0.05152487277253004,
    "The Merry Devill of Edmonton by Shakespeare.txt": -0.003177300330190036,
    "THE MERRY WIVES OF WINDSOR.txt": 0.11185780495409442,
    "The Puritaine Widdow by Shakespeare.txt": -0.005421969215571476,
    "THE RAPE OF LUCRECE.txt": 0.10288575643700038,
    "THE TAMING OF THE SHREW.txt": -0.07027879499415335,
    "THE TEMPEST.txt": 0.10262765894338366,
    "THE TRAGEDY OF ANTONY AND CLEOPATRA.txt": 0.1032195411579867,
    "THE TRAGEDY OF CORIOLANUS.txt": 0.12206380601220551,
    "THE TRAGEDY OF HAMLET PRINCE OF DENMARK.txt": 0.10290281569487342,
    "THE TRAGEDY OF JULIUS CAESAR.txt": 0.09602606055319851,
    "THE TRAGEDY OF KING LEAR.txt": 0.11417205329984442,
    "THE TRAGEDY OF MACBETH.txt": 0.015518681351593233,
    "THE TRAGEDY OF OTHELLO MOOR OF VENICE.txt": 0.09249817824656065,
    "THE TRAGEDY OF ROMEO AND JULIET.txt": 0.04373113021644909,
    "THE TRAGEDY OF TITUS ANDRONICUS.txt": 0.08220129134764542,
    "THE TWO GENTLEMEN OF VERONA.txt": 0.05791352647574055,
    "The Two Noble Kinsmen by Shakespeare.txt": 0.11675507488026543,
    "THE WINTERS TALE.txt": 0.10180081651668527,
    "Venus and Adonis.txt": 0.06477427055043528
}