{
    "A LOVERS COMPLAINT.txt": 0.01684927262991376,
    "A MIDSUMMER NIGHT_S DREAM.txt": 0.12411040977387922,
    "A Yorkshire Tragedy by Shakespeare.txt": 0.0707235553982472,
    "Arden of Feversham.txt": 0.11511764977085026,
    "AS YOU LIKE IT.txt": 0.15064070206648472,
    "CYMBELINE.txt": 0.144141450184968,
    "Fair Em by Shakespeare.txt": 0.12039792043554709,
    "KING EDWARD III by Shakespeare.txt": 0.11436436237322961,
    "King Henry IV, Part 1.txt": 0.13307506825335985,
    "KING HENRY V.txt": 0.13182194337307518,
    "KING HENRY VI part I.txt": 0.13154103382560206,
    "KING HENRY VI Part II.txt": 0.1395430550730835,
    "KING HENRY VI Part III.txt": 0.12773112757075428,
    "KING HENRY VIII.txt": 0.1421068464110919,
    "KING JOHN.txt": -0.08203810993835736,
    "KING RICHARD II.txt": 0.14886381303126983,
    "KING RICHARD III.txt": 0.1513730806597196,
    "Locrine Mucedorus by Shakespeare.txt": 0.01117766876078502,
    "Love_s Labour_s Lost.txt": 0.08958325176964482,
    "MEASURE FOR MEASURE.txt": 0.1413683818403318,
    "Merchant of Venice.txt": 0.13228434571941672,
    "MUCH ADO ABOUT NOTHING.txt": 0.12366557563843122,
    "PERICLES PRINCE OF TYRE.txt": 0.1276054773289349,
    "Sir John Oldcastle by Shakespeare.txt": 0.13450049233720873,
    "Sir Thomas More by Shakespeare.txt": 0.13725147129092546,
    "Taming of the Shrew.txt": 0.11795929854383508,
    "The Comedy of Errors.txt": 0.15714518240059644,
    "THE HISTORY OF TROILUS AND CRESSIDA.txt": 0.1449797295943212,
    "The Life and Death of the Lord Cromwell by Shakespeare.txt": 0.13225782875220843,
    "THE LIFE OF TIMON OF ATHENS.txt": 0.1241709194200728,
    "The London Prodigal.txt": 0.11798421214890414,
    "The Merry Devill of Edmonton by Shakespeare.txt": 0.0006097530039703147,
    "THE MERRY WIVES OF WINDSOR.txt": 0.1188126116883737,
    "The Puritaine Widdow by Shakespeare.txt": 0.09543503383106267,
    "THE RAPE OF LUCRECE.txt": 0.08770733564395411,
    "THE TAMING OF THE SHREW.txt": 0.056142945784742604,
    "THE TEMPEST.txt": 0.10864788127757358,
    "THE TRAGEDY OF ANTONY AND CLEOPATRA.txt": 0.13431688475995385,
    "THE TRAGEDY OF CORIOLANUS.txt": 0.1355274199346458,
    "THE TRAGEDY OF HAMLET PRINCE OF DENMARK.txt": 0.08941489215383813,
    "THE TRAGEDY OF JULIUS CAESAR.txt": 0.13001134387510976,
    "THE TRAGEDY OF KING LEAR.txt": 0.14073511031556807,
    "THE TRAGEDY OF MACBETH.txt": 0.1430485476924157,
    "THE TRAGEDY OF OTHELLO MOOR OF VENICE.txt": 0.14002379207145926,
    "THE TRAGEDY OF ROMEO AND JULIET.txt": 0.12126219480790845,
    "THE TRAGEDY OF TITUS ANDRONICUS.txt": 0.10847247321145648,
    "THE TWO GENTLEMEN OF VERONA.txt": 0.13553554836354847,
    "The Two Noble Kinsmen by Shakespeare.txt": 0.15799564365844543,
    "THE WINTERS TALE.txt": 0.14759081332752694,
    "Venus and Adonis.txt": 0.11762451929169077
}