{
    "A LOVERS COMPLAINT.txt": 0.003336753439337703,
    "A MIDSUMMER NIGHT_S DREAM.txt": 0.1167554742898334,
    "A Yorkshire Tragedy by Shakespeare.txt": 0.06614009974172852,
    "Arden of Feversham.txt": 0.12491625812325974,
    "AS YOU LIKE IT.txt": 0.1339440941956982,
    "CYMBELINE.txt": 0.14812213891456388,
    "Fair Em by Shakespeare.txt": 0.10820183090164365,
    "KING EDWARD III by Shakespeare.txt": 0.13400652877146202,
    "King Henry IV, Part 1.txt": 0.11846323683864385,
    "KING HENRY V.txt": 0.1503438056309256,
    "KING HENRY VI part I.txt": 0.14275009651590914,
    "KING HENRY VI Part II.txt": 0.11786425376974236,
    "KING HENRY VI Part III.txt": 0.11903832846649448,
    "KING HENRY VIII.txt": 0.13651627354621437,
    "KING JOHN.txt": -0.06054169951684851,
    "KING RICHARD II.txt": 0.15025188322435956,
    "KING RICHARD III.txt": 0.13432681207558095,
    "Locrine Mucedorus by Shakespeare.txt": 0.014352398158961444,
    "Love_s Labour_s Lost.txt": 0.11078420890212332,
    "MEASURE FOR MEASURE.txt": 0.14497408806224704,
    "Merchant of Venice.txt": 0.12249475556416334,
    "MUCH ADO ABOUT NOTHING.txt": 0.12498533786141952,
    "PERICLES PRINCE OF TYRE.txt": 0.12485778498057926,
    "Sir John Oldcastle by Shakespeare.txt": 0.14464144409369534,
    "Sir Thomas More by Shakespeare.txt": 0.12655396569230265,
    "Taming of the Shrew.txt": 0.11678197196352968,
    "The Comedy of Errors.txt": 0.1412814486740449,
    "THE HISTORY OF TROILUS AND CRESSIDA.txt": 0.14701256484979658,
    "The Life and Death of the Lord Cromwell by Shakespeare.txt": 0.14772069183497466,
    "THE LIFE OF TIMON OF ATHENS.txt": 0.1454591890063895,
    "The London Prodigal.txt": 0.1135587416533742,
    "The Merry Devill of Edmonton by Shakespeare.txt": 0.011270213584631317,
    "THE MERRY WIVES OF WINDSOR.txt": 0.13178943632654333,
    "The Puritaine Widdow by Shakespeare.txt": 0.11264755887056072,
    "THE RAPE OF LUCRECE.txt": 0.09336425489127581,
    "THE TAMING OF THE SHREW.txt": 0.06466813219455342,
    "THE TEMPEST.txt": 0.11855912361891752,
    "THE TRAGEDY OF ANTONY AND CLEOPATRA.txt": 0.14694944482656436,
    "THE TRAGEDY OF CORIOLANUS.txt": 0.15207064340868276,
    "THE TRAGEDY OF HAMLET PRINCE OF DENMARK.txt": 0.0976933869956575,
    "THE TRAGEDY OF JULIUS CAESAR.txt": 0.14529896489197258,
    "THE TRAGEDY OF KING LEAR.txt": 0.1469794148723304,
    "THE TRAGEDY OF MACBETH.txt": 0.13526117964961193,
    "THE TRAGEDY OF OTHELLO MOOR OF VENICE.txt": 0.1472069022544088,
    "THE TRAGEDY OF ROMEO AND JULIET.txt": 0.1338000907671843,
    "THE TRAGEDY OF TITUS ANDRONICUS.txt": 0.11404044609904396,
    "THE TWO GENTLEMEN OF VERONA.txt": 0.13586711309293498,
    "The Two Noble Kinsmen by Shakespeare.txt": 0.13259407098878373,
    "THE WINTERS TALE.txt": 0.12435012537011553,
    "Venus and Adonis.txt": 0.0958439022180872
}