{
    "A MIDSUMMER NIGHT_S DREAM.txt": 0.11206726092074243,
    "A Yorkshire Tragedy by Shakespeare.txt": 0.10693326898001931,
    "Arden of Feversham.txt": 0.11626598564684981,
    "AS YOU LIKE IT.txt": 0.03702862645182042,
    "CYMBELINE.txt": 0.09748819552106813,
    "Fair Em by Shakespeare.txt": 0.07546684354013494,
    "KING EDWARD III by Shakespeare.txt": 0.111365091432715,
    "King Henry IV, Part 1.txt": 0.07804377175295762,
    "KING HENRY V.txt": 0.06102287781935323,
    "KING HENRY VI part I.txt": -0.057593634338813815,
    "KING HENRY VI Part II.txt": 0.11541102169006451,
    "KING HENRY VI Part III.txt": 0.09635214375097234,
    "KING HENRY VIII.txt": 0.034713021124187726,
    "KING JOHN.txt": -0.2225696635149953,
    "KING RICHARD II.txt": 0.11784465217095053,
    "KING RICHARD III.txt": 0.09033384411607631,
    "Locrine Mucedorus by Shakespeare.txt": 0.09971729562648213,
    "Love_s Labour_s Lost.txt": 0.07758471025352354,
    "MEASURE FOR MEASURE.txt": -0.08745719638712701,
    "Merchant of Venice.txt": -0.177563468479077,
    "MUCH ADO ABOUT NOTHING.txt": 0.03627381948498748,
    "PERICLES PRINCE OF TYRE.txt": 0.10797763481003264,
    "Sir John Oldcastle by Shakespeare.txt": 0.01460892947338277,
    "Sir Thomas More by Shakespeare.txt": 0.07268029901271467,
    "Taming of the Shrew.txt": 0.047680770282814366,
    "The Comedy of Errors.txt": 0.11961978349630392,
    "THE HISTORY OF TROILUS AND CRESSIDA.txt": 0.08896590637228102,
    "The Life and Death of the Lord Cromwell by Shakespeare.txt": 0.08037501208943476,
    "THE LIFE OF TIMON OF ATHENS.txt": 0.11880614182266219,
    "The London Prodigal.txt": 0.06591845677916702,
    "The Merry Devill of Edmonton by Shakespeare.txt": 0.08553889748902943,
    "THE MERRY WIVES OF WINDSOR.txt": -0.0089143231626172,
    "The Puritaine Widdow by Shakespeare.txt": 0.06807796808360228,
    "THE RAPE OF LUCRECE.txt": 0.0986352102584106,
    "THE TAMING OF THE SHREW.txt": -0.021058479833989452,
    "THE TEMPEST.txt": 0.11583779166718222,
    "THE TRAGEDY OF ANTONY AND CLEOPATRA.txt": 0.04119765875705128,
    "THE TRAGEDY OF CORIOLANUS.txt": 0.09069414921675428,
    "THE TRAGEDY OF HAMLET PRINCE OF DENMARK.txt": 0.10490456238787621,
    "THE TRAGEDY OF JULIUS CAESAR.txt": 0.0975467695227561,
    "THE TRAGEDY OF KING LEAR.txt": 0.1221634265695472,
    "THE TRAGEDY OF MACBETH.txt": 0.10336433543471535,
    "THE TRAGEDY OF OTHELLO MOOR OF VENICE.txt": -0.0232277259695719,
    "THE TRAGEDY OF ROMEO AND JULIET.txt": 0.1160929298764069,
    "THE TRAGEDY OF TITUS ANDRONICUS.txt": 0.08787085187168286,
    "THE TWO GENTLEMEN OF VERONA.txt": 0.12482430291029317,
    "The Two Noble Kinsmen by Shakespeare.txt": 0.01056781416642899,
    "THE WINTERS TALE.txt": 0.08090047449503357,
    "Venus and Adonis.txt": 0.11269221301494298
}