{
    "A MIDSUMMER NIGHT_S DREAM.txt": 0.1156158288887324,
    "A Yorkshire Tragedy by Shakespeare.txt": 0.07911431062296714,
    "Arden of Feversham.txt": 0.11465101592581378,
    "AS YOU LIKE IT.txt": 0.047581676348565194,
    "CYMBELINE.txt": 0.10135242090175245,
    "Fair Em by Shakespeare.txt": 0.07973924002699745,
    "KING EDWARD III by Shakespeare.txt": 0.1071117850240802,
    "King Henry IV, Part 1.txt": 0.07657717306953771,
    "KING HENRY V.txt": 0.06126124541862632,
    "KING HENRY VI part I.txt": -0.09294808974480151,
    "KING HENRY VI Part II.txt": 0.1141399035162628,
    "KING HENRY VI Part III.txt": 0.08032819691064064,
    "KING HENRY VIII.txt": 0.04094241872282267,
    "KING JOHN.txt": -0.2544631190755544,
    "KING RICHARD II.txt": 0.09050038301584312,
    "KING RICHARD III.txt": 0.09941621769198095,
    "Locrine Mucedorus by Shakespeare.txt": 0.11099051191586057,
    "Love_s Labour_s Lost.txt": 0.07212799062565933,
    "MEASURE FOR MEASURE.txt": -0.07131719578101137,
    "Merchant of Venice.txt": -0.17990393544279637,
    "MUCH ADO ABOUT NOTHING.txt": 0.04243968258218361,
    "PERICLES PRINCE OF TYRE.txt": 0.09987805812419376,
    "Sir John Oldcastle by Shakespeare.txt": 0.008932085249037158,
    "Sir Thomas More by Shakespeare.txt": 0.08643260145798853,
    "Taming of the Shrew.txt": 0.035497503080204884,
    "The Comedy of Errors.txt": 0.10961431753723783,
    "THE HISTORY OF TROILUS AND CRESSIDA.txt": 0.09729123389190569,
    "The Life and Death of the Lord Cromwell by Shakespeare.txt": 0.07407280043325981,
    "THE LIFE OF TIMON OF ATHENS.txt": 0.11592426842638781,
    "The London Prodigal.txt": 0.0632118086049333,
    "The Merry Devill of Edmonton by Shakespeare.txt": 0.08707904079225293,
    "THE MERRY WIVES OF WINDSOR.txt": 0.013784489107491193,
    "The Puritaine Widdow by Shakespeare.txt": 0.07031019789381832,
    "THE RAPE OF LUCRECE.txt": 0.10499968057452846,
    "THE TAMING OF THE SHREW.txt": -0.012433817217749943,
    "THE TEMPEST.txt": 0.11795901230409844,
    "THE TRAGEDY OF ANTONY AND CLEOPATRA.txt": 0.01923939480650727,
    "THE TRAGEDY OF CORIOLANUS.txt": 0.08313633841503854,
    "THE TRAGEDY OF HAMLET PRINCE OF DENMARK.txt": 0.10998469306976977,
    "THE TRAGEDY OF JULIUS CAESAR.txt": 0.08316659947056904,
    "THE TRAGEDY OF KING LEAR.txt": 0.11456526145654566,
    "THE TRAGEDY OF MACBETH.txt": 0.08129827726202465,
    "THE TRAGEDY OF OTHELLO MOOR OF VENICE.txt": 0.0021618403096886896,
    "THE TRAGEDY OF ROMEO AND JULIET.txt": 0.10854862078796207,
    "THE TRAGEDY OF TITUS ANDRONICUS.txt": 0.08229666413727144,
    "THE TWO GENTLEMEN OF VERONA.txt": 0.09406367105549612,
    "The Two Noble Kinsmen by Shakespeare.txt": -0.011090924674468816,
    "THE WINTERS TALE.txt": 0.0939903113031913,
    "Venus and Adonis.txt": 0.0872193274094138
}