{
    "A LOVERS COMPLAINT.txt": 0.045812349230223204,
    "A MIDSUMMER NIGHT_S DREAM.txt": 0.10767138789684011,
    "A Yorkshire Tragedy by Shakespeare.txt": 0.07051256653175247,
    "Arden of Feversham.txt": 0.09482582161566411,
    "AS YOU LIKE IT.txt": 0.08469573876572739,
    "CYMBELINE.txt": 0.11008696167183019,
    "Fair Em by Shakespeare.txt": 0.10576637092929458,
    "KING EDWARD III by Shakespeare.txt": 0.03888292799563692,
    "King Henry IV, Part 1.txt": 0.0671074378974702,
    "KING HENRY V.txt": 0.09540005503611626,
    "KING HENRY VI part I.txt": 0.03924589701369846,
    "KING HENRY VI Part II.txt": 0.12142214768119408,
    "KING HENRY VI Part III.txt": 0.09161663438103962,
    "KING HENRY VIII.txt": 0.10696677412219491,
    "KING JOHN.txt": -0.10111380493839528,
    "KING RICHARD II.txt": 0.10129075070660448,
    "KING RICHARD III.txt": 0.11764759800609054,
    "Locrine Mucedorus by Shakespeare.txt": 0.08778185065363209,
    "Love_s Labour_s Lost.txt": 0.08979901354680153,
    "MEASURE FOR MEASURE.txt": 0.005729480603246906,
    "Merchant of Venice.txt": -0.12098848149301777,
    "MUCH ADO ABOUT NOTHING.txt": 0.09497071726924228,
    "PERICLES PRINCE OF TYRE.txt": 0.10370056270196837,
    "Sir John Oldcastle by Shakespeare.txt": 0.09231230009838526,
    "Sir Thomas More by Shakespeare.txt": 0.10580736075286162,
    "Taming of the Shrew.txt": 0.05399680847921284,
    "The Comedy of Errors.txt": 0.10854095132999131,
    "THE HISTORY OF TROILUS AND CRESSIDA.txt": 0.09679828331775908,
    "The Life and Death of the Lord Cromwell by Shakespeare.txt": 0.12871440999867106,
    "THE LIFE OF TIMON OF ATHENS.txt": 0.1167878945820538,
    "The London Prodigal.txt": 0.10381558821188719,
    "The Merry Devill of Edmonton by Shakespeare.txt": 0.11609995914827836,
    "THE MERRY WIVES OF WINDSOR.txt": 0.10094623714674339,
    "The Puritaine Widdow by Shakespeare.txt": 0.10241019926543726,
    "THE RAPE OF LUCRECE.txt": 0.10059025631748447,
    "THE TAMING OF THE SHREW.txt": 0.08297101270985874,
    "THE TEMPEST.txt": 0.07482222420923196,
    "THE TRAGEDY OF ANTONY AND CLEOPATRA.txt": -0.132808981896272,
    "THE TRAGEDY OF CORIOLANUS.txt": 0.11266568860316695,
    "THE TRAGEDY OF HAMLET PRINCE OF DENMARK.txt": 0.09296487860858238,
    "THE TRAGEDY OF JULIUS CAESAR.txt": 0.10794382666556268,
    "THE TRAGEDY OF KING LEAR.txt": 0.09008875136319694,
    "THE TRAGEDY OF MACBETH.txt": 0.08124072146841127,
    "THE TRAGEDY OF OTHELLO MOOR OF VENICE.txt": -0.008797139399507548,
    "THE TRAGEDY OF ROMEO AND JULIET.txt": 0.098922079884745,
    "THE TRAGEDY OF TITUS ANDRONICUS.txt": 0.11430318806558276,
    "THE TWO GENTLEMEN OF VERONA.txt": 0.0922779833611525,
    "The Two Noble Kinsmen by Shakespeare.txt": 0.06349590444299252,
    "THE WINTERS TALE.txt": 0.11815391657989738,
    "Venus and Adonis.txt": 0.0627998967398396
}