{
    "A LOVERS COMPLAINT.txt": 0.035579534397908674,
    "A MIDSUMMER NIGHT_S DREAM.txt": 0.11888690434840782,
    "A Yorkshire Tragedy by Shakespeare.txt": 0.032677997891043975,
    "Arden of Feversham.txt": 0.0906123294790046,
    "AS YOU LIKE IT.txt": 0.09787592743059381,
    "CYMBELINE.txt": 0.10932268714209076,
    "Fair Em by Shakespeare.txt": 0.08848944049129254,
    "KING EDWARD III by Shakespeare.txt": 0.020970606607368547,
    "King Henry IV, Part 1.txt": 0.06233080813638692,
    "KING HENRY V.txt": 0.10206340075214765,
    "KING HENRY VI part I.txt": 0.02468522854712879,
    "KING HENRY VI Part II.txt": 0.13020254068978898,
    "KING HENRY VI Part III.txt": 0.08074940041456108,
    "KING HENRY VIII.txt": 0.10988848490112679,
    "KING JOHN.txt": -0.10036247436993162,
    "KING RICHARD II.txt": 0.0971468510449896,
    "KING RICHARD III.txt": 0.09163927236224223,
    "Locrine Mucedorus by Shakespeare.txt": 0.105883979633351,
    "Love_s Labour_s Lost.txt": 0.10798267360752162,
    "MEASURE FOR MEASURE.txt": -0.00348880454604239,
    "Merchant of Venice.txt": -0.07139642214251185,
    "MUCH ADO ABOUT NOTHING.txt": 0.08443389399050483,
    "PERICLES PRINCE OF TYRE.txt": 0.07750528206016932,
    "Sir John Oldcastle by Shakespeare.txt": 0.07717192613537821,
    "Sir Thomas More by Shakespeare.txt": 0.12382450569003572,
    "Taming of the Shrew.txt": 0.07096442973207706,
    "The Comedy of Errors.txt": 0.11132537718001445,
    "THE HISTORY OF TROILUS AND CRESSIDA.txt": 0.10332733430130475,
    "The Life and Death of the Lord Cromwell by Shakespeare.txt": 0.12216285180380715,
    "THE LIFE OF TIMON OF ATHENS.txt": 0.09292255062141619,
    "The London Prodigal.txt": 0.09596953658544344,
    "The Merry Devill of Edmonton by Shakespeare.txt": 0.10358768093409582,
    "THE MERRY WIVES OF WINDSOR.txt": 0.1096446294678935,
    "The Puritaine Widdow by Shakespeare.txt": 0.09894134293971668,
    "THE RAPE OF LUCRECE.txt": 0.11269249322717978,
    "THE TAMING OF THE SHREW.txt": 0.0878951303526071,
    "THE TEMPEST.txt": 0.08326186159820498,
    "THE TRAGEDY OF ANTONY AND CLEOPATRA.txt": -0.13233321041553436,
    "THE TRAGEDY OF CORIOLANUS.txt": 0.0964748066338913,
    "THE TRAGEDY OF HAMLET PRINCE OF DENMARK.txt": 0.08311646377552212,
    "THE TRAGEDY OF JULIUS CAESAR.txt": 0.11156875395097832,
    "THE TRAGEDY OF KING LEAR.txt": 0.0725940122115788,
    "THE TRAGEDY OF MACBETH.txt": 0.09079528219708843,
    "THE TRAGEDY OF OTHELLO MOOR OF VENICE.txt": -0.01843069517382323,
    "THE TRAGEDY OF ROMEO AND JULIET.txt": 0.09595326592345699,
    "THE TRAGEDY OF TITUS ANDRONICUS.txt": 0.09875509677233774,
    "THE TWO GENTLEMEN OF VERONA.txt": 0.07556102861459008,
    "The Two Noble Kinsmen by Shakespeare.txt": 0.060699207478084105,
    "THE WINTERS TALE.txt": 0.12513958803995295,
    "Venus and Adonis.txt": 0.06945983208923467
}