{
    "A LOVERS COMPLAINT.txt": 0.07100876325102035,
    "A MIDSUMMER NIGHT_S DREAM.txt": 0.1222830352083129,
    "A Yorkshire Tragedy by Shakespeare.txt": -0.028598520660649163,
    "Arden of Feversham.txt": 0.0804185507919894,
    "AS YOU LIKE IT.txt": 0.12002434784947302,
    "CYMBELINE.txt": 0.1356477889943496,
    "Fair Em by Shakespeare.txt": 0.08070644859967369,
    "KING EDWARD III by Shakespeare.txt": 0.14698140895688977,
    "King Henry IV, Part 1.txt": 0.1277125299611429,
    "KING HENRY V.txt": 0.05305317918058228,
    "KING HENRY VI part I.txt": 0.025321041054093996,
    "KING HENRY VI Part II.txt": 0.12687639007579954,
    "KING HENRY VI Part III.txt": 0.1271883886461655,
    "KING HENRY VIII.txt": 0.11793908745523163,
    "KING JOHN.txt": 0.14549487252620852,
    "KING RICHARD II.txt": 0.13551608164081336,
    "KING RICHARD III.txt": 0.14302229429683,
    "Locrine Mucedorus by Shakespeare.txt": 0.13889171249536664,
    "Love_s Labour_s Lost.txt": 0.125800737100701,
    "MEASURE FOR MEASURE.txt": 0.1417098013218081,
    "Merchant of Venice.txt": 0.13616476602947714,
    "MUCH ADO ABOUT NOTHING.txt": 0.1524691085820044,
    "PERICLES PRINCE OF TYRE.txt": 0.10861356737384747,
    "Sir John Oldcastle by Shakespeare.txt": 0.03827780037738332,
    "Sir Thomas More by Shakespeare.txt": 0.10949506922258218,
    "Taming of the Shrew.txt": 0.14335896551099941,
    "The Comedy of Errors.txt": -0.1308813165105086,
    "THE HISTORY OF TROILUS AND CRESSIDA.txt": 0.1341042751804737,
    "The Life and Death of the Lord Cromwell by Shakespeare.txt": 0.05638891925759937,
    "THE LIFE OF TIMON OF ATHENS.txt": 0.13312493300670475,
    "The London Prodigal.txt": 0.1482715897428578,
    "The Merry Devill of Edmonton by Shakespeare.txt": 0.11246125428709047,
    "THE MERRY WIVES OF WINDSOR.txt": 0.11248323787496856,
    "The Puritaine Widdow by Shakespeare.txt": -0.18457580488228886,
    "THE RAPE OF LUCRECE.txt": 0.14700909645985527,
    "THE TAMING OF THE SHREW.txt": 0.11760299978899974,
    "THE TEMPEST.txt": 0.13485295597677216,
    "THE TRAGEDY OF ANTONY AND CLEOPATRA.txt": 0.11720277124348899,
    "THE TRAGEDY OF CORIOLANUS.txt": 0.12573108988233028,
    "THE TRAGEDY OF HAMLET PRINCE OF DENMARK.txt": 0.10081506644739285,
    "THE TRAGEDY OF JULIUS CAESAR.txt": 0.1372703404899983,
    "THE TRAGEDY OF KING LEAR.txt": 0.15022774060618188,
    "THE TRAGEDY OF MACBETH.txt": 0.10826043370017929,
    "THE TRAGEDY OF OTHELLO MOOR OF VENICE.txt": 0.15355968001617165,
    "THE TRAGEDY OF ROMEO AND JULIET.txt": 0.14820018410043018,
    "THE TRAGEDY OF TITUS ANDRONICUS.txt": 0.14470148502679658,
    "THE TWO GENTLEMEN OF VERONA.txt": 0.15353227649576273,
    "The Two Noble Kinsmen by Shakespeare.txt": 0.12854395324690243,
    "THE WINTERS TALE.txt": 0.13423258085696477,
    "Venus and Adonis.txt": 0.15871371000113493
}