{
    "A LOVERS COMPLAINT.txt": -0.03709291495857503,
    "A MIDSUMMER NIGHT_S DREAM.txt": 0.03980234493800494,
    "A Yorkshire Tragedy by Shakespeare.txt": 0.012840072791682533,
    "Arden of Feversham.txt": 0.10918047040535178,
    "AS YOU LIKE IT.txt": -0.15849718417190206,
    "CYMBELINE.txt": 0.03465590719276196,
    "Fair Em by Shakespeare.txt": 0.0668229244003225,
    "KING EDWARD III by Shakespeare.txt": 0.0668229244003225,
    "King Henry IV, Part 1.txt": -0.016241560724681303,
    "KING HENRY V.txt": 0.03505254165471622,
    "KING HENRY VI part I.txt": 0.012840072791682533,
    "KING HENRY VI Part II.txt": 0.07393702827430448,
    "KING HENRY VI Part III.txt": 0.07393702827430448,
    "KING HENRY VIII.txt": 0.09795239618574691,
    "KING JOHN.txt": 0.07358920095486021,
    "KING RICHARD II.txt": -0.0024767572243455938,
    "KING RICHARD III.txt": 0.07393702827430448,
    "Locrine Mucedorus by Shakespeare.txt": 0.08243612843387255,
    "Love_s Labour_s Lost.txt": 0.035862276075289856,
    "MEASURE FOR MEASURE.txt": 0.0885197391197094,
    "Merchant of Venice.txt": -0.10093752879939188,
    "MUCH ADO ABOUT NOTHING.txt": 0.07358920095486021,
    "PERICLES PRINCE OF TYRE.txt": 0.0529802025890968,
    "Sir John Oldcastle by Shakespeare.txt": 0.0026052228455413218,
    "Sir Thomas More by Shakespeare.txt": 0.06132264731483422,
    "Taming of the Shrew.txt": 0.055518786695009925,
    "The Comedy of Errors.txt": 0.0668229244003225,
    "THE HISTORY OF TROILUS AND CRESSIDA.txt": 0.020144516392200496,
    "The Life and Death of the Lord Cromwell by Shakespeare.txt": 0.08852403137727544,
    "THE LIFE OF TIMON OF ATHENS.txt": -0.03709291495857503,
    "The London Prodigal.txt": -0.017194435228157223,
    "The Merry Devill of Edmonton by Shakespeare.txt": 0.0668229244003225,
    "THE MERRY WIVES OF WINDSOR.txt": -0.12372880184758417,
    "The Puritaine Widdow by Shakespeare.txt": 0.05121292707656927,
    "THE RAPE OF LUCRECE.txt": 0.047332049564409395,
    "THE TAMING OF THE SHREW.txt": 0.0021851411557591294,
    "THE TEMPEST.txt": 0.03465590719276196,
    "THE TRAGEDY OF ANTONY AND CLEOPATRA.txt": -0.03709291495857503,
    "THE TRAGEDY OF CORIOLANUS.txt": 0.020144516392200496,
    "THE TRAGEDY OF HAMLET PRINCE OF DENMARK.txt": 0.10997803581262272,
    "THE TRAGEDY OF JULIUS CAESAR.txt": 0.017207921293879158,
    "THE TRAGEDY OF KING LEAR.txt": 0.03465590719276196,
    "THE TRAGEDY OF MACBETH.txt": 0.03855634099338312,
    "THE TRAGEDY OF OTHELLO MOOR OF VENICE.txt": 0.0704607698205762,
    "THE TRAGEDY OF ROMEO AND JULIET.txt": 0.0704607698205762,
    "THE TRAGEDY OF TITUS ANDRONICUS.txt": 0.03465590719276196,
    "THE TWO GENTLEMEN OF VERONA.txt": 0.07393702827430448,
    "The Two Noble Kinsmen by Shakespeare.txt": 0.0704607698205762,
    "THE WINTERS TALE.txt": 0.07421985514711821,
    "Venus and Adonis.txt": 0.05839180898532814
}