{
    "A LOVERS COMPLAINT.txt": -0.04340135590501315,
    "A MIDSUMMER NIGHT_S DREAM.txt": -0.03525017294206123,
    "A Yorkshire Tragedy by Shakespeare.txt": 0.06818213115595662,
    "Arden of Feversham.txt": 0.021990513871978867,
    "AS YOU LIKE IT.txt": -0.044162272456715446,
    "CYMBELINE.txt": 0.06818213115595662,
    "Fair Em by Shakespeare.txt": 0.056374486840078175,
    "KING EDWARD III by Shakespeare.txt": 0.06818213115595662,
    "King Henry IV, Part 1.txt": -0.039998900918399194,
    "KING HENRY V.txt": -0.001224355289587753,
    "KING HENRY VI part I.txt": 0.02110337802602813,
    "KING HENRY VI Part II.txt": 0.06327904881660756,
    "KING HENRY VI Part III.txt": 0.04573479027033506,
    "KING HENRY VIII.txt": 0.040127842104398126,
    "KING JOHN.txt": 0.0011475051505343559,
    "KING RICHARD II.txt": 0.013575332828237474,
    "KING RICHARD III.txt": 0.0008778756034763524,
    "Locrine Mucedorus by Shakespeare.txt": 0.0264509677849884,
    "Love_s Labour_s Lost.txt": 0.011695482331831986,
    "MEASURE FOR MEASURE.txt": 0.05096175391573615,
    "Merchant of Venice.txt": -0.04012278091396926,
    "MUCH ADO ABOUT NOTHING.txt": 0.06327904881660756,
    "PERICLES PRINCE OF TYRE.txt": -0.06582491354471598,
    "Sir John Oldcastle by Shakespeare.txt": 0.02110337802602813,
    "Sir Thomas More by Shakespeare.txt": 0.03245995611273039,
    "Taming of the Shrew.txt": -0.022718745931505246,
    "The Comedy of Errors.txt": 0.06818213115595662,
    "THE HISTORY OF TROILUS AND CRESSIDA.txt": 0.056374486840078175,
    "The Life and Death of the Lord Cromwell by Shakespeare.txt": 0.05166758978325858,
    "THE LIFE OF TIMON OF ATHENS.txt": -0.04340135590501315,
    "The London Prodigal.txt": -0.20692300198687974,
    "The Merry Devill of Edmonton by Shakespeare.txt": 0.056374486840078175,
    "THE MERRY WIVES OF WINDSOR.txt": -0.05712962839299607,
    "The Puritaine Widdow by Shakespeare.txt": 0.06327904881660756,
    "THE RAPE OF LUCRECE.txt": 0.05166758978325858,
    "THE TAMING OF THE SHREW.txt": -0.028875978132114954,
    "THE TEMPEST.txt": 0.056374486840078175,
    "THE TRAGEDY OF ANTONY AND CLEOPATRA.txt": -0.04340135590501315,
    "THE TRAGEDY OF CORIOLANUS.txt": 0.056374486840078175,
    "THE TRAGEDY OF HAMLET PRINCE OF DENMARK.txt": 0.026905645275730583,
    "THE TRAGEDY OF JULIUS CAESAR.txt": 0.025770223250788094,
    "THE TRAGEDY OF KING LEAR.txt": 0.056374486840078175,
    "THE TRAGEDY OF MACBETH.txt": 0.06038730468793574,
    "THE TRAGEDY OF OTHELLO MOOR OF VENICE.txt": 0.04573479027033506,
    "THE TRAGEDY OF ROMEO AND JULIET.txt": 0.04573479027033506,
    "THE TRAGEDY OF TITUS ANDRONICUS.txt": 0.056374486840078175,
    "THE TWO GENTLEMEN OF VERONA.txt": 0.04573479027033506,
    "The Two Noble Kinsmen by Shakespeare.txt": 0.04067044524266761,
    "THE WINTERS TALE.txt": 0.04573479027033506,
    "Venus and Adonis.txt": -0.047012432220562395
}