{
    "A LOVERS COMPLAINT.txt": -0.009462010225132933,
    "A MIDSUMMER NIGHT_S DREAM.txt": 0.060763352179806995,
    "A Yorkshire Tragedy by Shakespeare.txt": 0.03263692801105095,
    "Arden of Feversham.txt": -0.02022787795313641,
    "AS YOU LIKE IT.txt": 0.10334210926177817,
    "CYMBELINE.txt": 0.08507970423845512,
    "Fair Em by Shakespeare.txt": 0.057943875889092,
    "KING EDWARD III by Shakespeare.txt": -0.0028447182947894945,
    "King Henry IV, Part 1.txt": 0.06116879588298468,
    "KING HENRY V.txt": 0.06779008863624553,
    "KING HENRY VI part I.txt": -0.03779728298192109,
    "KING HENRY VI Part II.txt": 0.11282466848077227,
    "KING HENRY VI Part III.txt": 0.07439888767415431,
    "KING HENRY VIII.txt": -0.04202818225357652,
    "KING JOHN.txt": -0.10256295360300305,
    "KING RICHARD II.txt": 0.07924792990234092,
    "KING RICHARD III.txt": 0.08630859733405633,
    "Locrine Mucedorus by Shakespeare.txt": 0.015795366341635975,
    "Love_s Labour_s Lost.txt": 0.05080547720835732,
    "MEASURE FOR MEASURE.txt": 0.10396317382754805,
    "Merchant of Venice.txt": 0.05513910644980863,
    "MUCH ADO ABOUT NOTHING.txt": 0.10268062313049264,
    "PERICLES PRINCE OF TYRE.txt": 0.09557159360233025,
    "Sir John Oldcastle by Shakespeare.txt": 0.10165476422625969,
    "Sir Thomas More by Shakespeare.txt": 0.08323829953552914,
    "Taming of the Shrew.txt": 0.10864879758381324,
    "The Comedy of Errors.txt": -0.02728531785966337,
    "THE HISTORY OF TROILUS AND CRESSIDA.txt": 0.09172420786191443,
    "The Life and Death of the Lord Cromwell by Shakespeare.txt": 0.08261326096450272,
    "THE LIFE OF TIMON OF ATHENS.txt": 0.057943875889092,
    "The London Prodigal.txt": 0.0707424758609097,
    "The Merry Devill of Edmonton by Shakespeare.txt": 0.09054125406508257,
    "THE MERRY WIVES OF WINDSOR.txt": 0.11065991410488829,
    "The Puritaine Widdow by Shakespeare.txt": 0.11620953232447351,
    "THE RAPE OF LUCRECE.txt": 0.07173769605733549,
    "THE TAMING OF THE SHREW.txt": 0.10237123670176679,
    "THE TEMPEST.txt": 0.08874394134335767,
    "THE TRAGEDY OF ANTONY AND CLEOPATRA.txt": 0.07286914486290696,
    "THE TRAGEDY OF CORIOLANUS.txt": 0.085957110365387,
    "THE TRAGEDY OF HAMLET PRINCE OF DENMARK.txt": 0.08107341080242775,
    "THE TRAGEDY OF JULIUS CAESAR.txt": 0.09050938172332401,
    "THE TRAGEDY OF KING LEAR.txt": 0.10194639139834893,
    "THE TRAGEDY OF MACBETH.txt": 0.0815824197716139,
    "THE TRAGEDY OF OTHELLO MOOR OF VENICE.txt": 0.1000731609400266,
    "THE TRAGEDY OF ROMEO AND JULIET.txt": 0.049680118167615084,
    "THE TRAGEDY OF TITUS ANDRONICUS.txt": 0.09912662583897375,
    "THE TWO GENTLEMEN OF VERONA.txt": 0.10551107742288501,
    "The Two Noble Kinsmen by Shakespeare.txt": -0.03779728298192109,
    "THE WINTERS TALE.txt": 0.09734932975437144,
    "Venus and Adonis.txt": -0.13933157475820857
}