{
    "A MIDSUMMER NIGHT_S DREAM.txt": 0.10018675338589933,
    "A Yorkshire Tragedy by Shakespeare.txt": 0.11753878051280459,
    "Arden of Feversham.txt": -0.20523573422054509,
    "AS YOU LIKE IT.txt": 0.08826315323233563,
    "CYMBELINE.txt": 0.11594606619291031,
    "Fair Em by Shakespeare.txt": 0.10754387809825311,
    "KING EDWARD III by Shakespeare.txt": 0.10070086641765064,
    "King Henry IV, Part 1.txt": 0.11489858404017744,
    "KING HENRY V.txt": 0.13403642626881418,
    "KING HENRY VI part I.txt": 0.0022462683742094924,
    "KING HENRY VI Part II.txt": 0.10948058207698153,
    "KING HENRY VI Part III.txt": 0.10890152553597932,
    "KING HENRY VIII.txt": -0.11559744726756727,
    "KING JOHN.txt": 0.09628790762822642,
    "KING RICHARD II.txt": 0.10983856792029018,
    "KING RICHARD III.txt": 0.10912478475332693,
    "Locrine Mucedorus by Shakespeare.txt": 0.09344557543316179,
    "Love_s Labour_s Lost.txt": 0.07815586679758663,
    "MEASURE FOR MEASURE.txt": 0.12140000869470535,
    "Merchant of Venice.txt": 0.11496271555168464,
    "MUCH ADO ABOUT NOTHING.txt": 0.11677228668142264,
    "PERICLES PRINCE OF TYRE.txt": 0.10443786669389649,
    "Sir John Oldcastle by Shakespeare.txt": 0.10183730145891995,
    "Sir Thomas More by Shakespeare.txt": 0.0599419415136066,
    "Taming of the Shrew.txt": 0.12529197774429995,
    "The Comedy of Errors.txt": -0.013582637790077401,
    "THE HISTORY OF TROILUS AND CRESSIDA.txt": 0.09092486699135327,
    "The Life and Death of the Lord Cromwell by Shakespeare.txt": 0.11987448409552892,
    "THE LIFE OF TIMON OF ATHENS.txt": 0.11448584634496445,
    "The London Prodigal.txt": 0.11470737098239886,
    "The Merry Devill of Edmonton by Shakespeare.txt": 0.11640640906427435,
    "THE MERRY WIVES OF WINDSOR.txt": 0.10218372747847265,
    "The Puritaine Widdow by Shakespeare.txt": 0.09226797945620002,
    "THE RAPE OF LUCRECE.txt": 0.06733405609036114,
    "THE TAMING OF THE SHREW.txt": 0.12757173781505954,
    "THE TEMPEST.txt": 0.07386616119121686,
    "THE TRAGEDY OF ANTONY AND CLEOPATRA.txt": 0.10551810128343952,
    "THE TRAGEDY OF CORIOLANUS.txt": 0.1210661315553706,
    "THE TRAGEDY OF HAMLET PRINCE OF DENMARK.txt": 0.11918642060523288,
    "THE TRAGEDY OF JULIUS CAESAR.txt": 0.023611471380116877,
    "THE TRAGEDY OF KING LEAR.txt": 0.12139113232185728,
    "THE TRAGEDY OF MACBETH.txt": 0.0977874468601167,
    "THE TRAGEDY OF OTHELLO MOOR OF VENICE.txt": 0.13794520303756036,
    "THE TRAGEDY OF ROMEO AND JULIET.txt": 0.059313669022410365,
    "THE TRAGEDY OF TITUS ANDRONICUS.txt": 0.11682483737985039,
    "THE TWO GENTLEMEN OF VERONA.txt": 0.11777830960527852,
    "The Two Noble Kinsmen by Shakespeare.txt": 0.0012506529978456582,
    "THE WINTERS TALE.txt": 0.11259719396896539,
    "Venus and Adonis.txt": -0.30750225104041073
}