{
    "A MIDSUMMER NIGHT_S DREAM.txt": 0.09391034486190747,
    "A Yorkshire Tragedy by Shakespeare.txt": 0.11229987309466571,
    "Arden of Feversham.txt": -0.21066989324869556,
    "AS YOU LIKE IT.txt": 0.1090772351988396,
    "CYMBELINE.txt": 0.12636658010868457,
    "Fair Em by Shakespeare.txt": 0.10077627249181076,
    "KING EDWARD III by Shakespeare.txt": 0.11910374784920147,
    "King Henry IV, Part 1.txt": 0.09797704833909399,
    "KING HENRY V.txt": 0.13289764165214857,
    "KING HENRY VI part I.txt": 0.021638634321285433,
    "KING HENRY VI Part II.txt": 0.13635501468738626,
    "KING HENRY VI Part III.txt": 0.12019251558093469,
    "KING HENRY VIII.txt": -0.09392730901555058,
    "KING JOHN.txt": 0.07678776918118424,
    "KING RICHARD II.txt": 0.1096650143825611,
    "KING RICHARD III.txt": 0.11711301289725679,
    "Locrine Mucedorus by Shakespeare.txt": 0.07780587652476567,
    "Love_s Labour_s Lost.txt": 0.06506034504899649,
    "MEASURE FOR MEASURE.txt": 0.12768517153515208,
    "Merchant of Venice.txt": 0.10643803322691492,
    "MUCH ADO ABOUT NOTHING.txt": 0.10240790784383941,
    "PERICLES PRINCE OF TYRE.txt": 0.11004486211930076,
    "Sir John Oldcastle by Shakespeare.txt": 0.10170303340498665,
    "Sir Thomas More by Shakespeare.txt": 0.046204501305667334,
    "Taming of the Shrew.txt": 0.11506750972600893,
    "The Comedy of Errors.txt": -0.025818190979788325,
    "THE HISTORY OF TROILUS AND CRESSIDA.txt": 0.10372152189047446,
    "The Life and Death of the Lord Cromwell by Shakespeare.txt": 0.12284099912008961,
    "THE LIFE OF TIMON OF ATHENS.txt": 0.10229408669847923,
    "The London Prodigal.txt": 0.11613015289399797,
    "The Merry Devill of Edmonton by Shakespeare.txt": 0.12060410517849596,
    "THE MERRY WIVES OF WINDSOR.txt": 0.1164575529154051,
    "The Puritaine Widdow by Shakespeare.txt": 0.09697248056351837,
    "THE RAPE OF LUCRECE.txt": 0.05202944512762536,
    "THE TAMING OF THE SHREW.txt": 0.13215833862826276,
    "THE TEMPEST.txt": 0.07398712332930979,
    "THE TRAGEDY OF ANTONY AND CLEOPATRA.txt": 0.12741222646034267,
    "THE TRAGEDY OF CORIOLANUS.txt": 0.11283015277265251,
    "THE TRAGEDY OF HAMLET PRINCE OF DENMARK.txt": 0.11645073345263479,
    "THE TRAGEDY OF JULIUS CAESAR.txt": 0.0040154456138464245,
    "THE TRAGEDY OF KING LEAR.txt": 0.13528175536097486,
    "THE TRAGEDY OF MACBETH.txt": 0.1313871779993453,
    "THE TRAGEDY OF OTHELLO MOOR OF VENICE.txt": 0.12799250105150917,
    "THE TRAGEDY OF ROMEO AND JULIET.txt": 0.05685728274388263,
    "THE TRAGEDY OF TITUS ANDRONICUS.txt": 0.10859606933979987,
    "THE TWO GENTLEMEN OF VERONA.txt": 0.12082721177176076,
    "The Two Noble Kinsmen by Shakespeare.txt": 0.010096222174902691,
    "THE WINTERS TALE.txt": 0.11441912397748549,
    "Venus and Adonis.txt": -0.3180588407352084
}