{
    "A LOVERS COMPLAINT.txt": -0.015872182946545466,
    "A MIDSUMMER NIGHT_S DREAM.txt": 0.07862626667185774,
    "A Yorkshire Tragedy by Shakespeare.txt": 0.019634948025941512,
    "Arden of Feversham.txt": -0.030899843685199047,
    "AS YOU LIKE IT.txt": 0.0892645762580998,
    "CYMBELINE.txt": 0.08139953941317996,
    "Fair Em by Shakespeare.txt": 0.06562753999334331,
    "KING EDWARD III by Shakespeare.txt": 0.01759510117616464,
    "King Henry IV, Part 1.txt": 0.09335621458935489,
    "KING HENRY V.txt": 0.07049120113538837,
    "KING HENRY VI part I.txt": -0.059374607374766075,
    "KING HENRY VI Part II.txt": 0.11107487892648304,
    "KING HENRY VI Part III.txt": 0.09678771460096414,
    "KING HENRY VIII.txt": -0.04386193243879655,
    "KING JOHN.txt": -0.08935792301044665,
    "KING RICHARD II.txt": 0.08074488441747613,
    "KING RICHARD III.txt": 0.09955569390461888,
    "Locrine Mucedorus by Shakespeare.txt": 0.026638444299666553,
    "Love_s Labour_s Lost.txt": 0.044417303274497,
    "MEASURE FOR MEASURE.txt": 0.09557163973902505,
    "Merchant of Venice.txt": 0.03803557058528639,
    "MUCH ADO ABOUT NOTHING.txt": 0.08899121385681663,
    "PERICLES PRINCE OF TYRE.txt": 0.09112537601037296,
    "Sir John Oldcastle by Shakespeare.txt": 0.10013542186716806,
    "Sir Thomas More by Shakespeare.txt": 0.08357707200972031,
    "Taming of the Shrew.txt": 0.09745317436268175,
    "The Comedy of Errors.txt": -0.04067755438587661,
    "THE HISTORY OF TROILUS AND CRESSIDA.txt": 0.08190527367773698,
    "The Life and Death of the Lord Cromwell by Shakespeare.txt": 0.06674343869230837,
    "THE LIFE OF TIMON OF ATHENS.txt": 0.06732301627096293,
    "The London Prodigal.txt": 0.07226255782009988,
    "The Merry Devill of Edmonton by Shakespeare.txt": 0.07247835856940982,
    "THE MERRY WIVES OF WINDSOR.txt": 0.09406141533829354,
    "The Puritaine Widdow by Shakespeare.txt": 0.09358536759773206,
    "THE RAPE OF LUCRECE.txt": 0.09997418837072952,
    "THE TAMING OF THE SHREW.txt": 0.10148338966086867,
    "THE TEMPEST.txt": 0.07973671782677683,
    "THE TRAGEDY OF ANTONY AND CLEOPATRA.txt": 0.07467564844723634,
    "THE TRAGEDY OF CORIOLANUS.txt": 0.09955569390461888,
    "THE TRAGEDY OF HAMLET PRINCE OF DENMARK.txt": 0.08622510708497072,
    "THE TRAGEDY OF JULIUS CAESAR.txt": 0.07395445922169286,
    "THE TRAGEDY OF KING LEAR.txt": 0.11250998893761921,
    "THE TRAGEDY OF MACBETH.txt": 0.0874225654420901,
    "THE TRAGEDY OF OTHELLO MOOR OF VENICE.txt": 0.08462033280732512,
    "THE TRAGEDY OF ROMEO AND JULIET.txt": 0.07559028038063631,
    "THE TRAGEDY OF TITUS ANDRONICUS.txt": 0.08482305273952317,
    "THE TWO GENTLEMEN OF VERONA.txt": 0.11144874801387611,
    "The Two Noble Kinsmen by Shakespeare.txt": -0.059374607374766075,
    "THE WINTERS TALE.txt": 0.11464805832409813,
    "Venus and Adonis.txt": -0.14313419670071925
}