{
    "A LOVERS COMPLAINT.txt": 0.04353620839758904,
    "A MIDSUMMER NIGHT_S DREAM.txt": 0.08226108393377579,
    "A Yorkshire Tragedy by Shakespeare.txt": 0.015634826741422414,
    "Arden of Feversham.txt": 0.10685881535855046,
    "AS YOU LIKE IT.txt": 0.12203268672720796,
    "CYMBELINE.txt": 0.11906744916606055,
    "Fair Em by Shakespeare.txt": 0.12991102357512407,
    "KING EDWARD III by Shakespeare.txt": 0.11409556783073965,
    "King Henry IV, Part 1.txt": 0.12708632521622804,
    "KING HENRY V.txt": 0.10955869800573742,
    "KING HENRY VI part I.txt": 0.01084071245551066,
    "KING HENRY VI Part II.txt": 0.12120068076262958,
    "KING HENRY VI Part III.txt": 0.10998836802070261,
    "KING HENRY VIII.txt": 0.07352274773472461,
    "KING JOHN.txt": -0.017807788090339338,
    "KING RICHARD II.txt": 0.12203666969951638,
    "KING RICHARD III.txt": 0.12207770222798175,
    "Locrine Mucedorus by Shakespeare.txt": 0.128088102718232,
    "Love_s Labour_s Lost.txt": 0.12932455561489054,
    "MEASURE FOR MEASURE.txt": 0.10854713727075171,
    "Merchant of Venice.txt": 0.10534491569526838,
    "MUCH ADO ABOUT NOTHING.txt": 0.11443662054936626,
    "PERICLES PRINCE OF TYRE.txt": 0.08955864607840586,
    "Sir John Oldcastle by Shakespeare.txt": 0.1074883560906974,
    "Sir Thomas More by Shakespeare.txt": 0.0797564504340641,
    "Taming of the Shrew.txt": 0.12841372406927853,
    "The Comedy of Errors.txt": 0.07456338656879224,
    "THE HISTORY OF TROILUS AND CRESSIDA.txt": 0.08901620585497161,
    "The Life and Death of the Lord Cromwell by Shakespeare.txt": 0.09243571614132678,
    "THE LIFE OF TIMON OF ATHENS.txt": 0.10754536916177654,
    "The London Prodigal.txt": 0.11136811624847393,
    "The Merry Devill of Edmonton by Shakespeare.txt": 0.1265936894888559,
    "THE MERRY WIVES OF WINDSOR.txt": 0.06021557817796225,
    "The Puritaine Widdow by Shakespeare.txt": -0.08861954862045829,
    "THE RAPE OF LUCRECE.txt": 0.09574822997654342,
    "THE TAMING OF THE SHREW.txt": 0.10293673425881827,
    "THE TEMPEST.txt": 0.12251484722244071,
    "THE TRAGEDY OF ANTONY AND CLEOPATRA.txt": 0.09850976262089634,
    "THE TRAGEDY OF CORIOLANUS.txt": 0.11457045855125902,
    "THE TRAGEDY OF HAMLET PRINCE OF DENMARK.txt": 0.08384072430808065,
    "THE TRAGEDY OF JULIUS CAESAR.txt": 0.08925213959553818,
    "THE TRAGEDY OF KING LEAR.txt": 0.1326381349356816,
    "THE TRAGEDY OF MACBETH.txt": 0.10557680132408542,
    "THE TRAGEDY OF OTHELLO MOOR OF VENICE.txt": 0.1275762146793838,
    "THE TRAGEDY OF ROMEO AND JULIET.txt": 0.09345590374777918,
    "THE TRAGEDY OF TITUS ANDRONICUS.txt": 0.10639900379951922,
    "THE TWO GENTLEMEN OF VERONA.txt": 0.12106851153309178,
    "The Two Noble Kinsmen by Shakespeare.txt": 0.11182972598895385,
    "THE WINTERS TALE.txt": 0.13696277095673626,
    "Venus and Adonis.txt": 0.09634047124800271
}