{
    "A LOVERS COMPLAINT.txt": 0.05434505669306838,
    "A MIDSUMMER NIGHT_S DREAM.txt": 0.08432523076887083,
    "A Yorkshire Tragedy by Shakespeare.txt": 0.024954522269824253,
    "Arden of Feversham.txt": 0.12106336120920125,
    "AS YOU LIKE IT.txt": 0.1288389288321206,
    "CYMBELINE.txt": 0.11390031543410778,
    "Fair Em by Shakespeare.txt": 0.1252399852496343,
    "KING EDWARD III by Shakespeare.txt": 0.11212722031974848,
    "King Henry IV, Part 1.txt": 0.11802289240799274,
    "KING HENRY V.txt": 0.12774994815237445,
    "KING HENRY VI part I.txt": -0.016168092773948595,
    "KING HENRY VI Part II.txt": 0.12216485676138239,
    "KING HENRY VI Part III.txt": 0.12558384992730676,
    "KING HENRY VIII.txt": 0.0861807831273883,
    "KING JOHN.txt": -0.06037532574255233,
    "KING RICHARD II.txt": 0.11846205740256893,
    "KING RICHARD III.txt": 0.14041602666466835,
    "Locrine Mucedorus by Shakespeare.txt": 0.1286657087306129,
    "Love_s Labour_s Lost.txt": 0.1442211395319543,
    "MEASURE FOR MEASURE.txt": 0.12767049549976678,
    "Merchant of Venice.txt": 0.1121363575180978,
    "MUCH ADO ABOUT NOTHING.txt": 0.11506550792630277,
    "PERICLES PRINCE OF TYRE.txt": 0.08252332225708275,
    "Sir John Oldcastle by Shakespeare.txt": 0.10157831718899235,
    "Sir Thomas More by Shakespeare.txt": 0.07716151024930679,
    "Taming of the Shrew.txt": 0.11172666912564427,
    "The Comedy of Errors.txt": 0.10342732852326891,
    "THE HISTORY OF TROILUS AND CRESSIDA.txt": 0.0998008952519106,
    "The Life and Death of the Lord Cromwell by Shakespeare.txt": 0.11291748131971424,
    "THE LIFE OF TIMON OF ATHENS.txt": 0.08355613293377323,
    "The London Prodigal.txt": 0.09706902697047459,
    "The Merry Devill of Edmonton by Shakespeare.txt": 0.12249861820475821,
    "THE MERRY WIVES OF WINDSOR.txt": 0.04921054067850733,
    "The Puritaine Widdow by Shakespeare.txt": -0.1270800478746208,
    "THE RAPE OF LUCRECE.txt": 0.10986412608974022,
    "THE TAMING OF THE SHREW.txt": 0.126151443540082,
    "THE TEMPEST.txt": 0.10052518367682362,
    "THE TRAGEDY OF ANTONY AND CLEOPATRA.txt": 0.1079343396373198,
    "THE TRAGEDY OF CORIOLANUS.txt": 0.10340467571757223,
    "THE TRAGEDY OF HAMLET PRINCE OF DENMARK.txt": 0.10757018592893847,
    "THE TRAGEDY OF JULIUS CAESAR.txt": 0.10711928527275016,
    "THE TRAGEDY OF KING LEAR.txt": 0.12121363155704074,
    "THE TRAGEDY OF MACBETH.txt": 0.12545485051100586,
    "THE TRAGEDY OF OTHELLO MOOR OF VENICE.txt": 0.12690264509779192,
    "THE TRAGEDY OF ROMEO AND JULIET.txt": 0.10790016856168316,
    "THE TRAGEDY OF TITUS ANDRONICUS.txt": 0.11629102202153407,
    "THE TWO GENTLEMEN OF VERONA.txt": 0.12171077852416184,
    "The Two Noble Kinsmen by Shakespeare.txt": 0.12586500373879633,
    "THE WINTERS TALE.txt": 0.1307395949820725,
    "Venus and Adonis.txt": 0.09960587935265325
}