{
    "A LOVERS COMPLAINT.txt": 0.0698495775244895,
    "A MIDSUMMER NIGHT_S DREAM.txt": 0.07591677895422638,
    "A Yorkshire Tragedy by Shakespeare.txt": 0.02552985781481054,
    "Arden of Feversham.txt": 0.1375399715497594,
    "AS YOU LIKE IT.txt": 0.1167197263620483,
    "CYMBELINE.txt": 0.11334145909263499,
    "Fair Em by Shakespeare.txt": 0.12102329237254572,
    "KING EDWARD III by Shakespeare.txt": 0.12831347836685558,
    "King Henry IV, Part 1.txt": 0.0999438199779975,
    "KING HENRY V.txt": 0.11813625476091555,
    "KING HENRY VI part I.txt": 0.03338789021719751,
    "KING HENRY VI Part II.txt": 0.11850250707159404,
    "KING HENRY VI Part III.txt": 0.12110535683526252,
    "KING HENRY VIII.txt": 0.09892041388134204,
    "KING JOHN.txt": -0.04610748711884238,
    "KING RICHARD II.txt": 0.12089520904136636,
    "KING RICHARD III.txt": 0.12061416534517155,
    "Locrine Mucedorus by Shakespeare.txt": 0.13151954680162015,
    "Love_s Labour_s Lost.txt": 0.14296796529487632,
    "MEASURE FOR MEASURE.txt": 0.11671413679014314,
    "Merchant of Venice.txt": 0.1054129766469965,
    "MUCH ADO ABOUT NOTHING.txt": 0.09552716160911567,
    "PERICLES PRINCE OF TYRE.txt": 0.10550384775912308,
    "Sir John Oldcastle by Shakespeare.txt": 0.11616433012682925,
    "Sir Thomas More by Shakespeare.txt": 0.11670117395744067,
    "Taming of the Shrew.txt": 0.12253254296155874,
    "The Comedy of Errors.txt": 0.1195933597565817,
    "THE HISTORY OF TROILUS AND CRESSIDA.txt": 0.10387942195533639,
    "The Life and Death of the Lord Cromwell by Shakespeare.txt": 0.10148874273195829,
    "THE LIFE OF TIMON OF ATHENS.txt": 0.10585732991450841,
    "The London Prodigal.txt": 0.11334766397380641,
    "The Merry Devill of Edmonton by Shakespeare.txt": 0.12267353638831019,
    "THE MERRY WIVES OF WINDSOR.txt": 0.0919667968360442,
    "The Puritaine Widdow by Shakespeare.txt": -0.12536146182019325,
    "THE RAPE OF LUCRECE.txt": 0.0970399945848281,
    "THE TAMING OF THE SHREW.txt": 0.13113834095149057,
    "THE TEMPEST.txt": 0.11493736719079545,
    "THE TRAGEDY OF ANTONY AND CLEOPATRA.txt": 0.12386669299621839,
    "THE TRAGEDY OF CORIOLANUS.txt": 0.1149438658148661,
    "THE TRAGEDY OF HAMLET PRINCE OF DENMARK.txt": 0.09941847676642712,
    "THE TRAGEDY OF JULIUS CAESAR.txt": 0.11137947471254489,
    "THE TRAGEDY OF KING LEAR.txt": 0.10152159138505507,
    "THE TRAGEDY OF MACBETH.txt": 0.12619410315555407,
    "THE TRAGEDY OF OTHELLO MOOR OF VENICE.txt": 0.11225497295032233,
    "THE TRAGEDY OF ROMEO AND JULIET.txt": 0.11695935261552598,
    "THE TRAGEDY OF TITUS ANDRONICUS.txt": 0.1172294289648041,
    "THE TWO GENTLEMEN OF VERONA.txt": 0.128783289871302,
    "The Two Noble Kinsmen by Shakespeare.txt": 0.13078752173578617,
    "THE WINTERS TALE.txt": 0.12862407709292734,
    "Venus and Adonis.txt": 0.0987049090580609
}