{
    "A LOVERS COMPLAINT.txt": 0.07169264442642459,
    "A MIDSUMMER NIGHT_S DREAM.txt": 0.10150263244704971,
    "A Yorkshire Tragedy by Shakespeare.txt": 0.011571978965887797,
    "Arden of Feversham.txt": 0.11947120878566292,
    "AS YOU LIKE IT.txt": 0.13010300648762108,
    "CYMBELINE.txt": 0.10491988496926585,
    "Fair Em by Shakespeare.txt": 0.10134520894941945,
    "KING EDWARD III by Shakespeare.txt": 0.12620362072724467,
    "King Henry IV, Part 1.txt": 0.12540449653172414,
    "KING HENRY V.txt": 0.13300044982349563,
    "KING HENRY VI part I.txt": -0.013969114341089384,
    "KING HENRY VI Part II.txt": 0.10509657605228856,
    "KING HENRY VI Part III.txt": 0.12295636940868565,
    "KING HENRY VIII.txt": 0.08876797704832795,
    "KING JOHN.txt": -0.05420134616951655,
    "KING RICHARD II.txt": 0.11878719732949605,
    "KING RICHARD III.txt": 0.11681696702877026,
    "Locrine Mucedorus by Shakespeare.txt": 0.12512928825273423,
    "Love_s Labour_s Lost.txt": 0.12718845428874692,
    "MEASURE FOR MEASURE.txt": 0.10444662140980338,
    "Merchant of Venice.txt": 0.10953940503822318,
    "MUCH ADO ABOUT NOTHING.txt": 0.11545184323147922,
    "PERICLES PRINCE OF TYRE.txt": 0.08840051956947464,
    "Sir John Oldcastle by Shakespeare.txt": 0.11522348844996638,
    "Sir Thomas More by Shakespeare.txt": 0.09956982953295174,
    "Taming of the Shrew.txt": 0.10754450811995997,
    "The Comedy of Errors.txt": 0.10329701328850494,
    "THE HISTORY OF TROILUS AND CRESSIDA.txt": 0.10699498826078097,
    "The Life and Death of the Lord Cromwell by Shakespeare.txt": 0.08570110056258107,
    "THE LIFE OF TIMON OF ATHENS.txt": 0.10585006818032788,
    "The London Prodigal.txt": 0.10682505054420216,
    "The Merry Devill of Edmonton by Shakespeare.txt": 0.11886268811511153,
    "THE MERRY WIVES OF WINDSOR.txt": 0.06235750576603938,
    "The Puritaine Widdow by Shakespeare.txt": -0.11760836411067699,
    "THE RAPE OF LUCRECE.txt": 0.10183079839948889,
    "THE TAMING OF THE SHREW.txt": 0.11374708832529512,
    "THE TEMPEST.txt": 0.1145125197972236,
    "THE TRAGEDY OF ANTONY AND CLEOPATRA.txt": 0.12097712964101603,
    "THE TRAGEDY OF CORIOLANUS.txt": 0.11991137229089166,
    "THE TRAGEDY OF HAMLET PRINCE OF DENMARK.txt": 0.11377097499367184,
    "THE TRAGEDY OF JULIUS CAESAR.txt": 0.11479657107365487,
    "THE TRAGEDY OF KING LEAR.txt": 0.1068671079016626,
    "THE TRAGEDY OF MACBETH.txt": 0.10928013333779318,
    "THE TRAGEDY OF OTHELLO MOOR OF VENICE.txt": 0.12033595204432523,
    "THE TRAGEDY OF ROMEO AND JULIET.txt": 0.10319336871760443,
    "THE TRAGEDY OF TITUS ANDRONICUS.txt": 0.11458452167520466,
    "THE TWO GENTLEMEN OF VERONA.txt": 0.12713914326842823,
    "The Two Noble Kinsmen by Shakespeare.txt": 0.11302846732576766,
    "THE WINTERS TALE.txt": 0.13373917446129824,
    "Venus and Adonis.txt": 0.086709038631685
}