{
    "A MIDSUMMER NIGHT_S DREAM.txt": 0.0868578167569321,
    "A Yorkshire Tragedy by Shakespeare.txt": -0.13096606461586224,
    "Arden of Feversham.txt": 0.08962951910908634,
    "AS YOU LIKE IT.txt": 0.08563382851447254,
    "CYMBELINE.txt": 0.13118619081461708,
    "Fair Em by Shakespeare.txt": 0.10365248428586576,
    "KING EDWARD III by Shakespeare.txt": 0.10470137901785176,
    "King Henry IV, Part 1.txt": 0.10985611379124743,
    "KING HENRY V.txt": 0.09611690356773206,
    "KING HENRY VI part I.txt": -0.19389143258181096,
    "KING HENRY VI Part II.txt": 0.1030859891362913,
    "KING HENRY VI Part III.txt": 0.06968004838278485,
    "KING HENRY VIII.txt": 0.12371143253036904,
    "KING JOHN.txt": 0.09160998726279762,
    "KING RICHARD II.txt": 0.10636297612788215,
    "KING RICHARD III.txt": 0.10682273253576385,
    "Locrine Mucedorus by Shakespeare.txt": 0.08428665719745493,
    "Love_s Labour_s Lost.txt": 0.09182292985043389,
    "MEASURE FOR MEASURE.txt": 0.11587946294105966,
    "Merchant of Venice.txt": 0.10354957327393649,
    "MUCH ADO ABOUT NOTHING.txt": 0.11426367792468167,
    "PERICLES PRINCE OF TYRE.txt": 0.09171357478600506,
    "Sir John Oldcastle by Shakespeare.txt": 0.04591448346061888,
    "Sir Thomas More by Shakespeare.txt": 0.06026976483368374,
    "Taming of the Shrew.txt": 0.08230995268535884,
    "The Comedy of Errors.txt": 0.08543466444148895,
    "THE HISTORY OF TROILUS AND CRESSIDA.txt": 0.03379706150161521,
    "The Life and Death of the Lord Cromwell by Shakespeare.txt": 0.11093336627006478,
    "THE LIFE OF TIMON OF ATHENS.txt": 0.050911164597896186,
    "The London Prodigal.txt": -0.058237561079417466,
    "The Merry Devill of Edmonton by Shakespeare.txt": 0.09373403371831296,
    "THE MERRY WIVES OF WINDSOR.txt": 0.014936115787331117,
    "The Puritaine Widdow by Shakespeare.txt": -0.22765806397517974,
    "THE RAPE OF LUCRECE.txt": 0.08054616612517718,
    "THE TAMING OF THE SHREW.txt": 0.09704423993509248,
    "THE TEMPEST.txt": 0.10247639349356097,
    "THE TRAGEDY OF ANTONY AND CLEOPATRA.txt": 0.08435530023672783,
    "THE TRAGEDY OF CORIOLANUS.txt": 0.11161646164102529,
    "THE TRAGEDY OF HAMLET PRINCE OF DENMARK.txt": 0.12257228780489282,
    "THE TRAGEDY OF JULIUS CAESAR.txt": 0.11790978379933603,
    "THE TRAGEDY OF KING LEAR.txt": 0.11682854163668654,
    "THE TRAGEDY OF MACBETH.txt": 0.11662574304387913,
    "THE TRAGEDY OF OTHELLO MOOR OF VENICE.txt": 0.09228405790166438,
    "THE TRAGEDY OF ROMEO AND JULIET.txt": 0.0922621185653012,
    "THE TRAGEDY OF TITUS ANDRONICUS.txt": 0.06886049304498071,
    "THE TWO GENTLEMEN OF VERONA.txt": 0.1090190438265386,
    "The Two Noble Kinsmen by Shakespeare.txt": 0.02911723303482927,
    "THE WINTERS TALE.txt": 0.11008540941221534,
    "Venus and Adonis.txt": 0.0325148673791239
}