{
    "A MIDSUMMER NIGHT_S DREAM.txt": 0.10571341557602937,
    "A Yorkshire Tragedy by Shakespeare.txt": -0.11044619270620837,
    "Arden of Feversham.txt": 0.09168500702532656,
    "AS YOU LIKE IT.txt": 0.08325980797215365,
    "CYMBELINE.txt": 0.12590722291158046,
    "Fair Em by Shakespeare.txt": 0.10787005206962041,
    "KING EDWARD III by Shakespeare.txt": 0.11375381800288126,
    "King Henry IV, Part 1.txt": 0.08990330811176295,
    "KING HENRY V.txt": 0.08762484745612176,
    "KING HENRY VI part I.txt": -0.19749225939453374,
    "KING HENRY VI Part II.txt": 0.13453944268205298,
    "KING HENRY VI Part III.txt": 0.07941353387336686,
    "KING HENRY VIII.txt": 0.11641281415766408,
    "KING JOHN.txt": 0.08511384082524143,
    "KING RICHARD II.txt": 0.10381384282279849,
    "KING RICHARD III.txt": 0.10691134126358492,
    "Locrine Mucedorus by Shakespeare.txt": 0.09383134615742411,
    "Love_s Labour_s Lost.txt": 0.08272909547158136,
    "MEASURE FOR MEASURE.txt": 0.10425357152667536,
    "Merchant of Venice.txt": 0.07533475380109533,
    "MUCH ADO ABOUT NOTHING.txt": 0.10470389211802988,
    "PERICLES PRINCE OF TYRE.txt": 0.1037404018356437,
    "Sir John Oldcastle by Shakespeare.txt": 0.04004918488321457,
    "Sir Thomas More by Shakespeare.txt": 0.06398089985846256,
    "Taming of the Shrew.txt": 0.08923994237192057,
    "The Comedy of Errors.txt": 0.09653754236718537,
    "THE HISTORY OF TROILUS AND CRESSIDA.txt": 0.056405472332262396,
    "The Life and Death of the Lord Cromwell by Shakespeare.txt": 0.09807607837669086,
    "THE LIFE OF TIMON OF ATHENS.txt": 0.06655298911403762,
    "The London Prodigal.txt": -0.0732377197560018,
    "The Merry Devill of Edmonton by Shakespeare.txt": 0.06987019220373814,
    "THE MERRY WIVES OF WINDSOR.txt": 0.008317223572840649,
    "The Puritaine Widdow by Shakespeare.txt": -0.22114430282921016,
    "THE RAPE OF LUCRECE.txt": 0.10691671591771112,
    "THE TAMING OF THE SHREW.txt": 0.09806114713468544,
    "THE TEMPEST.txt": 0.09988364240844355,
    "THE TRAGEDY OF ANTONY AND CLEOPATRA.txt": 0.09520617923505315,
    "THE TRAGEDY OF CORIOLANUS.txt": 0.10713736176229843,
    "THE TRAGEDY OF HAMLET PRINCE OF DENMARK.txt": 0.10598706361735183,
    "THE TRAGEDY OF JULIUS CAESAR.txt": 0.0982926681038897,
    "THE TRAGEDY OF KING LEAR.txt": 0.11562702715520162,
    "THE TRAGEDY OF MACBETH.txt": 0.12102938483028258,
    "THE TRAGEDY OF OTHELLO MOOR OF VENICE.txt": 0.09919695745095147,
    "THE TRAGEDY OF ROMEO AND JULIET.txt": 0.09688020535287994,
    "THE TRAGEDY OF TITUS ANDRONICUS.txt": 0.10689569050922887,
    "THE TWO GENTLEMEN OF VERONA.txt": 0.111281471059345,
    "The Two Noble Kinsmen by Shakespeare.txt": 0.035088780399727515,
    "THE WINTERS TALE.txt": 0.09613530598237285,
    "Venus and Adonis.txt": 0.04455594304581462
}