{
    "A LOVERS COMPLAINT.txt": -0.1473205127651298,
    "A MIDSUMMER NIGHT_S DREAM.txt": 0.07476898206543403,
    "A Yorkshire Tragedy by Shakespeare.txt": 0.10912431321059501,
    "Arden of Feversham.txt": 0.11217423631276141,
    "AS YOU LIKE IT.txt": 0.1053798267169021,
    "CYMBELINE.txt": 0.07757051003895682,
    "Fair Em by Shakespeare.txt": 0.12261588521383265,
    "KING EDWARD III by Shakespeare.txt": 0.11968861205709441,
    "King Henry IV, Part 1.txt": 0.13054477541873283,
    "KING HENRY V.txt": 0.12554037762248643,
    "KING HENRY VI part I.txt": 0.1177624807706611,
    "KING HENRY VI Part II.txt": 0.11824074465703904,
    "KING HENRY VI Part III.txt": 0.08427005681507777,
    "KING HENRY VIII.txt": 0.13791919425472304,
    "KING JOHN.txt": 0.08503012544609312,
    "KING RICHARD II.txt": 0.12950732765022,
    "KING RICHARD III.txt": 0.1256253736323249,
    "Locrine Mucedorus by Shakespeare.txt": 0.04501721709548112,
    "Love_s Labour_s Lost.txt": 0.12649642613223883,
    "MEASURE FOR MEASURE.txt": 0.11527525461648863,
    "Merchant of Venice.txt": 0.1268159262982111,
    "MUCH ADO ABOUT NOTHING.txt": 0.12643833188427678,
    "PERICLES PRINCE OF TYRE.txt": 0.06887411281102013,
    "Sir John Oldcastle by Shakespeare.txt": 0.09927731340559465,
    "Sir Thomas More by Shakespeare.txt": 0.11080262824940812,
    "Taming of the Shrew.txt": 0.06814108689100451,
    "The Comedy of Errors.txt": 0.06765191388805475,
    "THE HISTORY OF TROILUS AND CRESSIDA.txt": -0.1346833549845039,
    "The Life and Death of the Lord Cromwell by Shakespeare.txt": 0.11536413706994897,
    "THE LIFE OF TIMON OF ATHENS.txt": 0.09330426649405937,
    "The London Prodigal.txt": 0.12474779954518961,
    "The Merry Devill of Edmonton by Shakespeare.txt": 0.14083645505850545,
    "THE MERRY WIVES OF WINDSOR.txt": 0.12097360944643976,
    "The Puritaine Widdow by Shakespeare.txt": 0.12823604842572578,
    "THE RAPE OF LUCRECE.txt": 0.08719769438547037,
    "THE TAMING OF THE SHREW.txt": 0.03693282615350574,
    "THE TEMPEST.txt": 0.1393471312424684,
    "THE TRAGEDY OF ANTONY AND CLEOPATRA.txt": 0.08162455886325387,
    "THE TRAGEDY OF CORIOLANUS.txt": -0.015161185844249525,
    "THE TRAGEDY OF HAMLET PRINCE OF DENMARK.txt": 0.11838754355269177,
    "THE TRAGEDY OF JULIUS CAESAR.txt": 0.06868907133308749,
    "THE TRAGEDY OF KING LEAR.txt": 0.14685748536998194,
    "THE TRAGEDY OF MACBETH.txt": 0.12541363466831884,
    "THE TRAGEDY OF OTHELLO MOOR OF VENICE.txt": 0.06487365828402503,
    "THE TRAGEDY OF ROMEO AND JULIET.txt": 0.12395873925487588,
    "THE TRAGEDY OF TITUS ANDRONICUS.txt": 0.09691052477309492,
    "THE TWO GENTLEMEN OF VERONA.txt": 0.10854533940914507,
    "The Two Noble Kinsmen by Shakespeare.txt": 0.1306400431345281,
    "THE WINTERS TALE.txt": 0.12633133015800319,
    "Venus and Adonis.txt": 0.10770918566629906
}