{
    "A LOVERS COMPLAINT.txt": -0.16767895489991824,
    "A MIDSUMMER NIGHT_S DREAM.txt": 0.09258445694537193,
    "A Yorkshire Tragedy by Shakespeare.txt": 0.0969382335617392,
    "Arden of Feversham.txt": 0.09252790115526777,
    "AS YOU LIKE IT.txt": 0.06723881599486548,
    "CYMBELINE.txt": 0.09786354669939318,
    "Fair Em by Shakespeare.txt": 0.13888194252506814,
    "KING EDWARD III by Shakespeare.txt": 0.12682613955925137,
    "King Henry IV, Part 1.txt": 0.12743820464419164,
    "KING HENRY V.txt": 0.14046867604189167,
    "KING HENRY VI part I.txt": 0.10506168921842496,
    "KING HENRY VI Part II.txt": 0.1188035903483336,
    "KING HENRY VI Part III.txt": 0.11796013503725955,
    "KING HENRY VIII.txt": 0.1328794172541628,
    "KING JOHN.txt": 0.13290414768786912,
    "KING RICHARD II.txt": 0.10394492639040503,
    "KING RICHARD III.txt": 0.13671054528773735,
    "Locrine Mucedorus by Shakespeare.txt": 0.08763276830452404,
    "Love_s Labour_s Lost.txt": 0.10376554099515134,
    "MEASURE FOR MEASURE.txt": 0.13540575408275535,
    "Merchant of Venice.txt": 0.14561116926140266,
    "MUCH ADO ABOUT NOTHING.txt": 0.1214077720511903,
    "PERICLES PRINCE OF TYRE.txt": 0.06164180637334904,
    "Sir John Oldcastle by Shakespeare.txt": 0.08179140607544022,
    "Sir Thomas More by Shakespeare.txt": 0.10489242004986576,
    "Taming of the Shrew.txt": 0.07679008951894317,
    "The Comedy of Errors.txt": 0.057941999380469955,
    "THE HISTORY OF TROILUS AND CRESSIDA.txt": -0.05507528605311984,
    "The Life and Death of the Lord Cromwell by Shakespeare.txt": 0.09189305902180184,
    "THE LIFE OF TIMON OF ATHENS.txt": 0.05515310235945586,
    "The London Prodigal.txt": 0.13990746379224267,
    "The Merry Devill of Edmonton by Shakespeare.txt": 0.1419546904001464,
    "THE MERRY WIVES OF WINDSOR.txt": 0.11966496496352758,
    "The Puritaine Widdow by Shakespeare.txt": 0.10381933026393386,
    "THE RAPE OF LUCRECE.txt": 0.11819271598531417,
    "THE TAMING OF THE SHREW.txt": -0.03717462881712863,
    "THE TEMPEST.txt": 0.11497272364875871,
    "THE TRAGEDY OF ANTONY AND CLEOPATRA.txt": 0.06770002422569937,
    "THE TRAGEDY OF CORIOLANUS.txt": 0.019731802221619965,
    "THE TRAGEDY OF HAMLET PRINCE OF DENMARK.txt": 0.13558534989372717,
    "THE TRAGEDY OF JULIUS CAESAR.txt": 0.07748136691947566,
    "THE TRAGEDY OF KING LEAR.txt": 0.1281658752111018,
    "THE TRAGEDY OF MACBETH.txt": 0.06316654558786733,
    "THE TRAGEDY OF OTHELLO MOOR OF VENICE.txt": 0.08959375739102976,
    "THE TRAGEDY OF ROMEO AND JULIET.txt": 0.12819624557243686,
    "THE TRAGEDY OF TITUS ANDRONICUS.txt": 0.09071267088989765,
    "THE TWO GENTLEMEN OF VERONA.txt": 0.1399248747040588,
    "The Two Noble Kinsmen by Shakespeare.txt": 0.09306972362902166,
    "THE WINTERS TALE.txt": 0.12351183120169557,
    "Venus and Adonis.txt": 0.12200653595781585
}