{
    "A LOVERS COMPLAINT.txt": 0.033973447455729555,
    "A MIDSUMMER NIGHT_S DREAM.txt": 0.08667191311307254,
    "A Yorkshire Tragedy by Shakespeare.txt": 0.033973447455729555,
    "Arden of Feversham.txt": 0.06076839237359011,
    "AS YOU LIKE IT.txt": -0.10380520471249766,
    "CYMBELINE.txt": 0.08232022735854722,
    "Fair Em by Shakespeare.txt": 0.12900550927048593,
    "KING EDWARD III by Shakespeare.txt": 0.07296468728266575,
    "King Henry IV, Part 1.txt": 0.10244410425810835,
    "KING HENRY V.txt": 0.09874994781897534,
    "KING HENRY VI part I.txt": -0.06747449209617795,
    "KING HENRY VI Part II.txt": 0.0780469520237434,
    "KING HENRY VI Part III.txt": 0.09990488676699794,
    "KING HENRY VIII.txt": 0.08602414304014139,
    "KING JOHN.txt": -0.13706413386680893,
    "KING RICHARD II.txt": 0.11555541686799409,
    "KING RICHARD III.txt": 0.06473045856664256,
    "Locrine Mucedorus by Shakespeare.txt": 0.11525261887279858,
    "Love_s Labour_s Lost.txt": 0.09508209578060262,
    "MEASURE FOR MEASURE.txt": 0.09896751817293964,
    "Merchant of Venice.txt": -0.07818963032321435,
    "MUCH ADO ABOUT NOTHING.txt": 0.08026152784706303,
    "PERICLES PRINCE OF TYRE.txt": 0.106566909114023,
    "Sir John Oldcastle by Shakespeare.txt": 0.11242440616379229,
    "Sir Thomas More by Shakespeare.txt": 0.1079428413319643,
    "Taming of the Shrew.txt": 0.0750479625536557,
    "The Comedy of Errors.txt": 0.09545943640546645,
    "THE HISTORY OF TROILUS AND CRESSIDA.txt": 0.10709672999989966,
    "The Life and Death of the Lord Cromwell by Shakespeare.txt": 0.10522041106992208,
    "THE LIFE OF TIMON OF ATHENS.txt": 0.10946708663841437,
    "The London Prodigal.txt": 0.07082436552813393,
    "The Merry Devill of Edmonton by Shakespeare.txt": 0.07458470676228512,
    "THE MERRY WIVES OF WINDSOR.txt": -0.18383510084921828,
    "The Puritaine Widdow by Shakespeare.txt": 0.10876164745976269,
    "THE RAPE OF LUCRECE.txt": 0.10257884148210117,
    "THE TAMING OF THE SHREW.txt": 0.07618501956454377,
    "THE TEMPEST.txt": 0.09871708512312649,
    "THE TRAGEDY OF ANTONY AND CLEOPATRA.txt": 0.09402987036703253,
    "THE TRAGEDY OF CORIOLANUS.txt": 0.10803272290366694,
    "THE TRAGEDY OF HAMLET PRINCE OF DENMARK.txt": 0.08252782740306053,
    "THE TRAGEDY OF JULIUS CAESAR.txt": 0.11699582104832135,
    "THE TRAGEDY OF KING LEAR.txt": 0.08392149775446511,
    "THE TRAGEDY OF MACBETH.txt": 0.08181531102256889,
    "THE TRAGEDY OF OTHELLO MOOR OF VENICE.txt": 0.03628271537566041,
    "THE TRAGEDY OF ROMEO AND JULIET.txt": 0.09227003925080479,
    "THE TRAGEDY OF TITUS ANDRONICUS.txt": 0.03592789705016547,
    "THE TWO GENTLEMEN OF VERONA.txt": 0.028121970559889353,
    "The Two Noble Kinsmen by Shakespeare.txt": 0.06320986689680252,
    "THE WINTERS TALE.txt": 0.09424514564641917,
    "Venus and Adonis.txt": 0.07944116774245258
}