{
    "A LOVERS COMPLAINT.txt": -0.056469509081143676,
    "A MIDSUMMER NIGHT_S DREAM.txt": -0.06130548652001366,
    "A Yorkshire Tragedy by Shakespeare.txt": 0.038384821625122356,
    "Arden of Feversham.txt": 0.08494764715834402,
    "AS YOU LIKE IT.txt": 0.13122941621415368,
    "CYMBELINE.txt": 0.05787317384026569,
    "Fair Em by Shakespeare.txt": 0.04970322366280561,
    "KING EDWARD III by Shakespeare.txt": 0.050072354679706776,
    "King Henry IV, Part 1.txt": 0.08122489321077975,
    "KING HENRY V.txt": 0.06864539396313046,
    "KING HENRY VI part I.txt": 0.09734743408694552,
    "KING HENRY VI Part II.txt": 0.11022912316381489,
    "KING HENRY VI Part III.txt": 0.0904727695248505,
    "KING HENRY VIII.txt": 0.08756285768465599,
    "KING JOHN.txt": 0.04970528686662279,
    "KING RICHARD II.txt": 0.08082678034524277,
    "KING RICHARD III.txt": -0.00976136337950717,
    "Locrine Mucedorus by Shakespeare.txt": 0.120377009018029,
    "Love_s Labour_s Lost.txt": 0.12290343262557574,
    "MEASURE FOR MEASURE.txt": 0.11717658211697152,
    "Merchant of Venice.txt": 0.13174921115253796,
    "MUCH ADO ABOUT NOTHING.txt": 0.10094331450527527,
    "PERICLES PRINCE OF TYRE.txt": 0.08777067525725851,
    "Sir John Oldcastle by Shakespeare.txt": 0.10952496718991644,
    "Sir Thomas More by Shakespeare.txt": 0.0783074788603566,
    "Taming of the Shrew.txt": 0.08304621165275394,
    "The Comedy of Errors.txt": 0.12269799688746275,
    "THE HISTORY OF TROILUS AND CRESSIDA.txt": 0.10567050506025755,
    "The Life and Death of the Lord Cromwell by Shakespeare.txt": 0.06871754177828421,
    "THE LIFE OF TIMON OF ATHENS.txt": 0.07512655333273943,
    "The London Prodigal.txt": 0.09484168382684632,
    "The Merry Devill of Edmonton by Shakespeare.txt": 0.12409576306289405,
    "THE MERRY WIVES OF WINDSOR.txt": 0.07957234676607411,
    "The Puritaine Widdow by Shakespeare.txt": 0.054354911062862166,
    "THE RAPE OF LUCRECE.txt": 0.10260050087797246,
    "THE TAMING OF THE SHREW.txt": 0.08351285377415385,
    "THE TEMPEST.txt": -0.03441080663438234,
    "THE TRAGEDY OF ANTONY AND CLEOPATRA.txt": 0.08960548165685339,
    "THE TRAGEDY OF CORIOLANUS.txt": 0.11625948593931135,
    "THE TRAGEDY OF HAMLET PRINCE OF DENMARK.txt": 0.06687322718448857,
    "THE TRAGEDY OF JULIUS CAESAR.txt": 0.10866133410213508,
    "THE TRAGEDY OF KING LEAR.txt": 0.05752847669156291,
    "THE TRAGEDY OF MACBETH.txt": 0.09500034441080935,
    "THE TRAGEDY OF OTHELLO MOOR OF VENICE.txt": 0.08703465903755042,
    "THE TRAGEDY OF ROMEO AND JULIET.txt": 0.10211789281020034,
    "THE TRAGEDY OF TITUS ANDRONICUS.txt": 0.10491179573764264,
    "THE TWO GENTLEMEN OF VERONA.txt": 0.08651389056387115,
    "The Two Noble Kinsmen by Shakespeare.txt": 0.10063098496767303,
    "THE WINTERS TALE.txt": 0.11489256708954815,
    "Venus and Adonis.txt": 0.027985251702350555
}