{
    "A LOVERS COMPLAINT.txt": -0.0643118309257944,
    "A MIDSUMMER NIGHT_S DREAM.txt": 0.07575608294483321,
    "A Yorkshire Tragedy by Shakespeare.txt": 0.07534317754960645,
    "Arden of Feversham.txt": 0.11331098332297629,
    "AS YOU LIKE IT.txt": 0.09683055419346098,
    "CYMBELINE.txt": 0.11784415312971414,
    "Fair Em by Shakespeare.txt": 0.1410212384694819,
    "KING EDWARD III by Shakespeare.txt": 0.11759851612318284,
    "King Henry IV, Part 1.txt": 0.1259171435386981,
    "KING HENRY V.txt": 0.08669287526681219,
    "KING HENRY VI part I.txt": 0.041710694839044105,
    "KING HENRY VI Part II.txt": 0.028577740043952915,
    "KING HENRY VI Part III.txt": 0.09988349843659783,
    "KING HENRY VIII.txt": 0.08802177190078947,
    "KING JOHN.txt": 0.007635990298795303,
    "KING RICHARD II.txt": 0.12915176539078083,
    "KING RICHARD III.txt": 0.1228914576674322,
    "Locrine Mucedorus by Shakespeare.txt": 0.12803982425530663,
    "Love_s Labour_s Lost.txt": 0.12115218816455275,
    "MEASURE FOR MEASURE.txt": 0.11836902233186364,
    "Merchant of Venice.txt": 0.10951899249205099,
    "MUCH ADO ABOUT NOTHING.txt": 0.11804401805021386,
    "PERICLES PRINCE OF TYRE.txt": 0.14249524237755573,
    "Sir John Oldcastle by Shakespeare.txt": 0.11659770632216204,
    "Sir Thomas More by Shakespeare.txt": 0.1263631603292284,
    "Taming of the Shrew.txt": 0.05883283860284433,
    "The Comedy of Errors.txt": 0.13108035676129115,
    "THE HISTORY OF TROILUS AND CRESSIDA.txt": 0.11564825553852887,
    "The Life and Death of the Lord Cromwell by Shakespeare.txt": 0.05041136698814591,
    "THE LIFE OF TIMON OF ATHENS.txt": 0.1102575257268647,
    "The London Prodigal.txt": 0.1099300822850231,
    "The Merry Devill of Edmonton by Shakespeare.txt": 0.10094007326277954,
    "THE MERRY WIVES OF WINDSOR.txt": 0.12709042111960628,
    "The Puritaine Widdow by Shakespeare.txt": 0.1277526751786497,
    "THE RAPE OF LUCRECE.txt": 0.12072816296512812,
    "THE TAMING OF THE SHREW.txt": 0.12788877313524588,
    "THE TEMPEST.txt": 0.10304292991222253,
    "THE TRAGEDY OF ANTONY AND CLEOPATRA.txt": 0.1247452921084406,
    "THE TRAGEDY OF CORIOLANUS.txt": 0.13499208020630787,
    "THE TRAGEDY OF HAMLET PRINCE OF DENMARK.txt": 0.054991486105092136,
    "THE TRAGEDY OF JULIUS CAESAR.txt": 0.14361764513208586,
    "THE TRAGEDY OF KING LEAR.txt": 0.10114947710956285,
    "THE TRAGEDY OF MACBETH.txt": 0.14027942037780944,
    "THE TRAGEDY OF OTHELLO MOOR OF VENICE.txt": 0.12264181823901149,
    "THE TRAGEDY OF ROMEO AND JULIET.txt": 0.12486116501064026,
    "THE TRAGEDY OF TITUS ANDRONICUS.txt": 0.1365403463337087,
    "THE TWO GENTLEMEN OF VERONA.txt": 0.11307133983764756,
    "The Two Noble Kinsmen by Shakespeare.txt": 0.11093648677980367,
    "THE WINTERS TALE.txt": 0.11048090072306727,
    "Venus and Adonis.txt": 0.09469258258384505
}