{
    "A LOVERS COMPLAINT.txt": -0.09803325952281017,
    "A MIDSUMMER NIGHT_S DREAM.txt": 0.010387139732689843,
    "A Yorkshire Tragedy by Shakespeare.txt": 0.06828377158605081,
    "Arden of Feversham.txt": 0.09270659866362618,
    "AS YOU LIKE IT.txt": 0.08825798566928006,
    "CYMBELINE.txt": 0.10411660595993988,
    "Fair Em by Shakespeare.txt": 0.07919565783159466,
    "KING EDWARD III by Shakespeare.txt": 0.09553503256440393,
    "King Henry IV, Part 1.txt": 0.10475266264616762,
    "KING HENRY V.txt": 0.10197066034077928,
    "KING HENRY VI part I.txt": 0.0832507121938057,
    "KING HENRY VI Part II.txt": 0.11450289283302989,
    "KING HENRY VI Part III.txt": 0.09380319429852407,
    "KING HENRY VIII.txt": 0.10594231064784226,
    "KING JOHN.txt": 0.08399464789526756,
    "KING RICHARD II.txt": 0.12740312889919292,
    "KING RICHARD III.txt": -0.1396648781866766,
    "Locrine Mucedorus by Shakespeare.txt": 0.10326124540337134,
    "Love_s Labour_s Lost.txt": 0.08517337490652865,
    "MEASURE FOR MEASURE.txt": 0.11422751783732754,
    "Merchant of Venice.txt": 0.11113099490183381,
    "MUCH ADO ABOUT NOTHING.txt": 0.11165831066105897,
    "PERICLES PRINCE OF TYRE.txt": 0.11841087552859975,
    "Sir John Oldcastle by Shakespeare.txt": 0.10298102406397208,
    "Sir Thomas More by Shakespeare.txt": 0.09171351214444301,
    "Taming of the Shrew.txt": 0.12925993928902563,
    "The Comedy of Errors.txt": 0.10008262434402065,
    "THE HISTORY OF TROILUS AND CRESSIDA.txt": 0.13321819033354437,
    "The Life and Death of the Lord Cromwell by Shakespeare.txt": 0.02897373091819666,
    "THE LIFE OF TIMON OF ATHENS.txt": 0.11750640521170469,
    "The London Prodigal.txt": 0.08806880753696877,
    "The Merry Devill of Edmonton by Shakespeare.txt": 0.08487834387890181,
    "THE MERRY WIVES OF WINDSOR.txt": 0.1246936001917906,
    "The Puritaine Widdow by Shakespeare.txt": 0.08283781396509088,
    "THE RAPE OF LUCRECE.txt": 0.08257397254782389,
    "THE TAMING OF THE SHREW.txt": 0.09893573178951487,
    "THE TEMPEST.txt": 0.10391318626820045,
    "THE TRAGEDY OF ANTONY AND CLEOPATRA.txt": 0.08807540043756085,
    "THE TRAGEDY OF CORIOLANUS.txt": 0.11074921677202215,
    "THE TRAGEDY OF HAMLET PRINCE OF DENMARK.txt": 0.0022017528714238788,
    "THE TRAGEDY OF JULIUS CAESAR.txt": 0.12215680030669657,
    "THE TRAGEDY OF KING LEAR.txt": 0.08618394774691329,
    "THE TRAGEDY OF MACBETH.txt": 0.1083428395563697,
    "THE TRAGEDY OF OTHELLO MOOR OF VENICE.txt": 0.09138235684967916,
    "THE TRAGEDY OF ROMEO AND JULIET.txt": 0.10224752640559415,
    "THE TRAGEDY OF TITUS ANDRONICUS.txt": 0.10852546045226474,
    "THE TWO GENTLEMEN OF VERONA.txt": 0.08015296725571414,
    "The Two Noble Kinsmen by Shakespeare.txt": 0.023750634748879396,
    "THE WINTERS TALE.txt": 0.10466044161288102,
    "Venus and Adonis.txt": 0.08915174375239454
}