{
    "A MIDSUMMER NIGHT_S DREAM.txt": 0.08140467510472726,
    "A Yorkshire Tragedy by Shakespeare.txt": -0.040270935150539255,
    "Arden of Feversham.txt": -0.009062224455523848,
    "AS YOU LIKE IT.txt": 0.1029398503946507,
    "CYMBELINE.txt": 0.08876159095599007,
    "Fair Em by Shakespeare.txt": 0.08151194716644045,
    "KING EDWARD III by Shakespeare.txt": -0.09910458837430336,
    "King Henry IV, Part 1.txt": 0.07236785256847528,
    "KING HENRY V.txt": 0.03409557269208757,
    "KING HENRY VI part I.txt": -0.19745730500402792,
    "KING HENRY VI Part II.txt": 0.06907202227345938,
    "KING HENRY VI Part III.txt": 0.08283865156044218,
    "KING HENRY VIII.txt": 0.10846648102174933,
    "KING JOHN.txt": 0.09989103932456644,
    "KING RICHARD II.txt": 0.0816832569306637,
    "KING RICHARD III.txt": 0.10491517458035021,
    "Locrine Mucedorus by Shakespeare.txt": -0.010912266676122662,
    "Love_s Labour_s Lost.txt": 0.10257033129061977,
    "MEASURE FOR MEASURE.txt": 0.10242450784896401,
    "Merchant of Venice.txt": 0.10233777427316382,
    "MUCH ADO ABOUT NOTHING.txt": 0.08947339574959745,
    "PERICLES PRINCE OF TYRE.txt": 0.07015557881346707,
    "Sir John Oldcastle by Shakespeare.txt": 0.08333089988595171,
    "Sir Thomas More by Shakespeare.txt": 0.08887281102746958,
    "Taming of the Shrew.txt": 0.06454717336165694,
    "The Comedy of Errors.txt": 0.06725613171814027,
    "THE HISTORY OF TROILUS AND CRESSIDA.txt": 0.03373832616485867,
    "The Life and Death of the Lord Cromwell by Shakespeare.txt": 0.07025316550726546,
    "THE LIFE OF TIMON OF ATHENS.txt": 0.07710324787162037,
    "The London Prodigal.txt": 0.08115427567507022,
    "The Merry Devill of Edmonton by Shakespeare.txt": 0.08674125427036994,
    "THE MERRY WIVES OF WINDSOR.txt": -0.013446433403277447,
    "The Puritaine Widdow by Shakespeare.txt": -0.034484989344211625,
    "THE RAPE OF LUCRECE.txt": 0.06908464122057156,
    "THE TAMING OF THE SHREW.txt": 0.07177383981997959,
    "THE TEMPEST.txt": 0.06240179242075872,
    "THE TRAGEDY OF ANTONY AND CLEOPATRA.txt": 0.08353001765543122,
    "THE TRAGEDY OF CORIOLANUS.txt": 0.06768271593441916,
    "THE TRAGEDY OF HAMLET PRINCE OF DENMARK.txt": 0.09406266522495565,
    "THE TRAGEDY OF JULIUS CAESAR.txt": 0.005742644839719757,
    "THE TRAGEDY OF KING LEAR.txt": 0.09736688425068901,
    "THE TRAGEDY OF MACBETH.txt": 0.09914605046351227,
    "THE TRAGEDY OF OTHELLO MOOR OF VENICE.txt": 0.10070630123581992,
    "THE TRAGEDY OF ROMEO AND JULIET.txt": 0.047531332711320484,
    "THE TRAGEDY OF TITUS ANDRONICUS.txt": 0.07440602300904792,
    "THE TWO GENTLEMEN OF VERONA.txt": 0.05683204761566435,
    "The Two Noble Kinsmen by Shakespeare.txt": -0.08698308142011812,
    "THE WINTERS TALE.txt": 0.10430969041844013,
    "Venus and Adonis.txt": 0.08094634363353936
}