{
    "A LOVERS COMPLAINT.txt": 0.029076005501185997,
    "A MIDSUMMER NIGHT_S DREAM.txt": 0.06541690196172051,
    "A Yorkshire Tragedy by Shakespeare.txt": 0.06405255463667442,
    "Arden of Feversham.txt": 0.08699409007240355,
    "AS YOU LIKE IT.txt": 0.1088947287273227,
    "CYMBELINE.txt": 0.13186389702040097,
    "Fair Em by Shakespeare.txt": 0.10718348209600703,
    "KING EDWARD III by Shakespeare.txt": 0.06540659899867124,
    "King Henry IV, Part 1.txt": 0.0978192387691918,
    "KING HENRY V.txt": 0.07335318635675847,
    "KING HENRY VI part I.txt": -0.09676598523128865,
    "KING HENRY VI Part II.txt": 0.08557092560482499,
    "KING HENRY VI Part III.txt": 0.1038606521524415,
    "KING HENRY VIII.txt": 0.10878627011860253,
    "KING JOHN.txt": 0.029313762286263978,
    "KING RICHARD II.txt": 0.093871012979025,
    "KING RICHARD III.txt": 0.12071588269734995,
    "Locrine Mucedorus by Shakespeare.txt": 0.009203666785241538,
    "Love_s Labour_s Lost.txt": 0.12161159592799431,
    "MEASURE FOR MEASURE.txt": 0.10368729657414155,
    "Merchant of Venice.txt": 0.10611103025360619,
    "MUCH ADO ABOUT NOTHING.txt": 0.11038796142749169,
    "PERICLES PRINCE OF TYRE.txt": 0.10658350926548027,
    "Sir John Oldcastle by Shakespeare.txt": 0.09655661136270555,
    "Sir Thomas More by Shakespeare.txt": 0.10772055441717909,
    "Taming of the Shrew.txt": 0.09437605517924436,
    "The Comedy of Errors.txt": 0.11252450504367428,
    "THE HISTORY OF TROILUS AND CRESSIDA.txt": 0.08173701512306902,
    "The Life and Death of the Lord Cromwell by Shakespeare.txt": 0.11401054614862688,
    "THE LIFE OF TIMON OF ATHENS.txt": 0.13188284897103203,
    "The London Prodigal.txt": 0.0998676511320678,
    "The Merry Devill of Edmonton by Shakespeare.txt": 0.07909030835032094,
    "THE MERRY WIVES OF WINDSOR.txt": 0.08280444268404635,
    "The Puritaine Widdow by Shakespeare.txt": 0.040780542669243636,
    "THE RAPE OF LUCRECE.txt": 0.0850507909844514,
    "THE TAMING OF THE SHREW.txt": 0.089174850860339,
    "THE TEMPEST.txt": 0.0925310805874559,
    "THE TRAGEDY OF ANTONY AND CLEOPATRA.txt": 0.07992319353976013,
    "THE TRAGEDY OF CORIOLANUS.txt": 0.09410788033949746,
    "THE TRAGEDY OF HAMLET PRINCE OF DENMARK.txt": 0.07652976468356049,
    "THE TRAGEDY OF JULIUS CAESAR.txt": 0.09001209111318093,
    "THE TRAGEDY OF KING LEAR.txt": 0.1227243550508893,
    "THE TRAGEDY OF MACBETH.txt": 0.10261643356822636,
    "THE TRAGEDY OF OTHELLO MOOR OF VENICE.txt": 0.13243429768944953,
    "THE TRAGEDY OF ROMEO AND JULIET.txt": 0.1119841277732544,
    "THE TRAGEDY OF TITUS ANDRONICUS.txt": 0.10550196140736029,
    "THE TWO GENTLEMEN OF VERONA.txt": 0.06512189673637248,
    "The Two Noble Kinsmen by Shakespeare.txt": 0.000398286705822648,
    "THE WINTERS TALE.txt": 0.11302618619447602,
    "Venus and Adonis.txt": 0.07705192121142601
}