{
    "A LOVERS COMPLAINT.txt": 0.011879731013648531,
    "A MIDSUMMER NIGHT_S DREAM.txt": 0.03982245399965678,
    "A Yorkshire Tragedy by Shakespeare.txt": 0.054820945075103655,
    "Arden of Feversham.txt": 0.08210704376353206,
    "AS YOU LIKE IT.txt": 0.12164680134568234,
    "CYMBELINE.txt": 0.11365158372741319,
    "Fair Em by Shakespeare.txt": 0.11932811152289768,
    "KING EDWARD III by Shakespeare.txt": 0.050908067049819705,
    "King Henry IV, Part 1.txt": 0.08537464574518056,
    "KING HENRY V.txt": 0.06374779695957505,
    "KING HENRY VI part I.txt": -0.11485306819192276,
    "KING HENRY VI Part II.txt": 0.07530020825278394,
    "KING HENRY VI Part III.txt": 0.09204879356674639,
    "KING HENRY VIII.txt": 0.11177245611017517,
    "KING JOHN.txt": -0.0010165699639862469,
    "KING RICHARD II.txt": 0.08982165196229103,
    "KING RICHARD III.txt": 0.11267202968160223,
    "Locrine Mucedorus by Shakespeare.txt": 0.014195246287203644,
    "Love_s Labour_s Lost.txt": 0.10999064902410993,
    "MEASURE FOR MEASURE.txt": 0.08413529670981151,
    "Merchant of Venice.txt": 0.10222988764522989,
    "MUCH ADO ABOUT NOTHING.txt": 0.12063725277215176,
    "PERICLES PRINCE OF TYRE.txt": 0.10736374871310317,
    "Sir John Oldcastle by Shakespeare.txt": 0.0928104959109432,
    "Sir Thomas More by Shakespeare.txt": 0.09226318686438262,
    "Taming of the Shrew.txt": 0.07275981112542373,
    "The Comedy of Errors.txt": 0.08071053988651306,
    "THE HISTORY OF TROILUS AND CRESSIDA.txt": 0.05306933272640724,
    "The Life and Death of the Lord Cromwell by Shakespeare.txt": 0.11085626584113917,
    "THE LIFE OF TIMON OF ATHENS.txt": 0.10646670523782126,
    "The London Prodigal.txt": 0.09602594700521161,
    "The Merry Devill of Edmonton by Shakespeare.txt": 0.0944860358200646,
    "THE MERRY WIVES OF WINDSOR.txt": 0.09766596487012408,
    "The Puritaine Widdow by Shakespeare.txt": 0.013881406675037511,
    "THE RAPE OF LUCRECE.txt": 0.10047193245341363,
    "THE TAMING OF THE SHREW.txt": 0.09761343295938807,
    "THE TEMPEST.txt": 0.1058800267987392,
    "THE TRAGEDY OF ANTONY AND CLEOPATRA.txt": 0.0608711501415406,
    "THE TRAGEDY OF CORIOLANUS.txt": 0.0676296165205838,
    "THE TRAGEDY OF HAMLET PRINCE OF DENMARK.txt": 0.0582648955833055,
    "THE TRAGEDY OF JULIUS CAESAR.txt": 0.07662372596031014,
    "THE TRAGEDY OF KING LEAR.txt": 0.11536531872511613,
    "THE TRAGEDY OF MACBETH.txt": 0.10098342608225647,
    "THE TRAGEDY OF OTHELLO MOOR OF VENICE.txt": 0.11196283716338246,
    "THE TRAGEDY OF ROMEO AND JULIET.txt": 0.11895930994191056,
    "THE TRAGEDY OF TITUS ANDRONICUS.txt": 0.08975346550422741,
    "THE TWO GENTLEMEN OF VERONA.txt": 0.0645179785048276,
    "The Two Noble Kinsmen by Shakespeare.txt": -0.03748191736210904,
    "THE WINTERS TALE.txt": 0.12099737527671195,
    "Venus and Adonis.txt": 0.06839374578865054
}