{
    "A MIDSUMMER NIGHT_S DREAM.txt": 0.08428412547791886,
    "A Yorkshire Tragedy by Shakespeare.txt": -0.05016557535400523,
    "Arden of Feversham.txt": 0.005216043386277069,
    "AS YOU LIKE IT.txt": 0.08441303248696913,
    "CYMBELINE.txt": 0.088517787214063,
    "Fair Em by Shakespeare.txt": 0.07592329363202843,
    "KING EDWARD III by Shakespeare.txt": -0.1146563056055101,
    "King Henry IV, Part 1.txt": 0.08346072041244862,
    "KING HENRY V.txt": -0.0027777089574072544,
    "KING HENRY VI part I.txt": -0.1996814333094139,
    "KING HENRY VI Part II.txt": 0.06724383346226526,
    "KING HENRY VI Part III.txt": 0.05637752611571223,
    "KING HENRY VIII.txt": 0.08929447492091103,
    "KING JOHN.txt": 0.08413396174070337,
    "KING RICHARD II.txt": 0.08784894192811804,
    "KING RICHARD III.txt": 0.09973282108801235,
    "Locrine Mucedorus by Shakespeare.txt": -0.01693316457725702,
    "Love_s Labour_s Lost.txt": 0.09241914113903316,
    "MEASURE FOR MEASURE.txt": 0.07480452928711212,
    "Merchant of Venice.txt": 0.08750677373009086,
    "MUCH ADO ABOUT NOTHING.txt": 0.08712453378007323,
    "PERICLES PRINCE OF TYRE.txt": 0.05409811177164642,
    "Sir John Oldcastle by Shakespeare.txt": 0.08478325247982471,
    "Sir Thomas More by Shakespeare.txt": 0.08314490792214807,
    "Taming of the Shrew.txt": 0.054550105714070096,
    "The Comedy of Errors.txt": 0.06473525345281361,
    "THE HISTORY OF TROILUS AND CRESSIDA.txt": 0.006663433484127235,
    "The Life and Death of the Lord Cromwell by Shakespeare.txt": 0.04782855459086288,
    "THE LIFE OF TIMON OF ATHENS.txt": 0.0556111646726698,
    "The London Prodigal.txt": 0.059201962511939765,
    "The Merry Devill of Edmonton by Shakespeare.txt": 0.064014160349327,
    "THE MERRY WIVES OF WINDSOR.txt": -0.0056394045759453615,
    "The Puritaine Widdow by Shakespeare.txt": -0.01293408855751077,
    "THE RAPE OF LUCRECE.txt": 0.0655994411977861,
    "THE TAMING OF THE SHREW.txt": 0.06174148592503481,
    "THE TEMPEST.txt": 0.05330346205092518,
    "THE TRAGEDY OF ANTONY AND CLEOPATRA.txt": 0.09035881552933722,
    "THE TRAGEDY OF CORIOLANUS.txt": 0.0443703969809458,
    "THE TRAGEDY OF HAMLET PRINCE OF DENMARK.txt": 0.08115478127127013,
    "THE TRAGEDY OF JULIUS CAESAR.txt": -0.005143064481161752,
    "THE TRAGEDY OF KING LEAR.txt": 0.1019882336096043,
    "THE TRAGEDY OF MACBETH.txt": 0.09287874051922845,
    "THE TRAGEDY OF OTHELLO MOOR OF VENICE.txt": 0.08909150108873037,
    "THE TRAGEDY OF ROMEO AND JULIET.txt": 0.03449879474805234,
    "THE TRAGEDY OF TITUS ANDRONICUS.txt": 0.05809163696944042,
    "THE TWO GENTLEMEN OF VERONA.txt": 0.040762605455939405,
    "The Two Noble Kinsmen by Shakespeare.txt": -0.09582994085285479,
    "THE WINTERS TALE.txt": 0.09052331302629119,
    "Venus and Adonis.txt": 0.05911013474452531
}