{
    "A MIDSUMMER NIGHT_S DREAM.txt": 0.08704747851700917,
    "A Yorkshire Tragedy by Shakespeare.txt": 0.029069356531936874,
    "Arden of Feversham.txt": -0.01166744347136428,
    "AS YOU LIKE IT.txt": 0.1154130400108686,
    "CYMBELINE.txt": 0.10311041597070963,
    "Fair Em by Shakespeare.txt": 0.10002397157383242,
    "KING EDWARD III by Shakespeare.txt": 0.07531793157403172,
    "King Henry IV, Part 1.txt": 0.1075218921079576,
    "KING HENRY V.txt": 0.09782009739539177,
    "KING HENRY VI part I.txt": 0.027954101448098956,
    "KING HENRY VI Part II.txt": 0.10384486417299116,
    "KING HENRY VI Part III.txt": 0.09456106712490658,
    "KING HENRY VIII.txt": 0.10705119577331179,
    "KING JOHN.txt": 0.1086927761796379,
    "KING RICHARD II.txt": 0.10648483918712481,
    "KING RICHARD III.txt": 0.10370184109592079,
    "Locrine Mucedorus by Shakespeare.txt": 0.046003061659701694,
    "Love_s Labour_s Lost.txt": 0.10696047264985509,
    "MEASURE FOR MEASURE.txt": 0.10331286977397597,
    "Merchant of Venice.txt": 0.11337173624521935,
    "MUCH ADO ABOUT NOTHING.txt": 0.06023036773937879,
    "PERICLES PRINCE OF TYRE.txt": 0.0976890754418272,
    "Sir John Oldcastle by Shakespeare.txt": 0.09488369771581212,
    "Sir Thomas More by Shakespeare.txt": 0.10588691924794874,
    "Taming of the Shrew.txt": 0.0024823252576469113,
    "The Comedy of Errors.txt": -0.1332911938453073,
    "THE HISTORY OF TROILUS AND CRESSIDA.txt": -0.18021628408148926,
    "The Life and Death of the Lord Cromwell by Shakespeare.txt": 0.11223176083073289,
    "THE LIFE OF TIMON OF ATHENS.txt": 0.10187568713411621,
    "The London Prodigal.txt": 0.05518546764942578,
    "The Merry Devill of Edmonton by Shakespeare.txt": 0.10735970132945671,
    "THE MERRY WIVES OF WINDSOR.txt": 0.10249395201875255,
    "The Puritaine Widdow by Shakespeare.txt": 0.10241367967074355,
    "THE RAPE OF LUCRECE.txt": -0.02545036831683345,
    "THE TAMING OF THE SHREW.txt": -0.045797425975220296,
    "THE TEMPEST.txt": 0.10938625948067665,
    "THE TRAGEDY OF ANTONY AND CLEOPATRA.txt": 0.04140300663297769,
    "THE TRAGEDY OF CORIOLANUS.txt": -0.08199244932463268,
    "THE TRAGEDY OF HAMLET PRINCE OF DENMARK.txt": 0.09814893550664794,
    "THE TRAGEDY OF JULIUS CAESAR.txt": -0.11412717198480982,
    "THE TRAGEDY OF KING LEAR.txt": 0.10596583830209427,
    "THE TRAGEDY OF MACBETH.txt": 0.0939160716468097,
    "THE TRAGEDY OF OTHELLO MOOR OF VENICE.txt": 0.09247606782641016,
    "THE TRAGEDY OF ROMEO AND JULIET.txt": 0.05410401242319801,
    "THE TRAGEDY OF TITUS ANDRONICUS.txt": 0.10507669467802427,
    "THE TWO GENTLEMEN OF VERONA.txt": 0.08604756024550131,
    "The Two Noble Kinsmen by Shakespeare.txt": 0.10567374692779896,
    "THE WINTERS TALE.txt": 0.06770224305951467,
    "Venus and Adonis.txt": -0.02208486261227638
}