{
    "A MIDSUMMER NIGHT_S DREAM.txt": 0.0822907152128135,
    "A Yorkshire Tragedy by Shakespeare.txt": 0.019186519275945668,
    "Arden of Feversham.txt": -0.0180871990827417,
    "AS YOU LIKE IT.txt": 0.09989385908991877,
    "CYMBELINE.txt": 0.08397526196939831,
    "Fair Em by Shakespeare.txt": 0.08624248940140439,
    "KING EDWARD III by Shakespeare.txt": 0.08164976848215122,
    "King Henry IV, Part 1.txt": 0.07985353054737737,
    "KING HENRY V.txt": 0.10583380774517348,
    "KING HENRY VI part I.txt": 0.016082857552474294,
    "KING HENRY VI Part II.txt": 0.11305256136741915,
    "KING HENRY VI Part III.txt": 0.0818362618716224,
    "KING HENRY VIII.txt": 0.0993202990050795,
    "KING JOHN.txt": 0.09384694258781145,
    "KING RICHARD II.txt": 0.0948268612153651,
    "KING RICHARD III.txt": 0.09183261050988234,
    "Locrine Mucedorus by Shakespeare.txt": 0.032253181503321515,
    "Love_s Labour_s Lost.txt": 0.10558939255776806,
    "MEASURE FOR MEASURE.txt": 0.07920584726046942,
    "Merchant of Venice.txt": 0.1019144763458048,
    "MUCH ADO ABOUT NOTHING.txt": 0.05486165510918323,
    "PERICLES PRINCE OF TYRE.txt": 0.08944337593024715,
    "Sir John Oldcastle by Shakespeare.txt": 0.10579858294677463,
    "Sir Thomas More by Shakespeare.txt": 0.10177892708649111,
    "Taming of the Shrew.txt": 0.019228505415179675,
    "The Comedy of Errors.txt": -0.1110625964803309,
    "THE HISTORY OF TROILUS AND CRESSIDA.txt": -0.20561238588176478,
    "The Life and Death of the Lord Cromwell by Shakespeare.txt": 0.07607680139685669,
    "THE LIFE OF TIMON OF ATHENS.txt": 0.10625772732301642,
    "The London Prodigal.txt": 0.043706508772658914,
    "The Merry Devill of Edmonton by Shakespeare.txt": 0.07993628684746323,
    "THE MERRY WIVES OF WINDSOR.txt": 0.091601390037375,
    "The Puritaine Widdow by Shakespeare.txt": 0.08150080674166132,
    "THE RAPE OF LUCRECE.txt": -0.019353284599756715,
    "THE TAMING OF THE SHREW.txt": -0.041327331815436685,
    "THE TEMPEST.txt": 0.09935154708393396,
    "THE TRAGEDY OF ANTONY AND CLEOPATRA.txt": 0.03952292383053152,
    "THE TRAGEDY OF CORIOLANUS.txt": -0.07294757014949282,
    "THE TRAGEDY OF HAMLET PRINCE OF DENMARK.txt": 0.10025017215939902,
    "THE TRAGEDY OF JULIUS CAESAR.txt": -0.10927330200287577,
    "THE TRAGEDY OF KING LEAR.txt": 0.09716129864629403,
    "THE TRAGEDY OF MACBETH.txt": 0.06908236105007592,
    "THE TRAGEDY OF OTHELLO MOOR OF VENICE.txt": 0.09568560699379602,
    "THE TRAGEDY OF ROMEO AND JULIET.txt": 0.06132200420296269,
    "THE TRAGEDY OF TITUS ANDRONICUS.txt": 0.10735251167768467,
    "THE TWO GENTLEMEN OF VERONA.txt": 0.09178380649303158,
    "The Two Noble Kinsmen by Shakespeare.txt": 0.09136444157922041,
    "THE WINTERS TALE.txt": 0.04558895914207134,
    "Venus and Adonis.txt": -0.014031554288113868
}