{
    "A LOVERS COMPLAINT.txt": -0.06944795494453315,
    "A MIDSUMMER NIGHT_S DREAM.txt": 0.05030279493420886,
    "A Yorkshire Tragedy by Shakespeare.txt": 0.050070908181380935,
    "Arden of Feversham.txt": 0.07363578544304744,
    "AS YOU LIKE IT.txt": 0.125145469796611,
    "CYMBELINE.txt": 0.14410883411075692,
    "Fair Em by Shakespeare.txt": 0.06728259605616882,
    "KING EDWARD III by Shakespeare.txt": 0.11275071677131254,
    "King Henry IV, Part 1.txt": 0.10814421295223592,
    "KING HENRY V.txt": 0.11411926382288468,
    "KING HENRY VI part I.txt": 0.09652077908540407,
    "KING HENRY VI Part II.txt": 0.1420294806377022,
    "KING HENRY VI Part III.txt": 0.13526522185321949,
    "KING HENRY VIII.txt": 0.1396887313578722,
    "KING JOHN.txt": 0.08355313497905581,
    "KING RICHARD II.txt": 0.11853153690306723,
    "KING RICHARD III.txt": 0.12140577253981388,
    "Locrine Mucedorus by Shakespeare.txt": 0.08161094783005585,
    "Love_s Labour_s Lost.txt": 0.13708188998501047,
    "MEASURE FOR MEASURE.txt": 0.1360403252379705,
    "Merchant of Venice.txt": 0.12902656668783175,
    "MUCH ADO ABOUT NOTHING.txt": 0.10961429610717349,
    "PERICLES PRINCE OF TYRE.txt": 0.12332329481888105,
    "Sir John Oldcastle by Shakespeare.txt": 0.12787300698752518,
    "Sir Thomas More by Shakespeare.txt": 0.13321400857965116,
    "Taming of the Shrew.txt": 0.082827851414144,
    "The Comedy of Errors.txt": 0.04307556421032699,
    "THE HISTORY OF TROILUS AND CRESSIDA.txt": -0.1132656402554193,
    "The Life and Death of the Lord Cromwell by Shakespeare.txt": 0.11866058419083891,
    "THE LIFE OF TIMON OF ATHENS.txt": 0.10424758184107041,
    "The London Prodigal.txt": 0.13042034105553846,
    "The Merry Devill of Edmonton by Shakespeare.txt": 0.09796399534816952,
    "THE MERRY WIVES OF WINDSOR.txt": 0.13795715399041375,
    "The Puritaine Widdow by Shakespeare.txt": 0.13037501332112555,
    "THE RAPE OF LUCRECE.txt": 0.06620078429843179,
    "THE TAMING OF THE SHREW.txt": 0.050016954221785925,
    "THE TEMPEST.txt": 0.133086619344309,
    "THE TRAGEDY OF ANTONY AND CLEOPATRA.txt": 0.10676762794057104,
    "THE TRAGEDY OF CORIOLANUS.txt": -0.07213187572641877,
    "THE TRAGEDY OF HAMLET PRINCE OF DENMARK.txt": 0.1481478398856248,
    "THE TRAGEDY OF JULIUS CAESAR.txt": -0.029234187162159975,
    "THE TRAGEDY OF KING LEAR.txt": 0.12187227454238753,
    "THE TRAGEDY OF MACBETH.txt": 0.12424781457606471,
    "THE TRAGEDY OF OTHELLO MOOR OF VENICE.txt": 0.11803368640547351,
    "THE TRAGEDY OF ROMEO AND JULIET.txt": 0.12701253144325653,
    "THE TRAGEDY OF TITUS ANDRONICUS.txt": 0.1123219431834187,
    "THE TWO GENTLEMEN OF VERONA.txt": 0.1112562288607361,
    "The Two Noble Kinsmen by Shakespeare.txt": 0.10309799623881755,
    "THE WINTERS TALE.txt": 0.12623885475380942,
    "Venus and Adonis.txt": 0.03324227966570875
}