{
    "A LOVERS COMPLAINT.txt": -0.06023979167427829,
    "A MIDSUMMER NIGHT_S DREAM.txt": 0.05761723088259535,
    "A Yorkshire Tragedy by Shakespeare.txt": 0.05891583836798986,
    "Arden of Feversham.txt": 0.10357740302910173,
    "AS YOU LIKE IT.txt": 0.1320694739517293,
    "CYMBELINE.txt": 0.14044356591613683,
    "Fair Em by Shakespeare.txt": 0.10763127790108101,
    "KING EDWARD III by Shakespeare.txt": 0.12260017722503574,
    "King Henry IV, Part 1.txt": 0.13189114453299738,
    "KING HENRY V.txt": 0.13362156016248855,
    "KING HENRY VI part I.txt": 0.11754197773102026,
    "KING HENRY VI Part II.txt": 0.13461657919561382,
    "KING HENRY VI Part III.txt": 0.1349034343317586,
    "KING HENRY VIII.txt": 0.13522906097317566,
    "KING JOHN.txt": 0.1094213597740128,
    "KING RICHARD II.txt": 0.15053823530632743,
    "KING RICHARD III.txt": 0.14305894148996978,
    "Locrine Mucedorus by Shakespeare.txt": 0.07773020757218879,
    "Love_s Labour_s Lost.txt": 0.14152639643654158,
    "MEASURE FOR MEASURE.txt": 0.12121428918187288,
    "Merchant of Venice.txt": 0.12175504189950476,
    "MUCH ADO ABOUT NOTHING.txt": 0.12688350971473245,
    "PERICLES PRINCE OF TYRE.txt": 0.12326098856963408,
    "Sir John Oldcastle by Shakespeare.txt": 0.13038440777623012,
    "Sir Thomas More by Shakespeare.txt": 0.11327918652046587,
    "Taming of the Shrew.txt": 0.08318166662299936,
    "The Comedy of Errors.txt": 0.062274660704260076,
    "THE HISTORY OF TROILUS AND CRESSIDA.txt": -0.14175264970687484,
    "The Life and Death of the Lord Cromwell by Shakespeare.txt": 0.1347776886396736,
    "THE LIFE OF TIMON OF ATHENS.txt": 0.13270201821231725,
    "The London Prodigal.txt": 0.1203384811464478,
    "The Merry Devill of Edmonton by Shakespeare.txt": 0.11054376582836678,
    "THE MERRY WIVES OF WINDSOR.txt": 0.13908470136387124,
    "The Puritaine Widdow by Shakespeare.txt": 0.13346241866766811,
    "THE RAPE OF LUCRECE.txt": 0.09076116593979655,
    "THE TAMING OF THE SHREW.txt": 0.04704107423434889,
    "THE TEMPEST.txt": 0.1484710108595731,
    "THE TRAGEDY OF ANTONY AND CLEOPATRA.txt": 0.10416346748797228,
    "THE TRAGEDY OF CORIOLANUS.txt": -0.09031157371934773,
    "THE TRAGEDY OF HAMLET PRINCE OF DENMARK.txt": 0.1378942800543274,
    "THE TRAGEDY OF JULIUS CAESAR.txt": -0.03749879174295423,
    "THE TRAGEDY OF KING LEAR.txt": 0.12493634866336695,
    "THE TRAGEDY OF MACBETH.txt": 0.12676353683843766,
    "THE TRAGEDY OF OTHELLO MOOR OF VENICE.txt": 0.13240284056746926,
    "THE TRAGEDY OF ROMEO AND JULIET.txt": 0.12986060517390224,
    "THE TRAGEDY OF TITUS ANDRONICUS.txt": 0.13408318973032907,
    "THE TWO GENTLEMEN OF VERONA.txt": 0.14032739372310382,
    "The Two Noble Kinsmen by Shakespeare.txt": 0.12179044406918016,
    "THE WINTERS TALE.txt": 0.13233302844879907,
    "Venus and Adonis.txt": 0.04461493534533689
}