{
    "A LOVERS COMPLAINT.txt": -0.10650954259064949,
    "A MIDSUMMER NIGHT_S DREAM.txt": 0.06577325583124827,
    "A Yorkshire Tragedy by Shakespeare.txt": 0.07152084047503171,
    "Arden of Feversham.txt": 0.08803126020989671,
    "AS YOU LIKE IT.txt": 0.11969034438681742,
    "CYMBELINE.txt": 0.09665812236060922,
    "Fair Em by Shakespeare.txt": 0.11230088453642834,
    "KING EDWARD III by Shakespeare.txt": 0.10171759223060206,
    "King Henry IV, Part 1.txt": 0.11877114182707166,
    "KING HENRY V.txt": 0.12042502762047164,
    "KING HENRY VI part I.txt": 0.11460435844501321,
    "KING HENRY VI Part II.txt": 0.13618538177369682,
    "KING HENRY VI Part III.txt": 0.12119080558806572,
    "KING HENRY VIII.txt": 0.1425190360996585,
    "KING JOHN.txt": 0.10962340948410859,
    "KING RICHARD II.txt": 0.1370523719955264,
    "KING RICHARD III.txt": 0.14068085414919201,
    "Locrine Mucedorus by Shakespeare.txt": 0.08959885936076534,
    "Love_s Labour_s Lost.txt": 0.13337235975682027,
    "MEASURE FOR MEASURE.txt": 0.13223215435389402,
    "Merchant of Venice.txt": 0.1267948178094484,
    "MUCH ADO ABOUT NOTHING.txt": 0.13690675815110104,
    "PERICLES PRINCE OF TYRE.txt": 0.122839150989215,
    "Sir John Oldcastle by Shakespeare.txt": 0.1271961719727594,
    "Sir Thomas More by Shakespeare.txt": 0.11509063968332439,
    "Taming of the Shrew.txt": 0.06621607148515996,
    "The Comedy of Errors.txt": 0.06551175787221952,
    "THE HISTORY OF TROILUS AND CRESSIDA.txt": -0.12901846290422403,
    "The Life and Death of the Lord Cromwell by Shakespeare.txt": 0.11646447132187976,
    "THE LIFE OF TIMON OF ATHENS.txt": 0.11102509422432305,
    "The London Prodigal.txt": 0.10707879987741076,
    "The Merry Devill of Edmonton by Shakespeare.txt": 0.10269043667804828,
    "THE MERRY WIVES OF WINDSOR.txt": 0.13333366665247143,
    "The Puritaine Widdow by Shakespeare.txt": 0.11933119664472214,
    "THE RAPE OF LUCRECE.txt": 0.08718974905082494,
    "THE TAMING OF THE SHREW.txt": 0.037515279080088726,
    "THE TEMPEST.txt": 0.14529854839400586,
    "THE TRAGEDY OF ANTONY AND CLEOPATRA.txt": 0.10343142668869715,
    "THE TRAGEDY OF CORIOLANUS.txt": -0.08672100606058675,
    "THE TRAGEDY OF HAMLET PRINCE OF DENMARK.txt": 0.13478531596819432,
    "THE TRAGEDY OF JULIUS CAESAR.txt": -0.06503154256864851,
    "THE TRAGEDY OF KING LEAR.txt": 0.12199925701193864,
    "THE TRAGEDY OF MACBETH.txt": 0.11143203563717141,
    "THE TRAGEDY OF OTHELLO MOOR OF VENICE.txt": 0.13386827192920453,
    "THE TRAGEDY OF ROMEO AND JULIET.txt": 0.12340029657845031,
    "THE TRAGEDY OF TITUS ANDRONICUS.txt": 0.12633135042681332,
    "THE TWO GENTLEMEN OF VERONA.txt": 0.10503306108076749,
    "The Two Noble Kinsmen by Shakespeare.txt": 0.12040958995579942,
    "THE WINTERS TALE.txt": 0.11645098276880894,
    "Venus and Adonis.txt": 0.03039428459275828
}