{
    "A LOVERS COMPLAINT.txt": -0.04854997877683209,
    "A MIDSUMMER NIGHT_S DREAM.txt": 0.08071902979431267,
    "A Yorkshire Tragedy by Shakespeare.txt": 0.08235376776498277,
    "Arden of Feversham.txt": 0.08892264812374051,
    "AS YOU LIKE IT.txt": 0.11946012741550899,
    "CYMBELINE.txt": 0.1268960222136013,
    "Fair Em by Shakespeare.txt": 0.09656363197098433,
    "KING EDWARD III by Shakespeare.txt": 0.10290831770208775,
    "King Henry IV, Part 1.txt": 0.13478692392648706,
    "KING HENRY V.txt": 0.11934930576814862,
    "KING HENRY VI part I.txt": 0.09402881873777358,
    "KING HENRY VI Part II.txt": 0.13807039583890973,
    "KING HENRY VI Part III.txt": 0.13139626025333756,
    "KING HENRY VIII.txt": 0.12398761256958263,
    "KING JOHN.txt": 0.09132735612144754,
    "KING RICHARD II.txt": 0.12120347312101959,
    "KING RICHARD III.txt": 0.1478693147691832,
    "Locrine Mucedorus by Shakespeare.txt": 0.09483757941443083,
    "Love_s Labour_s Lost.txt": 0.1450248780197027,
    "MEASURE FOR MEASURE.txt": 0.12930151355208763,
    "Merchant of Venice.txt": 0.1343236332179677,
    "MUCH ADO ABOUT NOTHING.txt": 0.12782759340583943,
    "PERICLES PRINCE OF TYRE.txt": 0.13206545301241007,
    "Sir John Oldcastle by Shakespeare.txt": 0.1374804230900179,
    "Sir Thomas More by Shakespeare.txt": 0.11828332424549515,
    "Taming of the Shrew.txt": 0.09932197951094618,
    "The Comedy of Errors.txt": 0.0642642338628201,
    "THE HISTORY OF TROILUS AND CRESSIDA.txt": -0.09192774454488362,
    "The Life and Death of the Lord Cromwell by Shakespeare.txt": 0.10349418737183225,
    "THE LIFE OF TIMON OF ATHENS.txt": 0.10551914636302889,
    "The London Prodigal.txt": 0.11080753595007953,
    "The Merry Devill of Edmonton by Shakespeare.txt": 0.10160123121581532,
    "THE MERRY WIVES OF WINDSOR.txt": 0.12524614098576714,
    "The Puritaine Widdow by Shakespeare.txt": 0.1249013394538806,
    "THE RAPE OF LUCRECE.txt": 0.08511902707870522,
    "THE TAMING OF THE SHREW.txt": 0.0368034755337418,
    "THE TEMPEST.txt": 0.14736811674918482,
    "THE TRAGEDY OF ANTONY AND CLEOPATRA.txt": 0.12200815438417612,
    "THE TRAGEDY OF CORIOLANUS.txt": -0.0725878184471318,
    "THE TRAGEDY OF HAMLET PRINCE OF DENMARK.txt": 0.14803315342050039,
    "THE TRAGEDY OF JULIUS CAESAR.txt": 0.006281358277309967,
    "THE TRAGEDY OF KING LEAR.txt": 0.11756908283743378,
    "THE TRAGEDY OF MACBETH.txt": 0.10793805756140284,
    "THE TRAGEDY OF OTHELLO MOOR OF VENICE.txt": 0.11357137345239093,
    "THE TRAGEDY OF ROMEO AND JULIET.txt": 0.14588384970717183,
    "THE TRAGEDY OF TITUS ANDRONICUS.txt": 0.12359078474961832,
    "THE TWO GENTLEMEN OF VERONA.txt": 0.11741324073747961,
    "The Two Noble Kinsmen by Shakespeare.txt": 0.10463770085663038,
    "THE WINTERS TALE.txt": 0.13628339726646277,
    "Venus and Adonis.txt": 0.058504795575342994
}