{
    "A LOVERS COMPLAINT.txt": -0.07745691466624927,
    "A MIDSUMMER NIGHT_S DREAM.txt": 0.15128102345347605,
    "A Yorkshire Tragedy by Shakespeare.txt": 0.09405582197042095,
    "Arden of Feversham.txt": 0.0949092011246851,
    "AS YOU LIKE IT.txt": 0.1095510628494708,
    "CYMBELINE.txt": 0.13833220942762314,
    "Fair Em by Shakespeare.txt": 0.10917472115441379,
    "KING EDWARD III by Shakespeare.txt": 0.11639311331842395,
    "King Henry IV, Part 1.txt": 0.12656874810397434,
    "KING HENRY V.txt": 0.05419388542139869,
    "KING HENRY VI part I.txt": 0.10518443091442631,
    "KING HENRY VI Part II.txt": 0.1427325003194428,
    "KING HENRY VI Part III.txt": 0.1255340257936765,
    "KING HENRY VIII.txt": 0.12731486592825964,
    "KING JOHN.txt": 0.13976283957392277,
    "KING RICHARD II.txt": 0.11625402469360496,
    "KING RICHARD III.txt": 0.1192901109282149,
    "Locrine Mucedorus by Shakespeare.txt": 0.11409650252480713,
    "Love_s Labour_s Lost.txt": 0.11192145953402721,
    "MEASURE FOR MEASURE.txt": 0.14008150536433495,
    "Merchant of Venice.txt": 0.15058593271525705,
    "MUCH ADO ABOUT NOTHING.txt": 0.11229488374834884,
    "PERICLES PRINCE OF TYRE.txt": 0.09078897819878706,
    "Sir John Oldcastle by Shakespeare.txt": 0.1500901067132644,
    "Sir Thomas More by Shakespeare.txt": 0.15558569367206532,
    "Taming of the Shrew.txt": 0.04478649911425259,
    "The Comedy of Errors.txt": 0.06204291236051829,
    "THE HISTORY OF TROILUS AND CRESSIDA.txt": -0.0319144065764676,
    "The Life and Death of the Lord Cromwell by Shakespeare.txt": 0.13204033986568298,
    "THE LIFE OF TIMON OF ATHENS.txt": 0.11713456604773476,
    "The London Prodigal.txt": 0.09109198099331284,
    "The Merry Devill of Edmonton by Shakespeare.txt": 0.14280828057804512,
    "THE MERRY WIVES OF WINDSOR.txt": 0.11749399238396019,
    "The Puritaine Widdow by Shakespeare.txt": 0.11690316221134134,
    "THE RAPE OF LUCRECE.txt": 0.09856532384221556,
    "THE TAMING OF THE SHREW.txt": -0.06567055600558835,
    "THE TEMPEST.txt": 0.10586448950446797,
    "THE TRAGEDY OF ANTONY AND CLEOPATRA.txt": 0.10574497681467121,
    "THE TRAGEDY OF CORIOLANUS.txt": -0.030531657381886013,
    "THE TRAGEDY OF HAMLET PRINCE OF DENMARK.txt": 0.12683443776609332,
    "THE TRAGEDY OF JULIUS CAESAR.txt": -0.16305893126903348,
    "THE TRAGEDY OF KING LEAR.txt": 0.10417361748548731,
    "THE TRAGEDY OF MACBETH.txt": 0.13717136381993145,
    "THE TRAGEDY OF OTHELLO MOOR OF VENICE.txt": 0.10545752795919522,
    "THE TRAGEDY OF ROMEO AND JULIET.txt": 0.1286185669780036,
    "THE TRAGEDY OF TITUS ANDRONICUS.txt": 0.13986208773972192,
    "THE TWO GENTLEMEN OF VERONA.txt": 0.15665499291275048,
    "The Two Noble Kinsmen by Shakespeare.txt": 0.12052698732885381,
    "THE WINTERS TALE.txt": 0.14308393365929184,
    "Venus and Adonis.txt": 0.03298192393403604
}