{
    "A LOVERS COMPLAINT.txt": -0.0322601434925367,
    "A MIDSUMMER NIGHT_S DREAM.txt": 0.1048157994272515,
    "A Yorkshire Tragedy by Shakespeare.txt": 0.086572792676892,
    "Arden of Feversham.txt": 0.04191056202119492,
    "AS YOU LIKE IT.txt": 0.11106135127344025,
    "CYMBELINE.txt": 0.13351892515761493,
    "Fair Em by Shakespeare.txt": 0.06591553052561144,
    "KING EDWARD III by Shakespeare.txt": 0.15156320131734957,
    "King Henry IV, Part 1.txt": 0.11948973495742476,
    "KING HENRY V.txt": 0.059044457530134375,
    "KING HENRY VI part I.txt": 0.04541252324199757,
    "KING HENRY VI Part II.txt": 0.13688472543076385,
    "KING HENRY VI Part III.txt": 0.13997774468241891,
    "KING HENRY VIII.txt": 0.06602021226821114,
    "KING JOHN.txt": 0.12029746219127874,
    "KING RICHARD II.txt": 0.1053169917930914,
    "KING RICHARD III.txt": 0.14473240229133688,
    "Locrine Mucedorus by Shakespeare.txt": 0.11780430674504133,
    "Love_s Labour_s Lost.txt": 0.11677856890909882,
    "MEASURE FOR MEASURE.txt": 0.13253809926526083,
    "Merchant of Venice.txt": 0.13569407315972942,
    "MUCH ADO ABOUT NOTHING.txt": 0.11636913816475464,
    "PERICLES PRINCE OF TYRE.txt": 0.13331551335097724,
    "Sir John Oldcastle by Shakespeare.txt": 0.010239804924767781,
    "Sir Thomas More by Shakespeare.txt": 0.1134131041697608,
    "Taming of the Shrew.txt": 0.1385848227964906,
    "The Comedy of Errors.txt": 0.0900940401586236,
    "THE HISTORY OF TROILUS AND CRESSIDA.txt": 0.11714161931329031,
    "The Life and Death of the Lord Cromwell by Shakespeare.txt": 0.1399444077495393,
    "THE LIFE OF TIMON OF ATHENS.txt": 0.1149127914418171,
    "The London Prodigal.txt": 0.11762598596010782,
    "The Merry Devill of Edmonton by Shakespeare.txt": 0.13452394403465284,
    "THE MERRY WIVES OF WINDSOR.txt": 0.12765797646852972,
    "The Puritaine Widdow by Shakespeare.txt": -0.2130694227209715,
    "THE RAPE OF LUCRECE.txt": 0.10328648269828028,
    "THE TAMING OF THE SHREW.txt": 0.09505177820292021,
    "THE TEMPEST.txt": 0.12901857718259907,
    "THE TRAGEDY OF ANTONY AND CLEOPATRA.txt": 0.10121388997689884,
    "THE TRAGEDY OF CORIOLANUS.txt": 0.12516008899190334,
    "THE TRAGEDY OF HAMLET PRINCE OF DENMARK.txt": -0.06492638857327637,
    "THE TRAGEDY OF JULIUS CAESAR.txt": 0.1169809501845428,
    "THE TRAGEDY OF KING LEAR.txt": 0.11840371567463859,
    "THE TRAGEDY OF MACBETH.txt": 0.1198320791129846,
    "THE TRAGEDY OF OTHELLO MOOR OF VENICE.txt": 0.1239311231589591,
    "THE TRAGEDY OF ROMEO AND JULIET.txt": 0.1335612669027001,
    "THE TRAGEDY OF TITUS ANDRONICUS.txt": 0.11958388129177228,
    "THE TWO GENTLEMEN OF VERONA.txt": 0.10392141216247786,
    "The Two Noble Kinsmen by Shakespeare.txt": 0.11617347997422856,
    "THE WINTERS TALE.txt": 0.11607253642639376,
    "Venus and Adonis.txt": 0.08668999229230939
}