{
    "A MIDSUMMER NIGHT_S DREAM.txt": 0.12235537385849016,
    "A Yorkshire Tragedy by Shakespeare.txt": -0.09345897937200909,
    "Arden of Feversham.txt": 0.08415228371213718,
    "AS YOU LIKE IT.txt": 0.10143523824673312,
    "CYMBELINE.txt": 0.11651112027318639,
    "Fair Em by Shakespeare.txt": -0.006155642081876689,
    "KING EDWARD III by Shakespeare.txt": 0.10338369190485552,
    "King Henry IV, Part 1.txt": 0.10046193254813368,
    "KING HENRY V.txt": 0.08097110687212572,
    "KING HENRY VI part I.txt": -0.06480174218235168,
    "KING HENRY VI Part II.txt": 0.11501430226800319,
    "KING HENRY VI Part III.txt": 0.11103642035787659,
    "KING HENRY VIII.txt": 0.10222789138146049,
    "KING JOHN.txt": 0.12018111689002092,
    "KING RICHARD II.txt": 0.11144679003010399,
    "KING RICHARD III.txt": 0.09764286191855132,
    "Locrine Mucedorus by Shakespeare.txt": 0.11380286822693575,
    "Love_s Labour_s Lost.txt": 0.10638534106516617,
    "MEASURE FOR MEASURE.txt": 0.1273008340149045,
    "Merchant of Venice.txt": 0.12469609975814316,
    "MUCH ADO ABOUT NOTHING.txt": 0.12156090380931822,
    "PERICLES PRINCE OF TYRE.txt": 0.10245395938453533,
    "Sir John Oldcastle by Shakespeare.txt": 0.049888027543537494,
    "Sir Thomas More by Shakespeare.txt": 0.06545091330733366,
    "Taming of the Shrew.txt": 0.10048552020106954,
    "The Comedy of Errors.txt": 0.07057605771120917,
    "THE HISTORY OF TROILUS AND CRESSIDA.txt": 0.08663101868650419,
    "The Life and Death of the Lord Cromwell by Shakespeare.txt": 0.09289256587565453,
    "THE LIFE OF TIMON OF ATHENS.txt": 0.10864944275881816,
    "The London Prodigal.txt": 0.10040238089488973,
    "The Merry Devill of Edmonton by Shakespeare.txt": 0.08925085877082711,
    "THE MERRY WIVES OF WINDSOR.txt": 0.09876285329777862,
    "The Puritaine Widdow by Shakespeare.txt": -0.3107358408871922,
    "THE RAPE OF LUCRECE.txt": 0.10068419409225265,
    "THE TAMING OF THE SHREW.txt": 0.07877429952371123,
    "THE TEMPEST.txt": 0.0954776488963382,
    "THE TRAGEDY OF ANTONY AND CLEOPATRA.txt": 0.05590811881828317,
    "THE TRAGEDY OF CORIOLANUS.txt": 0.09899090311032666,
    "THE TRAGEDY OF HAMLET PRINCE OF DENMARK.txt": 0.09221863170575012,
    "THE TRAGEDY OF JULIUS CAESAR.txt": 0.12493537329867244,
    "THE TRAGEDY OF KING LEAR.txt": 0.11860254820274374,
    "THE TRAGEDY OF MACBETH.txt": 0.13087107234652617,
    "THE TRAGEDY OF OTHELLO MOOR OF VENICE.txt": 0.09700092561027063,
    "THE TRAGEDY OF ROMEO AND JULIET.txt": 0.09114673087741837,
    "THE TRAGEDY OF TITUS ANDRONICUS.txt": 0.12916990856592703,
    "THE TWO GENTLEMEN OF VERONA.txt": 0.08668591512098134,
    "The Two Noble Kinsmen by Shakespeare.txt": 0.1154605937361588,
    "THE WINTERS TALE.txt": 0.10664709999298505,
    "Venus and Adonis.txt": 0.050474859216488366
}