{
    "A LOVERS COMPLAINT.txt": -0.02230344653513794,
    "A MIDSUMMER NIGHT_S DREAM.txt": 0.09119242808909678,
    "A Yorkshire Tragedy by Shakespeare.txt": 0.08774253667185655,
    "Arden of Feversham.txt": 0.028877678506311233,
    "AS YOU LIKE IT.txt": 0.10525972795952754,
    "CYMBELINE.txt": 0.13728033649107185,
    "Fair Em by Shakespeare.txt": 0.04922804553722038,
    "KING EDWARD III by Shakespeare.txt": 0.13369234765411253,
    "King Henry IV, Part 1.txt": 0.11068078953711386,
    "KING HENRY V.txt": 0.08247277001112707,
    "KING HENRY VI part I.txt": 0.040021544685964805,
    "KING HENRY VI Part II.txt": 0.1418779301740083,
    "KING HENRY VI Part III.txt": 0.1250990572084979,
    "KING HENRY VIII.txt": 0.07601559850394701,
    "KING JOHN.txt": 0.11170495116154133,
    "KING RICHARD II.txt": 0.10218441811067991,
    "KING RICHARD III.txt": 0.11921387019045437,
    "Locrine Mucedorus by Shakespeare.txt": 0.10049903355384865,
    "Love_s Labour_s Lost.txt": 0.11495781401708122,
    "MEASURE FOR MEASURE.txt": 0.13798214507225648,
    "Merchant of Venice.txt": 0.14347159966121031,
    "MUCH ADO ABOUT NOTHING.txt": 0.11419734716647012,
    "PERICLES PRINCE OF TYRE.txt": 0.1338001892148044,
    "Sir John Oldcastle by Shakespeare.txt": 0.03013787233172599,
    "Sir Thomas More by Shakespeare.txt": 0.1347763846820626,
    "Taming of the Shrew.txt": 0.13112865914113275,
    "The Comedy of Errors.txt": 0.10832451595523257,
    "THE HISTORY OF TROILUS AND CRESSIDA.txt": 0.11237892764146051,
    "The Life and Death of the Lord Cromwell by Shakespeare.txt": 0.11935263047810263,
    "THE LIFE OF TIMON OF ATHENS.txt": 0.11552293362382005,
    "The London Prodigal.txt": 0.11477671625695951,
    "The Merry Devill of Edmonton by Shakespeare.txt": 0.1399149345459944,
    "THE MERRY WIVES OF WINDSOR.txt": 0.12990306191529122,
    "The Puritaine Widdow by Shakespeare.txt": -0.1615715062492823,
    "THE RAPE OF LUCRECE.txt": 0.1298237771201316,
    "THE TAMING OF THE SHREW.txt": 0.10418732625509353,
    "THE TEMPEST.txt": 0.12996568789446583,
    "THE TRAGEDY OF ANTONY AND CLEOPATRA.txt": 0.12231722291700342,
    "THE TRAGEDY OF CORIOLANUS.txt": 0.13482990205110285,
    "THE TRAGEDY OF HAMLET PRINCE OF DENMARK.txt": -0.0337506069781528,
    "THE TRAGEDY OF JULIUS CAESAR.txt": 0.13332568653470622,
    "THE TRAGEDY OF KING LEAR.txt": 0.1126027395632973,
    "THE TRAGEDY OF MACBETH.txt": 0.12708242620386884,
    "THE TRAGEDY OF OTHELLO MOOR OF VENICE.txt": 0.12948153905252008,
    "THE TRAGEDY OF ROMEO AND JULIET.txt": 0.13895658882450268,
    "THE TRAGEDY OF TITUS ANDRONICUS.txt": 0.10475032241348475,
    "THE TWO GENTLEMEN OF VERONA.txt": 0.12246871683164184,
    "The Two Noble Kinsmen by Shakespeare.txt": 0.12563042128619678,
    "THE WINTERS TALE.txt": 0.11080898971985137,
    "Venus and Adonis.txt": 0.09144101182401765
}