{
    "A LOVERS COMPLAINT.txt": -0.030349466248920764,
    "A MIDSUMMER NIGHT_S DREAM.txt": 0.10370502879784538,
    "A Yorkshire Tragedy by Shakespeare.txt": 0.08900391422752929,
    "Arden of Feversham.txt": 0.035726592998020446,
    "AS YOU LIKE IT.txt": 0.07615401925114673,
    "CYMBELINE.txt": 0.11922491124853979,
    "Fair Em by Shakespeare.txt": 0.0582619253589613,
    "KING EDWARD III by Shakespeare.txt": 0.13088737978002724,
    "King Henry IV, Part 1.txt": 0.11122754228015086,
    "KING HENRY V.txt": 0.06110127478150357,
    "KING HENRY VI part I.txt": 0.056816189803282846,
    "KING HENRY VI Part II.txt": 0.126407941524256,
    "KING HENRY VI Part III.txt": 0.1247167794722484,
    "KING HENRY VIII.txt": 0.0707767990946665,
    "KING JOHN.txt": 0.11446272709134103,
    "KING RICHARD II.txt": 0.08663305454033338,
    "KING RICHARD III.txt": 0.10689822484105277,
    "Locrine Mucedorus by Shakespeare.txt": 0.10644489049540479,
    "Love_s Labour_s Lost.txt": 0.0868945510721727,
    "MEASURE FOR MEASURE.txt": 0.12440862059747682,
    "Merchant of Venice.txt": 0.12290793393932514,
    "MUCH ADO ABOUT NOTHING.txt": 0.10917809812250034,
    "PERICLES PRINCE OF TYRE.txt": 0.1231913146418544,
    "Sir John Oldcastle by Shakespeare.txt": 0.02655128541160373,
    "Sir Thomas More by Shakespeare.txt": 0.12317792885152967,
    "Taming of the Shrew.txt": 0.12748304686712514,
    "The Comedy of Errors.txt": 0.08136030959111856,
    "THE HISTORY OF TROILUS AND CRESSIDA.txt": 0.1079377647916927,
    "The Life and Death of the Lord Cromwell by Shakespeare.txt": 0.12759948929610565,
    "THE LIFE OF TIMON OF ATHENS.txt": 0.0841377110685127,
    "The London Prodigal.txt": 0.08601335264181603,
    "The Merry Devill of Edmonton by Shakespeare.txt": 0.11396035469838323,
    "THE MERRY WIVES OF WINDSOR.txt": 0.11535106090468056,
    "The Puritaine Widdow by Shakespeare.txt": -0.15959485366939774,
    "THE RAPE OF LUCRECE.txt": 0.10484945642740945,
    "THE TAMING OF THE SHREW.txt": 0.10053660888437954,
    "THE TEMPEST.txt": 0.11253627563445306,
    "THE TRAGEDY OF ANTONY AND CLEOPATRA.txt": 0.07827421866359724,
    "THE TRAGEDY OF CORIOLANUS.txt": 0.11877158516578279,
    "THE TRAGEDY OF HAMLET PRINCE OF DENMARK.txt": -0.048108642249100275,
    "THE TRAGEDY OF JULIUS CAESAR.txt": 0.08938939506732518,
    "THE TRAGEDY OF KING LEAR.txt": 0.13018741483920854,
    "THE TRAGEDY OF MACBETH.txt": 0.13380469939044592,
    "THE TRAGEDY OF OTHELLO MOOR OF VENICE.txt": 0.12097371082383279,
    "THE TRAGEDY OF ROMEO AND JULIET.txt": 0.11798238186387938,
    "THE TRAGEDY OF TITUS ANDRONICUS.txt": 0.09596856412066657,
    "THE TWO GENTLEMEN OF VERONA.txt": 0.09212615615371372,
    "The Two Noble Kinsmen by Shakespeare.txt": 0.09528107770790895,
    "THE WINTERS TALE.txt": 0.11749017409621854,
    "Venus and Adonis.txt": 0.09629053498121032
}