{
    "A LOVERS COMPLAINT.txt": -0.0039675504381493365,
    "A MIDSUMMER NIGHT_S DREAM.txt": 0.10832358943165371,
    "A Yorkshire Tragedy by Shakespeare.txt": 0.10983941073814579,
    "Arden of Feversham.txt": 0.030226460408901146,
    "AS YOU LIKE IT.txt": 0.10673996275767172,
    "CYMBELINE.txt": 0.1473900651295203,
    "Fair Em by Shakespeare.txt": 0.07396904087403927,
    "KING EDWARD III by Shakespeare.txt": 0.13433977480738335,
    "King Henry IV, Part 1.txt": 0.12509588275227956,
    "KING HENRY V.txt": 0.08333244348968649,
    "KING HENRY VI part I.txt": 0.07524700124308353,
    "KING HENRY VI Part II.txt": 0.15047085885706546,
    "KING HENRY VI Part III.txt": 0.12894328595215598,
    "KING HENRY VIII.txt": 0.08169375641352322,
    "KING JOHN.txt": 0.11820724471663713,
    "KING RICHARD II.txt": 0.11175311392059073,
    "KING RICHARD III.txt": 0.14474792241331352,
    "Locrine Mucedorus by Shakespeare.txt": 0.10314513822481702,
    "Love_s Labour_s Lost.txt": 0.11742012724868506,
    "MEASURE FOR MEASURE.txt": 0.13654970200884237,
    "Merchant of Venice.txt": 0.11965850254937066,
    "MUCH ADO ABOUT NOTHING.txt": 0.1208980021126948,
    "PERICLES PRINCE OF TYRE.txt": 0.13566697859453664,
    "Sir John Oldcastle by Shakespeare.txt": 0.036524797048314794,
    "Sir Thomas More by Shakespeare.txt": 0.14123184623741125,
    "Taming of the Shrew.txt": 0.12944175913345196,
    "The Comedy of Errors.txt": 0.08026806352959492,
    "THE HISTORY OF TROILUS AND CRESSIDA.txt": 0.11928321902443284,
    "The Life and Death of the Lord Cromwell by Shakespeare.txt": 0.12448929227767569,
    "THE LIFE OF TIMON OF ATHENS.txt": 0.10635470971304739,
    "The London Prodigal.txt": 0.11083750156264777,
    "The Merry Devill of Edmonton by Shakespeare.txt": 0.1535314289506079,
    "THE MERRY WIVES OF WINDSOR.txt": 0.12393873167742442,
    "The Puritaine Widdow by Shakespeare.txt": -0.18294520929049096,
    "THE RAPE OF LUCRECE.txt": 0.10960116814307647,
    "THE TAMING OF THE SHREW.txt": 0.10659253720932749,
    "THE TEMPEST.txt": 0.13674954585149218,
    "THE TRAGEDY OF ANTONY AND CLEOPATRA.txt": 0.10831131653793313,
    "THE TRAGEDY OF CORIOLANUS.txt": 0.13057278940715017,
    "THE TRAGEDY OF HAMLET PRINCE OF DENMARK.txt": -0.030995517200017364,
    "THE TRAGEDY OF JULIUS CAESAR.txt": 0.12490398137509767,
    "THE TRAGEDY OF KING LEAR.txt": 0.14075797305967203,
    "THE TRAGEDY OF MACBETH.txt": 0.13528737376757732,
    "THE TRAGEDY OF OTHELLO MOOR OF VENICE.txt": 0.11946333350277621,
    "THE TRAGEDY OF ROMEO AND JULIET.txt": 0.13682098456739222,
    "THE TRAGEDY OF TITUS ANDRONICUS.txt": 0.0988456442387265,
    "THE TWO GENTLEMEN OF VERONA.txt": 0.11321100009340207,
    "The Two Noble Kinsmen by Shakespeare.txt": 0.11564697715627215,
    "THE WINTERS TALE.txt": 0.13678106086612152,
    "Venus and Adonis.txt": 0.106038984481921
}