{
    "A MIDSUMMER NIGHT_S DREAM.txt": 0.13777383625666062,
    "A Yorkshire Tragedy by Shakespeare.txt": -0.10137041342695574,
    "Arden of Feversham.txt": 0.08791533150042696,
    "AS YOU LIKE IT.txt": 0.0992966998148444,
    "CYMBELINE.txt": 0.1205186610755728,
    "Fair Em by Shakespeare.txt": -0.029314608544797616,
    "KING EDWARD III by Shakespeare.txt": 0.09931044523963073,
    "King Henry IV, Part 1.txt": 0.11396360480769374,
    "KING HENRY V.txt": 0.08519137082590911,
    "KING HENRY VI part I.txt": -0.076088592921571,
    "KING HENRY VI Part II.txt": 0.13458987868500555,
    "KING HENRY VI Part III.txt": 0.10974551380417041,
    "KING HENRY VIII.txt": 0.11601643082490076,
    "KING JOHN.txt": 0.12686275381657647,
    "KING RICHARD II.txt": 0.0959597988837575,
    "KING RICHARD III.txt": 0.09477014183301707,
    "Locrine Mucedorus by Shakespeare.txt": 0.12936658321542432,
    "Love_s Labour_s Lost.txt": 0.0993763639455098,
    "MEASURE FOR MEASURE.txt": 0.124516310455628,
    "Merchant of Venice.txt": 0.11982842528734278,
    "MUCH ADO ABOUT NOTHING.txt": 0.11322752743063691,
    "PERICLES PRINCE OF TYRE.txt": 0.11436716618435683,
    "Sir John Oldcastle by Shakespeare.txt": 0.044435732361837066,
    "Sir Thomas More by Shakespeare.txt": 0.06343252777038683,
    "Taming of the Shrew.txt": 0.10623311620892978,
    "The Comedy of Errors.txt": 0.09173211477129573,
    "THE HISTORY OF TROILUS AND CRESSIDA.txt": 0.09337062573501481,
    "The Life and Death of the Lord Cromwell by Shakespeare.txt": 0.09719471894739445,
    "THE LIFE OF TIMON OF ATHENS.txt": 0.12049471499372738,
    "The London Prodigal.txt": 0.11333606801043017,
    "The Merry Devill of Edmonton by Shakespeare.txt": 0.07541308328236201,
    "THE MERRY WIVES OF WINDSOR.txt": 0.08887323206260578,
    "The Puritaine Widdow by Shakespeare.txt": -0.3010737110671259,
    "THE RAPE OF LUCRECE.txt": 0.10550803734334752,
    "THE TAMING OF THE SHREW.txt": 0.0863489614509435,
    "THE TEMPEST.txt": 0.11970394306761462,
    "THE TRAGEDY OF ANTONY AND CLEOPATRA.txt": 0.051238857547608485,
    "THE TRAGEDY OF CORIOLANUS.txt": 0.11431372783221694,
    "THE TRAGEDY OF HAMLET PRINCE OF DENMARK.txt": 0.07725115558238654,
    "THE TRAGEDY OF JULIUS CAESAR.txt": 0.12394364492197618,
    "THE TRAGEDY OF KING LEAR.txt": 0.12287835016941051,
    "THE TRAGEDY OF MACBETH.txt": 0.11849104149153339,
    "THE TRAGEDY OF OTHELLO MOOR OF VENICE.txt": 0.10960842952912736,
    "THE TRAGEDY OF ROMEO AND JULIET.txt": 0.08536471124930567,
    "THE TRAGEDY OF TITUS ANDRONICUS.txt": 0.11813220184730927,
    "THE TWO GENTLEMEN OF VERONA.txt": 0.06831849121413647,
    "The Two Noble Kinsmen by Shakespeare.txt": 0.10894146372628999,
    "THE WINTERS TALE.txt": 0.12674737139343045,
    "Venus and Adonis.txt": 0.05141934654166119
}